scenario_id,scenario_name,n,p,n_obs,n_covariates,n_folds,dgp_name,learner_name,n_rep,matched_specification,bias,median_bias,mae,rmse,coverage,ci_length,mean_ci_length,empirical_sd,mean_se,se_ratio,variance_ratio,non_convergence_rate,n_replications_total,n_replications_success,n_replications_failed,t_stat_mean,t_stat_sd,mean_fold_train_size,mean_fold_test_size,mean_fold_ratio,max_fold_ratio,mean_condition_number,max_condition_number,mean_min_eigenvalue,min_min_eigenvalue,rank_deficiency_rate,mean_nuisance_mse_y,mean_nuisance_mse_d,mean_nuisance_r2_y,mean_nuisance_r2_d
0,linear_confounding_n250_p25_k2_ols,250,25,250,25,2,linear_confounding,ols,10,True,0.03935560375092258,0.060427858228901954,0.06671380040247321,0.07119437163892715,0.9,0.2485984478073568,0.2485984478073568,0.06253687806639503,0.0634179713794277,1.014089179701251,0.9861065673677716,0.0,10,10,0,0.6301844998326296,1.0203953042273974,125.0,125.0,0.2,0.2,6.069362720509109,7.578870581088644,0.3345056296954006,0.2822927882275299,0.0,2.7252316326045665,1.2899571818119941,0.6142754480367966,0.5071755693057136
20,linear_confounding_n250_p25_k5_ols,250,25,250,25,5,linear_confounding,ols,10,True,-0.035466130892327544,-0.0529492299656622,0.066354586539145,0.07811103802016674,0.9,0.2429091443398356,0.2429091443398356,0.07335975145447583,0.06196661845403967,0.8446950436097607,1.1838592016907683,0.0,10,10,0,-0.583882908017012,1.1718087475594197,200.0,50.0,0.125,0.125,3.826925927669069,4.64666391332914,0.46095105182802565,0.3804551898131162,0.0,2.220780984979404,1.1532377224325496,0.6527106496064935,0.5254642542048238
40,linear_confounding_n250_p25_k10_ols,250,25,250,25,10,linear_confounding,ols,10,True,0.006846055398740281,0.017852934254528607,0.046189511086956236,0.051120346364273414,1.0,0.2387101548480363,0.2387101548480363,0.05340018037714709,0.060895447665315364,1.1403603365238053,0.876915802813986,0.0,10,10,0,0.11455646168581404,0.8561131142967904,225.0,25.0,0.11111111111111112,0.1111111111111111,3.5894332314730226,4.258602242024146,0.4765999678727071,0.4045417017964212,0.0,2.261516057613762,1.1562964604891657,0.630146723345318,0.4882150388085936
60,linear_confounding_n250_p50_k2_ols,250,50,250,50,2,linear_confounding,ols,10,True,-0.015718035251383954,-0.037390286724545196,0.07175408649675433,0.07852915877788662,1.0,0.24969963457972497,0.24969963457972497,0.0811019396000338,0.06369888637237879,0.7854175459492,1.273208123701223,0.0,10,10,0,-0.22305568071421583,1.3088143467904958,125.0,125.0,0.4,0.4,17.313666356146776,26.16957990965303,0.15071043898827077,0.1022471424883692,0.0,3.2127117354855215,1.6260291953211883,0.5231919038023722,0.34989958990297726
80,linear_confounding_n250_p50_k5_ols,250,50,250,50,5,linear_confounding,ols,10,True,0.022512532983577416,0.020063977356924223,0.07288895489543136,0.09509075745886747,0.8,0.2580099867147523,0.2580099867147523,0.09738490650086785,0.06581887416192657,0.6758631961241347,1.4795893691721773,0.0,10,10,0,0.36131800241078044,1.4835496415299037,200.0,50.0,0.25,0.25,8.105600207170921,11.056596019773572,0.26968748400168535,0.2055813609923575,0.0,2.723584048639071,1.3026980708193858,0.5758926522916703,0.46285093770783003
100,linear_confounding_n250_p50_k10_ols,250,50,250,50,10,linear_confounding,ols,10,True,-0.00638962833122847,0.01641087277665454,0.05441053134262728,0.06702478723483313,0.9,0.23944608362110512,0.23944608362110512,0.0703285523940898,0.06108318459722066,0.8685403370019301,1.1513570036963956,0.0,10,10,0,-0.10449818754868563,1.093641992353811,225.0,25.0,0.22222222222222224,0.2222222222222222,7.063817733982783,8.247709163878943,0.2954062665924544,0.24778459967423,0.0,2.5084361002157403,1.3036439680169942,0.584736290534051,0.4235246859874052
120,linear_confounding_n250_p100_k2_ols,250,100,250,100,2,linear_confounding,ols,10,True,-0.0021674978945236513,0.042658528623536585,0.1129064915835821,0.12498470402672233,0.4,0.24943816219572282,0.24943816219572282,0.13172563318219266,0.0636321842336027,0.48306607223205833,2.0701101929584773,0.0,10,10,0,-0.1790467762345914,2.2588231640943133,125.0,125.0,0.8,0.8,269.9662565198414,414.66750425680544,0.01375150571360137,0.0075366295221051,0.0,11.448126766642964,5.981496218982964,-0.7349519063190312,-1.4096726470427536
140,linear_confounding_n250_p100_k5_ols,250,100,250,100,5,linear_confounding,ols,10,True,-0.03468888303294374,-0.028880664163414727,0.06661321340078662,0.08330097245634276,0.7,0.22593819722645603,0.22593819722645603,0.07983130412243002,0.05763729521083057,0.7219886464893207,1.3850633314838303,0.0,10,10,0,-0.6323119593350421,1.342642257360069,200.0,50.0,0.5,0.5,30.58738924088872,39.66985820394828,0.09425624363649576,0.0729704066842584,0.0,3.8556882552001723,2.141078348078575,0.4017281885532674,0.13155145247109018
160,linear_confounding_n250_p100_k10_ols,250,100,250,100,10,linear_confounding,ols,10,True,-0.01824964343143861,0.0048782146702800455,0.048540994710527786,0.06413247809502157,0.9,0.2613519619813024,0.2613519619813024,0.06480676628968932,0.06667141887278119,1.0287724984572875,0.9720322048845262,0.0,10,10,0,-0.2884997537803806,1.05027910256441,225.0,25.0,0.4444444444444445,0.4444444444444444,22.37459379386518,27.30683407566544,0.12032316854334238,0.1008283601462085,0.0,3.541455966593735,1.7234658709587556,0.36954910175669375,0.21200672660223527
180,linear_confounding_n250_p150_k2_ols,250,150,250,150,2,linear_confounding,ols,10,True,0.008941215599984575,0.005400774718213985,0.11636068719249862,0.14806649832697802,0.6,0.2634864777200353,0.2634864777200353,0.1557909660424919,0.06721593819388653,0.43144952432962913,2.317768229212361,0.0,10,10,0,0.07651507806932747,2.5303103772317375,125.0,125.0,1.1999999999999997,1.2,8.680830158517409e+17,6.094804922033959e+18,-8.53821606301715e-16,-9.833561695639194e-16,0.0,13.63437781181456,6.491194109045274,-1.015149661690743,-1.596200360922452
200,linear_confounding_n250_p150_k5_ols,250,150,250,150,5,linear_confounding,ols,10,True,-0.02739249389452112,-0.040343169982532734,0.08103154375971491,0.10377050779053355,0.8,0.26435094371207535,0.26435094371207535,0.10550392075570678,0.06743646523267224,0.6391844468872457,1.5644936369617317,0.0,10,10,0,-0.49099980083626954,1.6483384341106595,200.0,50.0,0.75,0.75,168.9056036921054,263.5196023846276,0.020525768771317128,0.0129159416592155,0.0,7.976052889952181,3.871357929633775,-0.2580064876326146,-0.607529903934502
220,linear_confounding_n250_p150_k10_ols,250,150,250,150,10,linear_confounding,ols,10,True,-0.06145785326314849,-0.033685663966445234,0.10720198527384354,0.13422492392642127,0.7,0.24915390026772427,0.24915390026772427,0.125783157657838,0.06355966843564394,0.5053114392989108,1.9789775616151493,0.0,10,10,0,-0.8759225665803406,1.8645264551028522,225.0,25.0,0.6666666666666667,0.6666666666666666,86.3323404565695,123.41310747790564,0.03790656586152087,0.0263060608132403,0.0,5.882087100492688,3.1858650510250635,0.009703210875221274,-0.4366803468722494
240,linear_confounding_n250_p300_k2_ols,250,300,250,300,2,linear_confounding,ols,10,True,0.1170474784892076,0.14107568952960925,0.12224875113750688,0.13987877839071727,0.4,0.2281505570468591,0.2281505570468591,0.08073248295311755,0.05820167271603545,0.7209201375589297,1.387116197622178,0.0,10,10,0,2.064278057710623,1.4407614491437988,125.0,125.0,2.3999999999999995,2.4,6.641339465640105e+19,1.0883014742099456e+21,-2.227193266407771e-15,-2.5728591181874626e-15,0.0,5.671468756204783,2.638838257603583,0.14760313958974142,-0.04510216112007054
260,linear_confounding_n250_p300_k5_ols,250,300,250,300,5,linear_confounding,ols,10,True,0.04342095752362152,0.03485757632771591,0.11756423139682552,0.1493691686062449,0.6,0.2365586998309075,0.2365586998309075,0.150649589658521,0.06034660709972127,0.40057598056861327,2.496405297642936,0.0,10,10,0,0.7622810942434906,2.3739744834805183,200.0,50.0,1.5,1.5,3.0149943422987674e+18,3.598547872031783e+19,-1.7100902235846564e-15,-1.954153133291697e-15,0.0,7.766918060966795,3.642698602105154,-0.21254248940331638,-0.5230419959150681
280,linear_confounding_n250_p300_k10_ols,250,300,250,300,10,linear_confounding,ols,10,True,0.09788567388427123,0.15518129146032633,0.22072158025654498,0.23969951715975873,0.2,0.22581886099736775,0.22581886099736775,0.2306374099337254,0.057606852295246834,0.24977236915641915,4.003645412730794,0.0,10,10,0,1.7873785986646076,4.1119551024846155,225.0,25.0,1.3333333333333337,1.3333333333333333,4.766695949726036e+18,2.121947089697333e+20,-1.5040716514068002e-15,-1.7280324911216079e-15,0.0,9.06094566815661,4.4038519703923376,-0.5048313628967704,-0.9485034195580399
300,linear_confounding_n500_p25_k2_ols,500,25,500,25,2,linear_confounding,ols,10,True,0.014591285019258726,0.023354022120902096,0.04055696825513018,0.048795329441326765,0.9,0.1836147945540952,0.1836147945540952,0.04908132227656425,0.04684050881482016,0.9543448840046013,1.04783922118786,0.0,10,10,0,0.3263103616862087,1.066664225095263,250.0,250.0,0.1,0.1,3.3104690225476316,4.157962143044758,0.4999278945049447,0.4173762828208415,0.0,2.2814232710071383,1.1140923445817879,0.6610671509370375,0.5560908327302336
320,linear_confounding_n500_p25_k5_ols,500,25,500,25,5,linear_confounding,ols,10,True,-0.011885518894206071,-0.01813857089547838,0.03273431705843498,0.03902635199160832,1.0,0.17852482302142098,0.17852482302142098,0.03918319637560611,0.045542046689137985,1.1622851349996204,0.8603740767968495,0.0,10,10,0,-0.287653316809251,0.8570420776579832,400.0,100.0,0.0625,0.0625,2.549106467940472,2.879210325378037,0.5891113209346746,0.5496760111085501,0.0,2.084845353786604,1.0477371325340137,0.6873542807275309,0.5911595345403552
340,linear_confounding_n500_p25_k10_ols,500,25,500,25,10,linear_confounding,ols,10,True,-0.0038546093652018663,-0.021007216700084097,0.04208276631486413,0.048095275669382515,0.9,0.17590958698127895,0.17590958698127895,0.05053378988751098,0.04487489463808133,0.8880175965027274,1.1261038113864996,0.0,10,10,0,-0.11640831966082663,1.136074789168462,450.0,50.0,0.05555555555555549,0.0555555555555555,2.400547798199953,2.698438661461577,0.6122475676612268,0.5527185386987092,0.0,2.129122293723409,1.0495644189254658,0.6669007558221334,0.5699451589788331
360,linear_confounding_n500_p50_k2_ols,500,50,500,50,2,linear_confounding,ols,10,True,-0.003721565042933095,-0.017801232006037393,0.03702772274409786,0.04400064145349937,0.9,0.16917365143715127,0.16917365143715127,0.04621455280597499,0.043156543733967115,0.933830170664066,1.0708585259018555,0.0,10,10,0,-0.07630904777759277,1.0797150546650358,250.0,250.0,0.2,0.2,6.357722520658177,7.0327200441371405,0.32067171667251465,0.2916600566382402,0.0,2.505136817048108,1.2985683054478163,0.6051798345260708,0.46968284725110687
380,linear_confounding_n500_p50_k5_ols,500,50,500,50,5,linear_confounding,ols,10,True,0.014203633001019478,0.011128355628041597,0.03346507369049649,0.04077159201360191,1.0,0.17413310215564415,0.17413310215564415,0.04028481275584244,0.04442170973358268,1.102691230137101,0.9068721802345947,0.0,10,10,0,0.33484434755538234,0.910649194758104,400.0,100.0,0.125,0.125,4.091655479302773,4.773925467137158,0.43894312290577275,0.383837810474247,0.0,2.349843542672155,1.1754966287933297,0.6474137233758217,0.5317168787575434
400,linear_confounding_n500_p50_k10_ols,500,50,500,50,10,linear_confounding,ols,10,True,-0.0016907096978074354,-0.0002338234672364381,0.035471810058731956,0.04813504315393248,0.9,0.18001651307128258,0.18001651307128258,0.05070748224592459,0.04592257986512306,0.9056371531602498,1.1041949819643198,0.0,10,10,0,-0.03286011386006351,1.1097866173304767,450.0,50.0,0.11111111111111112,0.1111111111111111,3.827744183681215,4.370377772267935,0.453672172626995,0.413043329550218,0.0,2.2173648558750014,1.0809669878452322,0.6528910762701711,0.5482669819892668
420,linear_confounding_n500_p100_k2_ols,500,100,500,100,2,linear_confounding,ols,10,True,-0.018168504598865255,-0.018667756613372,0.022144984708469085,0.02868230480830703,1.0,0.1722409986182697,0.1722409986182697,0.023394682438481248,0.04393903025976267,1.8781631413593631,0.5324351106561634,0.0,10,10,0,-0.4074179602882236,0.5272679865488552,250.0,250.0,0.4,0.4,18.045356225840088,20.23727540045091,0.14431883872838117,0.1307704440056444,0.0,3.2856111362146323,1.7013819928028067,0.4913250326235204,0.3022925521333212
440,linear_confounding_n500_p100_k5_ols,500,100,500,100,5,linear_confounding,ols,10,True,-0.011250033466708376,0.0013854029954828984,0.02956960483756853,0.04466552815699517,0.9,0.17775594866143735,0.17775594866143735,0.045563705738245336,0.04534590527077478,0.9952198693249014,1.0048030900732932,0.0,10,10,0,-0.2155959260461951,0.9428948464350035,400.0,100.0,0.25,0.25,8.466254410190775,10.025063506845273,0.26008763911095895,0.2248387381448064,0.0,2.6256888906122815,1.3403615454769446,0.5886805271110969,0.44987550972896573
460,linear_confounding_n500_p100_k10_ols,500,100,500,100,10,linear_confounding,ols,10,True,0.0007402685214288107,-0.007530298717660866,0.04876671286592325,0.05462483037109536,0.8,0.1796392321344601,0.1796392321344601,0.05757433934186618,0.04582633472817857,0.7959506830998085,1.2563592459089636,0.0,10,10,0,0.006382292666827996,1.316855996195975,450.0,50.0,0.22222222222222224,0.2222222222222222,7.226304138371262,7.974427569387164,0.29482309941985213,0.2700038924719423,0.0,2.5769985235752464,1.2789927085907575,0.6027258959668774,0.45993433318345345
480,linear_confounding_n500_p150_k2_ols,500,150,500,150,2,linear_confounding,ols,10,True,-0.0002220446931351705,0.018585588470353742,0.05466709977236722,0.06708694398817448,0.7,0.17787871017453946,0.17787871017453946,0.07071546074725346,0.045377221983300825,0.6416874259716004,1.5583911411165123,0.0,10,10,0,-0.0023033737521179543,1.5526163412530412,250.0,250.0,0.5999999999999999,0.6,55.02688075346727,63.96805586926504,0.05638189171497944,0.0493002453568002,0.0,5.14873330635073,2.578704498523723,0.24078170651455783,-0.019931782443008538
500,linear_confounding_n500_p150_k5_ols,500,150,500,150,5,linear_confounding,ols,10,True,-0.0483920063114787,-0.04772433033483142,0.06179927769050612,0.07655479317240915,0.7,0.17586257301998348,0.17586257301998348,0.06252866083129976,0.044862901280608,0.7174774045080959,1.393772115632829,0.0,10,10,0,-1.0752330097153358,1.3543997115464788,400.0,100.0,0.375,0.375,16.0808338284216,17.899887396446573,0.15812625232689245,0.142227835048218,0.0,3.1228034891207495,1.6352615871208944,0.5213723237282168,0.3343083975031921
520,linear_confounding_n500_p150_k10_ols,500,150,500,150,10,linear_confounding,ols,10,True,0.014809095677689888,0.025561014695827167,0.04116599367657638,0.046846371138750675,1.0,0.17552104300954413,0.17552104300954413,0.046848137329017076,0.04477577627794489,0.9557642807329163,1.046283084813718,0.0,10,10,0,0.3164822530901205,1.034633968455997,450.0,50.0,0.33333333333333337,0.3333333333333333,13.15058116663042,15.746944923039235,0.18658441286857524,0.1583941715248189,0.0,3.022302747745924,1.4867247308518274,0.5230964845162998,0.3845049699024542
540,linear_confounding_n500_p300_k2_ols,500,300,500,300,2,linear_confounding,ols,10,True,0.044785705499427245,0.06602986748502604,0.07981639662109526,0.08658495758655824,0.4,0.1725715981250043,0.1725715981250043,0.0781109998171026,0.04402336686862352,0.5636000943747298,1.7743077227647057,0.0,10,10,0,1.0327384946635443,1.8675291119799944,250.0,250.0,1.1999999999999997,1.2,1.3568468923335393e+18,7.307472637246027e+18,-1.2702657385780676e-15,-1.450282370668143e-15,0.0,13.18529977835403,6.468134521717758,-1.0150147646824628,-1.5795343179541095
560,linear_confounding_n500_p300_k5_ols,500,300,500,300,5,linear_confounding,ols,10,True,0.024590442621553264,0.05129459318418328,0.09908841103516773,0.11358684492568119,0.6,0.17816759461166706,0.17816759461166706,0.116891599697454,0.04545091699277217,0.3888296259988829,2.571820491895525,0.0,10,10,0,0.5250730421560333,2.469049016288063,400.0,100.0,0.75,0.75,173.9521729663923,215.42693249583195,0.019867318225914015,0.0161914908829614,0.0,8.321732110344403,4.043490205961996,-0.2668892331620647,-0.63759080676856
580,linear_confounding_n500_p300_k10_ols,500,300,500,300,10,linear_confounding,ols,10,True,0.01679922369336362,0.013829045561152276,0.03906413072488588,0.0466000540270485,1.0,0.17621616787043962,0.17621616787043962,0.04581788974509325,0.04495310404858149,0.9811255886876724,1.01923750795,0.0,10,10,0,0.344884860111912,0.9701917472902487,450.0,50.0,0.6666666666666667,0.6666666666666666,90.25185644159859,107.091678248422,0.036227631436430256,0.0298942063428021,0.0,6.122868564190933,2.9882202460964407,0.03404665701592791,-0.2560749276808197
600,linear_confounding_n1000_p25_k2_ols,1000,25,1000,25,2,linear_confounding,ols,10,True,0.004286046750622208,0.007283476931477684,0.02005343012996701,0.02429253604978135,1.0,0.1240747495051725,0.1240747495051725,0.025204874109350954,0.031651721812543956,1.255777818021366,0.7963192100140967,0.0,10,10,0,0.1272746080233929,0.7912907333207744,500.0,500.0,0.05,0.05,2.2798795012083,2.4540912342674246,0.6299727214393567,0.5994132985776376,0.0,2.0715940229571386,1.0250111478696586,0.6861155509028553,0.5906336858317769
620,linear_confounding_n1000_p25_k5_ols,1000,25,1000,25,5,linear_confounding,ols,10,True,-0.011604495356500055,-0.022385457743342163,0.0361052299560072,0.039159106165953174,0.9,0.12075229288830909,0.12075229288830909,0.03942322050147829,0.03080415634905842,0.7813708762809808,1.2798019869381467,0.0,10,10,0,-0.3682450602346453,1.2747108949816097,800.0,200.0,0.03125,0.03125,1.9151585387259178,2.1011730229414822,0.7033634399259923,0.6496589525698108,0.0,2.0654768000307557,1.0423951546882144,0.6894424409947334,0.5860442746495828
640,linear_confounding_n1000_p25_k10_ols,1000,25,1000,25,10,linear_confounding,ols,10,True,-0.007819179516578323,-0.007492000259755327,0.015536525479573038,0.019386117279992048,1.0,0.12637941639749956,0.12637941639749956,0.01869884057252773,0.03223964704017841,1.724152196235353,0.5799952012261315,0.0,10,10,0,-0.2509720040064673,0.5804196484392815,900.0,100.0,0.0277777777777777,0.0277777777777777,1.8735247857728474,2.021317398801304,0.714447397376867,0.6721462183210171,0.0,2.0181066844583007,1.002546827530863,0.6856103983748159,0.5881778079522382
660,linear_confounding_n1000_p50_k2_ols,1000,50,1000,50,2,linear_confounding,ols,10,True,-0.0060135647447053684,0.005490059191709085,0.03438445285647927,0.04221598406384248,0.8,0.1218591925611657,0.1218591925611657,0.0440457634428839,0.03108652871458306,0.7057779519452386,1.4168762246593813,0.0,10,10,0,-0.20695114997728054,1.4361880094861728,500.0,500.0,0.1,0.1,3.548124902268152,3.820285308636745,0.48354492930380716,0.442677414798917,0.0,2.1848607879713504,1.1192855169600326,0.674074748528756,0.5649440208891333
680,linear_confounding_n1000_p50_k5_ols,1000,50,1000,50,5,linear_confounding,ols,10,True,0.011179141140183469,0.0023575661818335814,0.020267352993163967,0.028034082033869284,0.9,0.12575863124736447,0.12575863124736447,0.02709933494160512,0.032081283481470504,1.1838402510836785,0.8447085652685044,0.0,10,10,0,0.358206217583159,0.8525361804299942,800.0,200.0,0.0625,0.0625,2.6387910616067582,2.8274102167283246,0.5776112301903036,0.5519798187861523,0.0,2.1396668461832418,1.051337934465846,0.6731198664633096,0.5799765967873337
700,linear_confounding_n1000_p50_k10_ols,1000,50,1000,50,10,linear_confounding,ols,10,True,0.012171746572155006,0.01594840034314826,0.023939681787738688,0.029817649431372432,1.0,0.1254056580265968,0.1254056580265968,0.028692639454812128,0.03199123929249914,1.1149632763093114,0.8968905265742417,0.0,10,10,0,0.3801274690392701,0.9357428287063033,900.0,100.0,0.05555555555555549,0.0555555555555555,2.4755851273803993,2.634515305599382,0.6029073846513044,0.5639862415351171,0.0,2.156634004406528,1.0582029284020202,0.6706624092480296,0.5688440918954123
720,linear_confounding_n1000_p100_k2_ols,1000,100,1000,100,2,linear_confounding,ols,10,True,0.024558699753297462,0.03805098716386923,0.04314754905278987,0.05006836743211114,0.8,0.12301121088997047,0.12301121088997047,0.045991686250455154,0.03138041094131897,0.6823061622579324,1.465617717258678,0.0,10,10,0,0.8255625949438269,1.4440205257908378,500.0,500.0,0.2,0.2,6.412812332810114,6.991303059718026,0.3184967289343058,0.2935809102769794,0.0,2.6022106242875447,1.2660029099773609,0.6138619298457758,0.4983103996735398
740,linear_confounding_n1000_p100_k5_ols,1000,100,1000,100,5,linear_confounding,ols,10,True,0.007665235027305428,0.0046285281005906675,0.016565760400731745,0.02265028426495926,1.0,0.12271386819069637,0.12271386819069637,0.02246675443255931,0.03130455821191232,1.3933725187535353,0.7176831655145365,0.0,10,10,0,0.2638337974200683,0.744288498423108,800.0,200.0,0.125,0.125,4.2105562740838405,4.476051217725588,0.42923216740252546,0.3986620135904362,0.0,2.3219801466000782,1.171104983526917,0.6530819787050163,0.5480078247091115
760,linear_confounding_n1000_p100_k10_ols,1000,100,1000,100,10,linear_confounding,ols,10,True,-0.0029717536588582004,-0.00660421076202361,0.021852707624983016,0.027233967225842527,1.0,0.12499780712830814,0.12499780712830814,0.028535701830228348,0.03188719569599693,1.11744914793784,0.8948953085206762,0.0,10,10,0,-0.09985380769917511,0.8786822740075021,900.0,100.0,0.11111111111111112,0.1111111111111111,3.874277061555003,4.265525311729373,0.4541177511430984,0.4091478830787009,0.0,2.2222861360239956,1.0994008381509535,0.6548070595645955,0.5556321986492502
780,linear_confounding_n1000_p150_k2_ols,1000,150,1000,150,2,linear_confounding,ols,10,True,0.0065104880561473455,0.0054924341316666125,0.04188232023071302,0.04697864828776759,0.9,0.12475123036969431,0.12475123036969431,0.04904201079138999,0.03182429346165668,0.6489190175547181,1.541024338858551,0.0,10,10,0,0.22008972459118548,1.538861916657665,500.0,500.0,0.29999999999999993,0.3,10.982598568713776,11.734912133212854,0.21334279105355577,0.2005006852940657,0.0,2.870083113803313,1.410075565740477,0.5658306488261131,0.4360599186719253
800,linear_confounding_n1000_p150_k5_ols,1000,150,1000,150,5,linear_confounding,ols,10,True,0.008780186548802582,0.011677815514503975,0.03269742234916305,0.03987027267432148,0.9,0.12417811594004413,0.12417811594004413,0.040995216079887126,0.03167809080103165,0.7727265234875393,1.2941189018421542,0.0,10,10,0,0.2779391847834081,1.291920320581752,800.0,200.0,0.1875,0.1875,6.045703598589247,6.916951522409714,0.33390554089496194,0.2902936589546065,0.0,2.4500141139657297,1.1934736521387364,0.6180151190686184,0.5125576408681879
820,linear_confounding_n1000_p150_k10_ols,1000,150,1000,150,10,linear_confounding,ols,10,True,-0.020452536706096314,-0.02200707427870391,0.037481703196096464,0.0471354664280698,0.9,0.12203512408160025,0.12203512408160025,0.04476414658676788,0.03113140920448983,0.6954540983853394,1.437909421084347,0.0,10,10,0,-0.6728115984907864,1.4385778609692768,900.0,100.0,0.16666666666666657,0.1666666666666666,5.41066925314677,5.756375496126127,0.36145619392688283,0.3448582587634385,0.0,2.350567270545663,1.20596021655951,0.630744470563411,0.5036094447498713
840,linear_confounding_n1000_p300_k2_ols,1000,300,1000,300,2,linear_confounding,ols,10,True,-0.006651094565113369,0.004845248414135694,0.06264904952400892,0.07640204473510188,0.4,0.12081060247960174,0.12081060247960174,0.08022908436880001,0.030819031244796336,0.38413789073207266,2.6032318709675977,0.0,10,10,0,-0.21734495145786803,2.5780371231430546,500.0,500.0,0.5999999999999999,0.6,59.023770503664174,73.45354456096204,0.052887124632181745,0.0434259217717961,0.0,4.976573866652935,2.59105788666176,0.24894470518736736,-0.020740310004605977
860,linear_confounding_n1000_p300_k5_ols,1000,300,1000,300,5,linear_confounding,ols,10,True,0.009514947121388607,0.00795035671956068,0.028891551278452332,0.03546057788780286,0.9,0.12549192181656083,0.12549192181656083,0.0360079985776943,0.03201324536136752,0.8890592819896025,1.12478438756314,0.0,10,10,0,0.264427085524469,1.087113862898811,800.0,200.0,0.375,0.375,16.644516922721913,17.903114377533374,0.15408941936873705,0.1442375848010899,0.0,3.269395253696655,1.6213463422482388,0.496265722174163,0.33579891453609156
880,linear_confounding_n1000_p300_k10_ols,1000,300,1000,300,10,linear_confounding,ols,10,True,0.0005156962367807271,-0.0008669960083849682,0.030280624998326722,0.036571642920157375,0.9,0.12187035766080681,0.12187035766080681,0.03854606368822268,0.0310893769542874,0.8065512786403249,1.2398467728992864,0.0,10,10,0,0.03901770059925547,1.240538105880334,900.0,100.0,0.33333333333333337,0.3333333333333333,13.333655876887331,14.305628896332292,0.1838711027278198,0.171866762374566,0.0,3.0197830913140526,1.51781788346105,0.5348416910621399,0.38167920937823807
1,linear_confounding_n250_p25_k2_lasso,250,25,250,25,2,linear_confounding,lasso,10,True,-0.01709060786768899,0.0033945893482510425,0.05498300173633872,0.07216438177019319,0.9,0.26126708209839755,0.26126708209839755,0.07390390997765707,0.06664976584142793,0.9018435677026798,1.1088397542684258,0.0,10,10,0,-0.28387864188171585,1.1015361359957898,125.0,125.0,0.2,0.2,5.814137890517775,7.512631659389567,0.34560009073428277,0.2690822838882393,0.0,2.3656321580646886,1.163129776702117,0.6287641671113573,0.5163483210748956
21,linear_confounding_n250_p25_k5_lasso,250,25,250,25,5,linear_confounding,lasso,10,True,-0.028602490384470068,-0.0375544250448156,0.05203508467351172,0.05935189007535585,1.0,0.24629187819690088,0.24629187819690088,0.05481833026079487,0.0628295607645155,1.1461414542472872,0.8724926546320031,0.0,10,10,0,-0.4851327465220021,0.8575586017076575,200.0,50.0,0.125,0.125,3.8667972635739276,4.538310953964572,0.45061968891651094,0.3872638986032453,0.0,2.1766327063541624,1.1456455321741945,0.6637438866909673,0.5263250619106602
41,linear_confounding_n250_p25_k10_lasso,250,25,250,25,10,linear_confounding,lasso,10,True,-0.012875369582872775,-0.022889942974609,0.051201741712102025,0.0668381200238821,0.8,0.24477801238805044,0.24477801238805044,0.06913400149493336,0.06244337050715567,0.9032222807431735,1.1071471788508114,0.0,10,10,0,-0.20960315250179207,1.1705988962890266,225.0,25.0,0.11111111111111112,0.1111111111111111,3.6231640958187605,4.473067914443923,0.4664118167548046,0.3748548898322636,0.0,2.0849658979618177,1.0323222168489479,0.6436957262834344,0.5499947940719238
61,linear_confounding_n250_p50_k2_lasso,250,50,250,50,2,linear_confounding,lasso,10,True,-0.08128183753425525,-0.10606788810349854,0.0929826246050521,0.1042534649557088,0.6,0.2432874111121463,0.2432874111121463,0.06881575919580998,0.06206311507962915,0.9018735796118053,1.1088028550857776,0.0,10,10,0,-1.318717642766743,1.139898003921629,125.0,125.0,0.4,0.4,17.465323398512947,22.61124722196362,0.1497961634059963,0.1111483950837369,0.0,2.2351050797788585,1.2329146570302754,0.6476575300097492,0.4968804926224769
81,linear_confounding_n250_p50_k5_lasso,250,50,250,50,5,linear_confounding,lasso,10,True,-0.03552578669732296,-0.04641704359187421,0.04961136612877333,0.05851041926795869,1.0,0.24507546998495244,0.24507546998495244,0.04900552851406578,0.06251925254718171,1.2757591733601479,0.7838469994036243,0.0,10,10,0,-0.5669529757021311,0.8058367658980409,200.0,50.0,0.25,0.25,8.29208019001878,10.113930365259176,0.2654601972435565,0.2232743055783959,0.0,2.1578618164482397,1.1509908168713419,0.6591657451058628,0.5280673926780233
101,linear_confounding_n250_p50_k10_lasso,250,50,250,50,10,linear_confounding,lasso,10,True,-0.033268884239597785,-0.03647278660085257,0.06728951829764286,0.07872350455965599,0.9,0.25808711588503314,0.25808711588503314,0.07520764966711549,0.06583854997067168,0.8754235807406112,1.1423041622365218,0.0,10,10,0,-0.5697114695073928,1.2154920953012562,225.0,25.0,0.22222222222222224,0.2222222222222222,7.201253361114892,8.570815143004495,0.2927705360994352,0.2555062910864498,0.0,2.1410560234638227,1.0569440813684097,0.6459709894549269,0.5259967517376856
121,linear_confounding_n250_p100_k2_lasso,250,100,250,100,2,linear_confounding,lasso,10,True,-0.04693239798857472,-0.06812958513616835,0.08508402653527261,0.09717276254280537,0.8,0.24119829641318224,0.24119829641318224,0.08969018154639313,0.061530177656424025,0.6860302498618194,1.4576616704604797,0.0,10,10,0,-0.7206268934431346,1.5103850292759262,125.0,125.0,0.8,0.8,248.12927459241467,339.539999931055,0.01433874615497915,0.0098986684672363,0.0,2.348587782903304,1.2736378136106272,0.6314013526378662,0.46438419499242833
141,linear_confounding_n250_p100_k5_lasso,250,100,250,100,5,linear_confounding,lasso,10,True,-0.07463179830431411,-0.08520327308977194,0.10038294744851725,0.12184198490867865,0.6,0.2550656299677524,0.2550656299677524,0.10151936853160831,0.06506776274687553,0.6409393959795615,1.5602099141864707,0.0,10,10,0,-1.089631972193166,1.577179347055665,200.0,50.0,0.5,0.5,29.079170139426612,35.195685671712006,0.09782544814399255,0.080852505418558,0.0,2.1612966901833035,1.1443205351271168,0.6609240166079038,0.537001976520386
161,linear_confounding_n250_p100_k10_lasso,250,100,250,100,10,linear_confounding,lasso,10,True,-0.022021934723901425,-0.04579600374297227,0.07112892250930544,0.07954448479646335,0.9,0.25419355235686153,0.25419355235686153,0.08056991065425392,0.06484529396858707,0.8048326408956167,1.2424943388071354,0.0,10,10,0,-0.354780163356997,1.28851544086006,225.0,25.0,0.4444444444444445,0.4444444444444444,22.49493052676247,26.991894854557213,0.11948559471302869,0.0970171905899583,0.0,2.179453503201821,1.1051480687472874,0.6501475246945146,0.5170412648339551
181,linear_confounding_n250_p150_k2_lasso,250,150,250,150,2,linear_confounding,lasso,10,True,-0.06767526025707979,-0.09559206504794532,0.11183098288615709,0.12147802073551887,0.7,0.25273631809164265,0.25273631809164265,0.10633787174722148,0.06447355053358228,0.6063084531806696,1.6493255120459571,0.0,10,10,0,-1.1215213482105104,1.561156878778714,125.0,125.0,1.1999999999999997,1.2,5.086810575405613e+17,2.3593542071479977e+18,-8.955795623777103e-16,-1.1748714961996338e-15,0.0,2.50265030085318,1.289972439127232,0.6434376649383774,0.5037668536258035
201,linear_confounding_n250_p150_k5_lasso,250,150,250,150,5,linear_confounding,lasso,10,True,-0.06764148465319779,-0.08466336460501062,0.07881451357974785,0.0892503919637601,0.7,0.23789850856517872,0.23789850856517872,0.06137554724441267,0.0606883950421374,0.9888041372643267,1.011322629339566,0.0,10,10,0,-1.0841443640958333,1.0648978708148986,200.0,50.0,0.75,0.75,166.12168460592275,228.7856423528389,0.021046698352453423,0.0155176182940197,0.0,2.205209230884353,1.217265912593282,0.6626465404029078,0.5299672703489209
221,linear_confounding_n250_p150_k10_lasso,250,150,250,150,10,linear_confounding,lasso,10,True,-0.0645801798614029,-0.08199089264189341,0.07662808879849095,0.08294904910899906,0.9,0.2343309450478377,0.2343309450478377,0.05487303645847678,0.059778302308121825,1.0893930091395059,0.917942369384107,0.0,10,10,0,-1.0881000476551246,0.9485771584042496,225.0,25.0,0.6666666666666667,0.6666666666666666,87.36748062353806,133.28306414892245,0.037131796362572245,0.0239391638537982,0.0,2.189191546359697,1.2164986806138416,0.6444751062418207,0.4971800345131908
241,linear_confounding_n250_p300_k2_lasso,250,300,250,300,2,linear_confounding,lasso,10,True,-0.06592333893432402,-0.07966451282601023,0.08595337994084859,0.0937961723713867,0.8,0.22722556355726078,0.22722556355726078,0.07033124274359887,0.05796570498909711,0.8241814409624207,1.2133250644812759,0.0,10,10,0,-1.1092178773273056,1.1673345124032881,125.0,125.0,2.3999999999999995,2.4,7.621529733765011e+18,1.0244682154904574e+20,-2.1807994772154286e-15,-2.2765362779400858e-15,0.0,2.4440594627768717,1.4121161809991132,0.6304919120169856,0.4566873138026013
261,linear_confounding_n250_p300_k5_lasso,250,300,250,300,5,linear_confounding,lasso,10,True,-0.04600526712508245,-0.06949137644409858,0.07788225081475303,0.09022523615767243,0.9,0.24836046836688008,0.24836046836688008,0.08181353213563394,0.06335726233848979,0.7744105490208323,1.2913047236564685,0.0,10,10,0,-0.7243452002240524,1.3345391423200599,200.0,50.0,1.5,1.5,2.9175753165720125e+18,2.010047307029735e+19,-1.7142096446184954e-15,-1.932851365823569e-15,0.0,2.3429234207085528,1.2185513236704315,0.630155739619688,0.49767003063252846
281,linear_confounding_n250_p300_k10_lasso,250,300,250,300,10,linear_confounding,lasso,10,True,-0.07514886910286608,-0.06682472874095963,0.08175274149042787,0.10880844693731208,0.7,0.23584100493980986,0.23584100493980986,0.08294526707728654,0.06016352166831881,0.7253400198501957,1.3786637613164232,0.0,10,10,0,-1.2278824670070059,1.3564811658035478,225.0,25.0,1.3333333333333337,1.3333333333333333,2.9821777526005453e+18,1.1850014943230624e+20,-1.5038630858920238e-15,-1.7260069186655581e-15,0.0,2.2439600094975307,1.2278366291151823,0.6162858174653133,0.4525945208792474
301,linear_confounding_n500_p25_k2_lasso,500,25,500,25,2,linear_confounding,lasso,10,True,-0.010275468439785041,-0.006020475949967463,0.0343000352316547,0.03963091449841808,1.0,0.17161697649256719,0.17161697649256719,0.04034606042070287,0.04377984094198141,1.085108198557016,0.9215670855033689,0.0,10,10,0,-0.2347567719048508,0.9435156477524747,250.0,250.0,0.1,0.1,3.3028967278728794,3.9445256693708703,0.5050409323006699,0.4390492905173555,0.0,2.09293591010682,1.082776927835304,0.6835793796364558,0.5818254678519214
321,linear_confounding_n500_p25_k5_lasso,500,25,500,25,5,linear_confounding,lasso,10,True,-0.023038810505356035,-0.041142443721226996,0.05724262758543179,0.06179070305317669,0.8,0.17888551763879262,0.17888551763879262,0.060436414651214264,0.04563406062214094,0.7550755762978418,1.3243707403476483,0.0,10,10,0,-0.541508397358688,1.3061423768124087,400.0,100.0,0.0625,0.0625,2.6057652807380203,2.858877336759614,0.5875779869714559,0.5237737833896521,0.0,2.0507357826982737,1.0260715818403823,0.6850616046358295,0.5757808668247473
341,linear_confounding_n500_p25_k10_lasso,500,25,500,25,10,linear_confounding,lasso,10,True,-0.011227870675692142,-0.02844697055352363,0.037143998514079936,0.039199052673994476,1.0,0.16894516729526202,0.16894516729526202,0.03958816673126968,0.04309825696307702,1.0886651371263123,0.9185560976441693,0.0,10,10,0,-0.28229512770330256,0.928095602258508,450.0,50.0,0.05555555555555549,0.0555555555555555,2.3721023286100142,2.811013994020642,0.6119418021471505,0.5382248149311302,0.0,2.077568229064319,1.0649207165665189,0.6712618134350744,0.561286351063774
361,linear_confounding_n500_p50_k2_lasso,500,50,500,50,2,linear_confounding,lasso,10,True,-0.03950934488166641,-0.040556011426113536,0.05421490545502402,0.06538294450193653,0.8,0.17288527891487654,0.17288527891487654,0.05491347839773698,0.04410338747828478,0.8031432130167575,1.2451079506029954,0.0,10,10,0,-0.8625753774904611,1.2570987047851487,250.0,250.0,0.2,0.2,6.261040300863987,7.097472034014347,0.3265236830930037,0.2861358997746261,0.0,2.077321128933461,1.088204745979506,0.6913362912472794,0.5739256694811916
381,linear_confounding_n500_p50_k5_lasso,500,50,500,50,5,linear_confounding,lasso,10,True,-0.015289950059840452,-0.02096429518893389,0.028963969079250418,0.03354702192676439,1.0,0.17899518764657363,0.17899518764657363,0.03147521259874181,0.045662037664942236,1.4507300791597364,0.6893081038060509,0.0,10,10,0,-0.3456401258512992,0.7230573586687641,400.0,100.0,0.125,0.125,4.124002300011755,4.437641098642142,0.43447871205356076,0.392769841638636,0.0,2.1019304252317457,1.0604340436485138,0.6878120645530542,0.5799156436207972
401,linear_confounding_n500_p50_k10_lasso,500,50,500,50,10,linear_confounding,lasso,10,True,-0.016254878629175285,-0.014955015592469145,0.04235055725168394,0.048242708499893504,1.0,0.1690053915005083,0.1690053915005083,0.047878757109976106,0.04311362028074189,0.9004749263167205,1.1105250915651526,0.0,10,10,0,-0.3619374611007117,1.0938444097846103,450.0,50.0,0.11111111111111112,0.1111111111111111,3.8117600819942794,4.446669856667164,0.4561391954039663,0.3874507435541381,0.0,2.0606226219714814,1.0571381788545513,0.671947056667004,0.5644510971072231
421,linear_confounding_n500_p100_k2_lasso,500,100,500,100,2,linear_confounding,lasso,10,True,-0.04553525169010605,-0.03182255080815888,0.05428848256886444,0.06500002737826331,0.8,0.17176727257973176,0.17176727257973176,0.04889381252257766,0.04381818178054381,0.8961907349791943,1.1158338967019288,0.0,10,10,0,-1.05444942911166,1.154783839642221,250.0,250.0,0.4,0.4,17.890778349562854,21.298655164198514,0.14570575125402702,0.1238426525482719,0.0,2.226700786029986,1.2021034636935881,0.6675404548777438,0.5296918696049142
441,linear_confounding_n500_p100_k5_lasso,500,100,500,100,5,linear_confounding,lasso,10,True,-0.019448251257225425,-0.03177385313980341,0.04570775294495575,0.051559454620858036,1.0,0.17271484513608826,0.17271484513608826,0.05033380666263259,0.044059909473491844,0.875354208133071,1.1423946908677913,0.0,10,10,0,-0.4276143111460565,1.140422954060063,400.0,100.0,0.25,0.25,8.32346845156741,9.092154643735457,0.26268317712511174,0.2388014186982855,0.0,2.166455756162557,1.111337078300854,0.6652176946687897,0.5490109359126754
461,linear_confounding_n500_p100_k10_lasso,500,100,500,100,10,linear_confounding,lasso,10,True,-0.01303570354776754,-0.01782835704163299,0.044117540793252086,0.048158136907525864,1.0,0.17133203551183107,0.17133203551183107,0.048868037536691326,0.04370715191628341,0.8943913878978055,1.1180787444190614,0.0,10,10,0,-0.3082214683376642,1.1243095389025621,450.0,50.0,0.22222222222222224,0.2222222222222222,7.375528671359829,9.285874137871344,0.28874498226997924,0.2372563256381993,0.0,2.108920053378456,1.0765204637610437,0.6641822389966139,0.5575905039190975
481,linear_confounding_n500_p150_k2_lasso,500,150,500,150,2,linear_confounding,lasso,10,True,-0.008930413574766394,-0.0021591135442303733,0.032502858239080265,0.04446899611858563,0.9,0.17710180078867335,0.17710180078867335,0.045919486654825314,0.04517903081343703,0.9838749102977945,1.016389369759744,0.0,10,10,0,-0.18191198754064358,1.0123223313684753,250.0,250.0,0.5999999999999999,0.6,56.23820121876484,63.73364863713296,0.054933582016236306,0.0490581157867496,0.0,2.3217743447235977,1.1586819785653153,0.6431442933318222,0.5275096197275156
501,linear_confounding_n500_p150_k5_lasso,500,150,500,150,5,linear_confounding,lasso,10,True,-0.039955385646631224,-0.049491093506740524,0.04575890422893934,0.05232189996077843,0.9,0.17877723632248882,0.17877723632248882,0.03560818216419556,0.04560643783736955,1.2807853438591805,0.7807709580645762,0.0,10,10,0,-0.8750093879378988,0.808001235181285,400.0,100.0,0.375,0.375,16.132055998264498,18.676498209574163,0.15885369903230076,0.1341965588886716,0.0,2.1232660976410913,1.101634219764759,0.6849246622214957,0.5669419422875601
521,linear_confounding_n500_p150_k10_lasso,500,150,500,150,10,linear_confounding,lasso,10,True,-0.047234280216842964,-0.032930403194492364,0.047234280216842964,0.05701663596147779,0.9,0.16659212308285837,0.16659212308285837,0.03366203844029717,0.04249799058236178,1.262490109080471,0.7920854134281856,0.0,10,10,0,-1.115251412626871,0.7830583439735874,450.0,50.0,0.33333333333333337,0.3333333333333333,12.817260447475567,14.07224329871951,0.18974842555077936,0.1677178056175952,0.0,2.1316388887061395,1.1673107595724292,0.6689473955663484,0.5409811799126041
541,linear_confounding_n500_p300_k2_lasso,500,300,500,300,2,linear_confounding,lasso,10,True,-0.06863312174831068,-0.0600841297141369,0.06863312174831068,0.07968703488806464,0.8,0.16838975106887033,0.16838975106887033,0.04268122314623969,0.04295656915022199,1.0064512210214518,0.9935901304636459,0.0,10,10,0,-1.628126109633405,1.1003826216453023,250.0,250.0,1.1999999999999997,1.2,2.2031034589310246e+18,2.09019747481572e+19,-1.2006390227321897e-15,-1.3403263400039517e-15,0.0,2.190407118065634,1.1989473464595601,0.6665053475445151,0.5292886992742691
561,linear_confounding_n500_p300_k5_lasso,500,300,500,300,5,linear_confounding,lasso,10,True,-0.01348147314613538,-0.019200892513597356,0.030920511238982772,0.035621948961440095,1.0,0.18082350134832148,0.18082350134832148,0.0347558648867189,0.046128444221510564,1.3272132450698249,0.7534584240435228,0.0,10,10,0,-0.2849601362061818,0.7493778134202665,400.0,100.0,0.75,0.75,174.40214896474887,218.032564996428,0.01972017898193847,0.0159495206004814,0.0,2.226418214383973,1.0999573130465214,0.6714815092704525,0.5657592992961231
581,linear_confounding_n500_p300_k10_lasso,500,300,500,300,10,linear_confounding,lasso,10,True,-0.012153915912690706,-0.021334261389366505,0.03072277178085092,0.03832187298256872,0.9,0.16896322432683092,0.16896322432683092,0.038309387838134895,0.04310286334868133,1.1251253486691009,0.8887898589991682,0.0,10,10,0,-0.2788457199380058,0.8571977328688769,450.0,50.0,0.6666666666666667,0.6666666666666666,88.64971773336816,104.95966575917132,0.03672205898460808,0.0301790849691405,0.0,2.1942316831591224,1.1592230656315854,0.6621878260314245,0.5334069211362099
601,linear_confounding_n1000_p25_k2_lasso,1000,25,1000,25,2,linear_confounding,lasso,10,True,-0.013904052200223649,-0.016083391027323313,0.03031078811118525,0.03553869943681053,0.8,0.12200697729255876,0.12200697729255876,0.0344750552343996,0.031124228901162933,0.9028043229966118,1.1076597381376883,0.0,10,10,0,-0.4475864754647246,1.1197188792078145,500.0,500.0,0.05,0.05,2.293382186175243,2.4976603303187908,0.6335215285118327,0.5789846967192227,0.0,2.055735390473423,1.0576930071577704,0.6895828544321343,0.5821876031578768
621,linear_confounding_n1000_p25_k5_lasso,1000,25,1000,25,5,linear_confounding,lasso,10,True,-0.009056342704302634,-0.0007373651204239939,0.027347199411530465,0.04125988131524271,0.9,0.1234376679601014,0.1234376679601014,0.04243112671625945,0.031489201010229895,0.7421250258283467,1.34748184631534,0.0,10,10,0,-0.26264810187147597,1.3695967006594225,800.0,200.0,0.03125,0.03125,1.9372113218462015,2.1231511647186485,0.6949746424554832,0.6399265272837613,0.0,2.0011639171123066,1.023324776648301,0.6931456620838912,0.5884603922059639
641,linear_confounding_n1000_p25_k10_lasso,1000,25,1000,25,10,linear_confounding,lasso,10,True,0.012787458620235715,0.008982978443091816,0.021981436623577766,0.028609044651427138,1.0,0.12129081674802525,0.12129081674802525,0.02697649878244047,0.030941534884700295,1.1469811236156688,0.8718539297731988,0.0,10,10,0,0.4180678288313331,0.8789768450876265,900.0,100.0,0.0277777777777777,0.0277777777777777,1.8618260401036284,2.00619815987441,0.7087984956824578,0.6558092570591472,0.0,2.0847117829614747,1.0416225781992343,0.6848089086163263,0.5865585327101179
661,linear_confounding_n1000_p50_k2_lasso,1000,50,1000,50,2,linear_confounding,lasso,10,True,-0.01139829180497035,-0.0066049611338678815,0.024833613510258045,0.02899570057115424,1.0,0.12447181444757878,0.12447181444757878,0.028103570266284284,0.03175301388968842,1.1298569394858116,0.8850678037655737,0.0,10,10,0,-0.35251857601946635,0.9018401544015434,500.0,500.0,0.1,0.1,3.490546441120754,3.818033582992676,0.48424558013545244,0.4453074229506379,0.0,2.091061079404163,1.0425457470549013,0.685031219748818,0.580794812904245
681,linear_confounding_n1000_p50_k5_lasso,1000,50,1000,50,5,linear_confounding,lasso,10,True,0.014972560384726441,0.014613722332483148,0.026994337329055575,0.031075866688979412,1.0,0.12565434444860385,0.12565434444860385,0.028704082675097338,0.03205467970627644,1.1167289360577952,0.8954724532616982,0.0,10,10,0,0.474436738054841,0.8925847699906536,800.0,200.0,0.0625,0.0625,2.6351158503423076,2.9419941080148964,0.5826584087258205,0.5318086063997091,0.0,2.0995918495117842,1.0160678868964799,0.6820381968363739,0.5820345596680212
701,linear_confounding_n1000_p50_k10_lasso,1000,50,1000,50,10,linear_confounding,lasso,10,True,-0.0022475195520872625,-0.005618189531210904,0.017554315564315436,0.023340333685733867,1.0,0.12521330988085766,0.12521330988085766,0.0244885422737607,0.03194217088797384,1.3043720827025156,0.766652409432215,0.0,10,10,0,-0.06823291523849659,0.7526690305970762,900.0,100.0,0.05555555555555549,0.0555555555555555,2.4805624328970346,2.693070278515371,0.5985140071560938,0.5515624026173692,0.0,2.025676594155565,0.9989250437303527,0.6905558522382063,0.5955131957409951
721,linear_confounding_n1000_p100_k2_lasso,1000,100,1000,100,2,linear_confounding,lasso,10,True,-0.01874762753022342,-0.01510262487119507,0.02547372123619961,0.03218762232358121,1.0,0.12325922068482695,0.12325922068482695,0.027579571603181474,0.031443678746129286,1.140107583922807,0.8771102079325409,0.0,10,10,0,-0.5994147251802727,0.9030162863529818,500.0,500.0,0.2,0.2,6.540765365101423,7.183703619474893,0.3124866405467456,0.286434256414779,0.0,2.1122456967183743,1.0750816225540978,0.6871305679332377,0.5741730977676129
741,linear_confounding_n1000_p100_k5_lasso,1000,100,1000,100,5,linear_confounding,lasso,10,True,-0.0169567448821623,-0.00780960436132444,0.04082192847929569,0.04695723363065775,0.7,0.1254500857687429,0.1254500857687429,0.04615734675175337,0.03200257290018948,0.6933364925048211,1.4423011204664762,0.0,10,10,0,-0.5384451549334608,1.4607178143627635,800.0,200.0,0.125,0.125,4.16885157359692,4.436647453298927,0.42933426279540843,0.4057380264665808,0.0,2.0368224617408996,1.0191023116457942,0.6955629245456525,0.5970738738498028
761,linear_confounding_n1000_p100_k10_lasso,1000,100,1000,100,10,linear_confounding,lasso,10,True,-0.00923679280359222,-0.0029094516490720257,0.024985094389122685,0.029110486858446426,1.0,0.1222525763238262,0.1222525763238262,0.029099486513974572,0.03118688171526175,1.0717330596292391,0.9330681656362688,0.0,10,10,0,-0.30544006680567737,0.9369558918342309,900.0,100.0,0.11111111111111112,0.1111111111111111,3.817961767698516,4.16925114348228,0.4579693919991138,0.4252622964381623,0.0,2.0369381901354746,1.0314339803839694,0.691657458665896,0.5881495060170081
781,linear_confounding_n1000_p150_k2_lasso,1000,150,1000,150,2,linear_confounding,lasso,10,True,-0.04509206586085611,-0.04708483974274691,0.0520922119610198,0.05612493504435954,0.7,0.12291913781199823,0.12291913781199823,0.035224895396639776,0.031356922911223994,0.8901920802926001,1.1233530629381772,0.0,10,10,0,-1.4266662690783847,1.1362395587177299,500.0,500.0,0.29999999999999993,0.3,11.174570488569454,12.409020308415291,0.21046272798471494,0.1933354766335246,0.0,2.0726903920559177,1.092894183614082,0.6920941428018199,0.5682212168867401
801,linear_confounding_n1000_p150_k5_lasso,1000,150,1000,150,5,linear_confounding,lasso,10,True,-0.015844654993687757,-0.017655858049845374,0.02682573039404105,0.03228743799029156,1.0,0.12250115773460693,0.12250115773460693,0.02965403401652554,0.03125029534046093,1.0538294831335873,0.9489201203846337,0.0,10,10,0,-0.5030370110876154,0.9438054888609404,800.0,200.0,0.1875,0.1875,6.12749786943557,6.586479204632445,0.3298012333486125,0.3093596393313981,0.0,2.0827804933507514,1.071208441106378,0.6925614292853975,0.5783442424978462
821,linear_confounding_n1000_p150_k10_lasso,1000,150,1000,150,10,linear_confounding,lasso,10,True,-0.0002844016396875704,0.0008325668990125656,0.018206860103472455,0.02153306978567103,1.0,0.12553417736506728,0.12553417736506728,0.022695868691654034,0.03202402483802734,1.411006790403381,0.7087138111604114,0.0,10,10,0,-0.0208815500970572,0.7261927219581988,900.0,100.0,0.16666666666666657,0.1666666666666666,5.4632331025275445,5.937442166106488,0.35776669210399525,0.3304868421424394,0.0,2.0532397064794874,1.027543102210613,0.6833517945514522,0.5816195332349273
841,linear_confounding_n1000_p300_k2_lasso,1000,300,1000,300,2,linear_confounding,lasso,10,True,-0.020182744570399414,-0.012097005921309634,0.026620683436253834,0.03403377359287879,1.0,0.1216181472071545,0.1216181472071545,0.028885878260210794,0.03102503755284549,1.0740555392972526,0.9310505494476509,0.0,10,10,0,-0.6561478678579376,0.9340325216653917,500.0,500.0,0.5999999999999999,0.6,57.82811331782523,66.45676434800167,0.05364992293915587,0.0468815374765055,0.0,2.123978778635615,1.1086582031647203,0.6771691531981545,0.5567941233150746
861,linear_confounding_n1000_p300_k5_lasso,1000,300,1000,300,5,linear_confounding,lasso,10,True,-0.020137315950859234,-0.01960820037812583,0.022803157228324444,0.02665922522800795,1.0,0.12300216077621282,0.12300216077621282,0.01841505410897791,0.031378102238829766,1.7039375531094405,0.5868759674761227,0.0,10,10,0,-0.6406457132716132,0.5943662219557841,800.0,200.0,0.375,0.375,16.551829813797887,17.872544654726827,0.15472658489961247,0.1446911896681748,0.0,2.0417271495262908,1.0321772893187717,0.6841297545001034,0.5817117732887567
881,linear_confounding_n1000_p300_k10_lasso,1000,300,1000,300,10,linear_confounding,lasso,10,True,-0.022919650118479483,-0.027799099903494273,0.03940078524219105,0.046952528175676515,0.8,0.12351936052138719,0.12351936052138719,0.0431950298135507,0.03151004094933344,0.7294830235178685,1.37083382033702,0.0,10,10,0,-0.7245016322481597,1.3966137315253615,900.0,100.0,0.33333333333333337,0.3333333333333333,13.464782661894088,14.7494875496173,0.18297256819479119,0.1688973689039286,0.0,2.062843799914639,1.0695051362223966,0.689474456636603,0.5778622413301464
2,linear_confounding_n250_p25_k2_elastic_net,250,25,250,25,2,linear_confounding,elastic_net,10,True,-0.03803092470457116,-0.036994218954511826,0.039523983286008424,0.04958044980643621,1.0,0.25108287832858817,0.25108287832858817,0.033530579229575884,0.06405175467566022,1.9102489771236317,0.5234919698822483,0.0,10,10,0,-0.5809939246427834,0.4819310148785137,125.0,125.0,0.2,0.2,5.744337848850392,6.908663800912522,0.34322148468431446,0.2752148538121214,0.0,2.255995589794377,1.1701788696388409,0.6497955514310076,0.5266628446209674
22,linear_confounding_n250_p25_k5_elastic_net,250,25,250,25,5,linear_confounding,elastic_net,10,True,-0.007698958048244631,-0.014246982484524218,0.03073510737836118,0.03556983126574749,1.0,0.2446675848181991,0.2446675848181991,0.036605083758120514,0.06241520020872423,1.7050965002881047,0.5864770702602657,0.0,10,10,0,-0.1447444166432143,0.598927105271674,200.0,50.0,0.125,0.125,3.813321748732277,4.409512255446972,0.45163015856244665,0.3942144554604088,0.0,2.212538035861482,1.1102146833277817,0.6493672313723133,0.5219483065195792
42,linear_confounding_n250_p25_k10_elastic_net,250,25,250,25,10,linear_confounding,elastic_net,10,True,-0.04469227196440541,-0.03244792211453962,0.058845119027578684,0.07711765053442281,0.9,0.23956892321661685,0.23956892321661685,0.06624644938585164,0.061114521228728756,0.9225327816856714,1.0839723203903702,0.0,10,10,0,-0.6826841363397202,0.9513568341565242,225.0,25.0,0.11111111111111112,0.1111111111111111,3.636740988110321,4.477942420248176,0.47276523773430623,0.3889112789935559,0.0,2.0912476600785856,1.0866667843946116,0.6534314143052182,0.5331773169849827
62,linear_confounding_n250_p50_k2_elastic_net,250,50,250,50,2,linear_confounding,elastic_net,10,True,-0.12396053742618433,-0.15379270994925393,0.1437105505858213,0.15720713223426833,0.3,0.24084065776598124,0.24084065776598124,0.1019142754493767,0.06143894330764825,0.6028492381145021,1.6587895227795995,0.0,10,10,0,-1.9642055630292545,1.7593689205144958,125.0,125.0,0.4,0.4,17.315900931219556,20.35516651267089,0.14852184035517935,0.1270849071598419,0.0,2.199534956083562,1.2800928398143179,0.6482716890604313,0.4850962256963728
82,linear_confounding_n250_p50_k5_elastic_net,250,50,250,50,5,linear_confounding,elastic_net,10,True,-0.04126520663887947,-0.051620105348756606,0.06659045233304776,0.07743771239626021,0.8,0.24070480053577964,0.24070480053577964,0.06907147684517739,0.061404285850964156,0.8889962782843182,1.124864101714699,0.0,10,10,0,-0.6452178943142048,1.071892735227959,200.0,50.0,0.25,0.25,8.370158340248178,11.423132497044342,0.2636691139774752,0.1945505172362344,0.0,2.2098787355866736,1.180228190212957,0.6455991372285781,0.5014592650592514
102,linear_confounding_n250_p50_k10_elastic_net,250,50,250,50,10,linear_confounding,elastic_net,10,True,-0.04126481121137647,-0.04521513972831953,0.06044037701927122,0.07011583489240222,1.0,0.23745508825407055,0.23745508825407055,0.05975362060948521,0.06057527761583431,1.0137507484562143,0.9864357698604369,0.0,10,10,0,-0.6890527699506119,1.0047669702501645,225.0,25.0,0.22222222222222224,0.2222222222222222,7.083711310770097,9.320952604977965,0.29710622702531475,0.2312617645414871,0.0,2.18319387036476,1.1992197921938192,0.6278750813270781,0.47836178643943095
122,linear_confounding_n250_p100_k2_elastic_net,250,100,250,100,2,linear_confounding,elastic_net,10,True,-0.07984969674978444,-0.07479980887233761,0.09240495245215567,0.1059371605303314,0.6,0.24121824585105114,0.24121824585105114,0.07338413323961546,0.0615352667987375,0.8385363985674017,1.1925540760167965,0.0,10,10,0,-1.3154592443529896,1.2550550525611208,125.0,125.0,0.8,0.8,249.9999401856764,454.2564040750613,0.015073061697693629,0.0074495495743978,0.0,2.302806391274276,1.3044390246109638,0.6355450591291738,0.4757026991133878
142,linear_confounding_n250_p100_k5_elastic_net,250,100,250,100,5,linear_confounding,elastic_net,10,True,-0.05503853153014197,-0.06840447600352767,0.0679759251321464,0.07915136102357,1.0,0.2532264711205333,0.2532264711205333,0.05996015342513435,0.06459858957156459,1.077358643723648,0.9281960151577053,0.0,10,10,0,-0.8493684293471431,0.8748961994149659,200.0,50.0,0.5,0.5,30.804698399452555,37.07436051700755,0.09348094251172655,0.0788398070789546,0.0,2.3073017914340577,1.1907305815426112,0.6533443419157587,0.5290449136187249
162,linear_confounding_n250_p100_k10_elastic_net,250,100,250,100,10,linear_confounding,elastic_net,10,True,-0.02809123858963375,-0.025153753384843602,0.05888678196472209,0.06961008639326838,0.9,0.24573777965931823,0.24573777965931823,0.0671354058119241,0.0626882090967648,0.9337578039281111,1.07094151801808,0.0,10,10,0,-0.46039424197820933,1.0680637106429411,225.0,25.0,0.4444444444444445,0.4444444444444444,22.044332956418845,27.26956848553153,0.1227742483285593,0.1004385421270756,0.0,2.300584141866993,1.2169908465278934,0.6358290264024106,0.5017830804542756
182,linear_confounding_n250_p150_k2_elastic_net,250,150,250,150,2,linear_confounding,elastic_net,10,True,-0.08945058484117409,-0.1182023157474692,0.11197050128201094,0.12451471023720899,0.4,0.2428934027940821,0.2428934027940821,0.09130234229092332,0.061962602753592354,0.678652937031521,1.473507216183393,0.0,10,10,0,-1.3854933652971884,1.4350392765780464,125.0,125.0,1.1999999999999997,1.2,2.662497377974652e+18,2.662327202039445e+19,-8.39760510187773e-16,-9.72932435604955e-16,0.0,2.400793200757641,1.310798798090296,0.6237624332954876,0.4485935567689753
202,linear_confounding_n250_p150_k5_elastic_net,250,150,250,150,5,linear_confounding,elastic_net,10,True,-0.07658435509447602,-0.09172496306709899,0.09228008500377233,0.0985426942842767,0.9,0.23752301984023827,0.23752301984023827,0.06536648097515377,0.06059260710210157,0.9269675558201339,1.0787864081340481,0.0,10,10,0,-1.227882576465433,1.1025174534527131,200.0,50.0,0.75,0.75,170.8884022743162,267.72371954077045,0.02017395154794261,0.013310108550483,0.0,2.262351284302577,1.2565246887472739,0.642580121690488,0.4924391065344496
222,linear_confounding_n250_p150_k10_elastic_net,250,150,250,150,10,linear_confounding,elastic_net,10,True,-0.06932131560514172,-0.0673346657379924,0.07138845940280958,0.08972854711941229,0.7,0.2503276983493725,0.2503276983493725,0.06005337783943109,0.06385910672177866,1.0633724366433344,0.9404042887895634,0.0,10,10,0,-1.0976655651615914,0.9771931435144923,225.0,25.0,0.6666666666666667,0.6666666666666666,86.31126731712712,112.92498014131836,0.03782270058151378,0.0271013165591072,0.0,2.217193725179177,1.1606724412809084,0.6354787627521532,0.48610977382133164
242,linear_confounding_n250_p300_k2_elastic_net,250,300,250,300,2,linear_confounding,elastic_net,10,True,-0.03503770636470258,-0.03965467777042503,0.049368822314953854,0.06132542220500267,0.9,0.25138635574579027,0.25138635574579027,0.05305308181772829,0.06412917238413014,1.2087737448402225,0.8272846794270681,0.0,10,10,0,-0.5647138540637586,0.8625082011688613,125.0,125.0,2.3999999999999995,2.4,5.911693711304363e+18,3.344536494725469e+19,-2.235556535963996e-15,-2.6331936807662804e-15,0.0,2.5932575717189117,1.3354803265387862,0.6153057805754205,0.4600464229268824
262,linear_confounding_n250_p300_k5_elastic_net,250,300,250,300,5,linear_confounding,elastic_net,10,True,-0.031139089978001456,-0.05720447417204899,0.05407318145502964,0.061284989649788145,1.0,0.2307072135096689,0.2307072135096689,0.0556397842446948,0.05885388099736447,1.0577661613232467,0.9453885334628381,0.0,10,10,0,-0.5378089116074924,0.9693671395532425,200.0,50.0,1.5,1.5,5.008959883278048e+18,3.509690029622552e+19,-1.6855303076353856e-15,-1.8755180613533505e-15,0.0,2.380946881998437,1.2535282170690125,0.6325076935174846,0.49468941023215807
282,linear_confounding_n250_p300_k10_elastic_net,250,300,250,300,10,linear_confounding,elastic_net,10,True,-0.07395672546596588,-0.08161650480541083,0.08095869648950264,0.09035283570145956,0.9,0.2426080840346762,0.2426080840346762,0.054711746429676515,0.06188981735578469,1.1311979857074106,0.8840185472701632,0.0,10,10,0,-1.2055413434295636,0.8890331047832453,225.0,25.0,1.3333333333333337,1.3333333333333333,2.4021029201870157e+18,2.3184261270040515e+19,-1.4916378091819133e-15,-1.7323103599379806e-15,0.0,2.306309705754768,1.2767532505129133,0.6151619557133804,0.4350983134077402
302,linear_confounding_n500_p25_k2_elastic_net,500,25,500,25,2,linear_confounding,elastic_net,10,True,-0.004217433228440426,0.003776123393749109,0.0536432492151418,0.06175160828852583,0.9,0.17696419807163702,0.17696419807163702,0.06493992423072589,0.045143928079499206,0.6951644710749394,1.4385084992242059,0.0,10,10,0,-0.10980856290499372,1.4450095022617366,250.0,250.0,0.1,0.1,3.362210164552008,3.698877445897155,0.49595685176290116,0.4622605012308075,0.0,2.1961449743592114,1.0909183409993886,0.6654244469027,0.561647854602491
322,linear_confounding_n500_p25_k5_elastic_net,500,25,500,25,5,linear_confounding,elastic_net,10,True,-0.020593601399127824,-0.0180236963618135,0.038346995487564414,0.04514216945271453,1.0,0.17432981057511093,0.17432981057511093,0.0423440805821314,0.04447189045283438,1.0502504681044105,0.9521538246061368,0.0,10,10,0,-0.4722245080333449,0.9668393324042284,400.0,100.0,0.0625,0.0625,2.533493474882485,2.89474608118827,0.5937861355996141,0.5362014196537443,0.0,2.0754914875958894,1.0566692746293231,0.6898858204502588,0.5907249064883325
342,linear_confounding_n500_p25_k10_elastic_net,500,25,500,25,10,linear_confounding,elastic_net,10,True,-0.0261102001460647,-0.030440300834305878,0.03832510332773485,0.04312615122637205,1.0,0.18032893860871493,0.18032893860871493,0.03618044849443095,0.04600228025732519,1.2714679383923628,0.7864925019378739,0.0,10,10,0,-0.5245179736835661,0.8692373303959037,450.0,50.0,0.05555555555555549,0.0555555555555555,2.410002255966068,2.6235691816471443,0.6105306541754532,0.5589164465026922,0.0,1.9931191120790672,1.0279461493150346,0.6884282352815715,0.5749854830833337
362,linear_confounding_n500_p50_k2_elastic_net,500,50,500,50,2,linear_confounding,elastic_net,10,True,-0.03107372748229974,-0.03163675902971641,0.05109073446475852,0.06274138665140395,0.7,0.17139330318838972,0.17139330318838972,0.05745437860982245,0.043722781425609585,0.7609999878779422,1.3140604677123744,0.0,10,10,0,-0.7039731595185093,1.285591922242262,250.0,250.0,0.2,0.2,6.398307931120663,7.05734205465331,0.3189173993463329,0.2952383679864127,0.0,2.0919674910541914,1.0982225951446376,0.6842585808553994,0.5701675547045214
382,linear_confounding_n500_p50_k5_elastic_net,500,50,500,50,5,linear_confounding,elastic_net,10,True,0.005767290742229469,0.02065286795456156,0.037860565041002624,0.040884356744438584,1.0,0.17188103128373058,0.17188103128373058,0.04266496069377352,0.04384720185809449,1.0277098852336104,0.9730372494886417,0.0,10,10,0,0.14543072074559582,0.9892614374159467,400.0,100.0,0.125,0.125,4.047225651924654,4.63151409444379,0.4416217253402726,0.3899839304202459,0.0,2.17277392848148,1.0836193433649899,0.6687749351251363,0.566659228190763
402,linear_confounding_n500_p50_k10_elastic_net,500,50,500,50,10,linear_confounding,elastic_net,10,True,-0.004089374389935729,-0.015261979579821783,0.03263255358848118,0.04327392884222401,0.9,0.18302170803684495,0.18302170803684495,0.045410595123712955,0.046689211233888986,1.0281567794188267,0.9726143133202482,0.0,10,10,0,-0.10553631707240756,0.9460939201978792,450.0,50.0,0.11111111111111112,0.1111111111111111,3.75468580719145,4.243353764760856,0.46181145930063916,0.4156414672525912,0.0,2.1032662380113556,1.0440847609574797,0.682727995842181,0.5671271052334859
422,linear_confounding_n500_p100_k2_elastic_net,500,100,500,100,2,linear_confounding,elastic_net,10,True,-0.024899933815939135,-0.024907587414950916,0.031983416054369204,0.036836217977866334,1.0,0.17139725527247726,0.17139725527247726,0.02861429811348658,0.04372378961032582,1.5280399133647729,0.6544331671271473,0.0,10,10,0,-0.5604776094286874,0.6687516173243567,250.0,250.0,0.4,0.4,17.570352549250337,19.72803206109029,0.14666661303434753,0.1313929504082044,0.0,2.2106159466554667,1.133247203550466,0.6628864189285102,0.5532719571982357
442,linear_confounding_n500_p100_k5_elastic_net,500,100,500,100,5,linear_confounding,elastic_net,10,True,-0.03303111709644772,-0.03155228838343238,0.039194769525829044,0.045860248453984405,0.9,0.17443725820013672,0.17443725820013672,0.033534521046261485,0.04449930056125932,1.3269699155646721,0.7535965874361703,0.0,10,10,0,-0.7345204929623119,0.729736292323284,400.0,100.0,0.25,0.25,8.298485825996302,9.373697524462326,0.2655973401103611,0.2339316135062336,0.0,2.1451522979887114,1.1114222087753864,0.6814652818687778,0.573909620665891
462,linear_confounding_n500_p100_k10_elastic_net,500,100,500,100,10,linear_confounding,elastic_net,10,True,-0.01532354840937491,-0.01723958839795181,0.04854840317203433,0.05461410276637885,0.9,0.17633323278172075,0.17633323278172075,0.05525586027364109,0.0449829675463573,0.8140850096911022,1.2283729439747844,0.0,10,10,0,-0.3224504635906394,1.242071717071393,450.0,50.0,0.22222222222222224,0.2222222222222222,7.2444106497484935,8.388248807593088,0.2930645677460036,0.2658709559268326,0.0,2.1323795062728954,1.0870281915159679,0.6679905736222852,0.5638600578112323
482,linear_confounding_n500_p150_k2_elastic_net,500,150,500,150,2,linear_confounding,elastic_net,10,True,-0.04927649397002663,-0.04579417227670968,0.061565885219850944,0.074110874262233,0.9,0.17581162603586106,0.17581162603586106,0.05834998644134318,0.04484990460098494,0.7686360757953336,1.3010058094986843,0.0,10,10,0,-1.0832170838466921,1.2362041859371324,250.0,250.0,0.5999999999999999,0.6,55.56704128640492,71.84961817699973,0.056088554562372425,0.0441102747465112,0.0,2.242657631381583,1.1847289110017056,0.6587124903932747,0.5178148659147619
502,linear_confounding_n500_p150_k5_elastic_net,500,150,500,150,5,linear_confounding,elastic_net,10,True,-0.01206261240415507,0.005905107518041852,0.04217973384960823,0.049806302842675156,0.9,0.1685096529388239,0.1685096529388239,0.05093744731251149,0.04298715636194484,0.8439205070134352,1.1849457285247365,0.0,10,10,0,-0.26872876838635423,1.1844685789636238,400.0,100.0,0.375,0.375,16.317051094878316,17.993908974316597,0.1561408629266008,0.1410500555463145,0.0,2.2052248225137836,1.156719568208214,0.6648759342496595,0.5482306091391912
522,linear_confounding_n500_p150_k10_elastic_net,500,150,500,150,10,linear_confounding,elastic_net,10,True,-0.017493500864853906,-0.013225440096978403,0.04585325503716901,0.05903431614813363,0.8,0.17239950503548931,0.17239950503548931,0.05943276229459402,0.04397946557027786,0.7399869006976681,1.3513752730719808,0.0,10,10,0,-0.4158720352306539,1.312801086318656,450.0,50.0,0.33333333333333337,0.3333333333333333,13.12497848788711,14.748839793443333,0.18758327068021208,0.1653935670890583,0.0,2.1856034630428987,1.120370425712153,0.6625526147681776,0.551663301069761
542,linear_confounding_n500_p300_k2_elastic_net,500,300,500,300,2,linear_confounding,elastic_net,10,True,-0.0811117507962181,-0.08433593072766116,0.0811117507962181,0.08938104378249886,0.5,0.17169219633434513,0.17169219633434513,0.03957910321848013,0.043799029677128815,1.1066200624949565,0.9036525126296971,0.0,10,10,0,-1.834031570592965,0.8690776000547025,250.0,250.0,1.1999999999999997,1.2,3.7588936522766966e+18,2.0934184724757803e+19,-1.202236997024896e-15,-1.5395590501546504e-15,0.0,2.202129621467909,1.2148221884902586,0.6683320486366667,0.5233400067919652
562,linear_confounding_n500_p300_k5_elastic_net,500,300,500,300,5,linear_confounding,elastic_net,10,True,-0.026085667312086003,-0.03833392333675861,0.040665203672544614,0.04431003159948502,1.0,0.17229353262708305,0.17229353262708305,0.0377553066355583,0.04395243179262318,1.1641391822581137,0.8590038160731533,0.0,10,10,0,-0.5930639061966483,0.8758136537197853,400.0,100.0,0.75,0.75,176.09453238662783,229.3068139051872,0.019557290413684647,0.0147695309391962,0.0,2.200729913822891,1.1461684301522646,0.6693811387658811,0.5454159652255786
582,linear_confounding_n500_p300_k10_elastic_net,500,300,500,300,10,linear_confounding,elastic_net,10,True,-0.007513568195310671,-0.00349098414229837,0.05187526941187198,0.06370401872942334,0.8,0.1746076933366536,0.1746076933366536,0.06668123420217796,0.04454277891241158,0.6679957179160417,1.4970155843509267,0.0,10,10,0,-0.1862196033130992,1.4702042577389427,450.0,50.0,0.6666666666666667,0.6666666666666666,91.52986252128521,123.6248152499038,0.035636900067333596,0.0267577046987296,0.0,2.171343094339335,1.0889009337829731,0.6625947469920361,0.5570993365030888
602,linear_confounding_n1000_p25_k2_elastic_net,1000,25,1000,25,2,linear_confounding,elastic_net,10,True,-0.009434764250668626,-0.010252794964628498,0.026675374653098216,0.032277749529870337,1.0,0.12252891589213595,0.12252891589213595,0.03253781284473924,0.03125737650309587,0.9606477439724287,1.040964293389004,0.0,10,10,0,-0.29999794844628214,1.0397441010418795,500.0,500.0,0.05,0.05,2.3230567024224613,2.541214649076111,0.6266238418000963,0.5810671005468622,0.0,2.0802415928863742,1.0499633963343928,0.6921927341204139,0.5861586219494418
622,linear_confounding_n1000_p25_k5_elastic_net,1000,25,1000,25,5,linear_confounding,elastic_net,10,True,-4.2328328508078886e-05,-0.0018466646195802738,0.015009199717089184,0.017500227382885345,1.0,0.12221200012112565,0.12221200012112565,0.018446805407419938,0.031176530643144268,1.6900774933422347,0.5916888450022709,0.0,10,10,0,0.0025463582815985373,0.5972500743545774,800.0,200.0,0.03125,0.03125,1.9141775006631732,2.0257440536719287,0.7032392089028047,0.6663379447868554,0.0,2.048579206065078,1.0225110617403947,0.6928978269988748,0.5965000705268471
642,linear_confounding_n1000_p25_k10_elastic_net,1000,25,1000,25,10,linear_confounding,elastic_net,10,True,0.002367908086970916,-0.00029494347092245965,0.030318320450865865,0.03483451882643661,1.0,0.12594674073947051,0.12594674073947051,0.036633874930194564,0.032129270596803663,0.8770371864299266,1.1402025084826866,0.0,10,10,0,0.0768027384945256,1.1442454820426633,900.0,100.0,0.0277777777777777,0.0277777777777777,1.858749809081445,1.9941318196122213,0.7131801873259349,0.6704877654987351,0.0,2.0644814990426505,1.028472323911783,0.6783547966640185,0.5832368733826611
662,linear_confounding_n1000_p50_k2_elastic_net,1000,50,1000,50,2,linear_confounding,elastic_net,10,True,-0.016212137654823888,-0.01347893601656941,0.020109516775513703,0.0240909254399673,1.0,0.12458560395359368,0.12458560395359368,0.018783541294770244,0.031782041824896315,1.6920154366070015,0.5910111564970707,0.0,10,10,0,-0.5089882283974986,0.5892476049831479,500.0,500.0,0.1,0.1,3.4719812859065726,3.70258329765246,0.48731865004654,0.456228418222669,0.0,2.062459362690915,1.0456938240518494,0.6968692880412929,0.5942767097628414
682,linear_confounding_n1000_p50_k5_elastic_net,1000,50,1000,50,5,linear_confounding,elastic_net,10,True,-0.021159820966305542,-0.019265863564209507,0.030421831871271333,0.037585625599776205,0.9,0.11898002851337686,0.11898002851337686,0.03274380736024665,0.030352048090147115,0.926955370712225,1.0788005891067347,0.0,10,10,0,-0.693450538650931,1.039067574682827,800.0,200.0,0.0625,0.0625,2.6315351848356436,2.8431298770030997,0.5805025603021305,0.5300838692556681,0.0,2.032087360245855,1.062332808568051,0.6977464989796723,0.5936141475431912
702,linear_confounding_n1000_p50_k10_elastic_net,1000,50,1000,50,10,linear_confounding,elastic_net,10,True,-0.005437716614554689,-0.0065730122738152374,0.021327121855047093,0.03126099799297986,0.9,0.125553651056849,0.125553651056849,0.03244964018867263,0.03202899261654309,0.9870369110509775,1.013133337572168,0.0,10,10,0,-0.1533123055959815,0.9727536710191875,900.0,100.0,0.05555555555555549,0.0555555555555555,2.4993969577999637,2.6835056945956226,0.6004102159524899,0.5547490578626811,0.0,2.0332079248137562,1.0145662502758148,0.6849668576108756,0.5869744100481588
722,linear_confounding_n1000_p100_k2_elastic_net,1000,100,1000,100,2,linear_confounding,elastic_net,10,True,-0.030015183495821864,-0.02045661066910115,0.03471221350091902,0.04628883718338399,0.8,0.1242182254824179,0.1242182254824179,0.037144540611298675,0.0316883228271474,0.8531084866212721,1.172183861352136,0.0,10,10,0,-0.9681369244775357,1.2164151279297328,500.0,500.0,0.2,0.2,6.390753950348987,6.858438985383412,0.3204548578051166,0.29672058944039,0.0,2.0547717364398004,1.0583075952182743,0.6980031090055878,0.5916045879273933
742,linear_confounding_n1000_p100_k5_elastic_net,1000,100,1000,100,5,linear_confounding,elastic_net,10,True,-0.0031316372591259412,0.005777743166659355,0.023196615236977747,0.02899410446696491,0.9,0.12265365542109188,0.12265365542109188,0.030383675110868497,0.03128919781150298,1.02980293520551,0.9710595744227875,0.0,10,10,0,-0.10162490425601681,0.9771256446337462,800.0,200.0,0.125,0.125,4.173172412405458,4.501900612043838,0.4310946638553661,0.4075622293291071,0.0,2.0305451658542366,1.0155481357275047,0.6857667281960185,0.5868935801179835
762,linear_confounding_n1000_p100_k10_elastic_net,1000,100,1000,100,10,linear_confounding,elastic_net,10,True,-0.017619017482309363,-0.0104330150414631,0.021067556025254654,0.027802330993196428,1.0,0.12222293268912476,0.12222293268912476,0.022670093653027343,0.0311793195635522,1.3753502760403702,0.7270875044857644,0.0,10,10,0,-0.5541565804064861,0.7106667402833243,900.0,100.0,0.11111111111111112,0.1111111111111111,3.826683305425566,4.333323670737589,0.4579059967028507,0.4225699450863695,0.0,2.0387970555486006,1.0650024038043846,0.690493792051339,0.5850044592343491
782,linear_confounding_n1000_p150_k2_elastic_net,1000,150,1000,150,2,linear_confounding,elastic_net,10,True,-0.03452343990028652,-0.038766272065643426,0.037397076708661436,0.04471012872356433,0.9,0.12027222624670161,0.12027222624670161,0.029946762168313806,0.03068169036905651,1.0245411572914658,0.9760466847848807,0.0,10,10,0,-1.1481682868967897,1.0199455974441032,500.0,500.0,0.29999999999999993,0.3,11.005371328300132,12.06708511211006,0.21250802002659436,0.1952112314140335,0.0,2.0676799228527867,1.0947418515030116,0.6902019654688348,0.5652596805505039
802,linear_confounding_n1000_p150_k5_elastic_net,1000,150,1000,150,5,linear_confounding,elastic_net,10,True,-0.007395812367293364,-0.006595219270695063,0.01731693308390978,0.02164102928022518,1.0,0.12136691890975093,0.12136691890975093,0.021438182648291445,0.03096094870146705,1.4441965165332957,0.6924265420612135,0.0,10,10,0,-0.23364806358556872,0.6741804552991646,800.0,200.0,0.1875,0.1875,6.166397348689988,6.59481682703035,0.32999343426206357,0.3106608656422561,0.0,2.0966592394028623,1.0715831259107822,0.6818887787235463,0.5674852133520634
822,linear_confounding_n1000_p150_k10_elastic_net,1000,150,1000,150,10,linear_confounding,elastic_net,10,True,-0.011151536659913664,-0.015555191592049822,0.021245349549002545,0.023777160090537423,1.0,0.12103163113049784,0.12103163113049784,0.02213585758933147,0.030875416104718806,1.3948145437834505,0.7169411908249024,0.0,10,10,0,-0.35697824440319603,0.709310326736385,900.0,100.0,0.16666666666666657,0.1666666666666666,5.453493950151236,5.785020609160013,0.35906982388024733,0.3391810132868713,0.0,2.0753920617289134,1.0706824184830475,0.6815979306683055,0.5672343022801214
842,linear_confounding_n1000_p300_k2_elastic_net,1000,300,1000,300,2,linear_confounding,elastic_net,10,True,-0.014863023861526225,-0.0157856116668596,0.022001728095355878,0.025336136669998167,1.0,0.12176425789792174,0.12176425789792174,0.02162843660689242,0.031062310688245286,1.4361791956033723,0.6962919411876571,0.0,10,10,0,-0.4593381917807971,0.6970351682895158,500.0,500.0,0.5999999999999999,0.6,59.08319834180577,66.37872549436462,0.05262777150942359,0.0467585645832956,0.0,2.166167054906238,1.1143300589994982,0.6779157325924683,0.5637221264039766
862,linear_confounding_n1000_p300_k5_elastic_net,1000,300,1000,300,5,linear_confounding,elastic_net,10,True,-0.00796195691706093,-0.024429062414055902,0.035899434881693615,0.042684096039322106,0.9,0.12628478748505131,0.12628478748505131,0.04420330928718823,0.03221550701149265,0.7288030586621692,1.3721127924952108,0.0,10,10,0,-0.2508424077976851,1.3663853456557327,800.0,200.0,0.375,0.375,16.612189872651605,17.984367399338048,0.15440312143769302,0.1426241157841479,0.0,2.14207866354637,1.0657846076208313,0.6785282072894705,0.5762448653664272
882,linear_confounding_n1000_p300_k10_elastic_net,1000,300,1000,300,10,linear_confounding,elastic_net,10,True,-0.019864717722384552,-0.014534549115262918,0.021866621019568055,0.029548954101118092,0.9,0.1255465203791794,0.1255465203791794,0.023058709568788506,0.03202717356611717,1.3889404118896609,0.7199732914671945,0.0,10,10,0,-0.6398816828585167,0.7432773051835275,900.0,100.0,0.33333333333333337,0.3333333333333333,13.45251194252055,14.240289989372986,0.182790829678468,0.1724075160949216,0.0,2.103866950107401,1.0544502450756603,0.6829377891222415,0.5715893121478126
3,linear_confounding_n250_p25_k2_random_forest,250,25,250,25,2,linear_confounding,random_forest,10,True,0.1869620101417917,0.20319351281435694,0.1869620101417917,0.19435246942970552,0.2,0.26195593504312253,0.26195593504312253,0.05595721716102201,0.06682549363344961,1.1942247492607279,0.8373633192738966,0.0,10,10,0,2.85314699049115,0.9177026099798606,125.0,125.0,0.2,0.2,5.973505038321248,7.595198144123829,0.33209449902101934,0.2771465118502659,0.0,4.228837908432096,1.8061555023642852,0.36417882687567055,0.2873652867976165
23,linear_confounding_n250_p25_k5_random_forest,250,25,250,25,5,linear_confounding,random_forest,10,True,0.20849074214647062,0.2019834031384078,0.20849074214647062,0.21136759141452283,0.0,0.24736313223303202,0.24736313223303202,0.0366343666762141,0.06310283985536527,1.7225039104152597,0.5805502059841018,0.0,10,10,0,3.3234177550785953,0.5749076536249234,200.0,50.0,0.125,0.125,3.831166380940793,4.492935525127392,0.4539380091397952,0.3980427427668331,0.0,3.8559811823139256,1.57230004271008,0.4210605602185577,0.3512711677070654
43,linear_confounding_n250_p25_k10_random_forest,250,25,250,25,10,linear_confounding,random_forest,10,True,0.15803668152974476,0.1444936182498171,0.15803668152974476,0.1699769737593808,0.2,0.2534399205983203,0.2534399205983203,0.06596782801288038,0.06465304096895923,0.9800692688614147,1.0203360433510376,0.0,10,10,0,2.4150505682284806,0.7920813129517519,225.0,25.0,0.11111111111111112,0.1111111111111111,3.5523452155758592,5.010562438008926,0.48625227242861885,0.3863310054566104,0.0,3.8123117278141523,1.648768468395987,0.43508493324331265,0.32466003337020655
63,linear_confounding_n250_p50_k2_random_forest,250,50,250,50,2,linear_confounding,random_forest,10,True,0.18526816167632976,0.17410111272991946,0.18526816167632976,0.1925737970006065,0.1,0.23746441952201178,0.23746441952201178,0.05538125997025968,0.06057765804132951,1.093829538617582,0.9142192313290727,0.0,10,10,0,3.0856705411864773,1.0090963190048516,125.0,125.0,0.4,0.4,17.062003669210114,22.30319489017225,0.15116178773516648,0.1161500245500682,0.0,4.589167055614785,1.9680658666191526,0.2999482894079387,0.20835419741629574
83,linear_confounding_n250_p50_k5_random_forest,250,50,250,50,5,linear_confounding,random_forest,10,True,0.1889630375387539,0.18646694680215992,0.1889630375387539,0.1958252228019774,0.1,0.2477144382288578,0.2477144382288578,0.05416526490054479,0.06319245873185146,1.1666601990755865,0.8571476088687682,0.0,10,10,0,3.034083364465956,0.9995322238412684,200.0,50.0,0.25,0.25,8.06594342808101,9.487542436603697,0.2721821862423788,0.2296937126883131,0.0,4.391248676249235,1.8393012515269316,0.34280479691312804,0.24701219422405568
103,linear_confounding_n250_p50_k10_random_forest,250,50,250,50,10,linear_confounding,random_forest,10,True,0.18317581784536968,0.18175945820856543,0.18317581784536968,0.1875690338836153,0.1,0.2524784489173467,0.2524784489173467,0.04254098975906479,0.06440776758095575,1.5140166682941716,0.6604947098281888,0.0,10,10,0,2.8692905680969507,0.7770405844515943,225.0,25.0,0.22222222222222224,0.2222222222222222,7.042501847073974,8.636214208435629,0.29732894902000434,0.2362116869027235,0.0,4.136711909151274,1.754745485309109,0.33657177294746293,0.2627090560560973
123,linear_confounding_n250_p100_k2_random_forest,250,100,250,100,2,linear_confounding,random_forest,10,True,0.24322018159279296,0.23110625452957745,0.24322018159279296,0.2541393952553386,0.1,0.2361336151148014,0.2361336151148014,0.07768008100692378,0.060238167121122774,0.7754647824807704,1.2895492130550719,0.0,10,10,0,4.013125584304396,1.1606260253764422,125.0,125.0,0.8,0.8,260.5290346020264,411.5830754732114,0.013675554405680978,0.0082996859937055,0.0,5.105562203782175,2.03666890884611,0.22755301712406636,0.16608996516875663
143,linear_confounding_n250_p100_k5_random_forest,250,100,250,100,5,linear_confounding,random_forest,10,True,0.20523870912063452,0.1969031677123564,0.20523870912063452,0.2087741484347216,0.0,0.23774319226513044,0.23774319226513044,0.0403280620954737,0.06064877353702305,1.5038851456199795,0.6649443961279025,0.0,10,10,0,3.3717141805838766,0.5061715550368407,200.0,50.0,0.5,0.5,29.59252517536131,38.41983988133097,0.09585330069454262,0.0745538188990329,0.0,4.804516738866552,2.0388027572184795,0.25730850172735104,0.18878325093509923
163,linear_confounding_n250_p100_k10_random_forest,250,100,250,100,10,linear_confounding,random_forest,10,True,0.22605619806602095,0.22886590608038893,0.22605619806602095,0.23490177976972992,0.0,0.2536049982735491,0.2536049982735491,0.06730891846902273,0.06469515262080332,0.9611676148173093,1.040401262572784,0.0,10,10,0,3.497410527552362,1.006659277466518,225.0,25.0,0.4444444444444445,0.4444444444444444,21.85636844506858,25.501782051266808,0.1241269732217308,0.1065082670572393,0.0,4.864554101886196,2.002846673680758,0.25628659181249935,0.17959910968052797
183,linear_confounding_n250_p150_k2_random_forest,250,150,250,150,2,linear_confounding,random_forest,10,True,0.2329131621462012,0.22150458791960104,0.2329131621462012,0.2471699915098802,0.0,0.25595943256553827,0.25595943256553827,0.08720641924672252,0.06529577361365768,0.7487496239115642,1.335559936278661,0.0,10,10,0,3.583061119131108,1.3181471634663782,125.0,125.0,1.1999999999999997,1.2,1.052390516604717e+18,8.25461765025203e+18,-8.250442610895804e-16,-1.007088198232081e-15,0.0,5.447629315594131,2.1309482743643615,0.17592047331232205,0.13461803609890335
203,linear_confounding_n250_p150_k5_random_forest,250,150,250,150,5,linear_confounding,random_forest,10,True,0.21971209256801955,0.23186311609680277,0.21971209256801955,0.22895853106882938,0.1,0.24977855842641308,0.24977855842641308,0.06789375137814897,0.06371902000673799,0.9385108159930814,1.0655178213815832,0.0,10,10,0,3.471822322199762,1.1156610692430253,200.0,50.0,0.75,0.75,170.111398533916,252.51224355118427,0.020499860056102583,0.013781641299813,0.0,5.260167082076135,2.125136177135735,0.2126850831590791,0.15410232568742474
223,linear_confounding_n250_p150_k10_random_forest,250,150,250,150,10,linear_confounding,random_forest,10,True,0.262376278379484,0.2480980484096439,0.262376278379484,0.2651847073528652,0.0,0.2394057842845437,0.2394057842845437,0.04057390455228668,0.06107290415422031,1.5052261996504928,0.6643519759569664,0.0,10,10,0,4.366019109170015,0.9840870852035525,225.0,25.0,0.6666666666666667,0.6666666666666666,84.96025142791645,120.59329585404998,0.03783883780771834,0.0266071088178531,0.0,5.204212002574899,2.0662933447354486,0.20332435450962993,0.15350524461158904
243,linear_confounding_n250_p300_k2_random_forest,250,300,250,300,2,linear_confounding,random_forest,10,True,0.2815727076075773,0.2834957425769349,0.2815727076075773,0.284007631379014,0.0,0.2513921940866877,0.2513921940866877,0.03911727399124754,0.06413066175680802,1.639446086431207,0.6099621135921759,0.0,10,10,0,4.410545369572153,0.6087053769507075,125.0,125.0,2.3999999999999995,2.4,1.995185833610713e+19,1.8727965617082355e+20,-2.214097044744813e-15,-2.584019952470567e-15,0.0,5.666108349257636,2.15862992946431,0.13423067921913914,0.09351810083619469
263,linear_confounding_n250_p300_k5_random_forest,250,300,250,300,5,linear_confounding,random_forest,10,True,0.2629298552985767,0.2595787636680065,0.2629298552985767,0.26745531780632015,0.0,0.248020583549407,0.248020583549407,0.05164234067710607,0.06327055702790992,1.225168266936414,0.816214414776301,0.0,10,10,0,4.176512879890205,0.8283605912929674,200.0,50.0,1.5,1.5,1.425162003491954e+19,5.8035446599085176e+20,-1.7086045617243201e-15,-1.901235575155002e-15,0.0,5.6417126279431615,2.23365424410221,0.1530702949499818,0.10084138348815
283,linear_confounding_n250_p300_k10_random_forest,250,300,250,300,10,linear_confounding,random_forest,10,True,0.21639923218884266,0.21635446580247375,0.21639923218884266,0.22094063883334142,0.0,0.24325561909701615,0.24325561909701615,0.0469768051059289,0.06205500487168776,1.3209711629336804,0.7570187965187285,0.0,10,10,0,3.5603543322933,0.982445834393793,225.0,25.0,1.3333333333333337,1.3333333333333333,2.6863500988310026e+18,3.472677869160458e+19,-1.4698063859859836e-15,-1.6957710864564973e-15,0.0,5.423212075400835,2.2309244430603905,0.1297692983910537,0.08914145563250914
303,linear_confounding_n500_p25_k2_random_forest,500,25,500,25,2,linear_confounding,random_forest,10,True,0.12869180322403226,0.1092373894499501,0.12869180322403226,0.1350197232430554,0.2,0.18045089756744437,0.18045089756744437,0.04305997687435814,0.0460333922365929,1.0690528787535276,0.9354074245288592,0.0,10,10,0,2.814020298463752,0.9688959102629431,250.0,250.0,0.1,0.1,3.385950357774255,4.112962625903808,0.49671041663627874,0.4040002956595054,0.0,3.6342301670830772,1.6237279834862324,0.46838210018605586,0.38421097949530053
323,linear_confounding_n500_p25_k5_random_forest,500,25,500,25,5,linear_confounding,random_forest,10,True,0.11061939278779406,0.11087296071117614,0.11061939278779406,0.11950317637546606,0.3,0.17990590238207432,0.17990590238207432,0.04766036208989003,0.04589436285256994,0.9629461640683862,1.0384796547452495,0.0,10,10,0,2.4137907456951737,1.027651380024096,400.0,100.0,0.0625,0.0625,2.5883677389577073,2.956131132513748,0.5869044108062718,0.5196312633853035,0.0,3.3492565720470298,1.5336122270182035,0.50020013821225,0.4150510803459545
343,linear_confounding_n500_p25_k10_random_forest,500,25,500,25,10,linear_confounding,random_forest,10,True,0.10304723579314727,0.09618589864237403,0.10304723579314727,0.11450975823783713,0.4,0.17423410202437858,0.17423410202437858,0.05263872599648174,0.04444747500621896,0.8443873624371102,1.1842905809411375,0.0,10,10,0,2.3420680467531545,1.2472323311044287,450.0,50.0,0.05555555555555549,0.0555555555555555,2.406687484625808,2.68941315223365,0.6137750128572299,0.5540315082968851,0.0,3.18873655613106,1.4476130158741358,0.5148650639805885,0.40215852620542947
363,linear_confounding_n500_p50_k2_random_forest,500,50,500,50,2,linear_confounding,random_forest,10,True,0.1828069830039687,0.17802980390916767,0.1828069830039687,0.1877941861913222,0.0,0.18027906741328875,0.18027906741328875,0.04531694964050059,0.04598955801359403,1.0148423134926168,0.9853747589203918,0.0,10,10,0,3.9676341618239803,0.906004579054382,250.0,250.0,0.2,0.2,6.109036602833955,7.006462600587416,0.32588986927945623,0.2810467860198198,0.0,4.217148218162168,1.793776251419887,0.37265069396877804,0.286875044123735
383,linear_confounding_n500_p50_k5_random_forest,500,50,500,50,5,linear_confounding,random_forest,10,True,0.14000941612039222,0.13765505022989688,0.14000941612039222,0.14966668988150694,0.2,0.1777732181555392,0.1777732181555392,0.05575224417719315,0.04535031075396405,0.8134257449768404,1.2293685147972193,0.0,10,10,0,3.077460304824614,1.168229252814458,400.0,100.0,0.125,0.125,4.093381526290071,4.613218843982882,0.4301007413452035,0.4045989229702328,0.0,3.8412426936049586,1.7022289540977635,0.39426617078682147,0.31291015732348904
403,linear_confounding_n500_p50_k10_random_forest,500,50,500,50,10,linear_confounding,random_forest,10,True,0.15212532923737937,0.14712672250228542,0.15212532923737937,0.15574930982931842,0.0,0.18172202252500375,0.18172202252500375,0.03520940083948461,0.04635765880739887,1.3166273126526016,0.7595163721655642,0.0,10,10,0,3.2852498102573784,0.7592816513990385,450.0,50.0,0.11111111111111112,0.1111111111111111,3.7806784118558716,4.125581318716459,0.46169759770918234,0.4235997910377926,0.0,3.805352955031529,1.6476871384315719,0.418637908805651,0.3316389574922815
423,linear_confounding_n500_p100_k2_random_forest,500,100,500,100,2,linear_confounding,random_forest,10,True,0.21531690501136236,0.2157737720386541,0.21531690501136236,0.21743040006691228,0.0,0.17876525628405188,0.17876525628405188,0.031878402469130575,0.045603381705115235,1.4305416260829016,0.6990359328013352,0.0,10,10,0,4.7124219707017785,0.5568667087183642,250.0,250.0,0.4,0.4,17.85764829610843,20.89155364712345,0.14600136635107824,0.1269176106700005,0.0,4.808731373107098,1.9525020230519843,0.2995637694148174,0.23048558979973696
443,linear_confounding_n500_p100_k5_random_forest,500,100,500,100,5,linear_confounding,random_forest,10,True,0.20415231826870625,0.1925954762604709,0.20415231826870625,0.20832726693932288,0.0,0.1780549698393972,0.1780549698393972,0.04374269584641458,0.04542218618351965,1.0383947606476276,0.9630248898562609,0.0,10,10,0,4.5015059976324245,0.9046024357599698,400.0,100.0,0.25,0.25,8.380156176113644,9.373006963649656,0.2619693473250956,0.2416146788837423,0.0,4.621744410765707,1.9218886254472853,0.3343447503277061,0.26198359465774834
463,linear_confounding_n500_p100_k10_random_forest,500,100,500,100,10,linear_confounding,random_forest,10,True,0.17830357673660152,0.176042625943014,0.17830357673660152,0.18152900499958624,0.0,0.180348301517764,0.180348301517764,0.03591060163911164,0.04600721977493973,1.2811598156247952,0.7805427455686477,0.0,10,10,0,3.9174795826003823,0.9540017614789316,450.0,50.0,0.22222222222222224,0.2222222222222222,7.402797604753642,8.563847908768512,0.2880471006577712,0.2511972643804558,0.0,4.356194705476481,1.8587000665109934,0.3305903560367749,0.2551275079650972
483,linear_confounding_n500_p150_k2_random_forest,500,150,500,150,2,linear_confounding,random_forest,10,True,0.22386393387928044,0.23679363670207965,0.22386393387928044,0.22669331931722947,0.0,0.1702273052302751,0.1702273052302751,0.03763568240611432,0.043425332966906864,1.1538340795396858,0.866675735907318,0.0,10,10,0,5.202594112593358,1.0853392908934394,250.0,250.0,0.5999999999999999,0.6,53.319551818759045,58.607941313062334,0.05744423770400155,0.0491700468655471,0.0,5.149113080629842,2.1197683798474642,0.23125974016818943,0.1716684295693678
503,linear_confounding_n500_p150_k5_random_forest,500,150,500,150,5,linear_confounding,random_forest,10,True,0.21392064213815343,0.22518861732317363,0.21392064213815343,0.2162795084031255,0.0,0.17150219570841535,0.17150219570841535,0.033578839605020463,0.04375056012969775,1.3029205489029612,0.7675065074704551,0.0,10,10,0,4.907355027357698,0.7975393802395288,400.0,100.0,0.375,0.375,15.84929723330483,18.135671277598288,0.16063551219065264,0.1419700767336034,0.0,4.843554246175958,2.008056519911231,0.2767602582249024,0.2178750676242364
523,linear_confounding_n500_p150_k10_random_forest,500,150,500,150,10,linear_confounding,random_forest,10,True,0.2145955804853134,0.21696956120639366,0.2145955804853134,0.215230232894308,0.0,0.1813665578565527,0.1813665578565527,0.01740976698770073,0.0462669790450389,2.6575300564174453,0.3762892530924285,0.0,10,10,0,4.655596732626483,0.48835253430447734,450.0,50.0,0.33333333333333337,0.3333333333333333,13.276354234910258,15.28605501464877,0.18541251266067552,0.162838745698669,0.0,4.805020516976233,1.98175166276481,0.2698443677750765,0.20676473821351843
543,linear_confounding_n500_p300_k2_random_forest,500,300,500,300,2,linear_confounding,random_forest,10,True,0.2420200251995901,0.24527376087593566,0.2420200251995901,0.2481556810388429,0.0,0.17049110205223555,0.17049110205223555,0.057807625739187116,0.04349262807454985,0.7523683513794047,1.3291361846449061,0.0,10,10,0,5.607115564142551,1.4775708665893645,250.0,250.0,1.1999999999999997,1.2,1.6066547038512755e+18,9.45423382225831e+18,-1.2135358599576973e-15,-1.4206187174173473e-15,0.0,5.462878435364106,2.219979317296976,0.17980236261806629,0.13812818444568653
563,linear_confounding_n500_p300_k5_random_forest,500,300,500,300,5,linear_confounding,random_forest,10,True,0.23413409308019606,0.24444375486686498,0.23413409308019606,0.23674108877631686,0.0,0.1743538278970877,0.1743538278970877,0.03693191291657944,0.044478017320685584,1.204324764361679,0.8303408097150805,0.0,10,10,0,5.280653963303232,0.9122968204563753,400.0,100.0,0.75,0.75,175.22641856714364,206.51066932561548,0.019644509681677403,0.0161050604241886,0.0,5.310062253128496,2.1489937878628353,0.20803358284817416,0.1561953767926013
583,linear_confounding_n500_p300_k10_random_forest,500,300,500,300,10,linear_confounding,random_forest,10,True,0.2313091932291182,0.22146968867618633,0.2313091932291182,0.23254671188739218,0.0,0.17692851348624,0.17692851348624,0.025254929933078554,0.04513482486893872,1.7871688810279276,0.559544210183891,0.0,10,10,0,5.140920558274816,0.5888795348393602,450.0,50.0,0.6666666666666667,0.6666666666666666,89.97653508683528,112.35043939748614,0.036291896119470306,0.028547520442761,0.0,5.226769128676688,2.094242670505016,0.20818663520034608,0.14994854077676006
603,linear_confounding_n1000_p25_k2_random_forest,1000,25,1000,25,2,linear_confounding,random_forest,10,True,0.08797282184488164,0.08940610661033688,0.08797282184488164,0.09084691485052993,0.1,0.1295700159479154,0.1295700159479154,0.023896642128321217,0.03305357549691715,1.3831891242051764,0.7229669338056942,0.0,10,10,0,2.6540926751172105,0.6662564145604213,500.0,500.0,0.05,0.05,2.30846665884243,2.4611555992096386,0.6286309908413388,0.598536174246914,0.0,3.1730487239658647,1.473127939522492,0.5294741213870351,0.4131854538764501
623,linear_confounding_n1000_p25_k5_random_forest,1000,25,1000,25,5,linear_confounding,random_forest,10,True,0.08613340817152552,0.09415172298001451,0.08613340817152552,0.09291423106252898,0.3,0.12700625838927365,0.12700625838927365,0.0367285890871343,0.03239955571154937,0.8821345038516236,1.1336139734175974,0.0,10,10,0,2.709261603780869,1.24876143239204,800.0,200.0,0.03125,0.03125,1.9082996990228493,2.122320336312932,0.7020470925255314,0.6472655435518238,0.0,3.03082434700869,1.401624901670217,0.5531470135911954,0.4576069474101427
643,linear_confounding_n1000_p25_k10_random_forest,1000,25,1000,25,10,linear_confounding,random_forest,10,True,0.06349995874826433,0.06066540865600989,0.06349995874826433,0.07536000760393392,0.5,0.12508453564497693,0.12508453564497693,0.042777018557914,0.03190932031759609,0.7459454023051049,1.3405806871519297,0.0,10,10,0,1.9947278886844226,1.344937371969992,900.0,100.0,0.0277777777777777,0.0277777777777777,1.860298839054686,2.0093266572151616,0.7157614168113116,0.6801382201957249,0.0,2.8906581816522676,1.3688860087020402,0.554930810869951,0.4418203450072576
663,linear_confounding_n1000_p50_k2_random_forest,1000,50,1000,50,2,linear_confounding,random_forest,10,True,0.14415205625374722,0.14577709700424246,0.14415205625374722,0.14634675618050386,0.0,0.12994232263469185,0.12994232263469185,0.026615737248902337,0.03314855169252338,1.2454493137848535,0.8029230807964829,0.0,10,10,0,4.388296056025075,0.9762265361883484,500.0,500.0,0.1,0.1,3.540956225010605,3.778805266360509,0.4774391575662073,0.4423807379452466,0.0,3.7468435338988195,1.6433486852517887,0.44665860858684425,0.3619095076928683
683,linear_confounding_n1000_p50_k5_random_forest,1000,50,1000,50,5,linear_confounding,random_forest,10,True,0.11994068281464898,0.11233701913078942,0.11994068281464898,0.12299422644998392,0.0,0.12874388901498146,0.12874388901498146,0.028709509574078432,0.03284282883035239,1.1439703888221726,0.8741485004953634,0.0,10,10,0,3.6659579925722303,0.9520026703546847,800.0,200.0,0.0625,0.0625,2.639459089842888,2.8295393748882964,0.5797631931579872,0.5454967575148115,0.0,3.5166966970179616,1.5696073184842432,0.4710101565902902,0.3840004595409134
703,linear_confounding_n1000_p50_k10_random_forest,1000,50,1000,50,10,linear_confounding,random_forest,10,True,0.13227180439237538,0.13205351628254314,0.13227180439237538,0.13466318984413003,0.0,0.12759440157421514,0.12759440157421514,0.026632153953474128,0.03254959223832015,1.2221915018658902,0.8182023835653612,0.0,10,10,0,4.054609705682974,0.7395807236203703,900.0,100.0,0.05555555555555549,0.0555555555555555,2.4693070869031817,2.6085572963746926,0.6037756972357164,0.5695844497817072,0.0,3.432163192695275,1.5244422698318179,0.4892075251431914,0.3963275134450846
723,linear_confounding_n1000_p100_k2_random_forest,1000,100,1000,100,2,linear_confounding,random_forest,10,True,0.1887204452043209,0.18141248576108726,0.1887204452043209,0.1895422061807392,0.0,0.12508550836885868,0.12508550836885868,0.01858438668897319,0.0319095684614435,1.717009498106098,0.5824079605284791,0.0,10,10,0,5.934265043028214,0.7565005939046704,500.0,500.0,0.2,0.2,6.54192003684823,7.201997930926343,0.31563757547292476,0.2961270259099017,0.0,4.310668560971226,1.8273264543836807,0.363512105055689,0.2896441456178876
743,linear_confounding_n1000_p100_k5_random_forest,1000,100,1000,100,5,linear_confounding,random_forest,10,True,0.17663756730145513,0.17702613143984836,0.17663756730145513,0.17729253535633252,0.0,0.12900636584483238,0.12900636584483238,0.016048984422709165,0.03290978720531432,2.0505837839026917,0.48766600411556454,0.0,10,10,0,5.364902360119114,0.4212084290537347,800.0,200.0,0.125,0.125,4.204756008171669,4.619553977160481,0.4305177303429758,0.3916102945879616,0.0,4.123645180448376,1.7457457901476694,0.3964457081578214,0.31449568320494203
763,linear_confounding_n1000_p100_k10_random_forest,1000,100,1000,100,10,linear_confounding,random_forest,10,True,0.16540999012568708,0.15957237981666172,0.16540999012568708,0.1662988107725945,0.0,0.12771855558418724,0.12771855558418724,0.01809940548438311,0.03258126417963957,1.8001289715152242,0.555515752384269,0.0,10,10,0,5.079917106846435,0.533741970978101,900.0,100.0,0.11111111111111112,0.1111111111111111,3.83046480559583,4.135536096514266,0.45895838922526766,0.416979566243543,0.0,3.969853236681508,1.7094263457178438,0.3987273795795151,0.3221839394131597
783,linear_confounding_n1000_p150_k2_random_forest,1000,150,1000,150,2,linear_confounding,random_forest,10,True,0.20840988129118626,0.2048578839203311,0.20840988129118626,0.2095520503120205,0.0,0.12638924007132313,0.12638924007132313,0.02303097359270821,0.03224215307941911,1.399947464210859,0.7143125192656378,0.0,10,10,0,6.469811508007695,0.7318524109265496,500.0,500.0,0.29999999999999993,0.3,10.989307306274217,11.81145939082336,0.21427568647477346,0.1994460204517816,0.0,4.73618942270767,1.9452520513347757,0.3013077612517891,0.2358449534538561
803,linear_confounding_n1000_p150_k5_random_forest,1000,150,1000,150,5,linear_confounding,random_forest,10,True,0.18554085995960698,0.18640373375584152,0.18554085995960698,0.18737707929827413,0.0,0.1221243712843545,0.1221243712843545,0.027583391375592903,0.031154176348049588,1.129454167684989,0.8853834255618113,0.0,10,10,0,5.966054219580691,0.9312093937171562,800.0,200.0,0.1875,0.1875,6.1483541650442355,6.626630513924139,0.3297247961364143,0.3107377330717862,0.0,4.4602803039314916,1.9243244603470706,0.34421311251569375,0.2719432668175569
823,linear_confounding_n1000_p150_k10_random_forest,1000,150,1000,150,10,linear_confounding,random_forest,10,True,0.18283421941730144,0.18166834034261392,0.18283421941730144,0.18437369267544318,0.0,0.12823400000282867,0.12823400000282867,0.02506229485025151,0.03271275510276238,1.305257770616089,0.7661321943542189,0.0,10,10,0,5.603910308967074,0.844476839752264,900.0,100.0,0.16666666666666657,0.1666666666666666,5.39895838927178,6.331619587963064,0.3626039591048601,0.3298557716959756,0.0,4.318293453356704,1.8097179966850638,0.356416101313595,0.27499168733518486
843,linear_confounding_n1000_p300_k2_random_forest,1000,300,1000,300,2,linear_confounding,random_forest,10,True,0.24637097648540304,0.2399341729115838,0.24637097648540304,0.2472457783013424,0.0,0.12424185764094822,0.12424185764094822,0.021904257157647884,0.03169435143901736,1.446949385724832,0.6911091776019946,0.0,10,10,0,7.793841626941318,0.819606659710718,500.0,500.0,0.5999999999999999,0.6,59.507898548738,66.15101061173439,0.05231700626530746,0.046458136745059,0.0,5.16608595120543,2.0493719907057875,0.22654500456378607,0.17787263469783013
863,linear_confounding_n1000_p300_k5_random_forest,1000,300,1000,300,5,linear_confounding,random_forest,10,True,0.22823687919425603,0.2320659618396269,0.22823687919425603,0.23159723183932585,0.0,0.12480318966715616,0.12480318966715616,0.04143542192784947,0.03183754838447859,0.7683654926916532,1.3014639641050385,0.0,10,10,0,7.2119782946087225,1.5008742571999172,800.0,200.0,0.375,0.375,16.60601558282297,18.269670146334438,0.1546053921017696,0.1425578041832248,0.0,4.938260404220406,2.0144505207516756,0.26875115405580086,0.2133801992183264
883,linear_confounding_n1000_p300_k10_random_forest,1000,300,1000,300,10,linear_confounding,random_forest,10,True,0.192813766511067,0.19233015330078196,0.192813766511067,0.19412313410969514,0.0,0.12443048316435146,0.12443048316435146,0.023726277986570947,0.031742470194987576,1.337861345675617,0.7474616134417145,0.0,10,10,0,6.084794108401267,0.817123654347695,900.0,100.0,0.33333333333333337,0.3333333333333333,13.369188132867151,14.596266759038198,0.18444186915833782,0.1700198759871568,0.0,4.746207798428345,1.9903031981639636,0.2675391169576887,0.2082278836581978
4,linear_confounding_n250_p25_k2_gradient_boosting,250,25,250,25,2,linear_confounding,gradient_boosting,10,True,-0.00882651347301001,-0.03935075660477122,0.07353600395822725,0.08373997842410826,0.9,0.2602193326557075,0.2602193326557075,0.08777798158726549,0.06638248282033352,0.7562543774641093,1.3223063955718504,0.0,10,10,0,-0.12322265926615476,1.3669137999416954,125.0,125.0,0.2,0.2,5.6779848488347415,7.05813443864018,0.34981030042842687,0.2724836835723633,0.0,3.0343678225934925,1.4780498190259006,0.5384951120665618,0.42160880681641427
24,linear_confounding_n250_p25_k5_gradient_boosting,250,25,250,25,5,linear_confounding,gradient_boosting,10,True,-0.03939051476497589,-0.047406082563973384,0.06399829483548874,0.07902274137922594,0.8,0.26617490165689206,0.26617490165689206,0.07221096409239806,0.06790176062675815,0.9403248035834829,1.0634623230070088,0.0,10,10,0,-0.6629774893587655,1.0821488858981883,200.0,50.0,0.125,0.125,3.9382132691977043,4.633414325360145,0.44475510805876006,0.3623774593149108,0.0,2.875705444772363,1.418068086292434,0.5222603390147325,0.4023726065452508
44,linear_confounding_n250_p25_k10_gradient_boosting,250,25,250,25,10,linear_confounding,gradient_boosting,10,True,-0.03294651630051874,-0.026974602863931274,0.04302758337533928,0.0630471452036151,0.9,0.2594523406975365,0.2594523406975365,0.05666146625142641,0.06618682160651437,1.1681099340567835,0.8560838075634313,0.0,10,10,0,-0.5401677897389152,0.9334178298305014,225.0,25.0,0.11111111111111112,0.1111111111111111,3.5177420877996965,4.177368643597416,0.487689409779997,0.4305653971616294,0.0,2.92569284256687,1.45358569144175,0.5297297025269558,0.3852536538589694
64,linear_confounding_n250_p50_k2_gradient_boosting,250,50,250,50,2,linear_confounding,gradient_boosting,10,True,-0.08191252515350657,-0.05589384645315776,0.09678770188073424,0.11553115424556416,0.6,0.26724154064238065,0.26724154064238065,0.08587966920373394,0.06817386240877056,0.7938300536188657,1.259715471140528,0.0,10,10,0,-1.2757832642837652,1.4085043159872244,125.0,125.0,0.4,0.4,16.42163885877888,19.923566269603167,0.15502974604669045,0.1272775737781034,0.0,3.1443023466175832,1.6243168288958547,0.49878858378324364,0.3555434484239924
84,linear_confounding_n250_p50_k5_gradient_boosting,250,50,250,50,5,linear_confounding,gradient_boosting,10,True,-0.12641372970102321,-0.1318120895201531,0.12641372970102321,0.14111149461223887,0.5,0.26260804875339383,0.26260804875339383,0.06609776307171875,0.0669918491717841,1.013526722516997,0.9866538077225978,0.0,10,10,0,-1.9197257327832584,1.013120794011128,200.0,50.0,0.25,0.25,7.990696242985533,9.049030350308854,0.27096889662043033,0.2405310711712272,0.0,2.7233543687121697,1.4554269549936278,0.5898115218807182,0.4058751945202917
104,linear_confounding_n250_p50_k10_gradient_boosting,250,50,250,50,10,linear_confounding,gradient_boosting,10,True,-0.08359430772790702,-0.061362403022105216,0.08359430772790702,0.09941959645998436,0.8,0.2703554748731362,0.2703554748731362,0.056727887280303306,0.06896823338600408,1.2157729944219302,0.8225219712792478,0.0,10,10,0,-1.1859071456348809,0.7578627836318648,225.0,25.0,0.22222222222222224,0.2222222222222222,6.829592209872743,8.30370115336129,0.3029241056587391,0.2442562417985645,0.0,2.783514937548263,1.4168939100874236,0.5572781227114944,0.387406733079926
124,linear_confounding_n250_p100_k2_gradient_boosting,250,100,250,100,2,linear_confounding,gradient_boosting,10,True,-0.056450056364415066,-0.0684072767823597,0.061665353099349084,0.07346789631791172,0.8,0.2541249062639904,0.2541249062639904,0.04956390852933419,0.0648277822102016,1.3079634785427294,0.7645473412714492,0.0,10,10,0,-0.9171719244098181,0.8598199485569168,125.0,125.0,0.8,0.8,261.41744950810806,459.0465040349172,0.01412823524677198,0.0072471588440533,0.0,3.3293365342847543,1.7111411597958068,0.4997288249803155,0.310040422740334
144,linear_confounding_n250_p100_k5_gradient_boosting,250,100,250,100,5,linear_confounding,gradient_boosting,10,True,-0.06753391367701828,-0.03795468166842192,0.08460722837573308,0.11932360445718833,0.8,0.2559501924381369,0.2559501924381369,0.1036944929648874,0.06529341643830021,0.629671013102013,1.5881309115272708,0.0,10,10,0,-1.0745658740546056,1.6039326629690038,200.0,50.0,0.5,0.5,30.387202577931713,45.39890270409425,0.09421460940074869,0.0653180048815105,0.0,2.940859013389539,1.5350714592864496,0.54510342824542,0.37723249636912254
164,linear_confounding_n250_p100_k10_gradient_boosting,250,100,250,100,10,linear_confounding,gradient_boosting,10,True,-0.10714313615595894,-0.08167583216062574,0.11041346738956878,0.13623716223224178,0.6,0.2682597313433079,0.2682597313433079,0.0886999483136503,0.06843360493451728,0.7715179798361373,1.2961460732417278,0.0,10,10,0,-1.558235582527303,1.2906406787834046,225.0,25.0,0.4444444444444445,0.4444444444444444,22.98441070979081,29.04479215815651,0.1191187872500431,0.093606516577473,0.0,2.7977271832775035,1.4294776935772042,0.5357559617147489,0.37522595503495976
184,linear_confounding_n250_p150_k2_gradient_boosting,250,150,250,150,2,linear_confounding,gradient_boosting,10,True,-0.08103296824982467,-0.0967963846237112,0.09323205484744333,0.10225075156999097,0.8,0.26299656462058235,0.26299656462058235,0.06573409611838456,0.06709096036239341,1.020641711442494,0.979775751655965,0.0,10,10,0,-1.2344691074760068,1.0344840600098384,125.0,125.0,1.1999999999999997,1.2,9.199442488209302e+17,8.669458726973176e+18,-8.274658669369811e-16,-1.0071202442679409e-15,0.0,3.302818772981162,1.7038820781885498,0.4694798368976964,0.30924555354896566
204,linear_confounding_n250_p150_k5_gradient_boosting,250,150,250,150,5,linear_confounding,gradient_boosting,10,True,-0.0834541694805551,-0.07669503346164308,0.08401123816745511,0.09172246391839306,0.8,0.2713796888002217,0.2713796888002217,0.040116662977034895,0.06922951244903609,1.7257046651329668,0.5794734291472459,0.0,10,10,0,-1.2264192662593663,0.6405131766109176,200.0,50.0,0.75,0.75,159.86026904361933,214.73909710688463,0.02143399123260913,0.0157720390588015,0.0,2.9493796025449917,1.4633449748373297,0.5482137687874238,0.4086507195884894
224,linear_confounding_n250_p150_k10_gradient_boosting,250,150,250,150,10,linear_confounding,gradient_boosting,10,True,-0.1104289492467512,-0.10903887314296684,0.1104289492467512,0.12332432195351677,0.5,0.2494097534260392,0.2494097534260392,0.05787280644802115,0.06362493709847936,1.0993926336650794,0.9095931420481407,0.0,10,10,0,-1.769846261285086,0.979917856850942,225.0,25.0,0.6666666666666667,0.6666666666666666,84.8534523567212,123.42090438072022,0.038412592922441605,0.0271299081769434,0.0,2.7850865644478153,1.4973313664140615,0.5469050531364184,0.35017618796834127
244,linear_confounding_n250_p300_k2_gradient_boosting,250,300,250,300,2,linear_confounding,gradient_boosting,10,True,-0.05591855343567391,-0.06144232064456989,0.05591855343567391,0.06692447108039044,0.9,0.2583900413818611,0.2583900413818611,0.038758514635162555,0.0659158268831278,1.700679902302746,0.5880001278582672,0.0,10,10,0,-0.8520101736394373,0.6064351426861664,125.0,125.0,2.3999999999999995,2.4,5.192305285224279e+18,2.440914763792243e+19,-2.2129945127231148e-15,-2.415845796603736e-15,0.0,3.4638260831806194,1.8023444940700237,0.4662658536118113,0.29384752891396715
264,linear_confounding_n250_p300_k5_gradient_boosting,250,300,250,300,5,linear_confounding,gradient_boosting,10,True,-0.06738936771611427,-0.06819318461911539,0.0716593178017382,0.08276318596796776,0.9,0.2540845270326443,0.2540845270326443,0.05064493031983394,0.06481748138587863,1.279841456519772,0.7813467792481618,0.0,10,10,0,-1.0360277004799705,0.7958776019618502,200.0,50.0,1.5,1.5,5.048734044532447e+18,9.213685704273171e+19,-1.7356270297684568e-15,-2.0002016581127518e-15,0.0,3.0687190540283678,1.5640986706107802,0.5194725654431536,0.36647981291343934
284,linear_confounding_n250_p300_k10_gradient_boosting,250,300,250,300,10,linear_confounding,gradient_boosting,10,True,-0.10164570233572352,-0.0828320399519078,0.10402605058599775,0.12855746974805327,0.6,0.2660132828946316,0.2660132828946316,0.08296702306538636,0.0678605313506713,0.8179217337615015,1.2226108669360667,0.0,10,10,0,-1.499394868429494,1.1831205706958416,225.0,25.0,1.3333333333333337,1.3333333333333333,3.021141933096187e+18,5.683897555785691e+19,-1.48898892157565e-15,-1.7346255989265222e-15,0.0,2.9408914942129734,1.545502779576203,0.5310012029939549,0.35418563188266916
304,linear_confounding_n500_p25_k2_gradient_boosting,500,25,500,25,2,linear_confounding,gradient_boosting,10,True,-0.06535259995890069,-0.04574595300541118,0.0866910309688824,0.12252037169927871,0.7,0.18613479756168425,0.18613479756168425,0.10924121708881634,0.04748336672491942,0.43466530299011624,2.3006207146530366,0.0,10,10,0,-1.4240960566162106,2.327232751202113,250.0,250.0,0.1,0.1,3.3591890171591885,4.282112101238686,0.4918591088495742,0.4005078493357242,0.0,2.6535383645773107,1.3105061921041872,0.5909508931782544,0.4623205457607976
324,linear_confounding_n500_p25_k5_gradient_boosting,500,25,500,25,5,linear_confounding,gradient_boosting,10,True,-0.05033603493299691,-0.05069500390019188,0.05631918839879914,0.07177979839612388,0.9,0.18390794508807504,0.18390794508807504,0.05394053356359001,0.04691529211430483,0.8697595113514555,1.1497431036381234,0.0,10,10,0,-1.0944192006208115,1.2427815456843951,400.0,100.0,0.0625,0.0625,2.567798925448079,2.905447998100236,0.5928933470319769,0.5384919455926707,0.0,2.5496575394738246,1.2618490518070753,0.6024043956181276,0.47332191937064316
344,linear_confounding_n500_p25_k10_gradient_boosting,500,25,500,25,10,linear_confounding,gradient_boosting,10,True,-0.04836969223405361,-0.05350881280320896,0.056305360969988526,0.06835494293754338,0.7,0.18091418738073534,0.18091418738073534,0.050911372852762975,0.046151578413452854,0.9065082284644814,1.1031339469404295,0.0,10,10,0,-1.0667989117478764,1.1149676692946695,450.0,50.0,0.05555555555555549,0.0555555555555555,2.363339274032701,2.8182819901288085,0.626070443875747,0.5611762690337639,0.0,2.58724526216124,1.3305915709094767,0.5985413885194504,0.4646603566266612
364,linear_confounding_n500_p50_k2_gradient_boosting,500,50,500,50,2,linear_confounding,gradient_boosting,10,True,-0.10121461611575518,-0.1173519930913573,0.10121461611575518,0.12063377531424116,0.4,0.19171899405406398,0.19171899405406398,0.06918661745282452,0.04890790664644486,0.7068983633979957,1.414630520847568,0.0,10,10,0,-2.0440612358295485,1.3606473846845508,250.0,250.0,0.2,0.2,6.107065406250702,7.195624359929365,0.33099456172761443,0.2859046309235085,0.0,2.7241143058439277,1.3886766661029588,0.5979262174025018,0.4688930514540088
384,linear_confounding_n500_p50_k5_gradient_boosting,500,50,500,50,5,linear_confounding,gradient_boosting,10,True,-0.08217917074886878,-0.06730933966809399,0.08217917074886878,0.10099546273112135,0.6,0.1888053482060747,0.1888053482060747,0.061884007872269386,0.04816462964440676,0.7783049498639475,1.2848434282408279,0.0,10,10,0,-1.7468180678521854,1.3624518339007083,400.0,100.0,0.125,0.125,4.048286503402229,4.619157013654639,0.4374578081085406,0.3872323384700827,0.0,2.5845306265545087,1.334947586150733,0.6088230682877491,0.46089320386540883
404,linear_confounding_n500_p50_k10_gradient_boosting,500,50,500,50,10,linear_confounding,gradient_boosting,10,True,-0.0511352699440827,-0.044974134288588985,0.0511352699440827,0.05772931660648138,0.9,0.18467042399114392,0.18467042399114392,0.028242170273805486,0.047109802038557094,1.6680659305510692,0.5994966875617656,0.0,10,10,0,-1.0965175369533966,0.6395290975469959,450.0,50.0,0.11111111111111112,0.1111111111111111,3.6777827589913614,4.046951446357348,0.4658820480536782,0.4272326025797108,0.0,2.6504335128068828,1.3207331471831654,0.600201927860631,0.4798136851087832
424,linear_confounding_n500_p100_k2_gradient_boosting,500,100,500,100,2,linear_confounding,gradient_boosting,10,True,-0.08222399378691655,-0.08042927544106737,0.08419413656917514,0.09695861640389143,0.7,0.18628105993897276,0.18628105993897276,0.054162185872987816,0.04752067855586037,0.8773774135943847,1.1397603636766336,0.0,10,10,0,-1.7912450125565904,1.2571391298417531,250.0,250.0,0.4,0.4,18.41337453497395,21.57590447726882,0.14197440024519858,0.1276037700034369,0.0,2.7967434290023965,1.4307619683716024,0.5815912875612205,0.4410915008491882
444,linear_confounding_n500_p100_k5_gradient_boosting,500,100,500,100,5,linear_confounding,gradient_boosting,10,True,-0.04601588043267246,-0.04111711444654109,0.05410241924436088,0.06709962498465269,0.7,0.18585786094152523,0.18585786094152523,0.051477054447016786,0.047412719627940074,0.9210456996279777,1.0857224569898247,0.0,10,10,0,-1.0292680841469202,1.1508611752268023,400.0,100.0,0.25,0.25,8.366034527718046,9.35599979216061,0.2626805621175876,0.2359512463812242,0.0,2.776608688747271,1.3838350017074004,0.5872763143261138,0.45124648804829004
464,linear_confounding_n500_p100_k10_gradient_boosting,500,100,500,100,10,linear_confounding,gradient_boosting,10,True,-0.07087083218203828,-0.06124906964196536,0.08932542965440032,0.10882041129845152,0.6,0.18439413139036456,0.18439413139036456,0.08704537170023921,0.04703931923223581,0.5404000041981157,1.850481110716999,0.0,10,10,0,-1.5078821653262409,1.902083702339439,450.0,50.0,0.22222222222222224,0.2222222222222222,7.203983669268473,8.333029383992933,0.29391194866114584,0.2566111073610724,0.0,2.65197965605343,1.3392213634190138,0.5965755507753766,0.4589097853799782
484,linear_confounding_n500_p150_k2_gradient_boosting,500,150,500,150,2,linear_confounding,gradient_boosting,10,True,-0.11069907944355406,-0.12029012049048793,0.11069907944355406,0.12205712372116825,0.3,0.18489173997483285,0.18489173997483285,0.054197737359847196,0.04716626019766141,0.8702625330002225,1.149078539038684,0.0,10,10,0,-2.332259456186112,1.1321406461990764,250.0,250.0,0.5999999999999999,0.6,55.965842041454245,63.86587332573135,0.055304045824439374,0.0478810125291987,0.0,2.800372558712205,1.4528234759675098,0.5856299501968268,0.43468380811605395
504,linear_confounding_n500_p150_k5_gradient_boosting,500,150,500,150,5,linear_confounding,gradient_boosting,10,True,-0.08392445740294105,-0.06135033924330735,0.08392445740294105,0.09565892629104397,0.6,0.17935305148979858,0.17935305148979858,0.0483886537294909,0.04575332946168327,0.9455383842142004,1.0575985244967718,0.0,10,10,0,-1.8334199688029096,1.0505091881688335,400.0,100.0,0.375,0.375,15.920520995403653,18.20970246332149,0.15988112527117151,0.1387874099872373,0.0,2.690657412882719,1.4332559137954837,0.5881641470297968,0.4242550782951621
524,linear_confounding_n500_p150_k10_gradient_boosting,500,150,500,150,10,linear_confounding,gradient_boosting,10,True,-0.07602301857632551,-0.07417780608644936,0.07602301857632551,0.08585200524896368,0.6,0.18233170565813311,0.18233170565813311,0.04204584074834611,0.04651319021891147,1.106249497953994,0.9039552124990771,0.0,10,10,0,-1.6599067327527817,0.9204252963921977,450.0,50.0,0.33333333333333337,0.3333333333333333,13.187477845309337,15.7067378313721,0.18420876059127284,0.1520967230251338,0.0,2.613168406346468,1.3388830327197967,0.6002799213654246,0.4503100503503415
544,linear_confounding_n500_p300_k2_gradient_boosting,500,300,500,300,2,linear_confounding,gradient_boosting,10,True,-0.09535642386227552,-0.0921663611368917,0.09535642386227552,0.11169928377799587,0.5,0.1853123622590832,0.1853123622590832,0.061317773612507995,0.0472735618007865,0.7709601803145595,1.2970838514538974,0.0,10,10,0,-2.0323693326269705,1.3447789387113696,250.0,250.0,1.1999999999999997,1.2,2.7599388010191247e+18,1.3955736929006012e+19,-1.233393105947863e-15,-1.402218332379541e-15,0.0,2.8928202656234463,1.5168184048585664,0.5697206058404164,0.40560723556424305
564,linear_confounding_n500_p300_k5_gradient_boosting,500,300,500,300,5,linear_confounding,gradient_boosting,10,True,-0.10051126739920982,-0.09685049949527713,0.10051126739920982,0.1137428799191681,0.5,0.18590855753793706,0.18590855753793706,0.05612414669592198,0.04742565243314717,0.8450133360618765,1.1834132756536455,0.0,10,10,0,-2.102693500015292,1.1320024591684803,400.0,100.0,0.75,0.75,171.84675988906227,229.9720286281192,0.020055216627012075,0.0148416531643241,0.0,2.648303332201877,1.3846891500098817,0.590551617693358,0.44267608694591204
584,linear_confounding_n500_p300_k10_gradient_boosting,500,300,500,300,10,linear_confounding,gradient_boosting,10,True,-0.10339488917790574,-0.10204295353894921,0.10339488917790574,0.11024847034946604,0.4,0.1823351192677484,0.1823351192677484,0.04033501520302846,0.04651406103769089,1.1531930954670495,0.8671574638547368,0.0,10,10,0,-2.223792499084589,0.8957818438014284,450.0,50.0,0.6666666666666667,0.6666666666666666,90.3390637522617,106.58779731170146,0.0363007974049771,0.0301164687833042,0.0,2.5357280050491977,1.363681343208676,0.6044822954330197,0.4529377179057332
604,linear_confounding_n1000_p25_k2_gradient_boosting,1000,25,1000,25,2,linear_confounding,gradient_boosting,10,True,-0.04539431704219119,-0.03840270652321881,0.051512893477107594,0.059308408145970076,0.8,0.12963994295882345,0.12963994295882345,0.040233254033089486,0.033071414020108006,0.8219920266182972,1.216556812739454,0.0,10,10,0,-1.3854074548731616,1.177269319937251,500.0,500.0,0.05,0.05,2.305308468284547,2.4596735937189536,0.6223067603023196,0.5922646954661218,0.0,2.6292240670551266,1.3112392252754577,0.6002492213891915,0.47273643955131234
624,linear_confounding_n1000_p25_k5_gradient_boosting,1000,25,1000,25,5,linear_confounding,gradient_boosting,10,True,-0.0627459746786601,-0.07001331965568597,0.0627459746786601,0.06721982724778888,0.4,0.13075324369049518,0.13075324369049518,0.0254175756525442,0.03335541930879976,1.3122974340576425,0.7620223693556922,0.0,10,10,0,-1.8953186601908807,0.7920830940253448,800.0,200.0,0.03125,0.03125,1.9084249640205786,2.106766401619877,0.709887989766432,0.6737579631817124,0.0,2.4428620965365004,1.2360338261048545,0.6335831715796625,0.5039758090328146
644,linear_confounding_n1000_p25_k10_gradient_boosting,1000,25,1000,25,10,linear_confounding,gradient_boosting,10,True,-0.05305251332969933,-0.043799387574645465,0.055372759625040624,0.06474468821666503,0.8,0.126602961929848,0.126602961929848,0.03911955296374944,0.032296673961695874,0.8255890345072178,1.2112563977995245,0.0,10,10,0,-1.656250042539075,1.28216197724053,900.0,100.0,0.0277777777777777,0.0277777777777777,1.858500237285634,1.9432687280386205,0.7162192090889211,0.682944734579096,0.0,2.3860682702744223,1.208298415266019,0.6397006803416034,0.5087335062453651
664,linear_confounding_n1000_p50_k2_gradient_boosting,1000,50,1000,50,2,linear_confounding,gradient_boosting,10,True,-0.07247853375561247,-0.06766766689263837,0.07247853375561247,0.08395998109827571,0.4,0.13091109956680175,0.13091109956680175,0.044673389676372945,0.03339568866500039,0.7475521536854152,1.3376993097672485,0.0,10,10,0,-2.1768340493141833,1.3511051524153392,500.0,500.0,0.1,0.1,3.46592345303885,3.8361315997424335,0.490358869617061,0.461956584806087,0.0,2.572390165577333,1.306460836277283,0.6170941774086697,0.49567389768201436
684,linear_confounding_n1000_p50_k5_gradient_boosting,1000,50,1000,50,5,linear_confounding,gradient_boosting,10,True,-0.0870598367986288,-0.09586859299743528,0.0870598367986288,0.09169785012326634,0.2,0.12860349937395837,0.12860349937395837,0.030351286515385777,0.032807015146417935,1.080910198972531,0.9251462341187632,0.0,10,10,0,-2.6809809708004133,0.9807368208614549,800.0,200.0,0.0625,0.0625,2.642492320423618,2.9708151657876587,0.5788859382501037,0.5275969573941314,0.0,2.4214041238114037,1.2664200468158908,0.6391428825879947,0.49953930943506925
704,linear_confounding_n1000_p50_k10_gradient_boosting,1000,50,1000,50,10,linear_confounding,gradient_boosting,10,True,-0.07570132586743494,-0.06974597048062847,0.07570132586743494,0.08721950270754578,0.4,0.13390462008084214,0.13390462008084214,0.04566241968650674,0.03415934185735764,0.7480843567177788,1.3367476421877091,0.0,10,10,0,-2.2310443121330557,1.371081663321907,900.0,100.0,0.05555555555555549,0.0555555555555555,2.49558466941955,2.640961943078281,0.6001556851845835,0.5679296792384986,0.0,2.462246925041782,1.2486847908037482,0.6319802549535615,0.5080878372597731
724,linear_confounding_n1000_p100_k2_gradient_boosting,1000,100,1000,100,2,linear_confounding,gradient_boosting,10,True,-0.08398368689716333,-0.0820041666656014,0.08398368689716333,0.08966987239145296,0.3,0.1281115213740612,0.1281115213740612,0.033123109587293906,0.03268151055460741,0.9866679475994642,1.0135121977287014,0.0,10,10,0,-2.554994133132484,0.9519797305988521,500.0,500.0,0.2,0.2,6.409749939126054,7.164485475069299,0.3195020930283482,0.2955908194898882,0.0,2.5672149435422846,1.3404472508337497,0.6190300434674544,0.47409336700542043
744,linear_confounding_n1000_p100_k5_gradient_boosting,1000,100,1000,100,5,linear_confounding,gradient_boosting,10,True,-0.07290278434385139,-0.07352235744242341,0.07290278434385139,0.08562716317248842,0.5,0.13313212760881046,0.13313212760881046,0.04734266466567448,0.03396227745122713,0.7173714806942686,1.3939779136915298,0.0,10,10,0,-2.14814732376007,1.4212760022556838,800.0,200.0,0.125,0.125,4.2044975930893065,4.5231720643511375,0.42746778901634375,0.3970327752812059,0.0,2.4708822441574436,1.2376801660294023,0.6286345181145396,0.5080755322482238
764,linear_confounding_n1000_p100_k10_gradient_boosting,1000,100,1000,100,10,linear_confounding,gradient_boosting,10,True,-0.06408862416810678,-0.06469626020107833,0.06487587066921009,0.07647571084149167,0.5,0.1324050679968612,0.1324050679968612,0.04398462611401355,0.03377680306042376,0.7679229322734298,1.3022140086890073,0.0,10,10,0,-1.9137759730021766,1.3115582524617526,900.0,100.0,0.11111111111111112,0.1111111111111111,3.815268792120348,4.046125761964079,0.45727107146652674,0.4284845890630915,0.0,2.490952675117623,1.2542322046149808,0.6372905658596222,0.5135712647534867
784,linear_confounding_n1000_p150_k2_gradient_boosting,1000,150,1000,150,2,linear_confounding,gradient_boosting,10,True,-0.06837049713241986,-0.06577235668002862,0.06837049713241986,0.07727218662098995,0.5,0.13250267621147332,0.13250267621147332,0.03795415285512053,0.033801703115171736,0.8905930068891376,1.1228473525668292,0.0,10,10,0,-2.0287505804039907,1.141545517470431,500.0,500.0,0.29999999999999993,0.3,11.054222576806513,12.13698503462285,0.21295761701387148,0.1968297986519283,0.0,2.5879139211391546,1.3230845151989812,0.6203732746838776,0.47229796244834266
804,linear_confounding_n1000_p150_k5_gradient_boosting,1000,150,1000,150,5,linear_confounding,gradient_boosting,10,True,-0.0763828223329685,-0.0823710301450703,0.0763828223329685,0.08948832326555436,0.4,0.1305939982160379,0.1305939982160379,0.04914631729540461,0.033314795463274954,0.6778696206885481,1.4752099363654134,0.0,10,10,0,-2.3086404537187297,1.485138603640585,800.0,200.0,0.1875,0.1875,6.138622329731695,6.561687283162448,0.3287814761065936,0.3111926219092076,0.0,2.444073991125614,1.254497965846518,0.6313384626884719,0.4990003852133108
824,linear_confounding_n1000_p150_k10_gradient_boosting,1000,150,1000,150,10,linear_confounding,gradient_boosting,10,True,-0.06385038024701757,-0.05420377022366246,0.06385038024701757,0.08079511325164586,0.6,0.1317726085747352,0.1317726085747352,0.0521853456192184,0.03361546137110587,0.6441551928464422,1.5524209244997678,0.0,10,10,0,-1.9234310756274922,1.594712856019096,900.0,100.0,0.16666666666666657,0.1666666666666666,5.464695538292861,5.876564744986876,0.35726499540367035,0.3397573343559023,0.0,2.4596631221215617,1.2275872335591136,0.630924780430723,0.5051950838916506
844,linear_confounding_n1000_p300_k2_gradient_boosting,1000,300,1000,300,2,linear_confounding,gradient_boosting,10,True,-0.10201828670205312,-0.10105790225522382,0.10201828670205312,0.10527352346906763,0.0,0.13221206208819103,0.13221206208819103,0.027381744161028586,0.03372756685923235,1.231753779484783,0.8118505635259988,0.0,10,10,0,-3.0390509105545256,0.8783181017322955,500.0,500.0,0.5999999999999999,0.6,57.73973070212363,61.71798158419569,0.05373923143398397,0.0496396045048342,0.0,2.6160318556639632,1.3604486531584283,0.6022149622022182,0.46311225756259394
864,linear_confounding_n1000_p300_k5_gradient_boosting,1000,300,1000,300,5,linear_confounding,gradient_boosting,10,True,-0.08456717454024756,-0.08382608993326363,0.08456717454024756,0.089530777652272,0.4,0.12817684223879064,0.12817684223879064,0.030986612473057062,0.03269817404050778,1.0552355172395473,0.9476557447724644,0.0,10,10,0,-2.6012525322542936,0.9874691613863501,800.0,200.0,0.375,0.375,16.67908330731352,17.982363310077737,0.15463953934255464,0.1413969745022441,0.0,2.4746337996518033,1.309732680833554,0.6260529182289079,0.477032072815146
884,linear_confounding_n1000_p300_k10_gradient_boosting,1000,300,1000,300,10,linear_confounding,gradient_boosting,10,True,-0.08534023183001013,-0.08213356647388559,0.08534023183001013,0.08929729319878604,0.3,0.13100998001678751,0.13100998001678751,0.02770983387074956,0.03342091326958861,1.206102982265356,0.8291165967617092,0.0,10,10,0,-2.5497627497104274,0.7974523446502402,900.0,100.0,0.33333333333333337,0.3333333333333333,13.326252867053318,14.265831187960895,0.18377356929239513,0.1698839984085896,0.0,2.480592233312429,1.2838902536679828,0.6162823445016572,0.49003942620936713
5,quadratic_confounding_n250_p25_k2_ols,250,25,250,25,2,quadratic_confounding,ols,10,False,0.32771377643239163,0.3501930472642888,0.32771377643239163,0.34081159446726533,0.0,0.29115104182427926,0.29115104182427926,0.09863638983514812,0.07427322495517323,0.7530002373293136,1.3280208297765312,0.0,10,10,0,4.700939353188131,2.0985238052190214,125.0,125.0,0.2,0.2,5.609012915587521,7.542629685872228,0.350092445144061,0.2640667663157895,0.0,13.57108365086241,5.335090143320955,-0.23404491858030219,-0.29672835503529965
25,quadratic_confounding_n250_p25_k5_ols,250,25,250,25,5,quadratic_confounding,ols,10,False,0.3971819573811299,0.4168697130312238,0.3971819573811299,0.4075137918661063,0.0,0.31795596129210624,0.31795596129210624,0.09611326242157403,0.08111121461533322,0.8439128229729783,1.1849565177563601,0.0,10,10,0,5.194591208395769,1.9647896751662728,200.0,50.0,0.125,0.125,3.903433388699957,4.5666825115039655,0.44844809601744773,0.3935479645728744,0.0,13.345298786189224,4.78426199666647,-0.19897685823883882,-0.20726375837407454
45,quadratic_confounding_n250_p25_k10_ols,250,25,250,25,10,quadratic_confounding,ols,10,False,0.42895321782928775,0.4878979085949552,0.42895321782928775,0.4515547220862996,0.1,0.3555226848304701,0.3555226848304701,0.14870105712967602,0.09069456245675257,0.6099120221967327,1.6395807323132925,0.0,10,10,0,5.037011324069345,2.13688796225655,225.0,25.0,0.11111111111111112,0.1111111111111111,3.457684002927819,3.948058838523704,0.4858591556272568,0.4266651100445436,0.0,14.693434063164215,4.986814009179795,-0.27301309273958774,-0.2506810354159254
65,quadratic_confounding_n250_p50_k2_ols,250,50,250,50,2,quadratic_confounding,ols,10,False,0.41815851004102517,0.4196120372561123,0.41815851004102517,0.43850032008476203,0.1,0.2854959843929861,0.2854959843929861,0.1391481672123822,0.07283060826351685,0.5234032881824113,1.9105726360119653,0.0,10,10,0,5.94881205008912,2.264832867425218,125.0,125.0,0.4,0.4,16.21189807891317,19.231766532705795,0.1566744815718416,0.1281570758679789,0.0,19.582937416367027,6.91429331445566,-0.742258803537575,-0.7523185910112613
85,quadratic_confounding_n250_p50_k5_ols,250,50,250,50,5,quadratic_confounding,ols,10,False,0.41627731194357864,0.4121171113324351,0.41627731194357864,0.4258584885764512,0.0,0.359798362108977,0.359798362108977,0.09468457491204936,0.09178529645637164,0.9693796116382124,1.0315876133499862,0.0,10,10,0,4.7642205909955235,1.4197290035355106,200.0,50.0,0.25,0.25,8.071622123398045,10.010541102965414,0.26873677506533195,0.2321562405709894,0.0,16.67806744211277,5.678447799798985,-0.4758482844293894,-0.38125278705756566
105,quadratic_confounding_n250_p50_k10_ols,250,50,250,50,10,quadratic_confounding,ols,10,False,0.33973594118002015,0.35611441548421907,0.33973594118002015,0.3466924328100227,0.0,0.3060178071662375,0.3060178071662375,0.07284026083193577,0.07806576713424422,1.071739258517556,0.9330627688148826,0.0,10,10,0,4.554737095718407,1.5595369751750736,225.0,25.0,0.22222222222222224,0.2222222222222222,7.11231735128942,8.488835956319317,0.29488786902219033,0.2504363836671125,0.0,13.08450706447071,4.836096368980725,-0.40707088850370815,-0.36361475578500635
125,quadratic_confounding_n250_p100_k2_ols,250,100,250,100,2,quadratic_confounding,ols,10,False,0.35300276191236535,0.3210423144951141,0.35300276191236535,0.39517139554837966,0.2,0.22646921150902002,0.22646921150902002,0.18722975173684286,0.05777275803801529,0.3085661199787129,3.2407964946669683,0.0,10,10,0,6.6568774073612165,4.431825021119955,125.0,125.0,0.8,0.8,267.2951714056236,612.5763258956626,0.01416060013863574,0.0054490786517945,0.0,60.08461511282023,22.837302456478774,-4.52899845289498,-4.651178836154656
145,quadratic_confounding_n250_p100_k5_ols,250,100,250,100,5,quadratic_confounding,ols,10,False,0.4411661307408177,0.44253624434179417,0.4411661307408177,0.4528169531213284,0.0,0.2527060434433306,0.2527060434433306,0.10757755921121949,0.06446582740901284,0.5992497680900123,1.6687532532341203,0.0,10,10,0,7.086770031570528,2.541721699851336,200.0,50.0,0.5,0.5,29.40637470659221,36.162589138341154,0.09642536233624643,0.0809675965240227,0.0,24.830018057339704,8.77496438551981,-1.3259200039167516,-1.263770209419248
165,quadratic_confounding_n250_p100_k10_ols,250,100,250,100,10,quadratic_confounding,ols,10,False,0.38675499818030756,0.38533717757293084,0.38675499818030756,0.4195059078068733,0.1,0.2550098563248887,0.2550098563248887,0.1712885092708893,0.06505353477675728,0.37978925179316286,2.633039232359873,0.0,10,10,0,6.087382066443464,2.7557815145476376,225.0,25.0,0.4444444444444445,0.4444444444444444,21.9358232039089,28.917932142832303,0.12339071644557657,0.0970103268403437,0.0,20.873707689640373,7.34988413138843,-1.129669346416685,-1.0542687178786574
185,quadratic_confounding_n250_p150_k2_ols,250,150,250,150,2,quadratic_confounding,ols,10,False,0.37162629973769584,0.4429750334320701,0.37162629973769584,0.4143816101539248,0.2,0.24445847751568048,0.24445847751568048,0.1932356424939006,0.0623618565091021,0.3227243985853724,3.098619144952759,0.0,10,10,0,6.241302366999923,3.711404524733784,125.0,125.0,1.1999999999999997,1.2,1.1021574921799523e+18,8.914591073107914e+18,-8.475897916226814e-16,-1.0086120772290585e-15,0.0,63.11803172478132,22.17812110991371,-4.6185955365189955,-4.66291306083679
205,quadratic_confounding_n250_p150_k5_ols,250,150,250,150,5,quadratic_confounding,ols,10,False,0.44923952046435167,0.4166558186634516,0.44923952046435167,0.4636394894838748,0.0,0.23067997729843678,0.23067997729843678,0.12085542079428525,0.05884693298429511,0.48692009508172374,2.0537250569462775,0.0,10,10,0,7.63931101160765,1.9180210560838113,200.0,50.0,0.75,0.75,164.86930685362387,228.9517040637848,0.021111774824382312,0.0143553288188608,0.0,50.40907019483484,17.031462599972436,-4.046716105322792,-3.6173040908109884
225,quadratic_confounding_n250_p150_k10_ols,250,150,250,150,10,quadratic_confounding,ols,10,False,0.435794463350233,0.4557211960468647,0.435794463350233,0.4486379854793123,0.0,0.24434579583843202,0.24434579583843202,0.11234484475250517,0.06233311118327349,0.5548373075826741,1.8023301359398833,0.0,10,10,0,7.167553270222752,2.3905138444733898,225.0,25.0,0.6666666666666667,0.6666666666666666,86.19670067445534,116.9671918900574,0.0377388151991694,0.0270967775376262,0.0,33.69483151833352,11.413450161187194,-2.7082048231029585,-2.402297457736758
245,quadratic_confounding_n250_p300_k2_ols,250,300,250,300,2,quadratic_confounding,ols,10,False,0.3677903454930112,0.41086305478852747,0.3677903454930112,0.38376707375296815,0.0,0.28275777811170233,0.28275777811170233,0.11550578946070929,0.07213208625298526,0.6244889246657361,1.6013094235982808,0.0,10,10,0,5.25042415895466,1.844522292742544,125.0,125.0,2.3999999999999995,2.4,4.818980273523366e+18,1.2549804308119022e+19,-2.191318372576888e-15,-2.4014574077481025e-15,0.0,19.637134727133663,7.145586682645458,-0.7728656607761301,-0.7594834609689375
265,quadratic_confounding_n250_p300_k5_ols,250,300,250,300,5,quadratic_confounding,ols,10,False,0.4174414171891483,0.4221207321240158,0.4174414171891483,0.4253542461753904,0.0,0.2183859422173577,0.2183859422173577,0.08608069827880548,0.055710699545244234,0.6471915383957934,1.5451376303199515,0.0,10,10,0,7.857165901972996,2.5789574104657906,200.0,50.0,1.5,1.5,4.336051570531477e+18,1.1496586432811616e+20,-1.6802487508658173e-15,-1.978239250284486e-15,0.0,41.161603608736606,15.165450404582831,-2.8873427168240253,-2.941248297380895
285,quadratic_confounding_n250_p300_k10_ols,250,300,250,300,10,quadratic_confounding,ols,10,False,0.39431714011379154,0.3875310097976805,0.39431714011379154,0.4401496069581923,0.0,0.20099547158773165,0.20099547158773165,0.20614361099305833,0.05127435499687026,0.24873123522900192,4.02040378675931,0.0,10,10,0,8.089433299765282,4.405146645790779,225.0,25.0,1.3333333333333337,1.3333333333333333,9.732437918478885e+18,2.1927859762688744e+20,-1.4753748092208447e-15,-1.6757723899658338e-15,0.0,49.74644995198086,18.747858882773222,-4.666690861328284,-4.389011605125197
305,quadratic_confounding_n500_p25_k2_ols,500,25,500,25,2,quadratic_confounding,ols,10,False,0.4226204726437001,0.40782178509564393,0.4226204726437001,0.42819256128126615,0.0,0.25260899739020454,0.25260899739020454,0.07257797063255789,0.06444107076280728,0.8878874705529386,1.126268849561806,0.0,10,10,0,6.578205278413513,1.139457889867991,250.0,250.0,0.1,0.1,3.315116675863331,3.7604529788390577,0.5015225743911016,0.4312114572956814,0.0,13.405741800837896,4.648600909288617,-0.15484171723828005,-0.13830578785818212
325,quadratic_confounding_n500_p25_k5_ols,500,25,500,25,5,quadratic_confounding,ols,10,False,0.3935560561148719,0.39172226407384114,0.3935560561148719,0.39863188869733074,0.0,0.24001140228717963,0.24001140228717963,0.06684154880269609,0.061227398542647825,0.9160080764043903,1.0916934312689726,0.0,10,10,0,6.460757681336415,1.1546053785067887,400.0,100.0,0.0625,0.0625,2.544882655435441,2.9008725218243505,0.6001300428045551,0.542186568192601,0.0,12.61768505502363,4.519900281783295,-0.09154877940946873,-0.10920931022932608
345,quadratic_confounding_n500_p25_k10_ols,500,25,500,25,10,quadratic_confounding,ols,10,False,0.3933278413558826,0.40426712005995247,0.3933278413558826,0.3972140591575398,0.0,0.2541445413360558,0.2541445413360558,0.058425812472182294,0.06483279115715705,1.109660069990901,0.9011768802388284,0.0,10,10,0,6.120994585502354,0.9807806837314349,450.0,50.0,0.05555555555555549,0.0555555555555555,2.451935014014226,2.8251081687571715,0.6109919285026615,0.5547081125622356,0.0,11.672587514997662,4.081613929575466,-0.09741576422692813,-0.09820632415320737
365,quadratic_confounding_n500_p50_k2_ols,500,50,500,50,2,quadratic_confounding,ols,10,False,0.3683211906144178,0.38201460355341976,0.3683211906144178,0.37435813089851666,0.0,0.22605826023773457,0.22605826023773457,0.07058100715732882,0.05766792353003429,0.81704591437027,1.2239214252368427,0.0,10,10,0,6.408003964150754,1.0791570014532539,250.0,250.0,0.2,0.2,6.222477930900627,6.715921883882334,0.3269039088753682,0.3020819137232916,0.0,13.852488231006163,5.053958304195388,-0.2511699186012434,-0.2602112719358139
385,quadratic_confounding_n500_p50_k5_ols,500,50,500,50,5,quadratic_confounding,ols,10,False,0.38063165312436487,0.40117483078842275,0.38063165312436487,0.38786445064493025,0.0,0.2252439222302891,0.2252439222302891,0.07858736620197299,0.057460184242420644,0.7311631248048884,1.3676838534039186,0.0,10,10,0,6.630001965466555,1.0593491333977187,400.0,100.0,0.125,0.125,4.103586071573103,4.737867032386289,0.4335935367585753,0.3794641351763166,0.0,13.047087007772172,4.741762849400411,-0.1717761699974689,-0.18373131992588582
405,quadratic_confounding_n500_p50_k10_ols,500,50,500,50,10,quadratic_confounding,ols,10,False,0.3654994778318694,0.361565281316804,0.3654994778318694,0.37370278034616544,0.0,0.22931821433956756,0.22931821433956756,0.08208328929328902,0.05849954447437944,0.7126851881551274,1.4031440762626513,0.0,10,10,0,6.306465701822607,1.5669407666437116,450.0,50.0,0.11111111111111112,0.1111111111111111,3.692924480540929,4.066830334768255,0.46826312012836474,0.4273436992476059,0.0,12.387327975954674,4.498470168696528,-0.1821288993929653,-0.17372903393924222
425,quadratic_confounding_n500_p100_k2_ols,500,100,500,100,2,quadratic_confounding,ols,10,False,0.39506374374403846,0.40354379207055224,0.39506374374403846,0.39767968897411915,0.0,0.1870613501193233,0.1870613501193233,0.048002006919812996,0.04771973217329672,0.9941195219819077,1.0059152625897225,0.0,10,10,0,8.307271001173566,1.160349567723214,250.0,250.0,0.4,0.4,17.792295233695484,19.81889035291305,0.14448376834357055,0.124420855666449,0.0,18.488739246436612,6.551505081047421,-0.7536795372112387,-0.693950770057352
445,quadratic_confounding_n500_p100_k5_ols,500,100,500,100,5,quadratic_confounding,ols,10,False,0.40175836443772395,0.4250263790200792,0.40175836443772395,0.41001847263109253,0.0,0.23099500426587438,0.23099500426587438,0.08631572859797222,0.05892729700660056,0.6826947760710312,1.4647834362452403,0.0,10,10,0,7.068977600277059,2.030998621251319,400.0,100.0,0.25,0.25,8.31698604432779,9.310140469766583,0.26654805559134004,0.2418711416581029,0.0,15.353862497058037,5.447928228507545,-0.3768225647208611,-0.37923141498088475
465,quadratic_confounding_n500_p100_k10_ols,500,100,500,100,10,quadratic_confounding,ols,10,False,0.3950348539906089,0.3640023289219847,0.3950348539906089,0.40014988767073195,0.0,0.22391241910802448,0.22391241910802448,0.06722596006105698,0.05712051507857765,0.8496794248337813,1.1769144582918731,0.0,10,10,0,7.138527197406677,1.9450358272566046,450.0,50.0,0.22222222222222224,0.2222222222222222,7.213762739392694,8.074187976938925,0.29249433084695614,0.2661781778576821,0.0,14.826716416802356,5.265095712550402,-0.38615775516567646,-0.3653517476532797
485,quadratic_confounding_n500_p150_k2_ols,500,150,500,150,2,quadratic_confounding,ols,10,False,0.38556869517219067,0.37941339503053995,0.38556869517219067,0.39002294996162373,0.0,0.1749830076688387,0.1749830076688387,0.06195592340062436,0.04463852236449963,0.7204883716421179,1.3879474525325464,0.0,10,10,0,8.780077718629702,1.8778277257891463,250.0,250.0,0.5999999999999999,0.6,56.23091715656974,69.96570838351472,0.054876112205441877,0.0441574791640508,0.0,28.33516940961862,10.338945911720304,-1.5260815790784765,-1.5338079242664233
505,quadratic_confounding_n500_p150_k5_ols,500,150,500,150,5,quadratic_confounding,ols,10,False,0.36379390576657056,0.3494808252828763,0.36379390576657056,0.3709547939445559,0.0,0.19908823154652808,0.19908823154652808,0.07645952653057313,0.05078781417003264,0.664244424136273,1.5054699199023234,0.0,10,10,0,7.316255877407329,1.9583122123333845,400.0,100.0,0.375,0.375,16.314858728234572,18.431823287446477,0.1577316977211607,0.1401286252678508,0.0,18.34255281057215,6.896683685033532,-0.6315024239744688,-0.6588005413962164
525,quadratic_confounding_n500_p150_k10_ols,500,150,500,150,10,quadratic_confounding,ols,10,False,0.36826511341224266,0.36083854236194124,0.36826511341224266,0.3727630261942099,0.0,0.20683074186116218,0.20683074186116218,0.06085574875549982,0.05276294435233723,0.8670165996038097,1.1533804548343805,0.0,10,10,0,7.207510639838906,1.8299876540095223,450.0,50.0,0.33333333333333337,0.3333333333333333,12.929134916284976,15.16016673234931,0.18874136148650802,0.1650560779420345,0.0,16.6917173196533,6.147501239413518,-0.593954300279073,-0.5934556626328741
545,quadratic_confounding_n500_p300_k2_ols,500,300,500,300,2,quadratic_confounding,ols,10,False,0.47956558986243714,0.49204095371330503,0.47956558986243714,0.4867010066446398,0.0,0.1552695261417857,0.1552695261417857,0.0875259636958496,0.03960957299535346,0.4525465510210853,2.209717426292809,0.0,10,10,0,12.27450681114965,2.766801076194423,250.0,250.0,1.1999999999999997,1.2,1.1836280218367373e+18,4.834722752945151e+18,-1.1965993904777305e-15,-1.362208220448973e-15,0.0,81.35056976328569,27.480907691359665,-5.580431571094936,-5.450285306013603
565,quadratic_confounding_n500_p300_k5_ols,500,300,500,300,5,quadratic_confounding,ols,10,False,0.4246631194376995,0.40609891617981553,0.4246631194376995,0.4369742301627507,0.0,0.16139240681037478,0.16139240681037478,0.10856494633664529,0.04117153234958539,0.3792341242625222,2.6368935072619073,0.0,10,10,0,10.34629170140931,2.582180162533581,400.0,100.0,0.75,0.75,175.14090406012195,207.5191008175899,0.019741333276569212,0.016409524847991,0.0,51.39349516496213,18.236059923951277,-3.496084629502269,-3.3967473395153447
585,quadratic_confounding_n500_p300_k10_ols,500,300,500,300,10,quadratic_confounding,ols,10,False,0.397397515328993,0.4073941167770305,0.397397515328993,0.4032254061002355,0.0,0.17304878742629745,0.17304878742629745,0.07200264605510198,0.044145098833239124,0.6131038406485213,1.6310450754022885,0.0,10,10,0,9.10246309162335,2.0683679162737283,450.0,50.0,0.6666666666666667,0.6666666666666666,90.37496015555698,111.69548535641528,0.03590072765479666,0.0295854903528708,0.0,31.781473843048644,11.111729557370827,-2.283346919673644,-2.170597081839039
605,quadratic_confounding_n1000_p25_k2_ols,1000,25,1000,25,2,quadratic_confounding,ols,10,False,0.3929236076060028,0.3829138299333614,0.3929236076060028,0.3962834247080621,0.0,0.17424259748362858,0.17424259748362858,0.05427902484420669,0.044449642215211325,0.818910110172245,1.221135247420093,0.0,10,10,0,8.94519934890707,1.8740904624587844,500.0,500.0,0.05,0.05,2.3147104312663247,2.543380229452838,0.6301033483246459,0.5765000972097482,0.0,11.940496983664975,4.276871754674805,-0.05785859223770665,-0.05235911450350268
625,quadratic_confounding_n1000_p25_k5_ols,1000,25,1000,25,5,quadratic_confounding,ols,10,False,0.3891848261871738,0.3929708916892226,0.3891848261871738,0.3927970379413803,0.0,0.17615439214022904,0.17615439214022904,0.05602265495296857,0.044937344933731894,0.8021280849944924,1.2466836889358714,0.0,10,10,0,8.877842040356786,1.9942510683037196,800.0,200.0,0.03125,0.03125,1.928976889747101,2.101342340369847,0.696332378520886,0.6528107529554008,0.0,11.968998933606148,4.290851669293366,-0.04799362396701637,-0.042347985731298374
645,quadratic_confounding_n1000_p25_k10_ols,1000,25,1000,25,10,quadratic_confounding,ols,10,False,0.39788181579149506,0.3956998873198714,0.39788181579149506,0.39945179474505016,0.0,0.17990840453578888,0.17990840453578888,0.03729457791250172,0.045895001157088944,1.2306078718671924,0.8126065360549882,0.0,10,10,0,8.749073781793868,1.2442027280916392,900.0,100.0,0.0277777777777777,0.0277777777777777,1.8859445787354876,2.0982051785150047,0.7052643849984414,0.6413130829383109,0.0,11.93572321981743,4.28316918491226,-0.04788661819186956,-0.04589791553316689
665,quadratic_confounding_n1000_p50_k2_ols,1000,50,1000,50,2,quadratic_confounding,ols,10,False,0.3736398597266897,0.39213578749956024,0.3736398597266897,0.3791081601933267,0.0,0.1729323704875004,0.1729323704875004,0.06762849784413472,0.044115400634566385,0.6523196883101023,1.5329906760757097,0.0,10,10,0,8.454577124633232,1.1966191634082046,500.0,500.0,0.1,0.1,3.4580969367988104,3.7414676452495135,0.4891377873431225,0.4390311768931251,0.0,12.294383909369815,4.523472947502015,-0.11034288933393,-0.12366364812658841
685,quadratic_confounding_n1000_p50_k5_ols,1000,50,1000,50,5,quadratic_confounding,ols,10,False,0.3919492320468278,0.36697038250116065,0.3919492320468278,0.3944732713627926,0.0,0.18290918990371757,0.18290918990371757,0.046962885080375695,0.04666050762849936,0.9935613527286745,1.006480372101474,0.0,10,10,0,8.467345800555858,1.0226995635726837,800.0,200.0,0.0625,0.0625,2.635353948202771,2.890116327863812,0.5788178340837206,0.5398337415678464,0.0,12.280823367845324,4.417599604123467,-0.0694751567831119,-0.073975524245501
705,quadratic_confounding_n1000_p50_k10_ols,1000,50,1000,50,10,quadratic_confounding,ols,10,False,0.39468113078073397,0.38234928389759804,0.39468113078073397,0.39623181886867376,0.0,0.17205452175966504,0.17205452175966504,0.036915207489877616,0.043891459632567555,1.188980439690143,0.8410567294619306,0.0,10,10,0,9.077586436702465,1.204049331267514,900.0,100.0,0.05555555555555549,0.0555555555555555,2.524281472643059,2.7059060862842013,0.5956778116753527,0.5620007906176454,0.0,12.014473093052548,4.33451598889976,-0.07291589344191508,-0.07750391932441485
725,quadratic_confounding_n1000_p100_k2_ols,1000,100,1000,100,2,quadratic_confounding,ols,10,False,0.41460086981901706,0.4030087187346021,0.41460086981901706,0.41797929791042443,0.0,0.16807857128622333,0.16807857128622333,0.0559048022883127,0.04287718655260796,0.7669678596032123,1.3038356007738654,0.0,10,10,0,9.745693749144055,1.4219243266020494,500.0,500.0,0.2,0.2,6.389912080770673,6.829482705130588,0.3224589782070229,0.3025470226234659,0.0,15.066386779160563,5.318045375257762,-0.27458657170941486,-0.2723426927949338
745,quadratic_confounding_n1000_p100_k5_ols,1000,100,1000,100,5,quadratic_confounding,ols,10,False,0.4495202140255466,0.4484199526037109,0.4495202140255466,0.452613281579529,0.0,0.16203686977996798,0.16203686977996798,0.055681234068149545,0.04133593616835915,0.742367457548932,1.3470418050135053,0.0,10,10,0,11.228194333484675,2.6606127490113423,800.0,200.0,0.125,0.125,4.209455231200132,4.4715557106258,0.4286251024780343,0.411699852872274,0.0,14.513030111434086,5.031880438638808,-0.17573861497806903,-0.1669120072537603
765,quadratic_confounding_n1000_p100_k10_ols,1000,100,1000,100,10,quadratic_confounding,ols,10,False,0.4062142528294846,0.4019984493712362,0.4062142528294846,0.40978471957036894,0.0,0.15713086955377525,0.15713086955377525,0.05689656493780278,0.04008440549841201,0.7045136299920883,1.4194189543376614,0.0,10,10,0,10.199014475160537,1.7552311392717526,900.0,100.0,0.11111111111111112,0.1111111111111111,3.890985467832845,4.235763001231406,0.4536883770254193,0.4213320153935298,0.0,12.6486187733443,4.4721699926536385,-0.1430291098975735,-0.14153327572278043
785,quadratic_confounding_n1000_p150_k2_ols,1000,150,1000,150,2,quadratic_confounding,ols,10,False,0.3946804533470761,0.4036059770796895,0.3946804533470761,0.39624616587932737,0.0,0.15465288252345907,0.15465288252345907,0.03709393061785377,0.03945226594986196,1.063577391037473,0.9402230702032354,0.0,10,10,0,10.135205984772883,1.4741945199779471,500.0,500.0,0.29999999999999993,0.3,11.081607430536629,12.20050153442438,0.21227468793135212,0.1915581394786061,0.0,16.50699087979301,5.968340992240988,-0.4203382415348246,-0.437437783297292
805,quadratic_confounding_n1000_p150_k5_ols,1000,150,1000,150,5,quadratic_confounding,ols,10,False,0.41916695441385904,0.4351121317174643,0.41916695441385904,0.4222273143171413,0.0,0.16511854889655342,0.16511854889655342,0.05348903608192195,0.04212207880014114,0.7874899584211693,1.2698574620619798,0.0,10,10,0,10.058753391146226,1.7390548087343214,800.0,200.0,0.1875,0.1875,6.151933101825604,6.742624425397038,0.3282666211529748,0.3074254929500249,0.0,14.164558511841179,4.88807174867292,-0.23918976556913227,-0.2378334052488035
825,quadratic_confounding_n1000_p150_k10_ols,1000,150,1000,150,10,quadratic_confounding,ols,10,False,0.4204836258258676,0.41970512220203327,0.4204836258258676,0.4248648241808777,0.0,0.16700073642181096,0.16700073642181096,0.06414947162317983,0.04260222867903336,0.6641088009155081,1.5057773645243802,0.0,10,10,0,9.959688056686748,1.8494331403473587,900.0,100.0,0.16666666666666657,0.1666666666666666,5.497094866925574,6.033270185288456,0.35488183372033444,0.3259380133613667,0.0,14.523741378633733,5.1089748135678015,-0.24550282508069082,-0.24618409531067004
845,quadratic_confounding_n1000_p300_k2_ols,1000,300,1000,300,2,quadratic_confounding,ols,10,False,0.3758128097582388,0.3764943405230413,0.3758128097582388,0.38085160284049796,0.0,0.12199834766002335,0.12199834766002335,0.06508691119311377,0.03112202746429164,0.4781610756109189,2.091345471235519,0.0,10,10,0,12.192826360137833,2.643814517008145,500.0,500.0,0.5999999999999999,0.6,58.405027829297886,63.90027477366278,0.05351191001867141,0.0486968661467693,0.0,28.03186970326758,10.386555717979073,-1.5057627381778977,-1.5437079385650603
865,quadratic_confounding_n1000_p300_k5_ols,1000,300,1000,300,5,quadratic_confounding,ols,10,False,0.3884408719475168,0.39457698860914614,0.3884408719475168,0.3900359621792394,0.0,0.14426697754214185,0.14426697754214185,0.03714447459639356,0.03680280039340349,0.9908014797166292,1.0092839185968934,0.0,10,10,0,10.630830807862633,1.4457514337751096,800.0,200.0,0.375,0.375,16.53248330248556,17.926280482296033,0.15529926867157384,0.142362600993083,0.0,16.861055596286583,6.046964325666818,-0.6025402908641134,-0.5796837095857863
885,quadratic_confounding_n1000_p300_k10_ols,1000,300,1000,300,10,quadratic_confounding,ols,10,False,0.3833373465975666,0.3805823648640727,0.3833373465975666,0.3869202406788002,0.0,0.16087896075143146,0.16087896075143146,0.05537499787286498,0.04104055121209983,0.741138650809965,1.349275198246825,0.0,10,10,0,9.535700943989912,1.964258477045333,900.0,100.0,0.33333333333333337,0.3333333333333333,13.423550302548525,14.987569978215376,0.18368430812772368,0.1641861505218245,0.0,17.16872655079262,6.105349415366783,-0.5717348785455454,-0.5418867365344491
6,quadratic_confounding_n250_p25_k2_lasso,250,25,250,25,2,quadratic_confounding,lasso,10,False,0.36687736623844974,0.39062391162157095,0.36687736623844974,0.3832910062930358,0.1,0.34155234283572505,0.34155234283572505,0.11696625176646486,0.08713069970299103,0.7449217050825603,1.3424229595903225,0.0,10,10,0,4.338917302222343,1.6330530889182138,125.0,125.0,0.2,0.2,6.0908839529803345,8.079231711816401,0.33348225707315987,0.2579168704692134,0.0,11.520300805730438,4.206597663046751,-0.041097980438070864,-0.045183119315109196
26,quadratic_confounding_n250_p25_k5_lasso,250,25,250,25,5,quadratic_confounding,lasso,10,False,0.36751961772758346,0.3745275782326043,0.36751961772758346,0.3777195701159871,0.1,0.356817207624921,0.356817207624921,0.09190214744182483,0.09102479786350019,0.9904534376753273,1.0096385776065144,0.0,10,10,0,4.335184551625754,1.5877567553545886,200.0,50.0,0.125,0.125,4.0359972445893435,4.77237980962568,0.44036943153696384,0.380487945282075,0.0,12.053790593017341,4.4089824034807155,-0.05246104649999174,-0.04787435877170452
46,quadratic_confounding_n250_p25_k10_lasso,250,25,250,25,10,quadratic_confounding,lasso,10,False,0.3422003394041931,0.35809789477125054,0.3422003394041931,0.3499621651903803,0.0,0.3412520554838512,0.3412520554838512,0.07726178282231344,0.08705409578669668,1.1267420011120322,0.8875146209274662,0.0,10,10,0,4.158835793495834,1.5396343532393284,225.0,25.0,0.11111111111111112,0.1111111111111111,3.5690077540001446,4.189072804103511,0.4782192939311772,0.4168655191163762,0.0,11.30201034889044,4.228876077889437,-0.07568426450425453,-0.06733599979750474
66,quadratic_confounding_n250_p50_k2_lasso,250,50,250,50,2,quadratic_confounding,lasso,10,False,0.39832710611391986,0.37872850126422075,0.39832710611391986,0.4101826662409439,0.0,0.3389878133647136,0.3389878133647136,0.10320064717410975,0.0864764830012024,0.8379451618681033,1.1933955173995086,0.0,10,10,0,4.772795433202507,1.7595985131730798,125.0,125.0,0.4,0.4,15.973700478918172,18.16360903289814,0.1602438314019428,0.1406069791060763,0.0,11.429136843285978,4.015733633213715,-0.04425141502936403,-0.033626380206612516
86,quadratic_confounding_n250_p50_k5_lasso,250,50,250,50,5,quadratic_confounding,lasso,10,False,0.4070181269011718,0.39747035319842106,0.4070181269011718,0.4230260344162639,0.0,0.37273283001861496,0.37273283001861496,0.12150569336368922,0.09508490561699356,0.782555146057121,1.2778652150439085,0.0,10,10,0,4.51833396401002,1.8985348126658763,200.0,50.0,0.25,0.25,8.0858865026843,9.68334352173707,0.27200680864815696,0.2295168374009066,0.0,12.671735496495739,4.42542303491754,-0.04143958673701043,-0.026426360105402957
106,quadratic_confounding_n250_p50_k10_lasso,250,50,250,50,10,quadratic_confounding,lasso,10,False,0.4336969060323231,0.45829697150489046,0.4336969060323231,0.4420603911516703,0.0,0.3193343435024203,0.3193343435024203,0.09021199183132823,0.08146284273020923,0.9030156753718783,1.1074004884668052,0.0,10,10,0,5.400814695392638,1.2559159005395575,225.0,25.0,0.22222222222222224,0.2222222222222222,7.338604732803006,9.532352684928105,0.2921752119592854,0.2374570275408535,0.0,12.205118120621005,4.3125737223959195,-0.0643743316791293,-0.059732105505475655
126,quadratic_confounding_n250_p100_k2_lasso,250,100,250,100,2,quadratic_confounding,lasso,10,False,0.35932491303513303,0.34305254028092846,0.35932491303513303,0.36666841095352204,0.0,0.33702803572759127,0.33702803572759127,0.07696558006649631,0.0859765397264263,1.1170777853183818,0.8951928085428598,0.0,10,10,0,4.272744203363657,1.228723194738012,125.0,125.0,0.8,0.8,273.28905137326694,458.9269898793018,0.01314679769515752,0.0074000052024935,0.0,10.893899445348664,3.8967996321205254,-0.049423661876684,-0.03924024596124545
146,quadratic_confounding_n250_p100_k5_lasso,250,100,250,100,5,quadratic_confounding,lasso,10,False,0.3692032236585309,0.3481515424983658,0.3692032236585309,0.3846092628726563,0.0,0.34008784863834063,0.34008784863834063,0.11359413486226985,0.08675710424447462,0.7637463355803142,1.3093352510034293,0.0,10,10,0,4.45735916124815,1.8319090797643638,200.0,50.0,0.5,0.5,29.654818938951955,36.865045380567565,0.09605933358754468,0.0776047267780905,0.0,11.21834986189633,4.052246754683308,-0.03802872008649631,-0.03395032845151823
166,quadratic_confounding_n250_p100_k10_lasso,250,100,250,100,10,quadratic_confounding,lasso,10,False,0.4055534613523455,0.45211601368061227,0.4055534613523455,0.41943454747079023,0.0,0.3557972871234073,0.3557972871234073,0.1128013474956857,0.09076461406209366,0.804641221733323,1.2427899205136963,0.0,10,10,0,4.739496348678695,1.9555475598292538,225.0,25.0,0.4444444444444445,0.4444444444444444,22.079592888199883,27.229678805803697,0.12246823764266143,0.0996357011179329,0.0,11.933415808250173,4.0864905570962184,-0.05833051749134953,-0.06560808416290467
186,quadratic_confounding_n250_p150_k2_lasso,250,150,250,150,2,quadratic_confounding,lasso,10,False,0.40522317757665977,0.40081217530710755,0.40522317757665977,0.40984152327570256,0.0,0.33219356166256053,0.33219356166256053,0.06467225539100223,0.08474325552616335,1.3103494692401523,0.7631551914008724,0.0,10,10,0,5.031174866090647,1.7314996844001032,125.0,125.0,1.1999999999999997,1.2,5.4029975709458534e+17,1.8737811716110472e+18,-8.529589448525609e-16,-9.967581854064172e-16,0.0,12.079860344528104,4.293209388733541,-0.018023194242190052,-0.01730301919457603
206,quadratic_confounding_n250_p150_k5_lasso,250,150,250,150,5,quadratic_confounding,lasso,10,False,0.3569402674703649,0.36220578417114635,0.3569402674703649,0.3635069098590113,0.0,0.3750312105943957,0.3750312105943957,0.07250225263497927,0.09567122719244786,1.3195621338017647,0.7578271415828821,0.0,10,10,0,3.9465426307606855,1.2381530827803144,200.0,50.0,0.75,0.75,157.49027484169034,203.35440904796383,0.021746296278331658,0.016111988735896,0.0,10.749053326159745,3.8905092848052307,-0.05118085512277841,-0.03580188845571573
226,quadratic_confounding_n250_p150_k10_lasso,250,150,250,150,10,quadratic_confounding,lasso,10,False,0.4021159399035098,0.4344140595314666,0.4021159399035098,0.4109926164791096,0.0,0.32644062871120805,0.32644062871120805,0.08955260202101797,0.08327567058959381,0.9299078833024755,1.0753753333594713,0.0,10,10,0,4.8621021280828645,0.9923399492914765,225.0,25.0,0.6666666666666667,0.6666666666666666,85.88976137635072,116.66170017133784,0.03791386939993948,0.0272918355658701,0.0,11.166355117730909,3.959130558744026,-0.06788199798881535,-0.047906998372978696
246,quadratic_confounding_n250_p300_k2_lasso,250,300,250,300,2,quadratic_confounding,lasso,10,False,0.3812370523962437,0.3671329256785729,0.3812370523962437,0.3949347889793068,0.0,0.35034783722215546,0.35034783722215546,0.10868812378316069,0.08937444827095799,0.8223018777034495,1.21609840268495,0.0,10,10,0,4.508392587427607,1.800814666927951,125.0,125.0,2.3999999999999995,2.4,3.3286330944815196e+18,1.6645243403164463e+19,-2.2688604054547916e-15,-2.478289765493897e-15,0.0,12.299849954852037,4.436073370300874,-0.025165855456096238,-0.0182504525939731
266,quadratic_confounding_n250_p300_k5_lasso,250,300,250,300,5,quadratic_confounding,lasso,10,False,0.3683268334716626,0.3755724333344619,0.3683268334716626,0.3789627656930188,0.1,0.3444293116045653,0.3444293116045653,0.09397471011122523,0.08786462030728703,0.9349815519866302,1.0695398191282168,0.0,10,10,0,4.278223065553309,1.1695264934970475,200.0,50.0,1.5,1.5,3.282841126610678e+18,6.387204926073775e+19,-1.7027422638130104e-15,-2.068134608983301e-15,0.0,10.647496962974905,3.8703523721658355,-0.05093276399376458,-0.04529519876805098
286,quadratic_confounding_n250_p300_k10_lasso,250,300,250,300,10,quadratic_confounding,lasso,10,False,0.4354577604368283,0.41025510085501016,0.4354577604368283,0.4452043262283613,0.0,0.36005145914809744,0.36005145914809744,0.09765831003948326,0.09184986202757583,0.9405227470190803,1.0632385055751479,0.0,10,10,0,4.85820845085797,1.2430407661969622,225.0,25.0,1.3333333333333337,1.3333333333333333,3.028182860698496e+18,4.705236034083207e+19,-1.4875477648122293e-15,-1.7093282990039306e-15,0.0,12.750812285223061,4.411166287529573,-0.07322826081586033,-0.07642622490959108
306,quadratic_confounding_n500_p25_k2_lasso,500,25,500,25,2,quadratic_confounding,lasso,10,False,0.3886393273788554,0.39604653577712623,0.3886393273788554,0.39316438116169505,0.0,0.25469880755700935,0.25469880755700935,0.06269594908737018,0.06497418560127784,1.0363378582997893,0.9649362821122786,0.0,10,10,0,6.1626474537049765,1.5949553176252735,250.0,250.0,0.1,0.1,3.3215690223374184,3.820506077738371,0.49546753000298294,0.4445919409211408,0.0,11.186048207830472,4.005897156214054,-0.01796641840990741,-0.018096182921385467
326,quadratic_confounding_n500_p25_k5_lasso,500,25,500,25,5,quadratic_confounding,lasso,10,False,0.4155719882946278,0.40840655812391014,0.4155719882946278,0.420336777181076,0.0,0.26131104171765435,0.26131104171765435,0.06652425452271925,0.06666098003001382,1.002055273047034,0.9979489424362946,0.0,10,10,0,6.288698907801998,1.0390316048161599,400.0,100.0,0.0625,0.0625,2.5633135778288554,2.8456262692715817,0.586715391688832,0.529657089515247,0.0,12.508064215858713,4.435291081382575,-0.025256224848806703,-0.015330877318001581
346,quadratic_confounding_n500_p25_k10_lasso,500,25,500,25,10,quadratic_confounding,lasso,10,False,0.3855826764176234,0.40313113817123325,0.3855826764176234,0.390927238316571,0.0,0.23995562904345605,0.23995562904345605,0.06790602415138343,0.06121317067435099,0.9014394737334053,1.1093368208720615,0.0,10,10,0,6.35764174164639,1.1345981782885295,450.0,50.0,0.05555555555555549,0.0555555555555555,2.440877746270377,2.7927639523352616,0.6060299095396497,0.5546324790906301,0.0,10.967147144474854,3.9352118283127604,-0.02976426960858915,-0.02729145760982755
366,quadratic_confounding_n500_p50_k2_lasso,500,50,500,50,2,quadratic_confounding,lasso,10,False,0.35155105411963655,0.3509375978492688,0.35155105411963655,0.35916908568203865,0.0,0.2655236309482012,0.2655236309482012,0.07756207877166682,0.06773562013984721,0.873308467392326,1.1450707709109604,0.0,10,10,0,5.39244856499023,1.5124310316231584,250.0,250.0,0.2,0.2,6.345003185884205,7.281273668314244,0.32151822591134677,0.289956795712607,0.0,11.5578218700756,4.331595815261493,-0.00921895183723164,-0.011909962672639132
386,quadratic_confounding_n500_p50_k5_lasso,500,50,500,50,5,quadratic_confounding,lasso,10,False,0.3769513918993111,0.37179741986842774,0.3769513918993111,0.3832356038658341,0.0,0.25969119340058394,0.25969119340058394,0.07285584103467285,0.06624775341851626,0.9092991375528595,1.0997481012587762,0.0,10,10,0,5.8922343581621615,1.707676533666971,400.0,100.0,0.125,0.125,4.0671799751205455,4.506471483326253,0.4391654880797146,0.4016400751004148,0.0,11.0918966387668,4.013001038856397,-0.015044455598436026,-0.01570526405503555
406,quadratic_confounding_n500_p50_k10_lasso,500,50,500,50,10,quadratic_confounding,lasso,10,False,0.4279133602512328,0.42740356579051264,0.4279133602512328,0.43160634313509993,0.0,0.2700202034976966,0.2700202034976966,0.05938753659885518,0.06888270497390214,1.1598848667386887,0.8621545367789427,0.0,10,10,0,6.361030725720951,1.3619872789148797,450.0,50.0,0.11111111111111112,0.1111111111111111,3.665280354549799,4.047153994374668,0.47078092814432493,0.4349976462556303,0.0,12.42321346642035,4.274186474286576,-0.03617118560928585,-0.03331986727737278
426,quadratic_confounding_n500_p100_k2_lasso,500,100,500,100,2,quadratic_confounding,lasso,10,False,0.41087044326621064,0.37850020295805586,0.41087044326621064,0.4196852995713069,0.0,0.24304356295726026,0.24304356295726026,0.09019256883952483,0.06200090891766837,0.6874281297828818,1.4546975264393696,0.0,10,10,0,6.691942655708812,1.6845775181687612,250.0,250.0,0.4,0.4,18.122362678184693,20.10379660735761,0.14399037073278206,0.1282911820639298,0.0,11.388748989799383,3.999840886359388,-0.010729188804907568,-0.008716578688320013
446,quadratic_confounding_n500_p100_k5_lasso,500,100,500,100,5,quadratic_confounding,lasso,10,False,0.37991648224086677,0.3705519773850535,0.37991648224086677,0.3903105323004869,0.0,0.22716946541680172,0.22716946541680172,0.09431494606673851,0.05795139423897998,0.6144455004827422,1.6274836404764053,0.0,10,10,0,6.662119660027452,1.7737432028327085,400.0,100.0,0.25,0.25,8.379751283610055,9.314178073533386,0.2619086705321636,0.2362300550296988,0.0,10.7999886353636,3.889990408808528,-0.02302855262872605,-0.0167101825038486
466,quadratic_confounding_n500_p100_k10_lasso,500,100,500,100,10,quadratic_confounding,lasso,10,False,0.39264983547079846,0.37890895025957894,0.39264983547079846,0.3958052675588751,0.0,0.23824926711373307,0.23824926711373307,0.05257710245289052,0.06077787426370738,1.155976108005663,0.8650697822165552,0.0,10,10,0,6.6656051703696475,1.4382409035903794,450.0,50.0,0.22222222222222224,0.2222222222222222,7.282553096643902,8.400988513333262,0.29331749404898616,0.2620966273111126,0.0,11.64867136161056,4.246846904480632,-0.03363498904452743,-0.03295192393661479
486,quadratic_confounding_n500_p150_k2_lasso,500,150,500,150,2,quadratic_confounding,lasso,10,False,0.41021204735753347,0.4193868391745419,0.41021204735753347,0.4151852850242352,0.0,0.2520399723511749,0.2520399723511749,0.06753515219166457,0.0642959113140752,0.9520362245072548,1.050380200099602,0.0,10,10,0,6.4187007859824305,1.0830272581034739,250.0,250.0,0.5999999999999999,0.6,56.29166690144869,66.95908567145281,0.054764066610607495,0.0448778253447053,0.0,11.368248256622701,4.019512049810764,-0.015560407765069317,-0.007907113735585444
506,quadratic_confounding_n500_p150_k5_lasso,500,150,500,150,5,quadratic_confounding,lasso,10,False,0.40521632929805246,0.42407250509538463,0.40521632929805246,0.4105413670920079,0.0,0.23907169097879527,0.23907169097879527,0.06947374055463214,0.06098767627010079,0.8778522040589112,1.13914391896075,0.0,10,10,0,6.733053423073633,1.2879917270754635,400.0,100.0,0.375,0.375,16.067324522690477,19.5131274765618,0.15882476018265937,0.1323668056340937,0.0,11.67456915357117,4.132934026268282,-0.01234051348214883,-0.009509049780791309
526,quadratic_confounding_n500_p150_k10_lasso,500,150,500,150,10,quadratic_confounding,lasso,10,False,0.38107336984622675,0.3795623389051872,0.38107336984622675,0.38607679948950474,0.0,0.24206697284822928,0.24206697284822928,0.06530596278799368,0.06175177878781359,0.9455764244420034,1.0575559776568166,0.0,10,10,0,6.230674777261697,1.0970722318047468,450.0,50.0,0.33333333333333337,0.3333333333333333,12.888816216649818,14.16468991825984,0.18946230433139793,0.1722979215913031,0.0,11.273280129455442,4.127607994830396,-0.03311580313878322,-0.027283778797808484
546,quadratic_confounding_n500_p300_k2_lasso,500,300,500,300,2,quadratic_confounding,lasso,10,False,0.3893817566057053,0.3992581999366618,0.3893817566057053,0.392970610989764,0.0,0.23442688058856334,0.23442688058856334,0.05585446092125618,0.05980277566034775,1.0706893357122884,0.9339777343861733,0.0,10,10,0,6.535451164775244,0.9662980698976033,250.0,250.0,1.1999999999999997,1.2,1.0629573795169825e+19,1.6280501919272203e+20,-1.2576296306527336e-15,-1.3670665857127202e-15,0.0,11.352992462644702,4.14837366732518,-0.00984648974488445,-0.009217776647599119
566,quadratic_confounding_n500_p300_k5_lasso,500,300,500,300,5,quadratic_confounding,lasso,10,False,0.399961430953543,0.4106523923512704,0.399961430953543,0.4050650299158408,0.0,0.24657452114440676,0.24657452114440676,0.06756504857719853,0.06290166355724658,0.9309793285410924,1.0741377056857617,0.0,10,10,0,6.405371120059496,1.184745614063207,400.0,100.0,0.75,0.75,177.13617099600756,218.37753220581843,0.01947716809174212,0.0156826840308114,0.0,11.548522365305718,4.087845211699149,-0.015396939522898051,-0.01682602697140225
586,quadratic_confounding_n500_p300_k10_lasso,500,300,500,300,10,quadratic_confounding,lasso,10,False,0.43855570037721936,0.43283755619970155,0.43855570037721936,0.4436407152656504,0.0,0.2526785325915611,0.2526785325915611,0.07060045568049719,0.06445880933458187,0.9130084036042291,1.0952801705355169,0.0,10,10,0,6.937356632044718,1.3399167754314665,450.0,50.0,0.6666666666666667,0.6666666666666666,90.89606173454251,110.40344315611364,0.03581557092798028,0.0282868971536643,0.0,12.218111484325823,4.193760670931465,-0.03373987424533691,-0.028167248050484643
606,quadratic_confounding_n1000_p25_k2_lasso,1000,25,1000,25,2,quadratic_confounding,lasso,10,False,0.38244203528609366,0.3890389693716184,0.38244203528609366,0.3885305362483208,0.0,0.18435569682720152,0.18435569682720152,0.07221932061926965,0.04702951449673502,0.6512040558324852,1.535616971429365,0.0,10,10,0,8.263697914824656,1.9770326148102415,500.0,500.0,0.05,0.05,2.2854273149091293,2.550607651848072,0.6326613188236214,0.5882569002356759,0.0,11.352686467253786,4.14831962136793,-0.00421050318519538,-0.00676954844512871
626,quadratic_confounding_n1000_p25_k5_lasso,1000,25,1000,25,5,quadratic_confounding,lasso,10,False,0.3719614491395798,0.3812573808065767,0.3719614491395798,0.3750460705524689,0.0,0.17680143083880812,0.17680143083880812,0.05059902711879032,0.04510240582622653,0.8913690320634133,1.1218698025498137,0.0,10,10,0,8.323207150658472,1.315461595289332,800.0,200.0,0.03125,0.03125,1.9131869900016707,2.025275487015521,0.7069652822631629,0.6576369896069332,0.0,11.015863456723796,4.035276527282386,-0.00893014992292462,-0.007764779620722899
646,quadratic_confounding_n1000_p25_k10_lasso,1000,25,1000,25,10,quadratic_confounding,lasso,10,False,0.39354011239724296,0.39438137902428605,0.39354011239724296,0.3945859197812194,0.0,0.18217562670502901,0.18217562670502901,0.03026233493151237,0.046473374159446156,1.5356836894648576,0.651175764163043,0.0,10,10,0,8.499767841835233,0.8428641271918578,900.0,100.0,0.0277777777777777,0.0277777777777777,1.867857442297789,2.0814354082537374,0.7119226031444306,0.6565843020060129,0.0,11.440024378152156,4.1109627402861,-0.013598414586205356,-0.010447250720412539
666,quadratic_confounding_n1000_p50_k2_lasso,1000,50,1000,50,2,quadratic_confounding,lasso,10,False,0.41068971814843447,0.4087023002685931,0.41068971814843447,0.4128376533844332,0.0,0.17362290620663703,0.17362290620663703,0.04433312605371169,0.04429155770577472,0.9990623637077474,1.0009385162791768,0.0,10,10,0,9.342770033354778,1.1585790820553312,500.0,500.0,0.1,0.1,3.4649057402599874,3.7038130960267455,0.4886347715755677,0.4537431717971329,0.0,11.439867911122061,4.068637545896992,-0.0022478907729721,-0.006109888701824143
686,quadratic_confounding_n1000_p50_k5_lasso,1000,50,1000,50,5,quadratic_confounding,lasso,10,False,0.4014896483887257,0.4051833313149953,0.4014896483887257,0.4028585322921138,0.0,0.17813098629503454,0.17813098629503454,0.03497712390904096,0.045441578136488345,1.2991799512921791,0.7697163114358321,0.0,10,10,0,8.92053563711595,1.1705705423187125,800.0,200.0,0.0625,0.0625,2.6486035289778025,3.0427240832253366,0.5781054740601442,0.5265179249044456,0.0,11.381665785614162,3.998596714478995,-0.01244840957827135,-0.011058435295048128
706,quadratic_confounding_n1000_p50_k10_lasso,1000,50,1000,50,10,quadratic_confounding,lasso,10,False,0.37553687774434785,0.3753175809001853,0.37553687774434785,0.37616467134418424,0.0,0.18556294098919884,0.18556294098919884,0.022898651622235977,0.047337484946224154,2.067260803263044,0.48373190185851805,0.0,10,10,0,8.025728696181464,1.0488017396201905,900.0,100.0,0.05555555555555549,0.0555555555555555,2.4910661998031403,2.6079617040251746,0.5998419810531128,0.5671318938492322,0.0,11.105627608086024,4.062502598781504,-0.01482699164532257,-0.01156646442964635
726,quadratic_confounding_n1000_p100_k2_lasso,1000,100,1000,100,2,quadratic_confounding,lasso,10,False,0.41767957156428326,0.4257828344090119,0.41767957156428326,0.41976155281625843,0.0,0.17608520036636074,0.17608520036636074,0.0440143501926523,0.04491969397101036,1.0205692864803262,0.9798452816944314,0.0,10,10,0,9.402643733649425,1.4427468826780254,500.0,500.0,0.2,0.2,6.422171387975733,7.208986895326908,0.3179069966950371,0.2918888743348104,0.0,11.922420884504907,4.203756276325765,-0.007366486344726123,-0.007011954243735673
746,quadratic_confounding_n1000_p100_k5_lasso,1000,100,1000,100,5,quadratic_confounding,lasso,10,False,0.40509976775134426,0.3989030480629755,0.40509976775134426,0.4084536042786289,0.0,0.17970512045845227,0.17970512045845227,0.055060825113986925,0.04584314297409494,0.8325909188463932,1.201070030148254,0.0,10,10,0,8.98663725388747,1.32142438389087,800.0,200.0,0.125,0.125,4.191921856732739,4.567856071613068,0.43028012589931,0.4004237978327792,0.0,11.485878959601964,4.089724108030015,-0.00804740444042676,-0.00779607828894603
766,quadratic_confounding_n1000_p100_k10_lasso,1000,100,1000,100,10,quadratic_confounding,lasso,10,False,0.3994495559111286,0.3966118496495603,0.3994495559111286,0.39983025018839785,0.0,0.1855851950182071,0.1855851950182071,0.018387231321972723,0.047343161994440545,2.5747847060511777,0.3883819869093643,0.0,10,10,0,8.473243776242636,0.6349722958827443,900.0,100.0,0.11111111111111112,0.1111111111111111,3.848586865901288,4.271065598341574,0.45460844271142015,0.4122673363541623,0.0,11.221851974881378,3.955469328750534,-0.0150981829925611,-0.01213862501531721
786,quadratic_confounding_n1000_p150_k2_lasso,1000,150,1000,150,2,quadratic_confounding,lasso,10,False,0.4160795230344615,0.4110351790124144,0.4160795230344615,0.4190241668090178,0.0,0.18204783340395586,0.18204783340395586,0.0522715440050707,0.04644077382753971,0.888452306345392,1.1255528213027601,0.0,10,10,0,9.008196244847635,1.3059652402834523,500.0,500.0,0.29999999999999993,0.3,10.854604035303826,12.214934674672843,0.21717433345627452,0.1943524996353152,0.0,11.633087884316716,4.035818875541373,-0.00934451530546621,-0.008774195311567822
806,quadratic_confounding_n1000_p150_k5_lasso,1000,150,1000,150,5,quadratic_confounding,lasso,10,False,0.4019950285789535,0.40089213900942733,0.4019950285789535,0.40411275618592307,0.0,0.1747633244851811,0.1747633244851811,0.04355222548197792,0.04458248073601555,1.0236556282172986,0.9768910290089501,0.0,10,10,0,9.144743236360984,1.5543506425638847,800.0,200.0,0.1875,0.1875,6.092530989781693,6.489630284173132,0.3311378660359146,0.3145144947387929,0.0,11.536371298012877,4.122131625389011,-0.006756371991974751,-0.00712636943280349
826,quadratic_confounding_n1000_p150_k10_lasso,1000,150,1000,150,10,quadratic_confounding,lasso,10,False,0.3982916599343869,0.3936320989149674,0.3982916599343869,0.40034680943283446,0.0,0.18749240769086134,0.18749240769086134,0.04270468943493631,0.0478296958395054,1.120010389312804,0.892848860637411,0.0,10,10,0,8.464009963088667,1.3812825807034625,900.0,100.0,0.16666666666666657,0.1666666666666666,5.395561093547138,5.720719271981306,0.3617533594431683,0.3441210247941114,0.0,11.386373844984144,4.083257497045002,-0.012164144278182989,-0.013439912316202781
846,quadratic_confounding_n1000_p300_k2_lasso,1000,300,1000,300,2,quadratic_confounding,lasso,10,False,0.4025375237035136,0.39894823021044057,0.4025375237035136,0.4039500125012099,0.0,0.18260255419230903,0.18260255419230903,0.035577062060498106,0.04658228423273187,1.3093347661344155,0.7637466184086192,0.0,10,10,0,8.712171143649709,1.22916309353683,500.0,500.0,0.5999999999999999,0.6,57.97285486579547,65.4021406340922,0.053536223238899706,0.0478227595516159,0.0,10.996409570243609,3.8496542598092622,-0.0032258088413190445,-0.0019362386388808734
866,quadratic_confounding_n1000_p300_k5_lasso,1000,300,1000,300,5,quadratic_confounding,lasso,10,False,0.4096105885134412,0.40645403626762666,0.4096105885134412,0.41080160511412706,0.0,0.17134712003612376,0.17134712003612376,0.03294987003878572,0.043711000009215226,1.326590968576278,0.7538118558678404,0.0,10,10,0,9.439987068758072,1.2053778994118807,800.0,200.0,0.375,0.375,16.60061783026288,17.929816790174804,0.1541094354146344,0.1404274829475609,0.0,11.626472924684638,4.13628938101121,-0.00610088700972955,-0.00798147213667582
886,quadratic_confounding_n1000_p300_k10_lasso,1000,300,1000,300,10,quadratic_confounding,lasso,10,False,0.35582784171323933,0.3753887222033335,0.35582784171323933,0.3596349344254504,0.0,0.17513490104129614,0.17513490104129614,0.0550134642195882,0.044677270673800014,0.812115203206784,1.231352394403305,0.0,10,10,0,8.064776026877691,1.5947037480641686,900.0,100.0,0.33333333333333337,0.3333333333333333,13.55623210483721,14.493021743206556,0.18265867400511365,0.1692261641315006,0.0,10.69923184560212,3.925508057107698,-0.01088688661525917,-0.01324205101514223
7,quadratic_confounding_n250_p25_k2_elastic_net,250,25,250,25,2,quadratic_confounding,elastic_net,10,False,0.4066076779570726,0.4497946423104444,0.4066076779570726,0.4159471035551154,0.0,0.3391241891843979,0.3391241891843979,0.09238920801723924,0.08651127275112185,0.9363785512154125,1.0679441543187929,0.0,10,10,0,4.81567821679973,1.3742861638458383,125.0,125.0,0.2,0.2,5.749163396180743,7.17277523877587,0.3516451784301239,0.278922109826362,0.0,11.270659072285778,3.9451144463637178,-0.029051985592079062,-0.02467934306222715
27,quadratic_confounding_n250_p25_k5_elastic_net,250,25,250,25,5,quadratic_confounding,elastic_net,10,False,0.44947390681515786,0.42949074364562567,0.44947390681515786,0.463564990184366,0.0,0.37284963455929143,0.37284963455929143,0.11956266240367726,0.09511470269369673,0.7955217856604989,1.2570365991545143,0.0,10,10,0,4.893795660932395,1.5110676740540094,200.0,50.0,0.125,0.125,3.9993951056953576,5.520933834163935,0.44748293884642676,0.3170496340234125,0.0,13.412485190879291,4.504624052150632,-0.04588664960177153,-0.04183243261976351
47,quadratic_confounding_n250_p25_k10_elastic_net,250,25,250,25,10,quadratic_confounding,elastic_net,10,False,0.4121681602729093,0.44842439702787673,0.4121681602729093,0.4312447871971364,0.1,0.36395139436985025,0.36395139436985025,0.13370562251100082,0.09284474346169648,0.6943967031308467,1.4400990031940977,0.0,10,10,0,4.816033872516993,2.111138928165552,225.0,25.0,0.11111111111111112,0.1111111111111111,3.5132351412314455,4.0997447372304,0.48783796609034696,0.4037018068306068,0.0,13.050736872454413,4.544489458366532,-0.07606881921412875,-0.048424600037214736
67,quadratic_confounding_n250_p50_k2_elastic_net,250,50,250,50,2,quadratic_confounding,elastic_net,10,False,0.44883245559310614,0.43422697993155634,0.44883245559310614,0.45183480062414927,0.0,0.3379784258602599,0.3379784258602599,0.054813966806190696,0.08621898618884179,1.5729382712565185,0.6357528571042809,0.0,10,10,0,5.3236041438668895,0.9769025202317894,125.0,125.0,0.4,0.4,16.463892302637774,21.692168094618957,0.15739341216343142,0.1224866732645149,0.0,12.646501011005578,4.329936210257521,-0.0315418007245166,-0.023520816648451244
87,quadratic_confounding_n250_p50_k5_elastic_net,250,50,250,50,5,quadratic_confounding,elastic_net,10,False,0.36445723979812483,0.38904506945249373,0.36445723979812483,0.3735238201951443,0.0,0.3691680818918676,0.3691680818918676,0.08622299649363119,0.09417553109486416,1.092232176155237,0.9155562542756218,0.0,10,10,0,4.011116988976363,1.2906679976621833,200.0,50.0,0.25,0.25,7.940011083184864,9.558752245295526,0.273124560647914,0.2286818787675139,0.0,11.27875016102037,4.1096986510410645,-0.036196307563295484,-0.041358204168554694
107,quadratic_confounding_n250_p50_k10_elastic_net,250,50,250,50,10,quadratic_confounding,elastic_net,10,False,0.41880415598300635,0.40191725474548823,0.41880415598300635,0.4252530266880255,0.0,0.3113621493520493,0.3113621493520493,0.07776900009849891,0.07942911973266562,1.02134680440875,0.9790993575183237,0.0,10,10,0,5.3190656776182115,1.0158207604918486,225.0,25.0,0.22222222222222224,0.2222222222222222,6.993146667366905,9.29557177933039,0.2980271874667051,0.2263156194192623,0.0,12.274159379013623,4.444300028096337,-0.05490437716070242,-0.05282614179266846
127,quadratic_confounding_n250_p100_k2_elastic_net,250,100,250,100,2,quadratic_confounding,elastic_net,10,False,0.3535256313006384,0.3745040148503056,0.3535256313006384,0.3655661676366147,0.1,0.3541474647413278,0.3541474647413278,0.09808302001652908,0.09034374100544071,0.9210946093443684,1.0856648056075329,0.0,10,10,0,4.318793316600552,1.658584695513802,125.0,125.0,0.8,0.8,265.66713936561547,555.0008768187705,0.013908842278401659,0.0065498210079189,0.0,11.624869791063755,4.365508038443018,-0.01899621696551925,-0.02898165894531876
147,quadratic_confounding_n250_p100_k5_elastic_net,250,100,250,100,5,quadratic_confounding,elastic_net,10,False,0.3929834263763638,0.4065348447819419,0.3929834263763638,0.39603471837148246,0.0,0.37041453637032457,0.37041453637032457,0.05172066800583179,0.09449350417610318,1.826996978566644,0.5473462801151111,0.0,10,10,0,4.209189406128673,0.5326252840094247,200.0,50.0,0.5,0.5,30.672102152852926,38.36241407282945,0.0940890349415442,0.0759973998265846,0.0,11.468243329232997,4.052996582801088,-0.04903268517652695,-0.03359210037744729
167,quadratic_confounding_n250_p100_k10_elastic_net,250,100,250,100,10,quadratic_confounding,elastic_net,10,False,0.4420422912980257,0.4590507987926452,0.4420422912980257,0.4591795897429704,0.0,0.32751628283492296,0.32751628283492296,0.130998339007765,0.08355007215176605,0.6377948971308222,1.56790216494141,0.0,10,10,0,5.469394826912316,1.9619378448257225,225.0,25.0,0.4444444444444445,0.4444444444444444,21.828307790673783,26.741424463099857,0.12360100433198581,0.0996247967331491,0.0,12.642708448575803,4.21780138130565,-0.08064960232145464,-0.05576108523610871
187,quadratic_confounding_n250_p150_k2_elastic_net,250,150,250,150,2,quadratic_confounding,elastic_net,10,False,0.43428612843389225,0.44456170119331806,0.43428612843389225,0.45070705013724227,0.1,0.3599951876123389,0.3599951876123389,0.12707129972891187,0.09183550704396395,0.7227084891701088,1.3836837604444179,0.0,10,10,0,5.0051822056901605,1.9779039820018838,125.0,125.0,1.1999999999999997,1.2,7.885267571414755e+17,5.191819232084816e+18,-8.954825077577962e-16,-9.892943628876253e-16,0.0,13.030172179206852,4.449559307412175,-0.04990601570459591,-0.061361123209931825
207,quadratic_confounding_n250_p150_k5_elastic_net,250,150,250,150,5,quadratic_confounding,elastic_net,10,False,0.4166204976107529,0.37652686765358667,0.4166204976107529,0.4245541009063504,0.0,0.33312198592226633,0.33312198592226633,0.08611068824463454,0.0849800984495577,0.9868705056465823,1.0133041713966469,0.0,10,10,0,5.132132739983667,1.755618095651178,200.0,50.0,0.75,0.75,167.16476516211634,203.3764926034805,0.02053581643238793,0.0162800744073338,0.0,11.932332389398423,4.126764961669926,-0.017910843518547083,-0.02417939150211292
227,quadratic_confounding_n250_p150_k10_elastic_net,250,150,250,150,10,quadratic_confounding,elastic_net,10,False,0.4595374192920582,0.45523583695041536,0.4595374192920582,0.4652212323377586,0.0,0.31174396764477186,0.31174396764477186,0.07642102160079224,0.07952652235836014,1.040636734402615,0.9609501249963631,0.0,10,10,0,6.055700789334766,2.0157292292103968,225.0,25.0,0.6666666666666667,0.6666666666666666,85.17760757817808,115.08044396883908,0.038360216302292874,0.0277420985655819,0.0,12.636322780349854,4.347986818861017,-0.0737902756030959,-0.07069277667046285
247,quadratic_confounding_n250_p300_k2_elastic_net,250,300,250,300,2,quadratic_confounding,elastic_net,10,False,0.39028837754522183,0.41999631770755863,0.39028837754522183,0.40690097621428695,0.1,0.34068886429694173,0.34068886429694173,0.12130488126689566,0.0869104245655463,0.7164627149201483,1.3957460439674836,0.0,10,10,0,4.605232798615394,1.566262475196704,125.0,125.0,2.3999999999999995,2.4,1.1903996493250476e+19,1.1612344476821548e+20,-2.2260643530056623e-15,-2.609442488807062e-15,0.0,11.881842078052994,4.200566734649689,-0.11194140861295905,-0.0823494684186351
267,quadratic_confounding_n250_p300_k5_elastic_net,250,300,250,300,5,quadratic_confounding,elastic_net,10,False,0.368664981453771,0.36115436492333897,0.368664981453771,0.38471840069310204,0.1,0.35360698704884447,0.35360698704884447,0.11592324702888951,0.0902058640430725,0.7781516335596783,1.2850965761332012,0.0,10,10,0,4.188026667852823,1.4753432393172876,200.0,50.0,1.5,1.5,2.5192896078364047e+18,2.220417383175449e+19,-1.707286775876088e-15,-1.9040899145844168e-15,0.0,11.318670710370746,4.023017368495572,-0.03545509782542097,-0.03297297793420138
287,quadratic_confounding_n250_p300_k10_elastic_net,250,300,250,300,10,quadratic_confounding,elastic_net,10,False,0.4079927938366148,0.39120667097499917,0.4079927938366148,0.4248709148483905,0.0,0.3584258005488534,0.3584258005488534,0.12497632869868613,0.0914351532012381,0.7316197727466077,1.366830199580109,0.0,10,10,0,4.440429113289938,1.1215416813135415,225.0,25.0,1.3333333333333337,1.3333333333333333,8.854571697073398e+18,4.318574638614087e+20,-1.5010043698712152e-15,-1.7393132231344257e-15,0.0,11.51009472722962,3.9902207671349954,-0.062412072606204815,-0.05909336895316253
307,quadratic_confounding_n500_p25_k2_elastic_net,500,25,500,25,2,quadratic_confounding,elastic_net,10,False,0.36388850363793024,0.3724417341070442,0.36388850363793024,0.3732434591184174,0.0,0.24566715832911132,0.24566715832911132,0.08753308387137433,0.06267019345130384,0.7159600768024429,1.3967259242528032,0.0,10,10,0,6.032837373247282,2.0776046981069856,250.0,250.0,0.1,0.1,3.3345841474892617,3.956523846054445,0.5016643165207721,0.4144146063606408,0.0,11.590891355152312,4.270539351662624,-0.028953559783824596,-0.029422722348655263
327,quadratic_confounding_n500_p25_k5_elastic_net,500,25,500,25,5,quadratic_confounding,elastic_net,10,False,0.3851273728180501,0.3976476181212536,0.3851273728180501,0.3911756760997696,0.0,0.2505930850263441,0.2505930850263441,0.07222892832575582,0.06392680740467958,0.8850582292508441,1.1298691622204882,0.0,10,10,0,6.127479926033216,1.4978559538749951,400.0,100.0,0.0625,0.0625,2.539067442849141,2.803939954180035,0.5895207999428919,0.5389343320524497,0.0,11.378563508771734,4.1403948928710435,-0.018373139820524305,-0.02136033778735568
347,quadratic_confounding_n500_p25_k10_elastic_net,500,25,500,25,10,quadratic_confounding,elastic_net,10,False,0.4149236211418449,0.407284745056378,0.4149236211418449,0.41855598326598675,0.0,0.2630941012554885,0.2630941012554885,0.057999039707527116,0.06711584215701233,1.1571888516682118,0.8641631817990578,0.0,10,10,0,6.341618851642237,1.363537065598589,450.0,50.0,0.05555555555555549,0.0555555555555555,2.462491735723285,2.7269173593099314,0.6092779649489934,0.561233529230868,0.0,11.835464974556581,4.1847770478321085,-0.027390463571961343,-0.02308950030875414
367,quadratic_confounding_n500_p50_k2_elastic_net,500,50,500,50,2,quadratic_confounding,elastic_net,10,False,0.35732426033527964,0.38368819567571233,0.35732426033527964,0.3670667651447248,0.1,0.2537445693727835,0.2537445693727835,0.08855245181157921,0.06473075749305701,0.7309877498455978,1.3680119813378873,0.0,10,10,0,6.002001955170284,2.022728608493895,250.0,250.0,0.2,0.2,6.198882397068589,7.3359436840226495,0.32953320490527693,0.2813590612295029,0.0,10.924695125987355,4.07751620895989,-0.007578560946815702,-0.014162216491650859
387,quadratic_confounding_n500_p50_k5_elastic_net,500,50,500,50,5,quadratic_confounding,elastic_net,10,False,0.38440722053087345,0.3947928362977645,0.38440722053087345,0.389747255483842,0.0,0.25573234139033435,0.25573234139033435,0.0677742327381105,0.06523784219141178,0.9625758869672535,1.0388791299880336,0.0,10,10,0,5.989668302917551,1.487328668346388,400.0,100.0,0.125,0.125,4.063076523108731,4.432683568861769,0.4381321273469386,0.3866994988040754,0.0,11.379537957358057,4.076385394707131,-0.01919385924440617,-0.02098174803358231
407,quadratic_confounding_n500_p50_k10_elastic_net,500,50,500,50,10,quadratic_confounding,elastic_net,10,False,0.43887077487223997,0.44635174800353294,0.43887077487223997,0.44252853940533593,0.0,0.2664482359186672,0.2664482359186672,0.059851215074082045,0.06797148875476199,1.1356743329375838,0.8805341205637335,0.0,10,10,0,6.798013829783247,1.929110471363046,450.0,50.0,0.11111111111111112,0.1111111111111111,3.6367455688549013,4.100668266279697,0.47155692631677165,0.4313312368035505,0.0,12.724368068953721,4.370061322664878,-0.0235445609141967,-0.02621840064337535
427,quadratic_confounding_n500_p100_k2_elastic_net,500,100,500,100,2,quadratic_confounding,elastic_net,10,False,0.3965369482002292,0.3969512074333731,0.3965369482002292,0.40204243741992446,0.0,0.24895254009848328,0.24895254009848328,0.06989333300428154,0.06350830104553139,0.908646051285621,1.1005385414762157,0.0,10,10,0,6.300788287773701,1.2154161681833187,250.0,250.0,0.4,0.4,17.81339219153845,19.50785765634932,0.14544622937398552,0.1312152440575341,0.0,11.240692271471804,3.93759345404103,-0.014566245297673659,-0.007074483062919287
447,quadratic_confounding_n500_p100_k5_elastic_net,500,100,500,100,5,quadratic_confounding,elastic_net,10,False,0.41255063177534923,0.40011063748580067,0.41255063177534923,0.41569022185245263,0.0,0.24763781655290096,0.24763781655290096,0.053751865760914945,0.06317291238594408,1.175269202132134,0.850868888749772,0.0,10,10,0,6.658014905638109,1.2816069171509683,400.0,100.0,0.25,0.25,8.52994172564115,9.73367834553878,0.2603200286005921,0.2273660267557104,0.0,12.196402698830752,4.350799201570333,-0.025615779085046652,-0.020150674660526762
467,quadratic_confounding_n500_p100_k10_elastic_net,500,100,500,100,10,quadratic_confounding,elastic_net,10,False,0.3719577488618981,0.36908563948894835,0.3719577488618981,0.37511817710857426,0.0,0.2333453681895466,0.2333453681895466,0.051219352449905615,0.05952687964019041,1.1621950843367232,0.8604407413844039,0.0,10,10,0,6.3327200747930394,1.2789586452993447,450.0,50.0,0.22222222222222224,0.2222222222222222,7.30426787568575,8.04961613404971,0.2892282119324684,0.263372159389073,0.0,10.95709180200798,4.052384769282392,-0.03050264857897062,-0.025768068952390928
487,quadratic_confounding_n500_p150_k2_elastic_net,500,150,500,150,2,quadratic_confounding,elastic_net,10,False,0.3760723664053427,0.3747201117205724,0.3760723664053427,0.37941338080079784,0.0,0.2721988035103787,0.2721988035103787,0.05295793673575,0.0694384702832598,1.3112004463041023,0.7626598990403893,0.0,10,10,0,5.67681785188863,1.443928766461124,250.0,250.0,0.5999999999999999,0.6,53.67476276422483,62.31872427861603,0.05707972482758914,0.0503680837181696,0.0,11.657390520443196,4.218314320767987,-0.011694355126594811,-0.02426096785804271
507,quadratic_confounding_n500_p150_k5_elastic_net,500,150,500,150,5,quadratic_confounding,elastic_net,10,False,0.39394627484093325,0.41076946387234925,0.39394627484093325,0.4022166023213024,0.0,0.2655920155724591,0.2655920155724591,0.08553444869267975,0.06775306519705585,0.7921143613199476,1.2624439712639979,0.0,10,10,0,5.950034382861026,1.6372688203706924,400.0,100.0,0.375,0.375,16.283248249279204,18.866453450759703,0.15685076826410094,0.1368392219670068,0.0,11.4316712193939,4.0602417380097915,-0.012975398711238961,-0.017553573240961205
527,quadratic_confounding_n500_p150_k10_elastic_net,500,150,500,150,10,quadratic_confounding,elastic_net,10,False,0.38859211807813226,0.40510011958958947,0.38859211807813226,0.39726485884723106,0.0,0.24029018387319007,0.24029018387319007,0.08702192471160712,0.061298516294181114,0.704403131708773,1.4196416156954823,0.0,10,10,0,6.480972139012889,1.901182907892991,450.0,50.0,0.33333333333333337,0.3333333333333333,12.912854100109072,14.865603247702628,0.18914484327795494,0.1658416153618295,0.0,11.559773015064696,4.164938134780323,-0.026518214017176613,-0.02726464288706399
547,quadratic_confounding_n500_p300_k2_elastic_net,500,300,500,300,2,quadratic_confounding,elastic_net,10,False,0.41078285766525546,0.41435788617279223,0.41078285766525546,0.41659633470826474,0.0,0.2553391037964897,0.2553391037964897,0.07310532691281753,0.06513752647869633,0.8910093043749976,1.1223227356772154,0.0,10,10,0,6.515520169164451,1.6091919494415692,250.0,250.0,1.1999999999999997,1.2,1.389433961986242e+18,6.389125965116031e+18,-1.2064253359480529e-15,-1.321767792736046e-15,0.0,11.356256478878862,3.937913248141971,-0.012659044572430927,-0.012176413165934371
567,quadratic_confounding_n500_p300_k5_elastic_net,500,300,500,300,5,quadratic_confounding,elastic_net,10,False,0.4105314180390086,0.42183945913948995,0.4105314180390086,0.41818703105433536,0.0,0.2588669658992546,0.2588669658992546,0.08395996231617668,0.06603749130083021,0.786535504293654,1.2713984232638642,0.0,10,10,0,6.404240122569163,1.8235082037596984,400.0,100.0,0.75,0.75,176.68602501619404,207.23291250167603,0.019548117224829558,0.016573064025785,0.0,12.17838858707437,4.271262673446624,-0.015548268155154532,-0.01327747052675143
587,quadratic_confounding_n500_p300_k10_elastic_net,500,300,500,300,10,quadratic_confounding,elastic_net,10,False,0.42482137069373244,0.4500822722313321,0.42482137069373244,0.4301211730435982,0.0,0.25250671089244303,0.25250671089244303,0.07095402660486336,0.06441497726848035,0.9078410394832362,1.1015144243415376,0.0,10,10,0,6.691444974604137,1.511194519524942,450.0,50.0,0.6666666666666667,0.6666666666666666,90.57869744679148,111.02896487068752,0.03597876880615848,0.029319332055435,0.0,12.089919076973363,4.15728135994399,-0.032942060809884356,-0.02958317382183039
607,quadratic_confounding_n1000_p25_k2_elastic_net,1000,25,1000,25,2,quadratic_confounding,elastic_net,10,False,0.3709030785311801,0.3655282900149437,0.3709030785311801,0.37408841884306604,0.0,0.18802716087906188,0.18802716087906188,0.05134903924881202,0.047966112469148406,0.9341189858826447,1.0705274329213046,0.0,10,10,0,7.977170113328886,1.8616274925045195,500.0,500.0,0.05,0.05,2.287261870349385,2.621203127302323,0.635548659705494,0.5800988858459366,0.0,11.162634086460276,4.066652985073866,-0.00448636564905645,-0.0011717223015067443
627,quadratic_confounding_n1000_p25_k5_elastic_net,1000,25,1000,25,5,quadratic_confounding,elastic_net,10,False,0.39753321878024456,0.4172054246663298,0.39753321878024456,0.40110556274626485,0.0,0.19060425470241485,0.19060425470241485,0.05630287571317659,0.04862353436286092,0.863606587531399,1.1579346596445943,0.0,10,10,0,8.452223216980215,2.0261524830117557,800.0,200.0,0.03125,0.03125,1.9646940146723098,2.1180545781175626,0.6941746195630715,0.6535283358271723,0.0,11.776364558088437,4.236786139277978,-0.00927969064160188,-0.00825286356373515
647,quadratic_confounding_n1000_p25_k10_elastic_net,1000,25,1000,25,10,quadratic_confounding,elastic_net,10,False,0.40300249597563076,0.41109834582751315,0.40300249597563076,0.4046426224202573,0.0,0.1921320942447852,0.1921320942447852,0.038364336977555105,0.049013289348159475,1.2775742580103624,0.782733366557773,0.0,10,10,0,8.473689442690276,1.6546060944764982,900.0,100.0,0.0277777777777777,0.0277777777777777,1.8647167723157174,2.0127805540381107,0.7155484961341407,0.6564619217141463,0.0,11.414082123584972,4.064760669014997,-0.013892252734464492,-0.014872471215823722
667,quadratic_confounding_n1000_p50_k2_elastic_net,1000,50,1000,50,2,quadratic_confounding,elastic_net,10,False,0.36079511788580465,0.3586482509408476,0.36079511788580465,0.3629135744388311,0.0,0.18258108181077232,0.18258108181077232,0.041273416541903765,0.04657680658438066,1.1284940886125217,0.8861366754960104,0.0,10,10,0,7.842037911769789,1.2156798888180937,500.0,500.0,0.1,0.1,3.443173667771757,3.7158655990005194,0.49217654548814993,0.4542632316286001,0.0,10.903152757959427,4.024983574862796,-0.005340026750595281,-0.00868094179520354
687,quadratic_confounding_n1000_p50_k5_elastic_net,1000,50,1000,50,5,quadratic_confounding,elastic_net,10,False,0.4065830037681721,0.39606705347112814,0.4065830037681721,0.41040199467191,0.0,0.1935235072677626,0.1935235072677626,0.058878955658886525,0.0493682416499394,0.8384700628175683,1.1926484252039145,0.0,10,10,0,8.464537148261035,2.056649269319624,800.0,200.0,0.0625,0.0625,2.627307345783504,2.858987739501885,0.5823932331490608,0.5427752758449778,0.0,11.528933320708465,4.077937339416417,-0.01154550266502237,-0.00901884308900642
707,quadratic_confounding_n1000_p50_k10_elastic_net,1000,50,1000,50,10,quadratic_confounding,elastic_net,10,False,0.3868549836375662,0.3914269066313949,0.3868549836375662,0.391183816185155,0.0,0.1826479672664515,0.1826479672664515,0.06117370241060878,0.04659386920062533,0.7616650188651161,1.312913124840634,0.0,10,10,0,8.347777122204022,1.3436122973328661,900.0,100.0,0.05555555555555549,0.0555555555555555,2.5074656872588394,2.6814128007589586,0.6004995089010603,0.5490465493171443,0.0,11.25575283796239,4.0245446730768055,-0.012579886055097111,-0.01218196210252859
727,quadratic_confounding_n1000_p100_k2_elastic_net,1000,100,1000,100,2,quadratic_confounding,elastic_net,10,False,0.40611258827134894,0.4092786252667754,0.40611258827134894,0.41029030879086886,0.0,0.17852408788775534,0.17852408788775534,0.06156029686640886,0.04554185915503957,0.7397927150005355,1.3517299910141398,0.0,10,10,0,8.959970655190736,1.51709333414544,500.0,500.0,0.2,0.2,6.47167432089311,6.826683906321799,0.3179082515869398,0.294109363643034,0.0,11.94899792071111,4.243322146401246,-0.00535535969181784,-0.005655451425909281
747,quadratic_confounding_n1000_p100_k5_elastic_net,1000,100,1000,100,5,quadratic_confounding,elastic_net,10,False,0.383098890871438,0.37944434320284426,0.383098890871438,0.384251150564367,0.0,0.19106099687011263,0.19106099687011263,0.03134373095415506,0.04874005022196746,1.5550175023278863,0.6430795785275625,0.0,10,10,0,8.11186453595897,1.6415832997496924,800.0,200.0,0.125,0.125,4.165147804247074,4.397261733191518,0.432263944643206,0.413737546845824,0.0,11.407070663058025,4.131220760072937,-0.00518817327557442,-0.00548095216321561
767,quadratic_confounding_n1000_p100_k10_elastic_net,1000,100,1000,100,10,quadratic_confounding,elastic_net,10,False,0.3913366920689415,0.3895615374823347,0.3913366920689415,0.3929364726610585,0.0,0.1836401103285176,0.1836401103285176,0.03733727639672945,0.046846966920540176,1.2546969527922964,0.7970052033477288,0.0,10,10,0,8.432217740807033,1.1545648078805222,900.0,100.0,0.11111111111111112,0.1111111111111111,3.8563478523044994,4.365886984877615,0.4508229470545322,0.4144819280115502,0.0,11.530082409518686,4.167430494898633,-0.01239385916356744,-0.01326164207754486
787,quadratic_confounding_n1000_p150_k2_elastic_net,1000,150,1000,150,2,quadratic_confounding,elastic_net,10,False,0.4130447780914057,0.40705859744343253,0.4130447780914057,0.4172836809310998,0.0,0.16897496000373596,0.16897496000373596,0.06253604882900529,0.04310585714381014,0.6892961412013114,1.4507552563070947,0.0,10,10,0,9.56654571417305,1.0690211212454068,500.0,500.0,0.29999999999999993,0.3,10.891540514141749,11.894191227336895,0.214621930232409,0.2005105956413345,0.0,11.68379318861679,4.130541245554406,-0.005417420046335257,-0.003720463482710423
807,quadratic_confounding_n1000_p150_k5_elastic_net,1000,150,1000,150,5,quadratic_confounding,elastic_net,10,False,0.41949199073874077,0.42084910143899434,0.41949199073874077,0.42102257216444094,0.0,0.1789138555557477,0.1789138555557477,0.03780764146762628,0.04564128968258865,1.2071974847113942,0.828364880365097,0.0,10,10,0,9.363689721246967,1.7599841716070181,800.0,200.0,0.1875,0.1875,6.097860916863247,6.692896645514134,0.33236385776059213,0.310659219927654,0.0,11.760052167880593,4.098098616109615,-0.006892716914790262,-0.00826618295809852
827,quadratic_confounding_n1000_p150_k10_elastic_net,1000,150,1000,150,10,quadratic_confounding,elastic_net,10,False,0.37916578796435924,0.38942742510515405,0.37916578796435924,0.3805372742583087,0.0,0.1827574949176201,0.1827574949176201,0.034024865699951924,0.04662180992796426,1.3702275958735124,0.7298057658534497,0.0,10,10,0,8.254500415139669,1.011858971692661,900.0,100.0,0.16666666666666657,0.1666666666666666,5.397471387264274,5.860167793200197,0.3621511060769018,0.3340310547989293,0.0,11.15528367923072,4.072100957451673,-0.008480549468103369,-0.009680320607009161
847,quadratic_confounding_n1000_p300_k2_elastic_net,1000,300,1000,300,2,quadratic_confounding,elastic_net,10,False,0.40291314442707993,0.40402387210867174,0.40291314442707993,0.4044771526111978,0.0,0.1646686578025513,0.1646686578025513,0.03745760614563376,0.04200731066391612,1.121462767817924,0.8916925543107782,0.0,10,10,0,9.675226253005054,1.325322795701484,500.0,500.0,0.5999999999999999,0.6,57.5802212230578,66.58877193432706,0.05436462609869985,0.0463450706279552,0.0,11.534987718123023,4.174868682953023,-0.0043698658649719505,-0.00527940970650471
867,quadratic_confounding_n1000_p300_k5_elastic_net,1000,300,1000,300,5,quadratic_confounding,elastic_net,10,False,0.3972709118948434,0.4075816687868522,0.3972709118948434,0.4003217102650837,0.0,0.18047144144909547,0.18047144144909547,0.05199673357049726,0.046038633022728405,0.8854139454800396,1.1294152357831182,0.0,10,10,0,8.849071482663645,1.6036400243545383,800.0,200.0,0.375,0.375,16.671604469143276,18.71350619744271,0.15408195305046693,0.1387590727532102,0.0,11.478785658516108,4.127785905997412,-0.010545182813499795,-0.009246290163230439
887,quadratic_confounding_n1000_p300_k10_elastic_net,1000,300,1000,300,10,quadratic_confounding,elastic_net,10,False,0.3900680859926543,0.396892070518853,0.3900680859926543,0.39894195252057396,0.0,0.1827204910667592,0.1827204910667592,0.08820159844202341,0.04661237017009158,0.5284753450441239,1.892235861857486,0.0,10,10,0,8.46363563332402,2.2244437609947663,900.0,100.0,0.33333333333333337,0.3333333333333333,13.230923449103653,14.24941668730709,0.1851767879472682,0.1720309208580802,0.0,11.427685999846897,4.1277565451180145,-0.010247776508200041,-0.010402225046566049
8,quadratic_confounding_n250_p25_k2_random_forest,250,25,250,25,2,quadratic_confounding,random_forest,10,False,0.24942829845855977,0.24932068163411703,0.24942829845855977,0.27203125070158046,0.3,0.36607423996478305,0.36607423996478305,0.1144383642273758,0.09338628570530177,0.8160400258758856,1.2254300871169443,0.0,10,10,0,2.775133715039595,1.3521765592961388,125.0,125.0,0.2,0.2,5.801125649775109,7.649363932000411,0.3409713793334473,0.2480375510583338,0.0,8.267317563017611,3.2986714475374983,0.2261253992592167,0.17426372007267654
28,quadratic_confounding_n250_p25_k5_random_forest,250,25,250,25,5,quadratic_confounding,random_forest,10,False,0.3189566166928216,0.30563342568734564,0.3189566166928216,0.3313062108653776,0.1,0.3858133880096233,0.3858133880096233,0.09446035044658528,0.09842178265551611,1.0419375133609197,0.9597504525721084,0.0,10,10,0,3.2549319649065103,0.9039355130467813,200.0,50.0,0.125,0.125,3.8643536156908183,4.5357837484123245,0.4459822433957064,0.3910288428249169,0.0,7.905107267582032,3.0241890070217012,0.3069608056546029,0.2577874196179649
48,quadratic_confounding_n250_p25_k10_random_forest,250,25,250,25,10,quadratic_confounding,random_forest,10,False,0.23545736649843169,0.23924474099993975,0.23545736649843169,0.2410168441994648,0.2,0.35837126237061534,0.35837126237061534,0.05425196104486611,0.09142124040066718,1.6851232405232734,0.5934284068680191,0.0,10,10,0,2.6219533675264093,0.6895517574133788,225.0,25.0,0.11111111111111112,0.1111111111111111,3.3836229231277337,3.921666030808121,0.49260023466926767,0.4102438083762357,0.0,7.217764401094248,2.8931612558524953,0.30421646307589706,0.2568516522352137
68,quadratic_confounding_n250_p50_k2_random_forest,250,50,250,50,2,quadratic_confounding,random_forest,10,False,0.3567889484311511,0.3432332040792154,0.3567889484311511,0.3645141398522752,0.0,0.3706147354695417,0.3706147354695417,0.07868505738164473,0.09454457537488306,1.201556922254186,0.8322535382875959,0.0,10,10,0,3.9436972004651145,1.2122645589161698,125.0,125.0,0.4,0.4,16.466562585748335,19.77161499079753,0.15428287591883744,0.1317862638813489,0.0,9.845251620468682,3.6529013301668365,0.15776086016518284,0.10349358391658184
88,quadratic_confounding_n250_p50_k5_random_forest,250,50,250,50,5,quadratic_confounding,random_forest,10,False,0.35553095088060205,0.34080238544345987,0.35553095088060205,0.36542355489222816,0.0,0.39416216784611435,0.39416216784611435,0.08902008160464708,0.10055157343013114,1.1295380954232026,0.8853176391765089,0.0,10,10,0,3.5593105301536063,0.7359915996542453,200.0,50.0,0.25,0.25,7.901003844714187,10.50344185081139,0.27105173192729376,0.2014003336216658,0.0,9.207747182631662,3.264769540504342,0.22585253120116078,0.16992515027421656
108,quadratic_confounding_n250_p50_k10_random_forest,250,50,250,50,10,quadratic_confounding,random_forest,10,False,0.28943529951147173,0.2880354638910293,0.28943529951147173,0.29544220583420616,0.1,0.3580945021329969,0.3580945021329969,0.062479368904961724,0.09135063829923384,1.4620928460111149,0.6839510929338053,0.0,10,10,0,3.308305718817267,0.9085255743254603,225.0,25.0,0.22222222222222224,0.2222222222222222,6.965066010878127,8.493543953955758,0.30128474626012236,0.2395343071193961,0.0,8.611255081675326,3.3933801812659725,0.22464206053103317,0.1818063486138141
128,quadratic_confounding_n250_p100_k2_random_forest,250,100,250,100,2,quadratic_confounding,random_forest,10,False,0.3813378876045528,0.40482904757354254,0.3813378876045528,0.385538366605687,0.1,0.4268086421418765,0.4268086421418765,0.05982611472034385,0.10887975564843784,1.8199369315121732,0.5494695902286607,0.0,10,10,0,3.6380848268588486,0.8799832834025269,125.0,125.0,0.8,0.8,240.2054113809118,333.2183654092032,0.014861640687806299,0.0107399294814324,0.0,10.710968777765945,3.7926061098687307,0.0915320926862607,0.0637144077673009
148,quadratic_confounding_n250_p100_k5_random_forest,250,100,250,100,5,quadratic_confounding,random_forest,10,False,0.3111188156256809,0.3233398539644452,0.3111188156256809,0.31415451377178877,0.0,0.3606027858514962,0.3606027858514962,0.04592434705109641,0.0919905065947694,2.003087958821032,0.499229200393464,0.0,10,10,0,3.4590351331589324,0.7498006161121644,200.0,50.0,0.5,0.5,29.929406773496584,37.08449977982549,0.09412255962287455,0.0742264892180479,0.0,8.985252523800337,3.330223920586299,0.12844516214642138,0.096701214228572
168,quadratic_confounding_n250_p100_k10_random_forest,250,100,250,100,10,quadratic_confounding,random_forest,10,False,0.36065008813337374,0.35755723736631007,0.36065008813337374,0.36928434732220977,0.0,0.378732127155193,0.378732127155193,0.08368222369695368,0.09661533855999817,1.1545503249277935,0.8661380785307394,0.0,10,10,0,3.8300244280214577,1.0154660121159462,225.0,25.0,0.4444444444444445,0.4444444444444444,21.98943870577655,30.11527708722041,0.12356936703203077,0.0903419376086334,0.0,9.599655903954291,3.503430582561095,0.13066928222281815,0.0944138967310286
188,quadratic_confounding_n250_p150_k2_random_forest,250,150,250,150,2,quadratic_confounding,random_forest,10,False,0.3366457381269763,0.32285593886112385,0.3366457381269763,0.3516948143645691,0.0,0.35191497785715187,0.35191497785715187,0.10728409560017158,0.08977422904519175,0.8367897267807902,1.1950433519865202,0.0,10,10,0,3.831634365649287,1.3566526134953414,125.0,125.0,1.1999999999999997,1.2,8.843347200613604e+17,3.205753034835964e+18,-8.794032850125681e-16,-1.0408076706166077e-15,0.0,10.246325834756373,3.845367384213109,0.06672426953142052,0.034270882103344294
208,quadratic_confounding_n250_p150_k5_random_forest,250,150,250,150,5,quadratic_confounding,random_forest,10,False,0.3252492817478416,0.3185277462882321,0.3252492817478416,0.3459870844361697,0.1,0.33830130527595187,0.33830130527595187,0.1243649080513307,0.08630135338672237,0.6939365351446416,1.4410539715877095,0.0,10,10,0,3.8418096861290323,1.5417937601274347,200.0,50.0,0.75,0.75,164.6981525732816,256.7750854569438,0.0212597688592056,0.0134274250612463,0.0,9.801639750324544,3.660111866367773,0.0929861336892235,0.07128624141121917
228,quadratic_confounding_n250_p150_k10_random_forest,250,150,250,150,10,quadratic_confounding,random_forest,10,False,0.3417322242639277,0.3508147906236381,0.3417322242639277,0.3516356840870211,0.0,0.3480259484829723,0.3480259484829723,0.08734822533957547,0.08878212971504393,1.016415953156392,0.9838491779813039,0.0,10,10,0,3.929942082122202,1.1091664287601322,225.0,25.0,0.6666666666666667,0.6666666666666666,86.5446577097036,130.50973378536457,0.03825534614571437,0.0255988458675912,0.0,9.877330507067247,3.7129861878335277,0.07517982362644889,0.0504971081702623
248,quadratic_confounding_n250_p300_k2_random_forest,250,300,250,300,2,quadratic_confounding,random_forest,10,False,0.3564281923595652,0.3704680089489947,0.3564281923595652,0.3801034966847549,0.1,0.3556514221455807,0.3556514221455807,0.1391945556217799,0.09072740360856643,0.6518028180289706,1.5342063156829635,0.0,10,10,0,4.033694510733088,1.8380109382056262,125.0,125.0,2.3999999999999995,2.4,8.727399631010441e+18,4.544477007030348e+19,-2.204576624341578e-15,-2.5156500575087537e-15,0.0,10.871600771985829,3.943834322457549,0.03607216383447499,0.01024724036621115
268,quadratic_confounding_n250_p300_k5_random_forest,250,300,250,300,5,quadratic_confounding,random_forest,10,False,0.35529496854147014,0.34928817226011555,0.35529496854147014,0.36350110388681817,0.0,0.33848877852242093,0.33848877852242093,0.08095635213599894,0.0863491781944951,1.066613995272869,0.9375462955032505,0.0,10,10,0,4.175574777323637,1.0305320253852834,200.0,50.0,1.5,1.5,9.044008633939561e+18,2.9910087700375346e+20,-1.6802715798530862e-15,-1.911624135343797e-15,0.0,10.198800827798351,3.74962081719109,0.05981760804202936,0.04413075636182175
288,quadratic_confounding_n250_p300_k10_random_forest,250,300,250,300,10,quadratic_confounding,random_forest,10,False,0.3679514643001185,0.3705755229441504,0.3679514643001185,0.37472376294817483,0.0,0.3356039051948436,0.3356039051948436,0.07475603608062259,0.08561324112113355,1.1452351623994848,0.8731831093142568,0.0,10,10,0,4.626835705593846,1.8120645059323235,225.0,25.0,1.3333333333333337,1.3333333333333333,2.9833062288871086e+18,7.232960229169792e+19,-1.4965134779295711e-15,-1.683164751523848e-15,0.0,10.948707638725935,4.071250322767782,0.039889101362362095,0.0279522323583981
308,quadratic_confounding_n500_p25_k2_random_forest,500,25,500,25,2,quadratic_confounding,random_forest,10,False,0.25824991925245655,0.256038327026602,0.25824991925245655,0.26845981710599115,0.1,0.3347322619456864,0.3347322619456864,0.07729922097265839,0.08539088314940976,1.1046797377118909,0.9052397413129776,0.0,10,10,0,3.034720753036125,0.8710812473590018,250.0,250.0,0.1,0.1,3.2941626938653967,3.736841200588473,0.5038439003205519,0.4500132150163156,0.0,7.0715640064236,2.808299817327979,0.36252041512619837,0.3005285655686926
328,quadratic_confounding_n500_p25_k5_random_forest,500,25,500,25,5,quadratic_confounding,random_forest,10,False,0.2556693999566614,0.25447038353071205,0.2556693999566614,0.26165183168217426,0.0,0.32113298181203065,0.32113298181203065,0.05864051451606129,0.08192167903368122,1.3970150110337685,0.7158119219205928,0.0,10,10,0,3.1808535846127506,0.7704414632300175,400.0,100.0,0.0625,0.0625,2.57465410957451,2.854430686232998,0.5843109015190542,0.53342422944196,0.0,6.74046134180595,2.6852652988712338,0.4114582668989127,0.35802916141498764
348,quadratic_confounding_n500_p25_k10_random_forest,500,25,500,25,10,quadratic_confounding,random_forest,10,False,0.2655016333761332,0.2853407603539754,0.2655016333761332,0.27365885909124427,0.1,0.2954831272144286,0.2954831272144286,0.06990512486162034,0.07537834877919089,1.0782950309924342,0.9273899732985197,0.0,10,10,0,3.511447031169678,0.8285225866249742,450.0,50.0,0.05555555555555549,0.0555555555555555,2.4611296807102567,2.8509338714319066,0.5946347871353688,0.5373608754400107,0.0,6.308120086873994,2.4207264532196975,0.44243722284692366,0.3846716475592638
368,quadratic_confounding_n500_p50_k2_random_forest,500,50,500,50,2,quadratic_confounding,random_forest,10,False,0.34640426850675954,0.35987474802751807,0.34640426850675954,0.3535385308214551,0.0,0.27185345218682544,0.27185345218682544,0.07448769872856541,0.06935037045582278,0.9310311855456409,1.0740778778682254,0.0,10,10,0,5.068195744096106,1.009056489696542,250.0,250.0,0.2,0.2,6.307135709068588,7.051142694085618,0.3200401713529334,0.262285630246244,0.0,8.68487634804563,3.163633216855729,0.2600126472544723,0.21268960684422647
388,quadratic_confounding_n500_p50_k5_random_forest,500,50,500,50,5,quadratic_confounding,random_forest,10,False,0.2898451957675777,0.28762605219125303,0.2898451957675777,0.2959928914832305,0.0,0.27428428540814526,0.27428428540814526,0.06325920485552557,0.0699704809714656,1.1060916926045399,0.9040841791744016,0.0,10,10,0,4.171658619098153,0.9286745220349604,400.0,100.0,0.125,0.125,4.015250014756541,4.462525944675504,0.4434473612409267,0.3942139917219594,0.0,7.695878698326132,2.9679686640118446,0.32310188174428867,0.26975512468829443
408,quadratic_confounding_n500_p50_k10_random_forest,500,50,500,50,10,quadratic_confounding,random_forest,10,False,0.3095714491408801,0.28933758721333347,0.3095714491408801,0.3174834970372933,0.0,0.28077349120426487,0.28077349120426487,0.07424650210873782,0.07162589061333284,0.9647039062989532,1.0365874891462383,0.0,10,10,0,4.460376485325464,1.3141261612917516,450.0,50.0,0.11111111111111112,0.1111111111111111,3.7276421168079756,4.3927795336017645,0.4683943760311576,0.4265476162870146,0.0,7.731453901539034,2.936222540524569,0.32712918661060975,0.2821933589147286
428,quadratic_confounding_n500_p100_k2_random_forest,500,100,500,100,2,quadratic_confounding,random_forest,10,False,0.3276524936444739,0.3283721605307135,0.3276524936444739,0.33552822476449096,0.0,0.26356312106808966,0.26356312106808966,0.07617985314131245,0.06723549006839018,0.8825888643243953,1.1330303841590847,0.0,10,10,0,4.906329839252889,1.1060502542061528,250.0,250.0,0.4,0.4,18.37627127064193,22.950639791865708,0.14229938581620805,0.1134861547701353,0.0,9.175720279187733,3.396475479326724,0.1840691499751183,0.1424671497448215
448,quadratic_confounding_n500_p100_k5_random_forest,500,100,500,100,5,quadratic_confounding,random_forest,10,False,0.32513738475555465,0.33241610794621945,0.32513738475555465,0.33034284209672776,0.0,0.27248143155346044,0.27248143155346044,0.06157267033407703,0.06951056927384189,1.1289191925036857,0.8858029933765478,0.0,10,10,0,4.760142741992575,1.1592605016116393,400.0,100.0,0.25,0.25,8.424816895099125,9.518294221590509,0.26108861484255824,0.2359779156669587,0.0,8.772056734094692,3.249671261178743,0.23542335772025585,0.19920400654733805
468,quadratic_confounding_n500_p100_k10_random_forest,500,100,500,100,10,quadratic_confounding,random_forest,10,False,0.31724828317533776,0.3032174050925297,0.31724828317533776,0.3241338126989252,0.0,0.26824643377956897,0.26824643377956897,0.07004962809832789,0.06843021269886963,0.9768818844093633,1.023665210666297,0.0,10,10,0,4.792651735773414,1.5877932300090234,450.0,50.0,0.22222222222222224,0.2222222222222222,7.313297364370572,8.267212060151502,0.2930208099198931,0.2613796477942965,0.0,8.42102910041953,3.166311918054473,0.23212748488745394,0.19235033809354365
488,quadratic_confounding_n500_p150_k2_random_forest,500,150,500,150,2,quadratic_confounding,random_forest,10,False,0.34890897926780867,0.35724038068211394,0.34890897926780867,0.3548701844805275,0.0,0.26552132059891675,0.26552132059891675,0.06827535767870398,0.06773503076502974,0.9920860624968534,1.007977067516934,0.0,10,10,0,5.336249238913498,1.450369195235617,250.0,250.0,0.5999999999999999,0.6,55.704829708944104,71.77072178634376,0.0560221883055256,0.0425207333174483,0.0,9.833184718810866,3.6262888713262917,0.1447805586457327,0.10820845603545781
508,quadratic_confounding_n500_p150_k5_random_forest,500,150,500,150,5,quadratic_confounding,random_forest,10,False,0.342924994759852,0.34786032011727397,0.342924994759852,0.3497559015950888,0.0,0.25583389696099884,0.25583389696099884,0.0725077671666889,0.06526374922474452,0.9000932144925795,1.1109960434083954,0.0,10,10,0,5.312258967093743,1.136702743038943,400.0,100.0,0.375,0.375,15.990352523044214,18.424391961233518,0.15952596412812362,0.1408184881379245,0.0,9.252245601913605,3.4428559438208346,0.1786167499049734,0.1461383308142
528,quadratic_confounding_n500_p150_k10_random_forest,500,150,500,150,10,quadratic_confounding,random_forest,10,False,0.37574423014845715,0.3662614956264282,0.37574423014845715,0.38125566592622395,0.0,0.26021844262452853,0.26021844262452853,0.06808618974825371,0.06638225577156336,0.9749738679313589,1.025668515733391,0.0,10,10,0,5.705892251551704,1.1881327670793835,450.0,50.0,0.33333333333333337,0.3333333333333333,13.122819458434483,15.458188432748024,0.18783628362964064,0.1638863065862688,0.0,9.862355671886966,3.5299122254609623,0.17933485724062598,0.14968559753802005
548,quadratic_confounding_n500_p300_k2_random_forest,500,300,500,300,2,quadratic_confounding,random_forest,10,False,0.3790959277247966,0.3976989137782987,0.3790959277247966,0.3815793515050583,0.0,0.26749467598975246,0.26749467598975246,0.045814591046674735,0.06823843775248788,1.489447710729717,0.6713897995855628,0.0,10,10,0,5.648311524083107,1.0256436009707515,250.0,250.0,1.1999999999999997,1.2,1.1492060389117126e+18,5.024422562424361e+18,-1.2473455769274628e-15,-1.4216525930220485e-15,0.0,11.010328797939739,3.9908336246106266,0.09014113581936524,0.07056414416898231
568,quadratic_confounding_n500_p300_k5_random_forest,500,300,500,300,5,quadratic_confounding,random_forest,10,False,0.35729612286150203,0.3266441928067938,0.35729612286150203,0.3723101973796155,0.0,0.27338595088104445,0.27338595088104445,0.11032459009157539,0.06974131400026637,0.6321465952638238,1.5819115494605396,0.0,10,10,0,5.100484989171535,1.3690900935777088,400.0,100.0,0.75,0.75,172.83005571508983,209.6309284676552,0.02003401622037326,0.0167962076529302,0.0,10.33876923865395,3.7731768628908604,0.10451908429178773,0.08238855813712553
588,quadratic_confounding_n500_p300_k10_random_forest,500,300,500,300,10,quadratic_confounding,random_forest,10,False,0.36735298352635126,0.3745965933708043,0.36735298352635126,0.37691697344129,0.0,0.2713171107877398,0.2713171107877398,0.08893312320334001,0.06921354867034175,0.778265129765985,1.284909167523268,0.0,10,10,0,5.595979815604225,1.8961831386598338,450.0,50.0,0.6666666666666667,0.6666666666666666,89.96970493351736,109.62464626716236,0.0363404855445104,0.0300917909678991,0.0,9.779499430319873,3.501023389041966,0.11773984364370907,0.09462593304697395
608,quadratic_confounding_n1000_p25_k2_random_forest,1000,25,1000,25,2,quadratic_confounding,random_forest,10,False,0.21577610580241116,0.2148950762237195,0.21577610580241116,0.22655290807574305,0.1,0.23530012196801695,0.23530012196801695,0.07277737989789874,0.060025541318371636,0.8247829394598021,1.2124402096083093,0.0,10,10,0,3.639074346915258,1.2372516469559074,500.0,500.0,0.05,0.05,2.291707075705211,2.4869136940541448,0.6325620906618842,0.5972520285214759,0.0,6.031901464952812,2.435432052799597,0.4660187939160923,0.4011507521290886
628,quadratic_confounding_n1000_p25_k5_random_forest,1000,25,1000,25,5,quadratic_confounding,random_forest,10,False,0.21707557218242912,0.21742863947142566,0.21707557218242912,0.2230799222647776,0.0,0.2353244214394989,0.2353244214394989,0.05418945858262497,0.06003174016313745,1.1078121415737066,0.9026801228044371,0.0,10,10,0,3.6313440478047676,0.674011093299253,800.0,200.0,0.03125,0.03125,1.9376540957358972,2.07970193563583,0.6990091676474549,0.6640358463613439,0.0,5.499441660445896,2.245575240586979,0.5220499960112022,0.4469598037137404
648,quadratic_confounding_n1000_p25_k10_random_forest,1000,25,1000,25,10,quadratic_confounding,random_forest,10,False,0.21379652917332442,0.1888887780022137,0.21379652917332442,0.21798602408257794,0.0,0.2300338155714095,0.2300338155714095,0.04483241397781171,0.05868209580903298,1.308921171143622,0.7639879482782654,0.0,10,10,0,3.666847772789739,0.691870136826037,900.0,100.0,0.0277777777777777,0.0277777777777777,1.8557364108296295,2.1015259878825883,0.7157384201720147,0.67040772082804,0.0,5.430679709992936,2.18448748217696,0.5349694879229272,0.46697531529549563
668,quadratic_confounding_n1000_p50_k2_random_forest,1000,50,1000,50,2,quadratic_confounding,random_forest,10,False,0.28607679929081786,0.3079835438315647,0.28607679929081786,0.2899147870293322,0.0,0.19947319576611566,0.19947319576611566,0.04956083406373933,0.05088601932809069,1.0267385585691933,0.973957773041606,0.0,10,10,0,5.682630898345581,1.0717406720476625,500.0,500.0,0.1,0.1,3.5310712584562927,3.958511024872192,0.4806976229561237,0.4264508962115169,0.0,7.245085867351601,2.8167869031287203,0.35616987817701296,0.3043640198913977
688,quadratic_confounding_n1000_p50_k5_random_forest,1000,50,1000,50,5,quadratic_confounding,random_forest,10,False,0.2736469491932186,0.2655760102803939,0.2736469491932186,0.27804385901763545,0.0,0.22419458181778404,0.22419458181778404,0.05191590138186964,0.0571924953616796,1.1016373372966741,0.9077397489575982,0.0,10,10,0,4.870636207121417,0.9311961392861188,800.0,200.0,0.0625,0.0625,2.6112532501841907,2.7581807239319662,0.584677626256106,0.5549242448451721,0.0,6.706451067921759,2.5857551191073687,0.4103825147386469,0.3530260752402604
708,quadratic_confounding_n1000_p50_k10_random_forest,1000,50,1000,50,10,quadratic_confounding,random_forest,10,False,0.27236786111680544,0.26730063792581205,0.27236786111680544,0.27506449436525715,0.0,0.2121596709738524,0.2121596709738524,0.0404999902753241,0.054122365044350085,1.3363550133325797,0.7483041482414294,0.0,10,10,0,5.225794367824998,0.9351281082216988,900.0,100.0,0.05555555555555549,0.0555555555555555,2.5024590876331594,2.6756643410933485,0.6040172542954639,0.5667888920068167,0.0,6.551309176896464,2.5267527619326953,0.4109921584927944,0.354871220416848
728,quadratic_confounding_n1000_p100_k2_random_forest,1000,100,1000,100,2,quadratic_confounding,random_forest,10,False,0.31768489780507114,0.32339885121008516,0.31768489780507114,0.3196253590728914,0.0,0.19560626222314367,0.19560626222314367,0.037068643068656315,0.04989955668957743,1.3461392853565335,0.7428651781269007,0.0,10,10,0,6.432583401208835,1.052589708363119,500.0,500.0,0.2,0.2,6.422491937209844,7.022517353103362,0.3188857917389487,0.2963574290112262,0.0,8.509468806576603,3.1791924563256098,0.2584269282397402,0.22660703279933964
748,quadratic_confounding_n1000_p100_k5_random_forest,1000,100,1000,100,5,quadratic_confounding,random_forest,10,False,0.30559049833846263,0.3019376353665254,0.30559049833846263,0.3080014601109489,0.0,0.20021591035570235,0.20021591035570235,0.040542799822828386,0.051075487335638325,1.259791814054226,0.7937819478139237,0.0,10,10,0,6.063475193225023,1.1137927215213193,800.0,200.0,0.125,0.125,4.1849925489325965,4.614742918160432,0.4302808490198986,0.397571162425381,0.0,7.805902289408297,2.961164905708025,0.3171409839299812,0.2719705131501341
768,quadratic_confounding_n1000_p100_k10_random_forest,1000,100,1000,100,10,quadratic_confounding,random_forest,10,False,0.33072087585684884,0.33469925005079526,0.33072087585684884,0.3344681704244245,0.0,0.2172103529149035,0.2172103529149035,0.05262719300831092,0.055410804315026374,1.0528930225534898,0.9497641057348704,0.0,10,10,0,5.993559593203242,0.7210174255545725,900.0,100.0,0.11111111111111112,0.1111111111111111,3.812422252696345,4.060276031286791,0.4580027263187028,0.4356799412428757,0.0,8.016631089468088,2.9703945973202157,0.3213763305490782,0.28215194926262077
788,quadratic_confounding_n1000_p150_k2_random_forest,1000,150,1000,150,2,quadratic_confounding,random_forest,10,False,0.3091873297769642,0.304955625670815,0.3091873297769642,0.3116135164686614,0.0,0.18926099832161647,0.18926099832161647,0.040908824793075116,0.04828086691877971,1.1802066464386067,0.8473092428496327,0.0,10,10,0,6.475702459670598,0.9498265969953462,500.0,500.0,0.29999999999999993,0.3,11.126126750209991,12.278743845170617,0.21079415551847278,0.194918278092393,0.0,8.929787929693283,3.4314136826473005,0.21154125718063685,0.1838735783948639
808,quadratic_confounding_n1000_p150_k5_random_forest,1000,150,1000,150,5,quadratic_confounding,random_forest,10,False,0.31429798722016955,0.31253483512433944,0.31429798722016955,0.3175622110129388,0.0,0.20884842044714552,0.20884842044714552,0.04787173943380627,0.053277658277332995,1.1129250557315062,0.8985330996458852,0.0,10,10,0,5.998076508535191,1.222805491912256,800.0,200.0,0.1875,0.1875,6.072642604262116,6.803635369701256,0.33383999554543486,0.3048398916857761,0.0,8.215205347455209,3.081453636508193,0.252217504252241,0.20905541504222563
828,quadratic_confounding_n1000_p150_k10_random_forest,1000,150,1000,150,10,quadratic_confounding,random_forest,10,False,0.348390650464772,0.335158514316925,0.348390650464772,0.35106975520936606,0.0,0.214399608383849,0.214399608383849,0.04563049286871001,0.054693777648941025,1.1986234250484273,0.8342903860398003,0.0,10,10,0,6.638516764182647,1.737676417169391,900.0,100.0,0.16666666666666657,0.1666666666666666,5.418619283759882,5.922577753678233,0.3603873294972815,0.3340414167945128,0.0,8.783031530078283,3.236828349137865,0.258610106330596,0.22950337424119974
848,quadratic_confounding_n1000_p300_k2_random_forest,1000,300,1000,300,2,quadratic_confounding,random_forest,10,False,0.3621505579086821,0.3735733468278364,0.3621505579086821,0.3647053593691219,0.0,0.20174804602310017,0.20174804602310017,0.04542359346554284,0.051466338271198966,1.1330309723346745,0.8825884061575505,0.0,10,10,0,7.270833032216795,1.4920627125972286,500.0,500.0,0.5999999999999999,0.6,58.790979287888106,63.56056250402469,0.05313224317080032,0.0493749743169089,0.0,9.965789435583309,3.655731421019303,0.15194270184153594,0.12644499809230883
868,quadratic_confounding_n1000_p300_k5_random_forest,1000,300,1000,300,5,quadratic_confounding,random_forest,10,False,0.33642310449759016,0.34571273620173315,0.33642310449759016,0.3387723761993282,0.0,0.19057502334515247,0.19057502334515247,0.04198171077905654,0.04861607738396742,1.1580299249791548,0.863535542933401,0.0,10,10,0,6.929950104452516,0.8305285315703657,800.0,200.0,0.375,0.375,16.514932877851255,17.56699253465678,0.1558957555645958,0.1456500655587257,0.0,9.192937665502395,3.4441306360890778,0.18291705147785126,0.14647710386583493
888,quadratic_confounding_n1000_p300_k10_random_forest,1000,300,1000,300,10,quadratic_confounding,random_forest,10,False,0.3547141032625356,0.3613682325449765,0.3547141032625356,0.3575265561124474,0.0,0.1904768924668731,0.1904768924668731,0.04717748135477577,0.048591043996651276,1.029962655938444,0.9709089880437036,0.0,10,10,0,7.37969770134554,1.2267440923931898,900.0,100.0,0.33333333333333337,0.3333333333333333,13.35023474208981,14.750888168988697,0.18319915176535181,0.1675586501577212,0.0,9.254442794883351,3.394169181900188,0.18137705577794083,0.15207359196992606
9,quadratic_confounding_n250_p25_k2_gradient_boosting,250,25,250,25,2,quadratic_confounding,gradient_boosting,10,False,0.21623326815413915,0.20569510006244085,0.21852215669500757,0.2416650348536885,0.4,0.37248081902574864,0.37248081902574864,0.11375003205965183,0.09502061709840522,0.8353458489451265,1.1971089594361406,0.0,10,10,0,2.2266722869959663,1.0720536420467122,125.0,125.0,0.2,0.2,5.690861026668031,6.653971661449233,0.3492190315827048,0.2942735854367198,0.0,9.413351250246949,3.779886370627291,0.24507275988955554,0.13154764182373363
29,quadratic_confounding_n250_p25_k5_gradient_boosting,250,25,250,25,5,quadratic_confounding,gradient_boosting,10,False,0.12596375097601756,0.10053126886564767,0.12596375097601756,0.14409028644125849,0.9,0.3872352062759036,0.3872352062759036,0.07374990837490174,0.09878449139691414,1.3394523949067314,0.7465737519321334,0.0,10,10,0,1.2661080495964605,0.4958130669986182,200.0,50.0,0.125,0.125,3.976238983685163,4.553126522337681,0.442315773938577,0.3776151093598252,0.0,6.1755712242215095,2.7071296954150172,0.39868236100972887,0.30819605419897617
49,quadratic_confounding_n250_p25_k10_gradient_boosting,250,25,250,25,10,quadratic_confounding,gradient_boosting,10,False,0.08218652004698687,0.09535244692053224,0.13583758592949133,0.15395676590218946,0.6,0.33319202513472435,0.33319202513472435,0.1372267454075261,0.08499796559559289,0.6193979558661983,1.6144709399331936,0.0,10,10,0,0.9642711297430543,1.8076380792620177,225.0,25.0,0.11111111111111112,0.1111111111111111,3.5545894054668685,4.161064603615886,0.4830341737521744,0.4162983843718302,0.0,5.404910508293041,2.3877493290986918,0.4476283711385259,0.33850788075731153
69,quadratic_confounding_n250_p50_k2_gradient_boosting,250,50,250,50,2,quadratic_confounding,gradient_boosting,10,False,0.15412235973641555,0.15886653252680782,0.15412235973641555,0.18114894366154466,0.5,0.41607219827358505,0.41607219827358505,0.10033963445868567,0.10614086690652676,1.0578159615503653,0.9453440261332144,0.0,10,10,0,1.579545258757483,0.9686497173175487,125.0,125.0,0.4,0.4,16.85003864107718,20.48208933208526,0.15410669009645445,0.1262333243624136,0.0,8.608703824209128,3.638186833377879,0.2646732433743444,0.13463416600011996
89,quadratic_confounding_n250_p50_k5_gradient_boosting,250,50,250,50,5,quadratic_confounding,gradient_boosting,10,False,0.12630307734115523,0.10655373641237031,0.1512371249766244,0.19057917561321405,0.7,0.3819069331617972,0.3819069331617972,0.1504362354087695,0.09742523805147885,0.6476181605233094,1.5441197621634755,0.0,10,10,0,1.1979517121416348,1.3891609260762987,200.0,50.0,0.25,0.25,8.192901792676505,9.256046311727536,0.2662326878272162,0.2368786255843019,0.0,6.477970221167657,2.7724687104168306,0.4065204491729847,0.289342810245374
109,quadratic_confounding_n250_p50_k10_gradient_boosting,250,50,250,50,10,quadratic_confounding,gradient_boosting,10,False,0.1380740993310568,0.10866374938129464,0.1380740993310568,0.1726820970271717,0.8,0.3876783909257663,0.3876783909257663,0.10931427541023891,0.09889754870555258,0.9047084503319074,1.1053284620400454,0.0,10,10,0,1.3267870906282664,0.9573590624967415,225.0,25.0,0.22222222222222224,0.2222222222222222,7.105869966215289,8.529345833285307,0.29756730088789796,0.2545982542239072,0.0,6.464199524882477,2.6583839460664103,0.3941412952654901,0.29542849672962096
129,quadratic_confounding_n250_p100_k2_gradient_boosting,250,100,250,100,2,quadratic_confounding,gradient_boosting,10,False,0.153161478722385,0.16288158525024676,0.15523091140206033,0.18225806264511912,0.6,0.3461879253335908,0.3461879253335908,0.10413433009939387,0.08831324625856904,0.8480704314732331,1.1791473477772845,0.0,10,10,0,1.7686346168459806,1.2207816372716063,125.0,125.0,0.8,0.8,242.13854932391382,341.3638250141104,0.014565109136081538,0.0101880585375456,0.0,8.014014883660025,3.468232545262007,0.2742271378688051,0.10728292987452563
149,quadratic_confounding_n250_p100_k5_gradient_boosting,250,100,250,100,5,quadratic_confounding,gradient_boosting,10,False,0.15362765730777023,0.10735241235214898,0.15687360552310248,0.19157715684228555,0.7,0.41098380256227446,0.41098380256227446,0.12064801851253086,0.10484280677609041,0.8689973367876003,1.1507515128834271,0.0,10,10,0,1.446511223187605,1.0022527926495466,200.0,50.0,0.5,0.5,30.189616027093546,36.28227762406183,0.09390204516041234,0.0769287325297419,0.0,7.103850188884657,2.911705818607634,0.40434005824759084,0.29290902043683087
169,quadratic_confounding_n250_p100_k10_gradient_boosting,250,100,250,100,10,quadratic_confounding,gradient_boosting,10,False,0.06832317834925902,0.07138548490567542,0.09797052980688467,0.11999328837555953,0.9,0.374233857170008,0.374233857170008,0.10397826992766611,0.09546782070663465,0.9181516558512479,1.0891446893627479,0.0,10,10,0,0.579183637116255,1.0144334037435885,225.0,25.0,0.4444444444444445,0.4444444444444444,22.25218582739181,28.146356226732863,0.12193912801891364,0.0979804939827337,0.0,5.816469896271039,2.6326203637535492,0.3607468473064058,0.24351063781332707
189,quadratic_confounding_n250_p150_k2_gradient_boosting,250,150,250,150,2,quadratic_confounding,gradient_boosting,10,False,0.12223003580795053,0.10328598009767687,0.13887517246050055,0.16594629373083367,0.7,0.40545164622373164,0.40545164622373164,0.11831216124861876,0.10343154240401313,0.8742257880545703,1.1438692539890836,0.0,10,10,0,1.236860259372342,1.2560354905887068,125.0,125.0,1.1999999999999997,1.2,1.8911069152364114e+18,1.5145026548159371e+19,-8.767555078013902e-16,-1.0977713951454005e-15,0.0,9.040340315175296,3.8327262717714037,0.19755780424089323,0.05668225875252518
209,quadratic_confounding_n250_p150_k5_gradient_boosting,250,150,250,150,5,quadratic_confounding,gradient_boosting,10,False,0.05937512413698903,0.07204228241754895,0.10068261168433387,0.11916452118088867,0.9,0.3755063951279166,0.3755063951279166,0.10890759458258184,0.0957924477367134,0.8795754612326548,1.136912117351,0.0,10,10,0,0.5864137964199811,1.0984314708044298,200.0,50.0,0.75,0.75,165.0141785204702,216.61209125729837,0.02124449200329654,0.0157042710169566,0.0,6.272946197239777,2.8737924211098207,0.38181029764185287,0.21227729617176885
229,quadratic_confounding_n250_p150_k10_gradient_boosting,250,150,250,150,10,quadratic_confounding,gradient_boosting,10,False,0.11044916691806335,0.11746097951253553,0.12511093990353395,0.155097472312212,0.8,0.40346770674765925,0.40346770674765925,0.1147761465962871,0.102925435394811,0.8967493546968456,1.1151388007834802,0.0,10,10,0,1.08021476526747,1.2719305526739744,225.0,25.0,0.6666666666666667,0.6666666666666666,85.6063992306455,107.2635340680784,0.03777150795355365,0.0296084009342641,0.0,6.253434460377192,2.6714187871712225,0.40719371551275163,0.2850243189741545
249,quadratic_confounding_n250_p300_k2_gradient_boosting,250,300,250,300,2,quadratic_confounding,gradient_boosting,10,False,0.20256737884735404,0.1955387576084774,0.2036541960789074,0.23493243490463595,0.4,0.37420517079277044,0.37420517079277044,0.12543128263508158,0.09546050275325775,0.7610581726329141,1.3139600045821151,0.0,10,10,0,2.174016695104308,1.3070901993614734,125.0,125.0,2.3999999999999995,2.4,1.6497628153256808e+19,1.976260349669201e+20,-2.2135238390560394e-15,-2.4711428144822024e-15,0.0,9.854682767196179,3.913433498722081,0.14324769078402513,0.02224240818054884
269,quadratic_confounding_n250_p300_k5_gradient_boosting,250,300,250,300,5,quadratic_confounding,gradient_boosting,10,False,0.20777871547354199,0.18787587630716662,0.20777871547354199,0.2301277077187758,0.8,0.45843963516301145,0.45843963516301145,0.10427936440192856,0.11694888652117637,1.1214959660706707,0.8916661586431291,0.0,10,10,0,1.8204772587396465,0.9593311081443301,200.0,50.0,1.5,1.5,3.704047755992053e+18,5.18281570136106e+19,-1.6991506695158156e-15,-1.965281748248436e-15,0.0,7.889453312892566,3.1676873545852855,0.3700334751878404,0.24210879840899618
289,quadratic_confounding_n250_p300_k10_gradient_boosting,250,300,250,300,10,quadratic_confounding,gradient_boosting,10,False,0.08083599715537129,0.08951395351740798,0.09129329699573491,0.11871974671722162,0.9,0.3990170875141104,0.3990170875141104,0.09165102790535934,0.1017900733454363,1.1106266418587987,0.9003925912729334,0.0,10,10,0,0.8296097256157747,0.944853052171149,225.0,25.0,1.3333333333333337,1.3333333333333333,3.030572375782789e+18,3.986206302099466e+19,-1.492033024239549e-15,-1.7728515567299597e-15,0.0,6.042130936626915,2.6823807716266104,0.4030654240063538,0.2423875556875263
309,quadratic_confounding_n500_p25_k2_gradient_boosting,500,25,500,25,2,quadratic_confounding,gradient_boosting,10,False,0.12495870584537198,0.1041684755775838,0.12495870584537198,0.16130256739801863,0.7,0.29444368583635555,0.29444368583635555,0.10751661413031396,0.07511318516233559,0.6986193321833566,1.4313946865380247,0.0,10,10,0,1.533428122845891,1.1574622675684123,250.0,250.0,0.1,0.1,3.3470817100565355,3.773238326193829,0.4997689536339115,0.4476071229091475,0.0,5.648920715444769,2.3894851492878066,0.5231487276200728,0.40841599014409524
329,quadratic_confounding_n500_p25_k5_gradient_boosting,500,25,500,25,5,quadratic_confounding,gradient_boosting,10,False,0.10663042043694579,0.101479416084298,0.10663042043694579,0.12217962180993591,0.9,0.3177665036691089,0.3177665036691089,0.06287388985597493,0.08106288358905835,1.2892932785731708,0.7756187181140628,0.0,10,10,0,1.2814625662574461,0.6911031197850762,400.0,100.0,0.0625,0.0625,2.560248349348542,2.8290542049915723,0.5857391104074526,0.5133765851384908,0.0,4.954758968656391,2.2071510552838793,0.5624141268186049,0.44573119291787366
349,quadratic_confounding_n500_p25_k10_gradient_boosting,500,25,500,25,10,quadratic_confounding,gradient_boosting,10,False,0.04182977301666817,0.0386702932167684,0.055576930723311116,0.06777338452935033,1.0,0.2887346266243951,0.2887346266243951,0.05620895282522173,0.07365679250622321,1.310410331522355,0.7631197464982292,0.0,10,10,0,0.5179935731737662,0.7428551711347791,450.0,50.0,0.05555555555555549,0.0555555555555555,2.3987231810690117,2.6155963316417425,0.6170451819790492,0.5575013635177152,0.0,4.292405625185475,1.9647253416267982,0.6184879665532745,0.5120741309036622
369,quadratic_confounding_n500_p50_k2_gradient_boosting,500,50,500,50,2,quadratic_confounding,gradient_boosting,10,False,0.10110450392828244,0.09600955343786588,0.1053259918322349,0.12924602699751278,0.6,0.2820763760164122,0.2820763760164122,0.08486862252300921,0.07195825918786024,0.8478782505083222,1.1794146145398556,0.0,10,10,0,1.3739921285854453,1.0793188441286974,250.0,250.0,0.2,0.2,6.142740921604665,7.045523827583435,0.3270093151827122,0.2996422734730949,0.0,5.696397648657479,2.4995451178804347,0.48195371577350893,0.3703802366425212
389,quadratic_confounding_n500_p50_k5_gradient_boosting,500,50,500,50,5,quadratic_confounding,gradient_boosting,10,False,0.02195416827787692,-0.02804078806152649,0.0815003311987659,0.0963615979012696,0.9,0.2832442734242397,0.2832442734242397,0.09890271339560928,0.07225619220006112,0.7305784615942487,1.3687783757241172,0.0,10,10,0,0.3307502770310803,1.334166115647672,400.0,100.0,0.125,0.125,3.996297103785527,4.219145774817266,0.4412582445751731,0.4105421168487096,0.0,4.333007595870841,2.011640069819653,0.5886300978677339,0.470524157275527
409,quadratic_confounding_n500_p50_k10_gradient_boosting,500,50,500,50,10,quadratic_confounding,gradient_boosting,10,False,0.059852672962356766,0.05380912830463147,0.07788874551593421,0.10981330650621687,0.9,0.29391768694816633,0.29391768694816633,0.0970487839816742,0.07497900177249137,0.7725908424226079,1.2943461727611303,0.0,10,10,0,0.6392317893137589,1.0387372242285031,450.0,50.0,0.11111111111111112,0.1111111111111111,3.6329019163884895,4.195821214880554,0.47057216485828296,0.40871809451047,0.0,4.399532142582766,2.001615898292472,0.5922218571472131,0.4859948024322131
429,quadratic_confounding_n500_p100_k2_gradient_boosting,500,100,500,100,2,quadratic_confounding,gradient_boosting,10,False,0.1190715022416448,0.11446043145461915,0.1190715022416448,0.14190155351859096,0.9,0.3140222001334296,0.3140222001334296,0.08136357528544678,0.08010770411567077,0.9845647002928514,1.015677283273062,0.0,10,10,0,1.3702677264301237,0.6515579507466572,250.0,250.0,0.4,0.4,18.379555409178387,20.9417940024678,0.1414406185511835,0.1283833043508147,0.0,6.359743331744782,2.6588248567338626,0.48817636710144774,0.3841710815303174
449,quadratic_confounding_n500_p100_k5_gradient_boosting,500,100,500,100,5,quadratic_confounding,gradient_boosting,10,False,0.04822489111865015,0.03244215775546533,0.07933974790641823,0.10492646589319081,0.9,0.3054866565889388,0.3054866565889388,0.09822832314691494,0.07793026953799456,0.7933584432815609,1.2604643064788086,0.0,10,10,0,0.5798807167245262,1.3685215829289725,400.0,100.0,0.25,0.25,8.368105044372463,9.539872221408965,0.26253951749004,0.231263992060252,0.0,4.62848065214987,2.10030295287013,0.593173072583623,0.46895641135060523
469,quadratic_confounding_n500_p100_k10_gradient_boosting,500,100,500,100,10,quadratic_confounding,gradient_boosting,10,False,0.058217021032752156,0.03599479638313663,0.07090092131296616,0.09829472185147353,0.9,0.30381563705964876,0.30381563705964876,0.08348406904534168,0.0775039890458287,0.9283686089107,1.0771583511137333,0.0,10,10,0,0.6862647392784313,1.0386475681326697,450.0,50.0,0.22222222222222224,0.2222222222222222,7.228588941263939,7.962875570617133,0.2924989429475775,0.2640608136779432,0.0,4.592199273174703,2.1253469539457224,0.590492425050214,0.47746899759833256
489,quadratic_confounding_n500_p150_k2_gradient_boosting,500,150,500,150,2,quadratic_confounding,gradient_boosting,10,False,0.06766835224553872,0.057366197579328815,0.06988446745459646,0.09159282550126002,0.8,0.29283995323477796,0.29283995323477796,0.06506611840341044,0.07470406970274947,1.1481254996584191,0.8709849230746218,0.0,10,10,0,0.898966446482015,0.8591017819234821,250.0,250.0,0.5999999999999999,0.6,53.192513059971304,63.08221245656521,0.057726353354369174,0.0496162896772332,0.0,5.715334303306092,2.5549737934507086,0.4759162952581324,0.35711553474190116
509,quadratic_confounding_n500_p150_k5_gradient_boosting,500,150,500,150,5,quadratic_confounding,gradient_boosting,10,False,0.033618707311727836,0.01408735243705228,0.04948638363071919,0.07322309758276015,1.0,0.31592578676954364,0.31592578676954364,0.06856792689088838,0.08059331295141417,1.17537916932594,0.8507892823840693,0.0,10,10,0,0.3247863090467523,0.7002633056177963,400.0,100.0,0.375,0.375,15.814377154660928,17.715029522756993,0.16167508392035085,0.1451923010833313,0.0,4.850718980021453,2.2845327301239955,0.5668086508367315,0.4421582294780889
529,quadratic_confounding_n500_p150_k10_gradient_boosting,500,150,500,150,10,quadratic_confounding,gradient_boosting,10,False,0.0388302334170042,0.050277451818122376,0.058598893100250946,0.06505812415198128,1.0,0.3046029470424989,0.3046029470424989,0.05502294966603159,0.07770483342920886,1.412225878489752,0.7081020219438336,0.0,10,10,0,0.46569614122626674,0.7329549782049144,450.0,50.0,0.33333333333333337,0.3333333333333333,13.089983599046601,15.473390096403609,0.18527078591704949,0.1629706493005559,0.0,4.621461612713125,2.166858275068538,0.5855981805772059,0.47388962276361857
549,quadratic_confounding_n500_p300_k2_gradient_boosting,500,300,500,300,2,quadratic_confounding,gradient_boosting,10,False,0.11421528620253299,0.1161990015040022,0.11995315583763533,0.13889057834378976,0.8,0.3408435742546839,0.3408435742546839,0.08330306884000181,0.08694989139150096,1.0437777695621695,0.9580583426484233,0.0,10,10,0,1.3027996065820218,0.8624545872178274,250.0,250.0,1.1999999999999997,1.2,2.455180720227996e+18,1.7452263639747811e+19,-1.218111419897451e-15,-1.4331577354743137e-15,0.0,6.388178289727775,2.724295084147113,0.45954016103011003,0.33161757906071065
569,quadratic_confounding_n500_p300_k5_gradient_boosting,500,300,500,300,5,quadratic_confounding,gradient_boosting,10,False,0.027997510037666394,0.05118033878383299,0.08346925684799086,0.09099579499404555,0.9,0.2707195620463446,0.2707195620463446,0.09126502395824503,0.06906111276692464,0.7567095232289758,1.3215110545098903,0.0,10,10,0,0.3573556451390628,1.325159521147471,400.0,100.0,0.75,0.75,175.72479370082593,247.25478265833567,0.019758333900508847,0.0137757976567793,0.0,4.900989693196264,2.259712688511005,0.5701130458147132,0.4424723270845118
589,quadratic_confounding_n500_p300_k10_gradient_boosting,500,300,500,300,10,quadratic_confounding,gradient_boosting,10,False,-0.01851502227597297,-0.017812263545031848,0.05327044904596454,0.06371372961030132,0.9,0.23310996644005227,0.23310996644005227,0.06426190586597605,0.0594668281734827,0.9253822676455642,1.080634495562882,0.0,10,10,0,-0.3125977424966838,1.146785063271431,450.0,50.0,0.6666666666666667,0.6666666666666666,88.94247936078423,105.01922542607826,0.036896175685244996,0.0315007149860837,0.0,4.158877697982745,2.0975812948552783,0.5670931867285931,0.41772150993058527
609,quadratic_confounding_n1000_p25_k2_gradient_boosting,1000,25,1000,25,2,quadratic_confounding,gradient_boosting,10,False,0.0763504550076717,0.07756721717262494,0.07864585541163617,0.09723642607253472,0.9,0.24393222612907986,0.24393222612907986,0.06346942024384662,0.062227608706397874,0.9804344906148856,1.019955957866031,0.0,10,10,0,1.123687115449561,0.7955397994885096,500.0,500.0,0.05,0.05,2.346231694409088,2.6298858614296927,0.6211306601398225,0.5539162004586785,0.0,4.51824790299876,2.0086444318854673,0.6189749768453019,0.5125384301494428
629,quadratic_confounding_n1000_p25_k5_gradient_boosting,1000,25,1000,25,5,quadratic_confounding,gradient_boosting,10,False,0.01223714876030022,0.023563270762309796,0.04535490569469425,0.052389783121226184,1.0,0.20598116573776215,0.20598116573776215,0.05369607440345666,0.05254621574942908,0.9785857966936675,1.0218828061664949,0.0,10,10,0,0.22339114924295936,1.0850977664104424,800.0,200.0,0.03125,0.03125,1.9229408499504834,2.057825919948689,0.7026947467980734,0.6707003467393758,0.0,3.6382668695676736,1.6971408009766757,0.6755488645224313,0.5749067757011392
649,quadratic_confounding_n1000_p25_k10_gradient_boosting,1000,25,1000,25,10,quadratic_confounding,gradient_boosting,10,False,-0.002715076935829408,-0.0007727392436863711,0.029814306317702,0.03412047794016276,1.0,0.2134155650569917,0.2134155650569917,0.03585209388116777,0.05444274618800806,1.5185374212301028,0.6585283879207549,0.0,10,10,0,-0.11715381073017787,0.7459186913385016,900.0,100.0,0.0277777777777777,0.0277777777777777,1.8703531855837952,2.048027947258497,0.7088505651698722,0.6564385766337905,0.0,3.416823515630044,1.659787644958607,0.6928111204799847,0.5846776411622203
669,quadratic_confounding_n1000_p50_k2_gradient_boosting,1000,50,1000,50,2,quadratic_confounding,gradient_boosting,10,False,0.02139372765382902,0.030574161814289735,0.05074954126223282,0.06068082601903942,0.9,0.20751075591099485,0.20751075591099485,0.05985604084826938,0.05293641732423336,0.8843955693364894,1.1307157505891192,0.0,10,10,0,0.3349058039145346,1.1286024193248239,500.0,500.0,0.1,0.1,3.4253049633156487,3.712101921159981,0.491725966079979,0.4466109940662136,0.0,4.163716387367604,1.9919776359854313,0.6239387276353214,0.5021793964775155
689,quadratic_confounding_n1000_p50_k5_gradient_boosting,1000,50,1000,50,5,quadratic_confounding,gradient_boosting,10,False,-0.040385241078141655,-0.03437813006575502,0.04122967708921057,0.05158308045218944,0.9,0.2055878536559228,0.2055878536559228,0.033827117524216306,0.052445881034674145,1.5504094014847394,0.6449909288748872,0.0,10,10,0,-0.8346200016227835,0.8201950090793954,800.0,200.0,0.0625,0.0625,2.6602324595567013,2.9076648397898333,0.5780001494408061,0.5329894910710029,0.0,3.444216625784307,1.7214918895397833,0.6911608811403603,0.5708417572875785
709,quadratic_confounding_n1000_p50_k10_gradient_boosting,1000,50,1000,50,10,quadratic_confounding,gradient_boosting,10,False,0.00889534318129176,-0.007924318056918234,0.06994681815153106,0.09722832718246618,0.9,0.24842024684110645,0.24842024684110645,0.10205782933866323,0.06337251194926183,0.6209470881353931,1.6104431748006796,0.0,10,10,0,-0.19516659158012148,1.3119868619975341,900.0,100.0,0.05555555555555549,0.0555555555555555,2.493484948074324,2.635724616835725,0.5982232501429736,0.5712747690432501,0.0,3.5932735314101714,1.6832587501780352,0.6738697813991146,0.5674277818298089
729,quadratic_confounding_n1000_p100_k2_gradient_boosting,1000,100,1000,100,2,quadratic_confounding,gradient_boosting,10,False,0.016278117693900307,-0.00836518284319393,0.04909073103455619,0.07295642727307566,1.0,0.23361992101366572,0.23361992101366572,0.07496416302915168,0.059596918625935115,0.795005456177232,1.2578530024290404,0.0,10,10,0,0.10919800707046275,0.9402696205277611,500.0,500.0,0.2,0.2,6.408629379882859,6.742415294476942,0.3181695471346155,0.3001318132047225,0.0,4.291079709179874,2.011564954324519,0.6236138462123274,0.515684698004403
749,quadratic_confounding_n1000_p100_k5_gradient_boosting,1000,100,1000,100,5,quadratic_confounding,gradient_boosting,10,False,-0.023168810359245985,-0.023467562206486325,0.04369640757075175,0.05570730334583745,0.9,0.20449228126436098,0.20449228126436098,0.05340110145142085,0.05216639828172472,0.9768786947059633,1.0236685531369851,0.0,10,10,0,-0.5649629520836804,1.1503564190738662,800.0,200.0,0.125,0.125,4.222921510188289,4.689253834491453,0.4275007551589958,0.3801377934576038,0.0,3.5787501075954338,1.7603645715379497,0.6776721383324892,0.5588462352110528
769,quadratic_confounding_n1000_p100_k10_gradient_boosting,1000,100,1000,100,10,quadratic_confounding,gradient_boosting,10,False,-0.01929153785190759,-0.028543279995546178,0.0410608186194701,0.045913203098514925,1.0,0.22079193917891748,0.22079193917891748,0.04391733125460326,0.05632447428033606,1.2825113154942065,0.7797202160471053,0.0,10,10,0,-0.38852596208598933,0.818821430217109,900.0,100.0,0.11111111111111112,0.1111111111111111,3.8243931535445794,4.078130121949672,0.4561644997532019,0.4313382937926576,0.0,3.513504150933129,1.6941385970342864,0.6783105450424721,0.5686505342245507
789,quadratic_confounding_n1000_p150_k2_gradient_boosting,1000,150,1000,150,2,quadratic_confounding,gradient_boosting,10,False,0.006060911583141604,0.027491372323877994,0.044242660668677866,0.04965099908369814,1.0,0.22348885963072132,0.22348885963072132,0.05194534585922157,0.057012464191510494,1.097547109341065,0.9111226219714347,0.0,10,10,0,0.09386503509228263,1.018092043028985,500.0,500.0,0.29999999999999993,0.3,11.160106588277008,11.938900837731534,0.21026158474769757,0.1947147195239559,0.0,4.229671090111811,2.0457699058556975,0.6200323831318222,0.4913243458522268
809,quadratic_confounding_n1000_p150_k5_gradient_boosting,1000,150,1000,150,5,quadratic_confounding,gradient_boosting,10,False,-0.0710992072251849,-0.0695861080282354,0.07126005237989776,0.08119154568807288,0.8,0.18473620995462875,0.18473620995462875,0.0413248623465966,0.04712658417209913,1.1403930103104225,0.876890678002133,0.0,10,10,0,-1.5747821958437926,0.9509903013858432,800.0,200.0,0.1875,0.1875,6.084768839089208,6.676999432896985,0.33219629902073244,0.3101896228676096,0.0,3.4755311760919305,1.7907662698809717,0.6860479160859261,0.5534459965082897
829,quadratic_confounding_n1000_p150_k10_gradient_boosting,1000,150,1000,150,10,quadratic_confounding,gradient_boosting,10,False,-0.017483266369762364,-0.018841053296783428,0.0542811315407161,0.07872148419072254,0.9,0.22532327944244845,0.22532327944244845,0.08090740571950214,0.057480428429195984,0.7104470588078781,1.4075644168025532,0.0,10,10,0,-0.6105222436698414,1.3354029887984074,900.0,100.0,0.16666666666666657,0.1666666666666666,5.432883222651769,6.293671291699022,0.3593316049925641,0.3225294191692959,0.0,3.703913424429235,1.77370326880622,0.6847973508019192,0.5691073128495164
849,quadratic_confounding_n1000_p300_k2_gradient_boosting,1000,300,1000,300,2,quadratic_confounding,gradient_boosting,10,False,-0.016733496144523706,-0.0156618039642068,0.05245602499447068,0.0664740091537153,0.9,0.2221192764840632,0.2221192764840632,0.06781333857443156,0.05666308073573038,0.835574267937528,1.1967817085467805,0.0,10,10,0,-0.43209936619965195,1.4108876911041617,500.0,500.0,0.5999999999999999,0.6,59.234933842633936,67.53618951536565,0.052601474640508905,0.0460257825215854,0.0,4.231888879968403,2.070983221713251,0.6187348835541213,0.4828997392347535
869,quadratic_confounding_n1000_p300_k5_gradient_boosting,1000,300,1000,300,5,quadratic_confounding,gradient_boosting,10,False,-0.03230566675357811,-0.018738544257052403,0.0384803354678462,0.055411475498426774,0.9,0.20119501355307925,0.20119501355307925,0.04745495539654782,0.051325258559458964,1.0815574080845662,0.9245926221993115,0.0,10,10,0,-0.7309296710543338,1.0704739179353375,800.0,200.0,0.375,0.375,16.636675500891005,18.73607629193808,0.15441191062169868,0.1364660436225262,0.0,3.6747306374058213,1.8190637367952611,0.6676663610277765,0.5400829397041773
889,quadratic_confounding_n1000_p300_k10_gradient_boosting,1000,300,1000,300,10,quadratic_confounding,gradient_boosting,10,False,-0.035237338635282625,-0.04943031226159439,0.052722125534863905,0.056207872903935065,1.0,0.21536151661085903,0.21536151661085903,0.04615980625666226,0.054939162400729304,1.1901948222063847,0.8401985803855193,0.0,10,10,0,-0.8237020729640481,0.8160819568851294,900.0,100.0,0.33333333333333337,0.3333333333333333,13.469031695327192,14.669142585111706,0.18280068541713954,0.1692660330521151,0.0,3.677341974477487,1.844613167396174,0.6823717165330085,0.5469223320559748
10,interaction_confounding_n250_p25_k2_ols,250,25,250,25,2,interaction_confounding,ols,10,False,0.2982761326899539,0.30519777327467323,0.2982761326899539,0.31525179799560143,0.0,0.2575241590890622,0.2575241590890622,0.10757449515456972,0.06569493854312808,0.6106925107920191,1.637485284866324,0.0,10,10,0,4.6576097225184485,1.9103171662158915,125.0,125.0,0.2,0.2,5.815445524381293,6.91639052146577,0.3405192927954128,0.2873974351197181,0.0,8.65032567442712,3.336447493454881,-0.3239489433451683,-0.3006237352100731
30,interaction_confounding_n250_p25_k5_ols,250,25,250,25,5,interaction_confounding,ols,10,False,0.3334192310206179,0.32547515386279957,0.3334192310206179,0.33901565924000404,0.0,0.2842130677520067,0.2842130677520067,0.06466351878553395,0.07250333361020576,1.12124015166378,0.8918695950337894,0.0,10,10,0,4.807724541064079,1.4830040428628977,200.0,50.0,0.125,0.125,3.986346090149783,5.751705033361601,0.44821578783627036,0.3370573100357674,0.0,7.598350763402999,2.7523653322255557,-0.19715661253275013,-0.19406499938257538
50,interaction_confounding_n250_p25_k10_ols,250,25,250,25,10,interaction_confounding,ols,10,False,0.30143665155852783,0.3203442894282472,0.30143665155852783,0.3144156421025138,0.1,0.2679914832134963,0.2679914832134963,0.09424047901169738,0.06836517428915719,0.7254332215424278,1.3784866343366298,0.0,10,10,0,4.497654319813477,1.5773507574745596,225.0,25.0,0.11111111111111112,0.1111111111111111,3.4845137492860396,4.066193541464868,0.48604715242973073,0.4208079968393349,0.0,7.274503798370913,2.6919874691598187,-0.20164709170940015,-0.21427651947663104
70,interaction_confounding_n250_p50_k2_ols,250,50,250,50,2,interaction_confounding,ols,10,False,0.3845951381150391,0.37838779193178873,0.3845951381150391,0.3906002364112944,0.0,0.25361991986055343,0.25361991986055343,0.0719191245067302,0.06469895914810035,0.8996071572318127,1.1115963139700964,0.0,10,10,0,6.047747328337842,1.0011560952629306,125.0,125.0,0.4,0.4,17.336966842998383,20.57797588188081,0.1497099536372935,0.1305615119420806,0.0,12.780912094969796,4.594505059117333,-0.8531038245507796,-0.7645170269184158
90,interaction_confounding_n250_p50_k5_ols,250,50,250,50,5,interaction_confounding,ols,10,False,0.30278408026857784,0.2994656293592791,0.30278408026857784,0.3149473556097001,0.0,0.2658551780399238,0.2658551780399238,0.09137005065759492,0.06782019847957237,0.742258518972759,1.3472395054272193,0.0,10,10,0,4.550700086777036,1.6323776764147093,200.0,50.0,0.25,0.25,7.958588119816746,9.256840162388572,0.27362975828321145,0.2371603279571065,0.0,9.018361754585609,3.5304957726669115,-0.43500896104808834,-0.4093801168026598
110,interaction_confounding_n250_p50_k10_ols,250,50,250,50,10,interaction_confounding,ols,10,False,0.3655004094880625,0.37059154016587004,0.3655004094880625,0.37495087070384436,0.0,0.2682063993173458,0.2682063993173458,0.08817662896223692,0.06841999982585348,0.7759425669942027,1.2887551766540362,0.0,10,10,0,5.399673577388439,1.3584437793057782,225.0,25.0,0.22222222222222224,0.2222222222222222,6.854783196573001,8.039211255786043,0.30143648474612383,0.258960020162822,0.0,8.857170916245956,3.122298266375538,-0.3960235859345006,-0.33796356142866857
130,interaction_confounding_n250_p100_k2_ols,250,100,250,100,2,interaction_confounding,ols,10,False,0.35871575359417546,0.3694116504364211,0.35871575359417546,0.3938588608859106,0.1,0.22600078496420067,0.22600078496420067,0.17142478240943498,0.05765326147045933,0.3363181254199228,2.973375278990426,0.0,10,10,0,6.273705630680315,2.8744192970305633,125.0,125.0,0.8,0.8,257.58945052386207,469.2142882489037,0.014559587651265162,0.0081233507359668,0.0,36.97181923658691,13.594233689863449,-4.5328081017771105,-4.6341638926934365
150,interaction_confounding_n250_p100_k5_ols,250,100,250,100,5,interaction_confounding,ols,10,False,0.3288208921782899,0.3181402999994609,0.3288208921782899,0.33937517662341427,0.0,0.24043552431416315,0.24043552431416315,0.08852075321795749,0.061335592937286486,0.6928950636724115,1.443219980093237,0.0,10,10,0,5.486920640678047,1.918175018539183,200.0,50.0,0.5,0.5,30.991766306011083,39.63546775759635,0.09215853671721017,0.0713220743760248,0.0,14.536665934488687,5.493926648289383,-1.265746658841178,-1.2696801000802262
170,interaction_confounding_n250_p100_k10_ols,250,100,250,100,10,interaction_confounding,ols,10,False,0.3226049816295159,0.3280311019623644,0.3226049816295159,0.3297429814289059,0.0,0.23095550877239557,0.23095550877239557,0.07192943787292531,0.0589172216256111,0.8190974845333514,1.2208559040682572,0.0,10,10,0,5.531164068451623,1.3008129220553324,225.0,25.0,0.4444444444444445,0.4444444444444444,22.611615894567024,31.443811328090465,0.12037272565441573,0.0863257985749159,0.0,13.046723749256284,4.9471360531526845,-1.1496048025625252,-1.1213385047855648
190,interaction_confounding_n250_p150_k2_ols,250,150,250,150,2,interaction_confounding,ols,10,False,0.3298645530395157,0.353788807384103,0.33874840156168,0.3784324064755249,0.1,0.24675469518801685,0.24675469518801685,0.19550635942739233,0.06294762632347368,0.321972269893611,3.105857533415623,0.0,10,10,0,5.169324379384227,2.8859072693236705,125.0,125.0,1.1999999999999997,1.2,2.2997172217776317e+18,1.6356187856400015e+19,-8.348703676358459e-16,-1.0155896683049449e-15,0.0,40.6148823420133,14.824564184017358,-4.917333098546004,-4.833227070264228
210,interaction_confounding_n250_p150_k5_ols,250,150,250,150,5,interaction_confounding,ols,10,False,0.28858838123929703,0.23201346189821737,0.28858838123929703,0.3253164748469569,0.0,0.24379419595135077,0.24379419595135077,0.15828088612243507,0.06219239692636495,0.3929242402538563,2.545019872924945,0.0,10,10,0,4.621870713209807,2.3314126715492263,200.0,50.0,0.75,0.75,168.9188657711137,259.9113061381038,0.020574448862280083,0.013179238946244,0.0,27.493980580964546,10.595665689497988,-3.2149133055681367,-3.1871240049883705
230,interaction_confounding_n250_p150_k10_ols,250,150,250,150,10,interaction_confounding,ols,10,False,0.315135579481724,0.3179940912794673,0.315135579481724,0.32284924582216923,0.0,0.25653532364849935,0.25653532364849935,0.07394594176124299,0.06544268460420896,0.8850071152722704,1.1299344183152158,0.0,10,10,0,4.850028520866073,1.233855427170195,225.0,25.0,0.6666666666666667,0.6666666666666666,85.04349993331172,124.0973971081762,0.038295704971924444,0.0260663653443183,0.0,19.036097768139303,6.9835203754757105,-2.42856461730114,-2.301461518119715
250,interaction_confounding_n250_p300_k2_ols,250,300,250,300,2,interaction_confounding,ols,10,False,0.3216829297772895,0.303420475865796,0.3216829297772895,0.3469213552210754,0.1,0.2391582032330183,0.2391582032330183,0.1369286894633156,0.06100974572270871,0.4455585309538346,2.2443740396109986,0.0,10,10,0,5.398820529297528,2.5972632897255035,125.0,125.0,2.3999999999999995,2.4,8.982395411355071e+18,6.232028488143545e+19,-2.205623163752339e-15,-2.3441752779830485e-15,0.0,11.900236990407842,4.5507496391084,-0.8364883870624189,-0.8681201503184898
270,interaction_confounding_n250_p300_k5_ols,250,300,250,300,5,interaction_confounding,ols,10,False,0.3507736261246338,0.332258353406929,0.3507736261246338,0.3798119396694773,0.1,0.22518160079120914,0.22518160079120914,0.15353238069926733,0.05744428591612477,0.3741509488388914,2.6727180650037528,0.0,10,10,0,6.191533868941928,2.7777791262469935,200.0,50.0,1.5,1.5,4.775248038693383e+18,1.0679615918223488e+20,-1.6810975346985207e-15,-1.8635206137783186e-15,0.0,21.936025246628663,8.190541707414734,-2.33129565228249,-2.376014969050314
290,interaction_confounding_n250_p300_k10_ols,250,300,250,300,10,interaction_confounding,ols,10,False,0.2521846861806892,0.18779934970703838,0.2521846861806892,0.3080626108843169,0.2,0.23530719872874237,0.23530719872874237,0.18650426352234,0.06002734661447505,0.32185509049923033,3.106988298519365,0.0,10,10,0,4.477970726956532,3.500829247654943,225.0,25.0,1.3333333333333337,1.3333333333333333,2.7822615093518607e+18,4.69060513866268e+19,-1.4656201404828443e-15,-1.8144681487521617e-15,0.0,24.278827347969187,9.868025753626354,-3.2773631162738015,-3.586356520886004
310,interaction_confounding_n500_p25_k2_ols,500,25,500,25,2,interaction_confounding,ols,10,False,0.3495573381382349,0.35184607135790125,0.3495573381382349,0.35209700053584664,0.0,0.1976635607429002,0.1976635607429002,0.04449675568762428,0.050424377740535695,1.1332147020902927,0.8824453108095323,0.0,10,10,0,6.966984142759759,0.9789856376686046,250.0,250.0,0.1,0.1,3.355078647270041,3.851381961580267,0.5040884845265394,0.4374943317043085,0.0,7.869620700780175,2.9059721393934317,-0.16606493347623352,-0.15718664089170187
330,interaction_confounding_n500_p25_k5_ols,500,25,500,25,5,interaction_confounding,ols,10,False,0.3292393751518235,0.328944376508261,0.3292393751518235,0.3321329614225988,0.0,0.19255857632496584,0.19255857632496584,0.04611263881919189,0.04912208579718511,1.0652629529572855,0.9387353584613934,0.0,10,10,0,6.792041710000279,1.2436676079097204,400.0,100.0,0.0625,0.0625,2.578213011706914,3.0161842048557,0.5867938931139705,0.523441932436865,0.0,7.498702021423031,2.8438507327254063,-0.0936608405969878,-0.09805074892298246
350,interaction_confounding_n500_p25_k10_ols,500,25,500,25,10,interaction_confounding,ols,10,False,0.323539327603023,0.3352501978236745,0.323539327603023,0.3260410510676274,0.0,0.18469073881681736,0.18469073881681736,0.04249275069503,0.047114984392045214,1.1087769942263548,0.9018946147036054,0.0,10,10,0,6.879596163424384,0.6167698305768788,450.0,50.0,0.05555555555555549,0.0555555555555555,2.4168226963789987,2.812337970093306,0.6055013996989617,0.5269001463165923,0.0,7.199967705514574,2.768882322795194,-0.10436090577372363,-0.10526010600690905
370,interaction_confounding_n500_p50_k2_ols,500,50,500,50,2,interaction_confounding,ols,10,False,0.3113147586103693,0.30233982569520246,0.3113147586103693,0.32115285427010476,0.0,0.18412621462626777,0.18412621462626777,0.08314830710645654,0.04697097311894581,0.5649059464170194,1.7702061844854253,0.0,10,10,0,6.817192823903009,2.4056976436779527,250.0,250.0,0.2,0.2,6.377278578689101,8.220821417577598,0.32133852172906385,0.2470322238875567,0.0,8.09749198759945,3.091765230190344,-0.26120907497448165,-0.2728714881853665
390,interaction_confounding_n500_p50_k5_ols,500,50,500,50,5,interaction_confounding,ols,10,False,0.30256261058313844,0.2962893040074758,0.30256261058313844,0.30672766469258694,0.0,0.17876471286187032,0.17876471286187032,0.05310081569664519,0.045603243077007694,0.8588049444952089,1.1644087594160082,0.0,10,10,0,6.727563324957357,1.386957154209053,400.0,100.0,0.125,0.125,4.071854723490041,4.468191753738824,0.4365052020868837,0.4014080356828624,0.0,7.55125274144275,2.9699867577578765,-0.17837749469942407,-0.1856268994431591
410,interaction_confounding_n500_p50_k10_ols,500,50,500,50,10,interaction_confounding,ols,10,False,0.33105602031057924,0.3291792968437529,0.33105602031057924,0.334163837535277,0.0,0.19573697053162278,0.19573697053162278,0.04792797527337092,0.04993290064582213,1.041832048214337,0.9598476085602898,0.0,10,10,0,6.6778277122151435,0.9757758453091876,450.0,50.0,0.11111111111111112,0.1111111111111111,3.7355214312911187,4.10284215430469,0.4598768090756922,0.4242241596705464,0.0,7.799186149489034,2.910883126242566,-0.17817593046100916,-0.16228979004192096
430,interaction_confounding_n500_p100_k2_ols,500,100,500,100,2,interaction_confounding,ols,10,False,0.32868271334777505,0.3340713882459073,0.32868271334777505,0.3373610137464559,0.0,0.17322634028118383,0.17322634028118383,0.0801396527068754,0.0441903929288734,0.5514173250850909,1.8135084889574098,0.0,10,10,0,7.513644155354543,1.9933953636670367,250.0,250.0,0.4,0.4,17.621958571396966,19.28324778837896,0.1463301282933426,0.1305361798895702,0.0,11.418374211272493,4.318997918025309,-0.764030270228016,-0.7501601038665436
450,interaction_confounding_n500_p100_k5_ols,500,100,500,100,5,interaction_confounding,ols,10,False,0.3305124190146453,0.3351548944259538,0.3305124190146453,0.33498563089034733,0.0,0.1837438870449745,0.1837438870449745,0.05751245063357602,0.04687344057269753,0.8150137936451036,1.226973098857083,0.0,10,10,0,7.102381000311626,1.2372733532127744,400.0,100.0,0.25,0.25,8.283435355312347,9.392226553166582,0.2665175048084273,0.2421176321995204,0.0,9.474110810135173,3.5571324977109384,-0.41169719375236047,-0.38839941083029816
470,interaction_confounding_n500_p100_k10_ols,500,100,500,100,10,interaction_confounding,ols,10,False,0.29792877402866125,0.2942309472943673,0.29792877402866125,0.30359337054678676,0.0,0.18810739318325373,0.18810739318325373,0.06153030189117702,0.04798657989368711,0.7798853315973739,1.2822397851127467,0.0,10,10,0,6.23483662291984,1.2354974057281813,450.0,50.0,0.22222222222222224,0.2222222222222222,7.142553301042698,8.090796563328237,0.29862256456646924,0.26853391552114,0.0,8.284129240063876,3.238722436204192,-0.34558591342930695,-0.3311284470398178
490,interaction_confounding_n500_p150_k2_ols,500,150,500,150,2,interaction_confounding,ols,10,False,0.30144193919146484,0.2892912240983132,0.30144193919146484,0.31263449135209737,0.0,0.16649550507919003,0.16649550507919003,0.0873885479369379,0.04247334313244639,0.48602870896878136,2.057491628677087,0.0,10,10,0,7.174754708525977,2.1517650479503847,250.0,250.0,0.5999999999999999,0.6,53.63039263949114,64.55063290167553,0.057677746592590354,0.0469738212507695,0.0,18.040399491306186,7.021177742316428,-1.549866914290819,-1.6182674117886287
510,interaction_confounding_n500_p150_k5_ols,500,150,500,150,5,interaction_confounding,ols,10,False,0.34208441724138416,0.3300970624733217,0.34208441724138416,0.3449193509500577,0.0,0.17550674843684572,0.17550674843684572,0.04651893450140802,0.04477212970327696,0.9624495957000436,1.039015450230039,0.0,10,10,0,7.735183052647345,1.4990884993500178,400.0,100.0,0.375,0.375,16.470681207474602,19.070966115364755,0.15629666947875093,0.134569344514418,0.0,11.776108539851924,4.454312920975941,-0.6934454926196307,-0.679724682334408
530,interaction_confounding_n500_p150_k10_ols,500,150,500,150,10,interaction_confounding,ols,10,False,0.3000549114232306,0.3040785264699988,0.3000549114232306,0.31047061745722726,0.0,0.18748811393943762,0.18748811393943762,0.0840572188391085,0.04782860049475445,0.5690005112624746,1.757467665154187,0.0,10,10,0,6.372131694022121,1.7581642686516576,450.0,50.0,0.33333333333333337,0.3333333333333333,13.421169131735553,15.246376983037871,0.18264037350067638,0.162146093205515,0.0,9.925112732157281,3.8839363515502043,-0.5427192919228185,-0.5597898164488082
550,interaction_confounding_n500_p300_k2_ols,500,300,500,300,2,interaction_confounding,ols,10,False,0.3321701546998863,0.34676914581881046,0.3321701546998863,0.3445285251640203,0.0,0.16718363783866258,0.16718363783866258,0.09639555648097159,0.04264888720374041,0.44243623628190026,2.2602126995828735,0.0,10,10,0,7.91359607137189,2.5272067735611707,250.0,250.0,1.1999999999999997,1.2,6.175102445240384e+17,1.9193625932388365e+18,-1.228450392870891e-15,-1.3451855030304225e-15,0.0,40.756089478732015,15.341506249917781,-5.561201673008896,-5.289937163472365
570,interaction_confounding_n500_p300_k5_ols,500,300,500,300,5,interaction_confounding,ols,10,False,0.3308637849491548,0.317849349104146,0.3308637849491548,0.3390913692371804,0.0,0.16346677083229766,0.16346677083229766,0.07825962844748996,0.041700706844973845,0.5328508155766911,1.8766978876024145,0.0,10,10,0,7.9764252609726825,1.8430692203005068,400.0,100.0,0.75,0.75,171.42150921421603,233.25180966339045,0.02005660733844563,0.0150436824949508,0.0,27.419690394369475,10.561993031896451,-3.3234720594859057,-3.2891071430961842
590,interaction_confounding_n500_p300_k10_ols,500,300,500,300,10,interaction_confounding,ols,10,False,0.28503794684340766,0.2943591021303953,0.28503794684340766,0.3030034262826051,0.1,0.1702427067177091,0.1702427067177091,0.1083433082499681,0.0434292619177829,0.40084858602973006,2.494707565030134,0.0,10,10,0,6.575895567168422,2.2826263513883176,450.0,50.0,0.6666666666666667,0.6666666666666666,90.28064059306024,111.13408830687838,0.03625184551640426,0.0291342556867635,0.0,19.791079365457563,7.705728398106973,-2.066144871560995,-2.1335897982226784
610,interaction_confounding_n1000_p25_k2_ols,1000,25,1000,25,2,interaction_confounding,ols,10,False,0.3180366105405292,0.32479825138682017,0.3180366105405292,0.3192013146882931,0.0,0.13985608943845834,0.13985608943845834,0.028716887300883263,0.03567757383634136,1.2423900077514323,0.8049002275942904,0.0,10,10,0,8.961659741758849,1.1512323510244789,500.0,500.0,0.05,0.05,2.3366533858263496,2.587125497044289,0.624042575252916,0.573004942512219,0.0,7.307497313458519,2.7947040956494993,-0.06709441930793339,-0.0703697124762084
630,interaction_confounding_n1000_p25_k5_ols,1000,25,1000,25,5,interaction_confounding,ols,10,False,0.32511763033973134,0.3383207408974058,0.32511763033973134,0.3270670317776122,0.0,0.13403728344710322,0.13403728344710322,0.03758501057743643,0.03419318455283243,0.9097558847930661,1.099195967528653,0.0,10,10,0,9.535611970359511,1.1854139243224828,800.0,200.0,0.03125,0.03125,1.9160180987120143,2.112849521673562,0.7099136889109547,0.6719737711355331,0.0,6.963914608080501,2.648605400584665,-0.04090647217430155,-0.04521413048240231
650,interaction_confounding_n1000_p25_k10_ols,1000,25,1000,25,10,interaction_confounding,ols,10,False,0.29773722906041916,0.2957279843832692,0.29773722906041916,0.29974039326275365,0.0,0.14237262399323175,0.14237262399323175,0.03646681573299353,0.03631954693704889,0.9959615668935033,1.0040548081780836,0.0,10,10,0,8.282843440785916,1.238966203384687,900.0,100.0,0.0277777777777777,0.0277777777777777,1.8753138690557538,2.021836712858431,0.7135761262655241,0.6545714534599961,0.0,6.7880930171970935,2.588222558222106,-0.04327494377923945,-0.04469781035853951
670,interaction_confounding_n1000_p50_k2_ols,1000,50,1000,50,2,interaction_confounding,ols,10,False,0.33024820166901037,0.32394297287221785,0.33024820166901037,0.33303041256737376,0.0,0.1320515626053323,0.1320515626053323,0.045281600251215644,0.033686623113605124,0.7439362329669602,1.3442012308122275,0.0,10,10,0,9.826268866218916,1.418595929966234,500.0,500.0,0.1,0.1,3.4053451763042184,3.7464871525281938,0.48843197116606707,0.4479631780549247,0.0,7.760007969906882,2.945963891140674,-0.1227032845574432,-0.1274720412817067
690,interaction_confounding_n1000_p50_k5_ols,1000,50,1000,50,5,interaction_confounding,ols,10,False,0.3030122680842432,0.32156725911949613,0.3030122680842432,0.30561848860666724,0.0,0.1341914589843695,0.1341914589843695,0.041981821048141,0.034232515047033,0.8154128189860609,1.2263726749396302,0.0,10,10,0,8.922848589024948,1.549935210306927,800.0,200.0,0.0625,0.0625,2.6544680808101893,2.905035231168725,0.5792541167666072,0.5374868050760355,0.0,7.178841730677829,2.7955897994253522,-0.0845030883698907,-0.07424018514351761
710,interaction_confounding_n1000_p50_k10_ols,1000,50,1000,50,10,interaction_confounding,ols,10,False,0.3199789398951881,0.3092003979070368,0.3199789398951881,0.3216899929703174,0.0,0.13618895375945303,0.13618895375945303,0.034927378639980536,0.034742080040676755,0.9946947464562464,1.0053335493754787,0.0,10,10,0,9.237520102341886,1.177476849464173,900.0,100.0,0.05555555555555549,0.0555555555555555,2.4708564386034397,2.612485677296428,0.6042748100479749,0.5706405365997625,0.0,7.245149354765681,2.7347600237409138,-0.0786071217410188,-0.07984847406349453
730,interaction_confounding_n1000_p100_k2_ols,1000,100,1000,100,2,interaction_confounding,ols,10,False,0.30952222759077674,0.3128550057032845,0.30952222759077674,0.3136995325722377,0.0,0.1350922341326804,0.1350922341326804,0.053783386151031155,0.03446230462568371,0.6407611549207559,1.5606439190647752,0.0,10,10,0,9.040364681324487,1.7801597204284423,500.0,500.0,0.2,0.2,6.4363546868287385,7.075410355087069,0.3194660551572176,0.2970363721231445,0.0,8.486506212701205,3.275017214453294,-0.25819417143774875,-0.25892370664029885
750,interaction_confounding_n1000_p100_k5_ols,1000,100,1000,100,5,interaction_confounding,ols,10,False,0.32604093509830384,0.3358785279470813,0.32604093509830384,0.3295526683503942,0.0,0.13961044781861953,0.13961044781861953,0.05057744179955362,0.03561491015781108,0.7041659065905032,1.4201198760699651,0.0,10,10,0,9.271698333614443,1.9453028371818724,800.0,200.0,0.125,0.125,4.189246890964392,4.533892786752316,0.43134919740785416,0.4059041087545982,0.0,7.737185398671872,2.903908958968561,-0.15452278246715473,-0.14339386072872
770,interaction_confounding_n1000_p100_k10_ols,1000,100,1000,100,10,interaction_confounding,ols,10,False,0.33040983431782023,0.33077912371898077,0.33040983431782023,0.33318582948797926,0.0,0.13695620034767172,0.13695620034767172,0.04524179922818858,0.03493780621114071,0.7722461707352299,1.2949238699985177,0.0,10,10,0,9.49792942268351,1.3517270809437916,900.0,100.0,0.11111111111111112,0.1111111111111111,3.864300538103914,4.3079833472917874,0.45567961110050864,0.4244086769847457,0.0,7.762264173864874,2.9264102952764195,-0.1439385202191581,-0.1435874395808095
790,interaction_confounding_n1000_p150_k2_ols,1000,150,1000,150,2,interaction_confounding,ols,10,False,0.32997106106003116,0.3175656522493364,0.32997106106003116,0.33558981246223163,0.0,0.12772880629353459,0.12772880629353459,0.06446033312004948,0.032583879156513874,0.5054872908557638,1.9782891045728406,0.0,10,10,0,10.237849305133716,2.3444212170814502,500.0,500.0,0.29999999999999993,0.3,11.061184838533416,11.87723645762448,0.21424269867195594,0.1979574359333924,0.0,10.137793061410475,3.8618619909350036,-0.48296010022375413,-0.5051529498381422
810,interaction_confounding_n1000_p150_k5_ols,1000,150,1000,150,5,interaction_confounding,ols,10,False,0.31283883949817115,0.31074460815668936,0.31283883949817115,0.31443541987439966,0.0,0.1348913440366198,0.1348913440366198,0.033358220260071264,0.034411057152198866,1.0315615426698233,0.9694041107929076,0.0,10,10,0,9.179068275525836,1.48895550706157,800.0,200.0,0.1875,0.1875,6.193531381303286,6.868385697693277,0.3284059054565073,0.3014346290491656,0.0,8.37307776379326,3.183447461803829,-0.23990718495983013,-0.24463436120439663
830,interaction_confounding_n1000_p150_k10_ols,1000,150,1000,150,10,interaction_confounding,ols,10,False,0.328614284672687,0.33416809534344183,0.328614284672687,0.33044771703227704,0.0,0.1348122617180802,0.1348122617180802,0.0366415914395726,0.03439088309134695,0.9385750383703337,1.065444912892974,0.0,10,10,0,9.561637779764196,0.8206207695901278,900.0,100.0,0.16666666666666657,0.1666666666666666,5.4506702088284085,5.972644082470239,0.3603480734779576,0.3317995539095021,0.0,8.254448048483258,3.141453732744651,-0.22626793392644445,-0.23396119585814396
850,interaction_confounding_n1000_p300_k2_ols,1000,300,1000,300,2,interaction_confounding,ols,10,False,0.34078012741438757,0.34527709892705094,0.34078012741438757,0.34463291391891454,0.0,0.12226279864235941,0.12226279864235941,0.05416794988916643,0.031189489449581435,0.5757923183985836,1.7367373062239517,0.0,10,10,0,11.062272809988745,2.3025252436030392,500.0,500.0,0.5999999999999999,0.6,57.1282135337636,64.05661971597114,0.054183465393952704,0.0484295107464056,0.0,17.069066295016324,6.240734196845578,-1.5156817664572082,-1.4786340749768923
870,interaction_confounding_n1000_p300_k5_ols,1000,300,1000,300,5,interaction_confounding,ols,10,False,0.32960296788893506,0.3285655734216071,0.32960296788893506,0.3330848724187117,0.0,0.1246467514652927,0.1246467514652927,0.0506339345256728,0.03179764067992156,0.6279907136941782,1.5923802346016607,0.0,10,10,0,10.401828264775123,1.6819689035545649,800.0,200.0,0.375,0.375,16.55569043554093,17.842715871900875,0.15500797592881627,0.1443483586161017,0.0,10.95510748081081,4.142928656003935,-0.6357233097649407,-0.6430597840962982
890,interaction_confounding_n1000_p300_k10_ols,1000,300,1000,300,10,interaction_confounding,ols,10,False,0.32897597390523536,0.3163180799384093,0.32897597390523536,0.3326546235302166,0.0,0.12837830865775707,0.12837830865775707,0.05200328140428587,0.03274956853514209,0.6297596545983158,1.5879073749775812,0.0,10,10,0,10.083273713141836,1.677376758250488,900.0,100.0,0.33333333333333337,0.3333333333333333,13.455670277993573,14.538305680244042,0.1830458682167097,0.1720185708426246,0.0,10.273738435575968,3.882299593512505,-0.5468199569090018,-0.5473070860547831
11,interaction_confounding_n250_p25_k2_lasso,250,25,250,25,2,interaction_confounding,lasso,10,False,0.32335244372015354,0.3336486813802194,0.32335244372015354,0.33626963150801165,0.0,0.27129714795977883,0.27129714795977883,0.09729943596238737,0.06920845611218844,0.7112934975177252,1.4058894162392934,0.0,10,10,0,4.837350334066307,1.7020328340288335,125.0,125.0,0.2,0.2,5.798623083455172,6.8844843282472805,0.3418555677667844,0.2742983401911765,0.0,7.101513273824613,2.7012442127749883,-0.022755343854739853,-0.02357841810000073
31,interaction_confounding_n250_p25_k5_lasso,250,25,250,25,5,interaction_confounding,lasso,10,False,0.3081036375136489,0.3082661074128217,0.3081036375136489,0.3156842060843669,0.0,0.2724420991198685,0.2724420991198685,0.07248499095195936,0.06950053548976234,0.9588265732946699,1.0429414743521888,0.0,10,10,0,4.403370139379905,0.7122985060642455,200.0,50.0,0.125,0.125,3.8331109038370164,4.486276981434174,0.45651456627358017,0.3928410260267891,0.0,6.84663199278603,2.6334272263065452,-0.02481410661095736,-0.02659634737169116
51,interaction_confounding_n250_p25_k10_lasso,250,25,250,25,10,interaction_confounding,lasso,10,False,0.34011479299553987,0.325878193678538,0.34011479299553987,0.34529201491493017,0.0,0.3068452014865924,0.3068452014865924,0.06279157011373616,0.07827683711392659,1.24661378863662,0.8021730620304359,0.0,10,10,0,4.3816990274782786,0.7656484328338581,225.0,25.0,0.11111111111111112,0.1111111111111111,3.6353361568344766,4.223445789483556,0.4674342671603604,0.4200812149426778,0.0,6.998168123326981,2.5858781170456786,-0.06781418431674602,-0.06591428902780436
71,interaction_confounding_n250_p50_k2_lasso,250,50,250,50,2,interaction_confounding,lasso,10,False,0.30715827480021307,0.28584586051646865,0.30715827480021307,0.32245266097720315,0.1,0.2745214553260242,0.2745214553260242,0.10343818762395625,0.07003098350153673,0.6770321977810599,1.477034627418683,0.0,10,10,0,4.349289682814545,1.3058733106133391,125.0,125.0,0.4,0.4,17.281513567657242,22.06343607378452,0.14855997536011473,0.1140878570910395,0.0,6.97314387947643,2.666321454353052,-0.008437890542428602,-0.028695956917817067
91,interaction_confounding_n250_p50_k5_lasso,250,50,250,50,5,interaction_confounding,lasso,10,False,0.29241976540850045,0.2891272443768569,0.29241976540850045,0.296784573017698,0.0,0.2824298991040172,0.2824298991040172,0.05345573017548554,0.07204844364898395,1.347815162424344,0.7419414975279538,0.0,10,10,0,4.065836254703945,0.6133993559760486,200.0,50.0,0.25,0.25,8.409187521674259,10.38263978587274,0.2639453942479307,0.2225341208751236,0.0,6.744648996241613,2.613528850137503,-0.027222184901091722,-0.02122836486010434
111,interaction_confounding_n250_p50_k10_lasso,250,50,250,50,10,interaction_confounding,lasso,10,False,0.3084276471661139,0.3114699294033746,0.3084276471661139,0.31232817045605143,0.0,0.26705393998650007,0.26705393998650007,0.05186812898537856,0.0681260050985969,1.3134463577392848,0.761355798131877,0.0,10,10,0,4.540481232526716,0.7723910676772782,225.0,25.0,0.22222222222222224,0.2222222222222222,6.886039121485655,7.87442532809258,0.30455282132331457,0.2667899248844996,0.0,6.371888213288105,2.4379607150791176,-0.04929060163562773,-0.04666408053679123
131,interaction_confounding_n250_p100_k2_lasso,250,100,250,100,2,interaction_confounding,lasso,10,False,0.271233117558421,0.25895727547067393,0.271233117558421,0.28009376175717293,0.0,0.2810083918064652,0.2810083918064652,0.07367429308052606,0.07168581423634315,0.9730098686931479,1.0277388053043106,0.0,10,10,0,3.747788355008354,0.6536688629197452,125.0,125.0,0.8,0.8,248.77690786668978,405.5934954601302,0.01446052968309669,0.0085389910894004,0.0,6.687596445726337,2.614097657223218,-0.03162039011578471,-0.05769746683798096
151,interaction_confounding_n250_p100_k5_lasso,250,100,250,100,5,interaction_confounding,lasso,10,False,0.2801792482252271,0.2792882925763981,0.2801792482252271,0.28571816629826524,0.0,0.25560268673585756,0.25560268673585756,0.059014681947138395,0.06520476702445345,1.104890594561871,0.9050669857467075,0.0,10,10,0,4.325188720543092,0.964353438361255,200.0,50.0,0.5,0.5,29.440617209204532,35.67657988114946,0.09581556389636446,0.0786812138980993,0.0,6.459151735779791,2.5123888084270503,-0.02464584430931989,-0.0316470771831964
171,interaction_confounding_n250_p100_k10_lasso,250,100,250,100,10,interaction_confounding,lasso,10,False,0.2931527710284696,0.31016135245043697,0.2931527710284696,0.3045169793858506,0.0,0.27001407247197484,0.27001407247197484,0.08687183134181188,0.06888114093672826,0.7929053626796906,1.2611845587983106,0.0,10,10,0,4.345375505019613,1.4925627771777268,225.0,25.0,0.4444444444444445,0.4444444444444444,21.696978426655,25.522570011044127,0.12473292947228498,0.1051471396288066,0.0,6.661201501191991,2.605041462656833,-0.051136684389966755,-0.0680260879306535
191,interaction_confounding_n250_p150_k2_lasso,250,150,250,150,2,interaction_confounding,lasso,10,False,0.3114340189327128,0.30973642586687555,0.3114340189327128,0.31669357787869706,0.0,0.28314591127166333,0.28314591127166333,0.06058670665554945,0.07223109981419981,1.1921938623409858,0.8387897569246038,0.0,10,10,0,4.349330805537005,0.9246628216350221,125.0,125.0,1.1999999999999997,1.2,4.675567768329886e+18,8.240738598694193e+19,-8.688472567228745e-16,-1.0191436839266401e-15,0.0,6.8000297671658085,2.5098302746511663,-0.053262933747166584,-0.04563312405384781
211,interaction_confounding_n250_p150_k5_lasso,250,150,250,150,5,interaction_confounding,lasso,10,False,0.2793325063801935,0.2884989618752837,0.2793325063801935,0.2895904491889942,0.1,0.24789996275466558,0.24789996275466558,0.0805259043265137,0.06323978641700648,0.7853346937972151,1.2733424460911624,0.0,10,10,0,4.394181344525664,1.0629190892232323,200.0,50.0,0.75,0.75,164.11367348755496,235.8177453113228,0.021064445342557296,0.0141077931830927,0.0,6.940343444083832,2.75345489385575,-0.03214182367788538,-0.04224024160262303
231,interaction_confounding_n250_p150_k10_lasso,250,150,250,150,10,interaction_confounding,lasso,10,False,0.3218122451832298,0.33779051048517805,0.3218122451832298,0.33373392298252424,0.1,0.27832679417972017,0.27832679417972017,0.09318565816830554,0.07100173320911224,0.7619384206191234,1.3124420201667168,0.0,10,10,0,4.535959753870053,1.3437951720767811,225.0,25.0,0.6666666666666667,0.6666666666666666,87.81073643016008,124.21675823247756,0.03715218618762182,0.0262403713058279,0.0,7.184499208733092,2.7182317723070235,-0.06815647349672624,-0.08175290184236647
251,interaction_confounding_n250_p300_k2_lasso,250,300,250,300,2,interaction_confounding,lasso,10,False,0.28647982727589555,0.28268213193439173,0.28647982727589555,0.288620732312462,0.0,0.2685273249202295,0.2685273249202295,0.03698702001385705,0.06850186860209935,1.852051573131206,0.5399417675552799,0.0,10,10,0,4.23715668275305,0.8000732169086014,125.0,125.0,2.3999999999999995,2.4,8.710156638456044e+18,6.76568262163035e+19,-2.2032470780350202e-15,-2.440262564357641e-15,0.0,6.6123737374534315,2.62341395363345,-0.018778257455268763,-0.0212364956815986
271,interaction_confounding_n250_p300_k5_lasso,250,300,250,300,5,interaction_confounding,lasso,10,False,0.27347935135287943,0.2731172477172189,0.27347935135287943,0.2873708868434504,0.1,0.260480290634499,0.260480290634499,0.09304163338586942,0.06644905373329052,0.7141862337874905,1.4001950089359392,0.0,10,10,0,4.082745338203469,1.3376189303446244,200.0,50.0,1.5,1.5,2.235683026193753e+19,9.796835097594512e+20,-1.7157583938567291e-15,-1.914686751073739e-15,0.0,6.226303094797851,2.4449111371294676,-0.03769143910390948,-0.03636552803788507
291,interaction_confounding_n250_p300_k10_lasso,250,300,250,300,10,interaction_confounding,lasso,10,False,0.2878568071522108,0.2925716973924559,0.2878568071522108,0.301599370859762,0.0,0.28249934536558025,0.28249934536558025,0.0948720722232441,0.07206615953203574,0.7596140554667804,1.316457999694994,0.0,10,10,0,4.047201227861577,1.42189615043127,225.0,25.0,1.3333333333333337,1.3333333333333333,3.443511535682132e+18,6.33685303057836e+19,-1.4868771830170908e-15,-1.676668987764181e-15,0.0,6.652669153988382,2.5854073738751358,-0.06454487853721785,-0.06305704146520749
311,interaction_confounding_n500_p25_k2_lasso,500,25,500,25,2,interaction_confounding,lasso,10,False,0.32800405906078545,0.32429713985294495,0.32800405906078545,0.33000310443595376,0.0,0.20080248550689478,0.20080248550689478,0.038230095431272725,0.05122512385379968,1.3399161910513269,0.7463153342563752,0.0,10,10,0,6.477033637647132,0.9427773984855371,250.0,250.0,0.1,0.1,3.3141847376617846,3.863960447970925,0.49957679213704054,0.450487886899929,0.0,6.814319233091375,2.549065450646685,-0.018494770610321558,-0.018025895254485468
331,interaction_confounding_n500_p25_k5_lasso,500,25,500,25,5,interaction_confounding,lasso,10,False,0.33007391129652247,0.322046428907669,0.33007391129652247,0.33382301701825656,0.0,0.20562599766025733,0.20562599766025733,0.0525887585430213,0.05245561164802479,0.99746814911237,1.0025382774275882,0.0,10,10,0,6.30927445061319,0.8188870819049859,400.0,100.0,0.0625,0.0625,2.587884283624159,2.849469406037166,0.587995280775444,0.5431816956282339,0.0,6.779906370828283,2.4947758832091393,-0.01371356891280753,-0.01818452457453686
351,interaction_confounding_n500_p25_k10_lasso,500,25,500,25,10,interaction_confounding,lasso,10,False,0.3320576069936432,0.3214372686005704,0.3320576069936432,0.33400511094729873,0.0,0.2007487426822049,0.2007487426822049,0.03796430745629636,0.05121141394954204,1.3489358131580682,0.7413251173596205,0.0,10,10,0,6.601702764649727,1.1055988118838,450.0,50.0,0.05555555555555549,0.0555555555555555,2.4038455468320468,2.662916902139106,0.6109981359823768,0.5457056727682688,0.0,6.882601347464954,2.5891987435234687,-0.02441872612260922,-0.02398854941459934
371,interaction_confounding_n500_p50_k2_lasso,500,50,500,50,2,interaction_confounding,lasso,10,False,0.31306309547895184,0.32391356752592726,0.31306309547895184,0.3191724116640415,0.0,0.19916735254929613,0.19916735254929613,0.06551103907465684,0.050807998099310206,0.775563917424803,1.2893843789437998,0.0,10,10,0,6.191098288329409,1.3168993081600453,250.0,250.0,0.2,0.2,6.358946720698919,7.388812133538978,0.3201173399744547,0.274194241339629,0.0,6.627919292492261,2.4864794357027398,-0.0037687806684426383,-0.002611883799271924
391,interaction_confounding_n500_p50_k5_lasso,500,50,500,50,5,interaction_confounding,lasso,10,False,0.311945902947956,0.33294642536757946,0.311945902947956,0.3170002673602997,0.0,0.1989452385777431,0.1989452385777431,0.059431782934403724,0.05075133637187319,0.8539426863213687,1.171038778150112,0.0,10,10,0,6.219319687659457,1.3664220205909068,400.0,100.0,0.125,0.125,4.085349887120271,4.533069718265474,0.43362797342981113,0.3907288955004714,0.0,6.6797676584850025,2.5170935375657293,-0.014523883352041878,-0.012801511783069649
411,interaction_confounding_n500_p50_k10_lasso,500,50,500,50,10,interaction_confounding,lasso,10,False,0.30893306206510185,0.33260739333467815,0.30893306206510185,0.315423291922358,0.0,0.1954555727714291,0.1954555727714291,0.06710039120780997,0.04986111550291553,0.7430823368599389,1.345745888976078,0.0,10,10,0,6.2604927848160035,1.524266615474019,450.0,50.0,0.11111111111111112,0.1111111111111111,3.702219708868782,4.13553214801637,0.4712901369437459,0.430177186892635,0.0,6.777702734435868,2.6294940108584646,-0.029211580146003786,-0.025248278311782245
431,interaction_confounding_n500_p100_k2_lasso,500,100,500,100,2,interaction_confounding,lasso,10,False,0.3103155633787291,0.31005033658237713,0.3103155633787291,0.3144381127564192,0.0,0.1888592140195185,0.1888592140195185,0.053495356794985446,0.04817837092334656,0.9006084604311435,1.1103604329025238,0.0,10,10,0,6.578718670879269,1.4752689255889135,250.0,250.0,0.4,0.4,17.960459517635364,21.656821222637536,0.1448981408137044,0.1178337139904439,0.0,6.735122147375895,2.5758647441244706,-0.023712985417819514,-0.01266694955584271
451,interaction_confounding_n500_p100_k5_lasso,500,100,500,100,5,interaction_confounding,lasso,10,False,0.3274408909143777,0.3329106130290945,0.3274408909143777,0.32905681841996487,0.0,0.19708427662706968,0.19708427662706968,0.03433256804759296,0.05027660118037487,1.4643996659579837,0.682873687591166,0.0,10,10,0,6.554104956459165,0.8547679032163591,400.0,100.0,0.25,0.25,8.372971842816488,9.44520140530052,0.26213676696270605,0.2453702542937914,0.0,6.801062555761506,2.54850706481364,-0.014110787131630179,-0.01050310206945494
471,interaction_confounding_n500_p100_k10_lasso,500,100,500,100,10,interaction_confounding,lasso,10,False,0.31846819353161404,0.3185438991860461,0.31846819353161404,0.3223153045807011,0.0,0.18967171947322434,0.18967171947322434,0.0523361493473846,0.04838564272276127,0.9245166739646513,1.0816462570779277,0.0,10,10,0,6.621602866596488,1.180057672521719,450.0,50.0,0.22222222222222224,0.2222222222222222,7.186863742553522,8.481780049407012,0.2937984717764748,0.2641461220755333,0.0,6.62399574095744,2.5551449824006958,-0.03295765001115635,-0.03898462438691372
491,interaction_confounding_n500_p150_k2_lasso,500,150,500,150,2,interaction_confounding,lasso,10,False,0.3330392651703237,0.3156642865256798,0.3330392651703237,0.34154052895207404,0.0,0.20485810973498064,0.20485810973498064,0.07982467435068336,0.05225972187116847,0.6546813036979348,1.527460757396843,0.0,10,10,0,6.502435649912497,1.7797581596954788,250.0,250.0,0.5999999999999999,0.6,58.375624156302365,69.89624386651134,0.053197713609915764,0.0435450148855471,0.0,6.984900814790114,2.6257536244761432,-0.00869004725123273,-0.014223752794625682
511,interaction_confounding_n500_p150_k5_lasso,500,150,500,150,5,interaction_confounding,lasso,10,False,0.3379399634487055,0.33593277234986085,0.3379399634487055,0.34215214758199186,0.0,0.19987287060436992,0.19987287060436992,0.056417818297026724,0.050987977194992304,0.9037566274993555,1.1064925772848213,0.0,10,10,0,6.691462080616153,1.3051196198235817,400.0,100.0,0.375,0.375,16.035447012728604,18.916682273622367,0.15970788730349958,0.1373951815891928,0.0,7.097420804071328,2.6543016935271884,-0.01304483848011046,-0.007570383036836731
531,interaction_confounding_n500_p150_k10_lasso,500,150,500,150,10,interaction_confounding,lasso,10,False,0.32180013778671174,0.3279954585722381,0.32180013778671174,0.32473513795937614,0.0,0.1919223182081581,0.1919223182081581,0.04591757283979868,0.048959775053101506,1.066253550115045,0.9378632313975448,0.0,10,10,0,6.620150493782816,1.1907091632126978,450.0,50.0,0.33333333333333337,0.3333333333333333,13.12090633705174,15.601884779341788,0.18557540259716224,0.15389071735578,0.0,6.651698979867268,2.4546400329387255,-0.02273626866652289,-0.02838375143957897
551,interaction_confounding_n500_p300_k2_lasso,500,300,500,300,2,interaction_confounding,lasso,10,False,0.32043190042128017,0.32791059470989636,0.32043190042128017,0.3225750041173764,0.0,0.19650926531483537,0.19650926531483537,0.039129847569515944,0.050129914621131436,1.281117043251277,0.7805688053779649,0.0,10,10,0,6.405858595792422,0.8064649235506831,250.0,250.0,1.1999999999999997,1.2,2.4500096584655386e+18,2.558334891195296e+19,-1.2048372926714076e-15,-1.396570131928382e-15,0.0,6.722901091899624,2.539496573449988,-0.014995825083948797,-0.014777991094446441
571,interaction_confounding_n500_p300_k5_lasso,500,300,500,300,5,interaction_confounding,lasso,10,False,0.298482059090611,0.28490923927722,0.298482059090611,0.3018578744623808,0.0,0.2019682332656101,0.2019682332656101,0.04745333117888263,0.05152250848612498,1.0857511413035044,0.921021366645256,0.0,10,10,0,5.8297717659480695,1.009432618715194,400.0,100.0,0.75,0.75,175.77985525776214,224.79849118110585,0.01964521134269316,0.0158355102064926,0.0,6.7459876986571405,2.6002855036026986,-0.013227788478996041,-0.013773131385445331
591,interaction_confounding_n500_p300_k10_lasso,500,300,500,300,10,interaction_confounding,lasso,10,False,0.31390961508844584,0.3225222463283761,0.31390961508844584,0.3179049783919352,0.0,0.19737997916540936,0.19737997916540936,0.05296045528295994,0.05035203550137991,0.9507477840278445,1.0518036610755992,0.0,10,10,0,6.362433423348749,1.4557158359198612,450.0,50.0,0.6666666666666667,0.6666666666666666,89.26135261645541,109.18151355428874,0.036486272014799585,0.0303987145048477,0.0,6.814734321291992,2.5853681399068473,-0.03180980239888962,-0.019979743916935484
611,interaction_confounding_n1000_p25_k2_lasso,1000,25,1000,25,2,interaction_confounding,lasso,10,False,0.3372770463179515,0.33707610184084136,0.3372770463179515,0.3384369209234938,0.0,0.14142297673418044,0.14142297673418044,0.02950976243764362,0.03607728998320926,1.222554402443711,0.8179595100235568,0.0,10,10,0,9.487875795875494,1.5445488283964748,500.0,500.0,0.05,0.05,2.2694805475013236,2.4748736792100856,0.6341229812120537,0.5732485106908413,0.0,7.033475569020001,2.6457266158892145,-0.00831101247716216,-0.010648495124128108
631,interaction_confounding_n1000_p25_k5_lasso,1000,25,1000,25,5,interaction_confounding,lasso,10,False,0.3345523758627732,0.33300826479281564,0.3345523758627732,0.3355947547818398,0.0,0.13863666959135323,0.13863666959135323,0.027859712881524525,0.03536649734473292,1.2694494553885587,0.7877430611791595,0.0,10,10,0,9.459980756264668,0.6517196555283536,800.0,200.0,0.03125,0.03125,1.9140130869022218,2.09987570686648,0.7028941541486609,0.6717180077721155,0.0,6.891380309323995,2.5893481554839592,-0.00977820754171424,-0.00741805937645139
651,interaction_confounding_n1000_p25_k10_lasso,1000,25,1000,25,10,interaction_confounding,lasso,10,False,0.30846858629909224,0.30875973503284393,0.30846858629909224,0.30940643189800965,0.0,0.14433932178496017,0.14433932178496017,0.02537433888568823,0.03682125555738776,1.451121770039726,0.6891220438189856,0.0,10,10,0,8.399147393202684,0.3907908682944905,900.0,100.0,0.0277777777777777,0.0277777777777777,1.860646264028413,2.115492314221109,0.7046738910303846,0.6234612629342974,0.0,6.643739576076449,2.5016374786453675,-0.01611551404633938,-0.01270249603089239
671,interaction_confounding_n1000_p50_k2_lasso,1000,50,1000,50,2,interaction_confounding,lasso,10,False,0.30595833749305645,0.321124346905298,0.30595833749305645,0.3086086331233357,0.0,0.13627969508445484,0.13627969508445484,0.0425412761227722,0.034765228337871074,0.8172116942975617,1.2236731399928813,0.0,10,10,0,8.788984190318656,1.0632164080990025,500.0,500.0,0.1,0.1,3.457359374559563,3.908733416431127,0.4883780892351563,0.4366555349967896,0.0,6.78409289793094,2.6413674597372334,-0.0006603721137475694,-0.005029845615421991
691,interaction_confounding_n1000_p50_k5_lasso,1000,50,1000,50,5,interaction_confounding,lasso,10,False,0.30997074421610626,0.3000234800351571,0.30997074421610626,0.3112143840335392,0.0,0.13823307231082224,0.13823307231082224,0.029297905869199618,0.03526353885480156,1.2036197744724653,0.8308271608766898,0.0,10,10,0,8.87230419927315,1.1705387812169834,800.0,200.0,0.0625,0.0625,2.6457974260284938,2.84718227187373,0.5786078795348139,0.5368353658505506,0.0,6.698256671197733,2.5763731701157595,-0.00673181028434388,-0.00825571042521077
711,interaction_confounding_n1000_p50_k10_lasso,1000,50,1000,50,10,interaction_confounding,lasso,10,False,0.32493017366672045,0.3211840786297413,0.32493017366672045,0.3263047622192947,0.0,0.14220943427228608,0.14220943427228608,0.031537985701642825,0.03627791690619542,1.1502927691512552,0.8693438981954578,0.0,10,10,0,9.06602444247012,1.2571280189381833,900.0,100.0,0.05555555555555549,0.0555555555555555,2.5253420552934,2.747670078040681,0.5928260143995759,0.5481933371104936,0.0,6.886740964094399,2.5984364278030125,-0.013440880355152859,-0.014388300171695298
731,interaction_confounding_n1000_p100_k2_lasso,1000,100,1000,100,2,interaction_confounding,lasso,10,False,0.2975356620199935,0.28569673249229066,0.2975356620199935,0.3008376433201194,0.0,0.13755579810261445,0.13755579810261445,0.04685459143548479,0.035090764822095485,0.7489290536320822,1.3352399605146825,0.0,10,10,0,8.524791196784829,1.554814366168581,500.0,500.0,0.2,0.2,6.519213348374561,7.188772243592677,0.31556538716521665,0.2839642201703752,0.0,6.567812683339805,2.5443744862013866,-0.007312615036431165,-0.007393062494122469
751,interaction_confounding_n1000_p100_k5_lasso,1000,100,1000,100,5,interaction_confounding,lasso,10,False,0.3031635187988367,0.29053542538590493,0.3031635187988367,0.30650556185759137,0.0,0.14320803478182537,0.14320803478182537,0.04758081218242394,0.03653266193413908,0.7678024030794922,1.3024184295193821,0.0,10,10,0,8.28205764870502,1.0293015342685778,800.0,200.0,0.125,0.125,4.164231307218961,4.604416547522519,0.43029657083318307,0.3963166254182547,0.0,6.627159579091807,2.540806172909547,-0.007880609237974439,-0.00798596226656052
771,interaction_confounding_n1000_p100_k10_lasso,1000,100,1000,100,10,interaction_confounding,lasso,10,False,0.323685565098332,0.32580603849951895,0.323685565098332,0.32560463506538173,0.0,0.13809944979408834,0.13809944979408834,0.037208620910182406,0.03522945147808375,0.946808847420705,1.056179399594964,0.0,10,10,0,9.214583050223387,1.1622471536761196,900.0,100.0,0.11111111111111112,0.1111111111111111,3.8451053130924144,4.172461930135519,0.4536313368823923,0.4244177990002064,0.0,6.728205278393015,2.5427575336002466,-0.011227680601704149,-0.01003204861714586
791,interaction_confounding_n1000_p150_k2_lasso,1000,150,1000,150,2,interaction_confounding,lasso,10,False,0.3250638472594673,0.32615606861813917,0.3250638472594673,0.3261755477074929,0.0,0.14403701641182676,0.14403701641182676,0.028362399349152016,0.03674413683975169,1.2955228641772252,0.7718891172446354,0.0,10,10,0,8.859173051676427,0.7870970801038717,500.0,500.0,0.29999999999999993,0.3,10.753144696115381,11.520308200471009,0.21819514219663558,0.2033653688569156,0.0,6.776124249269484,2.54376945441595,-0.008024154079546559,-0.00731199684343708
811,interaction_confounding_n1000_p150_k5_lasso,1000,150,1000,150,5,interaction_confounding,lasso,10,False,0.3240846230237405,0.31760864906402,0.3240846230237405,0.3270137008487581,0.0,0.14068446098049242,0.14068446098049242,0.04603281030792675,0.03588889310726842,0.7796372384652873,1.2826478144739415,0.0,10,10,0,9.055236361041896,1.377067153420971,800.0,200.0,0.1875,0.1875,6.09384627986756,6.707067187991795,0.33055130518204,0.3062628780396528,0.0,6.801700592549523,2.5663236891196166,-0.0077000874488096106,-0.00592172086564842
831,interaction_confounding_n1000_p150_k10_lasso,1000,150,1000,150,10,interaction_confounding,lasso,10,False,0.3223005045155366,0.33051927129840386,0.3223005045155366,0.32426771701565993,0.0,0.14386689627991617,0.14386689627991617,0.03759339610414321,0.03670073884691736,0.9762549450240419,1.0243225963637739,0.0,10,10,0,8.84148095876615,1.3428381889927308,900.0,100.0,0.16666666666666657,0.1666666666666666,5.452118231197682,5.889347536110477,0.35973303019100256,0.3369943125253428,0.0,6.714975247699184,2.5082038581950106,-0.01220948344478559,-0.01254502193520301
851,interaction_confounding_n1000_p300_k2_lasso,1000,300,1000,300,2,interaction_confounding,lasso,10,False,0.3287214872378114,0.3363411898430847,0.3287214872378114,0.3307125721187514,0.0,0.1404102211142427,0.1404102211142427,0.03819524673105814,0.035818933957714946,0.9377851178688442,1.0663423645200742,0.0,10,10,0,9.265654073323077,1.5227354001705522,500.0,500.0,0.5999999999999999,0.6,58.890527824135894,62.64018507668924,0.05246662628706732,0.0498619117128175,0.0,6.967505615806,2.6113785330731143,-0.006419484889298327,-0.006570074214392936
871,interaction_confounding_n1000_p300_k5_lasso,1000,300,1000,300,5,interaction_confounding,lasso,10,False,0.32206910354117924,0.31990654414904385,0.32206910354117924,0.32306730020708574,0.0,0.14426610061488881,0.14426610061488881,0.026749309591846026,0.0368025766874716,1.3758327691078092,0.7268325209672636,0.0,10,10,0,8.80491914248477,1.0222568809702366,800.0,200.0,0.375,0.375,16.47116621381439,17.940807478818954,0.15550904632007453,0.1471731233749493,0.0,6.784125620984637,2.5679852534758507,-0.0059881411986198105,-0.0065030630983816005
891,interaction_confounding_n1000_p300_k10_lasso,1000,300,1000,300,10,interaction_confounding,lasso,10,False,0.3252898194966388,0.3133218233262922,0.3252898194966388,0.32666628883553506,0.0,0.1432823463961912,0.1432823463961912,0.03157702388033559,0.03655161897862017,1.1575384405172673,0.863902195380338,0.0,10,10,0,8.984537940999857,1.2999046807566759,900.0,100.0,0.33333333333333337,0.3333333333333333,13.356676678897127,14.739329743703296,0.18410492825239372,0.1671400067066467,0.0,6.8666584579449745,2.581501425905514,-0.012643006432559148,-0.012505876696188911
12,interaction_confounding_n250_p25_k2_elastic_net,250,25,250,25,2,interaction_confounding,elastic_net,10,False,0.32072078715874486,0.3458264792357475,0.32072078715874486,0.3261789076351375,0.0,0.30430485333214685,0.30430485333214685,0.06263524451870951,0.07762878911534354,1.2393787189919148,0.8068558743798502,0.0,10,10,0,4.161255217804495,0.7074392841223412,125.0,125.0,0.2,0.2,5.810518769428021,6.761061404028796,0.34068130339775815,0.2838062040415661,0.0,6.743777807417918,2.5479312316166407,-0.0283166406893823,-0.0196397557880737
32,interaction_confounding_n250_p25_k5_elastic_net,250,25,250,25,5,interaction_confounding,elastic_net,10,False,0.3186908063342419,0.30846894665226565,0.3186908063342419,0.32924274978888984,0.0,0.2754233989502602,0.2754233989502602,0.08715859265716722,0.07026107116078063,0.806129023183613,1.2404962124434376,0.0,10,10,0,4.649280568139028,1.5465760459680509,200.0,50.0,0.125,0.125,3.9251887568784034,4.909326504183093,0.4523263009978263,0.3709538756930857,0.0,7.149765283899022,2.7228552465789524,-0.02782521195775379,-0.02567239945042397
52,interaction_confounding_n250_p25_k10_elastic_net,250,25,250,25,10,interaction_confounding,elastic_net,10,False,0.345986380379142,0.3324804905495162,0.345986380379142,0.34918819563914827,0.0,0.2722426335032722,0.2722426335032722,0.04973061393217366,0.06944965140389595,1.3965170729365335,0.7160671497536689,0.0,10,10,0,5.090696303802852,0.8746976352661854,225.0,25.0,0.11111111111111112,0.1111111111111111,3.5683503235903324,4.585777331627803,0.4809848426700719,0.3901988329644946,0.0,6.8704295996939155,2.51886925996616,-0.05595722992887351,-0.05663802591945649
72,interaction_confounding_n250_p50_k2_elastic_net,250,50,250,50,2,interaction_confounding,elastic_net,10,False,0.30692061269382725,0.32688067489350936,0.30692061269382725,0.31846712639215435,0.0,0.2661825246880728,0.2661825246880728,0.08957335973083179,0.06790370527756955,0.7580792490269471,1.3191232991584676,0.0,10,10,0,4.504446286381835,1.1231597551510162,125.0,125.0,0.4,0.4,17.551861840572233,22.017512420760955,0.14819604134099898,0.1137038730497301,0.0,6.6647415712617475,2.5308893934548244,-0.03881233983292748,-0.026381711628685318
92,interaction_confounding_n250_p50_k5_elastic_net,250,50,250,50,5,interaction_confounding,elastic_net,10,False,0.285546179024208,0.2939342086038994,0.285546179024208,0.29476751851046457,0.0,0.2735163102493431,0.2735163102493431,0.07710937119509052,0.06977456894115891,0.9048779397334962,1.1051214269788907,0.0,10,10,0,4.132414545926713,1.1758888751380543,200.0,50.0,0.25,0.25,8.164882470947925,10.515518267433745,0.26629484396921355,0.2124793060952538,0.0,6.792548559973139,2.6697076460085505,-0.032266392740948516,-0.04232635785340756
112,interaction_confounding_n250_p50_k10_elastic_net,250,50,250,50,10,interaction_confounding,elastic_net,10,False,0.37177912025722976,0.3619232052752881,0.37177912025722976,0.37603692848047365,0.0,0.29713593792419773,0.29713593792419773,0.05947975679720436,0.07579998416433614,1.2743828866478966,0.7846935253739744,0.0,10,10,0,5.028685540446501,1.1951885785370424,225.0,25.0,0.22222222222222224,0.2222222222222222,6.877929647668765,7.983115572661359,0.3024721274769643,0.2627492930863289,0.0,7.3012727237036374,2.6112750822386728,-0.06072241431722196,-0.04670144751885365
132,interaction_confounding_n250_p100_k2_elastic_net,250,100,250,100,2,interaction_confounding,elastic_net,10,False,0.245568129576965,0.24552465090707198,0.245568129576965,0.253144434542378,0.1,0.256146840346401,0.256146840346401,0.06479367661063533,0.06534358172102062,1.0084870181652112,0.9915844051412261,0.0,10,10,0,3.8644382014089174,1.2732477976248158,125.0,125.0,0.8,0.8,238.53767085375998,331.1728798874248,0.01490027565938289,0.0103862792257042,0.0,6.3693796224939065,2.6134821117281097,-0.03951503625491274,-0.023376578930394517
152,interaction_confounding_n250_p100_k5_elastic_net,250,100,250,100,5,interaction_confounding,elastic_net,10,False,0.3868640514934156,0.3782242328067835,0.3868640514934156,0.3947915226621444,0.0,0.2880843879303999,0.2880843879303999,0.08297624846233213,0.07349091528836729,0.885686165020213,1.1290681050405458,0.0,10,10,0,5.293740090354505,1.0311486457868257,200.0,50.0,0.5,0.5,30.275536097074955,38.24539269417773,0.0933809277428579,0.074424046226455,0.0,7.315507262357511,2.52958452773217,-0.034255873466466594,-0.03320311583297826
172,interaction_confounding_n250_p100_k10_elastic_net,250,100,250,100,10,interaction_confounding,elastic_net,10,False,0.30421784099097116,0.31526561688498367,0.30421784099097116,0.3154157683302157,0.0,0.28690097969333406,0.28690097969333406,0.08780415159845793,0.07318902543197293,0.8335485748632678,1.199690132232589,0.0,10,10,0,4.155834893980406,1.035614859156164,225.0,25.0,0.4444444444444445,0.4444444444444444,23.072361475022337,29.309900194034626,0.1188355583049282,0.0935405527878421,0.0,7.1087990660022555,2.736711758756504,-0.05966790670274785,-0.04875855665775759
192,interaction_confounding_n250_p150_k2_elastic_net,250,150,250,150,2,interaction_confounding,elastic_net,10,False,0.27257127608585857,0.2623420902526207,0.27257127608585857,0.2760073359468546,0.0,0.2821603868094339,0.2821603868094339,0.045764481003971,0.07197969051261063,1.5728287294761396,0.6357971349703594,0.0,10,10,0,3.8457968633205084,0.9058370174299564,125.0,125.0,1.1999999999999997,1.2,2.409500364501916e+18,2.094875457521044e+19,-9.224797447142332e-16,-1.061988101638046e-15,0.0,6.71001937452899,2.667159706559267,-0.03573498171539822,-0.04339260869086063
212,interaction_confounding_n250_p150_k5_elastic_net,250,150,250,150,5,interaction_confounding,elastic_net,10,False,0.26735365132055267,0.2720026846476621,0.26735365132055267,0.2801600425000133,0.1,0.2698206091185164,0.2698206091185164,0.08826522241503228,0.06883178804043777,0.7798290896133874,1.2823322614135437,0.0,10,10,0,4.045337380855674,1.7408464503661158,200.0,50.0,0.75,0.75,171.31449281002466,259.4500206876881,0.02030006938882578,0.0128032418989964,0.0,6.416769575947605,2.6459441461649598,-0.042625421962228224,-0.033437625334104305
232,interaction_confounding_n250_p150_k10_elastic_net,250,150,250,150,10,interaction_confounding,elastic_net,10,False,0.32126734808644375,0.32731673949189954,0.32126734808644375,0.33664883124258255,0.1,0.2850112126778701,0.2850112126778701,0.10603839257814235,0.07270694200966067,0.6856662029847455,1.458435599781557,0.0,10,10,0,4.4504229095619525,1.5805170855241426,225.0,25.0,0.6666666666666667,0.6666666666666666,88.05284171699755,112.43550338787534,0.03699169603510777,0.0286593615669698,0.0,6.771412437103429,2.56082266570706,-0.0713364067197781,-0.06383199210511462
252,interaction_confounding_n250_p300_k2_elastic_net,250,300,250,300,2,interaction_confounding,elastic_net,10,False,0.35472277806213315,0.34353447113447266,0.35472277806213315,0.3683226759450279,0.1,0.2928266769407525,0.2928266769407525,0.10452721250781534,0.07470068289304904,0.7146529702728253,1.3992805481774475,0.0,10,10,0,4.8378065288394065,1.4775151064708185,125.0,125.0,2.3999999999999995,2.4,5.164284998350988e+18,2.0253041244851483e+19,-2.1775341902038134e-15,-2.3435697388730574e-15,0.0,7.30446009990123,2.6268454536018266,-0.05848783915271548,-0.03409322941506918
272,interaction_confounding_n250_p300_k5_elastic_net,250,300,250,300,5,interaction_confounding,elastic_net,10,False,0.34040692033637665,0.3252091244609723,0.34040692033637665,0.3519851883252997,0.0,0.27070041036165693,0.27070041036165693,0.09437926671738654,0.0690562271330757,0.7316885321843062,1.3667017535654207,0.0,10,10,0,4.987363417665525,1.5867069078950895,200.0,50.0,1.5,1.5,4.725950232450506e+18,5.931436320275379e+19,-1.7046664905224476e-15,-1.860344202651706e-15,0.0,6.715901104899961,2.4314724975615714,-0.047293153320277836,-0.03009478097168868
292,interaction_confounding_n250_p300_k10_elastic_net,250,300,250,300,10,interaction_confounding,elastic_net,10,False,0.31754445564783385,0.3187461410029203,0.31754445564783385,0.32031288816588566,0.0,0.27097874975684866,0.27097874975684866,0.04429528458089263,0.06912723208082872,1.5606002475181677,0.6407790858615499,0.0,10,10,0,4.645885589096177,0.8145627037922275,225.0,25.0,1.3333333333333337,1.3333333333333333,2.6803980724829143e+18,5.147053396959273e+19,-1.4824479076139958e-15,-1.681189138133329e-15,0.0,7.197693994507558,2.7140213631054824,-0.049637111100991546,-0.06138790454407604
312,interaction_confounding_n500_p25_k2_elastic_net,500,25,500,25,2,interaction_confounding,elastic_net,10,False,0.33976562086407053,0.3431680443180176,0.33976562086407053,0.34334357364324347,0.0,0.1958229558097373,0.1958229558097373,0.052112404590313376,0.049954835665749264,0.9585977860448766,1.043190391797113,0.0,10,10,0,6.908141543927362,1.541479846459619,250.0,250.0,0.1,0.1,3.2902242875170273,3.6943043519273937,0.5035186221737464,0.4473994908067564,0.0,6.855582422537632,2.537486797116662,-0.014348551542606069,-0.01951925073778474
332,interaction_confounding_n500_p25_k5_elastic_net,500,25,500,25,5,interaction_confounding,elastic_net,10,False,0.30424183340351235,0.2981420605153676,0.30424183340351235,0.30744268970294925,0.0,0.18307495222689413,0.18307495222689413,0.04664182980798522,0.046702793935432134,1.001307069806178,0.998694636395176,0.0,10,10,0,6.56421970117777,1.048293367628196,400.0,100.0,0.0625,0.0625,2.52905616796117,2.795588194031524,0.5928195874346059,0.5363591655506982,0.0,6.902364699833273,2.721771169950553,-0.014747751301404852,-0.01516282158124708
352,interaction_confounding_n500_p25_k10_elastic_net,500,25,500,25,10,interaction_confounding,elastic_net,10,False,0.32329485406257363,0.31888239519790973,0.32329485406257363,0.3292084582124945,0.0,0.21477777346141771,0.21477777346141771,0.06547812438183687,0.05479024833199427,0.8367718050762106,1.195068947033801,0.0,10,10,0,5.966539104694405,1.3703635953149762,450.0,50.0,0.05555555555555549,0.0555555555555555,2.3983066955313683,2.679715147112727,0.6098491744120598,0.5594975043338525,0.0,6.787899322561417,2.516541984918371,-0.024755229453917442,-0.02690720139814475
372,interaction_confounding_n500_p50_k2_elastic_net,500,50,500,50,2,interaction_confounding,elastic_net,10,False,0.33142150541628645,0.3295280296578448,0.33142150541628645,0.3327755292610659,0.0,0.20266471051560503,0.20266471051560503,0.03161115524946043,0.05170018125398085,1.6355043289619513,0.6114321939060207,0.0,10,10,0,6.440620741557984,0.6234194438321675,250.0,250.0,0.2,0.2,6.234312411986837,7.182418044928291,0.3225425614489749,0.2742058770218767,0.0,6.80334171634699,2.5164827769537985,-0.02084158181055178,-0.01446487749179049
392,interaction_confounding_n500_p50_k5_elastic_net,500,50,500,50,5,interaction_confounding,elastic_net,10,False,0.3153599342708727,0.3235280873215147,0.3153599342708727,0.31711852230115667,0.0,0.1982510003198567,0.1982510003198567,0.03515472219173168,0.050574234775473584,1.4386185303824857,0.6951113021838596,0.0,10,10,0,6.344529356318323,1.1492546382164042,400.0,100.0,0.125,0.125,4.1374581266872,4.578991410080016,0.4339621899866143,0.3929680032255619,0.0,6.586131063116667,2.4690336860654973,-0.01535163494383537,-0.01319515692227228
412,interaction_confounding_n500_p50_k10_elastic_net,500,50,500,50,10,interaction_confounding,elastic_net,10,False,0.29534929773966995,0.297803189819146,0.29534929773966995,0.2981553706230565,0.0,0.19778135247658196,0.19778135247658196,0.04301701673699721,0.050454426652189244,1.1728946003081477,0.8525915284606783,0.0,10,10,0,5.883532080493972,0.7508757372592584,450.0,50.0,0.11111111111111112,0.1111111111111111,3.7357720578188927,4.203167700509396,0.46322958890367216,0.4130498510079139,0.0,6.590301257428324,2.5273012519129177,-0.02692556358833,-0.02603543465848219
432,interaction_confounding_n500_p100_k2_elastic_net,500,100,500,100,2,interaction_confounding,elastic_net,10,False,0.3317508322286441,0.3311897955583636,0.3317508322286441,0.33600257113852083,0.0,0.20062764811373301,0.20062764811373301,0.0561655601008581,0.051180522477993096,0.9112438723318483,1.0974010694206668,0.0,10,10,0,6.532949617779904,1.239215340615429,250.0,250.0,0.4,0.4,17.894005277586515,21.87129644030565,0.14370126413800335,0.1174490464865974,0.0,6.8202651371763565,2.50373543746257,-0.01295972343076619,-0.007726054044535501
452,interaction_confounding_n500_p100_k5_elastic_net,500,100,500,100,5,interaction_confounding,elastic_net,10,False,0.33795046384278216,0.3456610317822939,0.33795046384278216,0.3402990268485718,0.0,0.20063433740117195,0.20063433740117195,0.042070201416909155,0.05118222892887033,1.2165910122859265,0.82196891962981,0.0,10,10,0,6.6978931308316705,1.2059700703061211,400.0,100.0,0.25,0.25,8.290731235750869,9.122980551538594,0.2670078109293158,0.2476439616010114,0.0,7.033355095360153,2.6043954712772406,-0.01734655822456886,-0.01569718781793416
472,interaction_confounding_n500_p100_k10_elastic_net,500,100,500,100,10,interaction_confounding,elastic_net,10,False,0.3023186108345026,0.30337550879462694,0.3023186108345026,0.30610089005473107,0.0,0.19882056101562373,0.19882056101562373,0.05056582547526115,0.050719530871332574,1.00303970902535,0.9969695028043271,0.0,10,10,0,5.982648941557656,1.0135747989720565,450.0,50.0,0.22222222222222224,0.2222222222222222,7.359505639755635,8.339132160531067,0.2873035544436434,0.2551249508232024,0.0,6.780916644300708,2.6108562513514153,-0.028294588966173418,-0.028318213096296528
492,interaction_confounding_n500_p150_k2_elastic_net,500,150,500,150,2,interaction_confounding,elastic_net,10,False,0.3240203335094106,0.31569741867274737,0.3240203335094106,0.32941655230614014,0.0,0.1960967288187832,0.1960967288187832,0.06259293894960663,0.050024675719077295,0.7992063730918914,1.2512412734289116,0.0,10,10,0,6.5604911209153745,1.4831352455658722,250.0,250.0,0.5999999999999999,0.6,55.39937081338989,60.67057869151717,0.05554985528202279,0.0487520648947644,0.0,7.03177250602298,2.703085572686631,-0.006179128412115509,-0.01608337666227989
512,interaction_confounding_n500_p150_k5_elastic_net,500,150,500,150,5,interaction_confounding,elastic_net,10,False,0.2994103625495066,0.3056970823104994,0.2994103625495066,0.30270780920041696,0.0,0.20412666108135688,0.20412666108135688,0.04696869582663074,0.05207312782687673,1.1086773202962095,0.9019756981524851,0.0,10,10,0,5.770473322807548,0.735704165428225,400.0,100.0,0.375,0.375,16.08027329804256,18.42444613778604,0.1593804041519302,0.1361789142570077,0.0,6.784431681068545,2.6311632742262767,-0.020889318813464373,-0.01347064283479596
532,interaction_confounding_n500_p150_k10_elastic_net,500,150,500,150,10,interaction_confounding,elastic_net,10,False,0.3052791528648089,0.3126371777318995,0.3052791528648089,0.3133479849619733,0.0,0.19205059335740807,0.19205059335740807,0.07447295188242437,0.048992498305461214,0.6578562695192891,1.5200888800994832,0.0,10,10,0,6.19158949400904,1.312557704744247,450.0,50.0,0.33333333333333337,0.3333333333333333,13.142669495442618,14.85535146562454,0.18703117464774116,0.1615761390885823,0.0,6.597369438962123,2.519268665744755,-0.024838280305601482,-0.029159955599371668
552,interaction_confounding_n500_p300_k2_elastic_net,500,300,500,300,2,interaction_confounding,elastic_net,10,False,0.31010342807153457,0.3009096665797235,0.31010342807153457,0.31361908830891133,0.0,0.18981880949848923,0.18981880949848923,0.04936031300543774,0.04842316568839006,0.981014153679608,1.0193532848116202,0.0,10,10,0,6.394499432999767,0.8133935500319507,250.0,250.0,1.1999999999999997,1.2,3.0079510257168865e+18,4.145846019993326e+19,-1.195110437972178e-15,-1.392874235737097e-15,0.0,6.7305233256772015,2.555536899493883,-0.0145080137990132,-0.01503694422253928
572,interaction_confounding_n500_p300_k5_elastic_net,500,300,500,300,5,interaction_confounding,elastic_net,10,False,0.33042971862742104,0.34054035236679003,0.33042971862742104,0.3347920270110365,0.0,0.19281658370471466,0.19281658370471466,0.05678323694309365,0.049187904006304725,0.8662398738486725,1.154414649093716,0.0,10,10,0,6.742222122556089,1.183168315873442,400.0,100.0,0.75,0.75,175.25924798289753,238.8561603932058,0.019836871592613804,0.0146318006468179,0.0,6.8682284112247505,2.6005628126465608,-0.01859656978756658,-0.017163117621231308
592,interaction_confounding_n500_p300_k10_elastic_net,500,300,500,300,10,interaction_confounding,elastic_net,10,False,0.3053684154174198,0.30693221729250797,0.3053684154174198,0.30967235714788394,0.0,0.1902384413303752,0.1902384413303752,0.054233032645967454,0.04853021462509569,0.8948460422986174,1.1175106696915935,0.0,10,10,0,6.360451084599196,1.2387355707859533,450.0,50.0,0.6666666666666667,0.6666666666666666,90.91574587647138,105.54088109922516,0.035822058871328576,0.0308066058619007,0.0,6.572078901274705,2.4981668512741937,-0.03437573410173449,-0.03685525670009922
612,interaction_confounding_n1000_p25_k2_elastic_net,1000,25,1000,25,2,interaction_confounding,elastic_net,10,False,0.3199062793937076,0.3186597269768542,0.3199062793937076,0.32062123531125564,0.0,0.14125814909415296,0.14125814909415296,0.02255730817743591,0.036035242115855314,1.5974974421771382,0.625979093047659,0.0,10,10,0,8.899453940489646,0.7824701372080228,500.0,500.0,0.05,0.05,2.315093854281044,2.6319659173518395,0.6298444261117445,0.5617043337254083,0.0,6.7081770967967085,2.5629063425614658,-0.00762150966165266,-0.00303814180668183
632,interaction_confounding_n1000_p25_k5_elastic_net,1000,25,1000,25,5,interaction_confounding,elastic_net,10,False,0.3069742441834683,0.3134391074153767,0.3069742441834683,0.30842273226020245,0.0,0.13659983062661568,0.13659983062661568,0.03147124230215568,0.03484689556801415,1.1072615193721556,0.903129010179117,0.0,10,10,0,8.843844332057905,1.06338320566281,800.0,200.0,0.03125,0.03125,1.955705616059905,2.1255877320576877,0.6916851250244335,0.6344565314909184,0.0,6.572258391295881,2.515531875382367,-0.009885152736193361,-0.007991622166635282
652,interaction_confounding_n1000_p25_k10_elastic_net,1000,25,1000,25,10,interaction_confounding,elastic_net,10,False,0.33368887432632344,0.33548553419386284,0.33368887432632344,0.33464269875993613,0.0,0.14414778065979797,0.14414778065979797,0.026613926683525354,0.03677239302545865,1.3816973895934577,0.7237474772201994,0.0,10,10,0,9.133896885682763,1.1240760208751162,900.0,100.0,0.0277777777777777,0.0277777777777777,1.8539363136741027,2.090351895995203,0.7157143485431646,0.6523454351592857,0.0,6.745793612813837,2.5198433473242567,-0.009865161370782862,-0.01223653050240262
672,interaction_confounding_n1000_p50_k2_elastic_net,1000,50,1000,50,2,interaction_confounding,elastic_net,10,False,0.32340770665641677,0.3268638745640552,0.32340770665641677,0.3244309866795162,0.0,0.13610869303298723,0.13610869303298723,0.02713997447557742,0.03472160536555796,1.2793529115807778,0.7816451511916229,0.0,10,10,0,9.378272836591924,1.2743542522001672,500.0,500.0,0.1,0.1,3.4329402122478205,3.789221797528048,0.48771016954082125,0.4393229230012992,0.0,6.848843595348742,2.594483894029222,-0.005473672362383551,-0.0036339717271112494
692,interaction_confounding_n1000_p50_k5_elastic_net,1000,50,1000,50,5,interaction_confounding,elastic_net,10,False,0.31928320286762857,0.328248146497359,0.31928320286762857,0.32064997676992124,0.0,0.14173694790841398,0.14173694790841398,0.031174134027707846,0.03615738467051371,1.159852095277986,0.862178896836261,0.0,10,10,0,8.872075911799921,1.0969562549900396,800.0,200.0,0.0625,0.0625,2.6271618379893367,2.911799977715284,0.5828511631593541,0.5451535657016454,0.0,6.808628391016606,2.577991479153682,-0.00833177672563865,-0.00896124376569935
712,interaction_confounding_n1000_p50_k10_elastic_net,1000,50,1000,50,10,interaction_confounding,elastic_net,10,False,0.3173971444625383,0.30319874133589064,0.3173971444625383,0.31958740637290517,0.0,0.14521900018085532,0.14521900018085532,0.039372339404812814,0.03704566331144263,0.9409058204683215,1.0628056264996482,0.0,10,10,0,8.651706073756824,1.493160450209326,900.0,100.0,0.05555555555555549,0.0555555555555555,2.5078318409669462,2.7894501163370164,0.5996406774010292,0.5569137867594164,0.0,6.822942228335606,2.5532857659064385,-0.013161898813083347,-0.014816717912244228
732,interaction_confounding_n1000_p100_k2_elastic_net,1000,100,1000,100,2,interaction_confounding,elastic_net,10,False,0.31575149405422104,0.30859088748600483,0.31575149405422104,0.3174160631208939,0.0,0.13803298446928366,0.13803298446928366,0.03422070733885687,0.03521249603808252,1.0289821215384258,0.9718341835763922,0.0,10,10,0,9.034292949808913,1.4231040088800284,500.0,500.0,0.2,0.2,6.368884814072044,6.819615279685845,0.32186730813707404,0.3023582006081015,0.0,6.859299576484797,2.6400956213603606,-0.00585751869957461,-0.00537161922825804
752,interaction_confounding_n1000_p100_k5_elastic_net,1000,100,1000,100,5,interaction_confounding,elastic_net,10,False,0.3268467818949497,0.3257771863502925,0.3268467818949497,0.32853456638643475,0.0,0.14122234020178143,0.14122234020178143,0.03505776939785492,0.03602610719433197,1.0276212038902937,0.9731212203623988,0.0,10,10,0,9.108211769352362,1.0146260990214044,800.0,200.0,0.125,0.125,4.1755187394128885,4.437899906788809,0.42849600656870807,0.4024040024505609,0.0,6.816361562391482,2.5607691186605406,-0.00524053475156282,-0.005718273520877879
772,interaction_confounding_n1000_p100_k10_elastic_net,1000,100,1000,100,10,interaction_confounding,elastic_net,10,False,0.30106995727916397,0.31757562399163886,0.30106995727916397,0.30289623862839415,0.0,0.13097488421314588,0.13097488421314588,0.03500812920120575,0.03341196025845557,0.9544057629136261,1.0477723824164504,0.0,10,10,0,9.011282543320277,0.9486060272911723,900.0,100.0,0.11111111111111112,0.1111111111111111,3.8350530469882274,4.118697187083776,0.4559947901931947,0.4273425268723881,0.0,6.585328596779372,2.5528127630648214,-0.01510193670649615,-0.014396626455237871
792,interaction_confounding_n1000_p150_k2_elastic_net,1000,150,1000,150,2,interaction_confounding,elastic_net,10,False,0.3514034890683223,0.3486067146565347,0.3514034890683223,0.35321797966558743,0.0,0.1480278064318184,0.1480278064318184,0.03769068599429947,0.037762195518320975,1.001897273083125,0.9981063197454499,0.0,10,10,0,9.365887209200555,1.2553372860727379,500.0,500.0,0.29999999999999993,0.3,10.964884654304411,11.540520431630709,0.21518263446995775,0.2048588043996917,0.0,7.204422985580308,2.634350894504617,-0.008377706026164649,-0.008353274954778039
812,interaction_confounding_n1000_p150_k5_elastic_net,1000,150,1000,150,5,interaction_confounding,elastic_net,10,False,0.3083740834645322,0.3176949367659685,0.3083740834645322,0.30951522923251995,0.0,0.13707140726265168,0.13707140726265168,0.027990112823183654,0.034967195730268255,1.2492695528295843,0.800467759527965,0.0,10,10,0,8.850160592113339,0.9174023304829095,800.0,200.0,0.1875,0.1875,6.025384032837292,6.392982140300916,0.33441435303013706,0.3162883979255352,0.0,6.5926169957133,2.523790294766465,-0.00647956665598064,-0.00816652841005035
832,interaction_confounding_n1000_p150_k10_elastic_net,1000,150,1000,150,10,interaction_confounding,elastic_net,10,False,0.30986889889826086,0.3208028690405934,0.30986889889826086,0.31176801265021575,0.0,0.14264707085863748,0.14264707085863748,0.036217847157390626,0.03638955889250953,1.0047410806714352,0.9952812911080863,0.0,10,10,0,8.570135995267337,1.2973657661482512,900.0,100.0,0.16666666666666657,0.1666666666666666,5.415888653301067,5.866698807124111,0.36124679711425506,0.331155943025387,0.0,6.64599863797215,2.551666718367561,-0.01467349252478653,-0.01532866036850505
852,interaction_confounding_n1000_p300_k2_elastic_net,1000,300,1000,300,2,interaction_confounding,elastic_net,10,False,0.3215021975243175,0.3170341577807043,0.3215021975243175,0.32278036362020396,0.0,0.1387227204289232,0.1387227204289232,0.03024896923543723,0.03538844908901099,1.169905949970446,0.8547695650451747,0.0,10,10,0,9.101386772822327,0.8689066975311095,500.0,500.0,0.5999999999999999,0.6,58.298991594909126,64.08147762868671,0.05350065947829841,0.0490448150118456,0.0,6.770400654460952,2.542465132456824,-0.00799092276145618,-0.006885209878865142
872,interaction_confounding_n1000_p300_k5_elastic_net,1000,300,1000,300,5,interaction_confounding,elastic_net,10,False,0.3291044057329751,0.32538871957813287,0.3291044057329751,0.33006294591798935,0.0,0.14067871902271978,0.14067871902271978,0.026496087661029816,0.03588742832212236,1.3544425419042239,0.7383111273174353,0.0,10,10,0,9.221500713433773,0.9781529451443263,800.0,200.0,0.375,0.375,16.608369978131726,17.82601718739184,0.1539042642023979,0.1402618109767283,0.0,6.886207006011469,2.613149488615511,-0.00563938417795449,-0.005858159566595409
892,interaction_confounding_n1000_p300_k10_elastic_net,1000,300,1000,300,10,interaction_confounding,elastic_net,10,False,0.31486383590199923,0.3180962703782154,0.31486383590199923,0.31655813019401885,0.0,0.14668462127209828,0.14668462127209828,0.03447728129608284,0.03741954624288218,1.08533923894787,0.9213709079286602,0.0,10,10,0,8.508027114450032,1.3983061752549517,900.0,100.0,0.33333333333333337,0.3333333333333333,13.196540097242169,14.15254792666611,0.185273525677151,0.1717194928621374,0.0,6.7085041792721425,2.5543196007891744,-0.015769802300533507,-0.01361438662877277
13,interaction_confounding_n250_p25_k2_random_forest,250,25,250,25,2,interaction_confounding,random_forest,10,False,0.3243877875341964,0.33786961354230904,0.3243877875341964,0.3389684943149368,0.1,0.29981782526532186,0.29981782526532186,0.1036672209888952,0.07648413909829638,0.7377851780794754,1.3554080912862665,0.0,10,10,0,4.297094960797996,1.4382023753852902,125.0,125.0,0.2,0.2,6.040818476688863,6.840574390904178,0.3332289457301849,0.2955435052202242,0.0,7.3783398436872005,2.683630434967245,-0.04820073951115701,-0.029540215418703414
33,interaction_confounding_n250_p25_k5_random_forest,250,25,250,25,5,interaction_confounding,random_forest,10,False,0.3303915815521716,0.322939624534062,0.3303915815521716,0.33607958643712604,0.0,0.2775525824937376,0.2775525824937376,0.06490070414961649,0.07080423022799423,1.090962434933961,0.916621845059709,0.0,10,10,0,4.799886410011154,1.1584497925087431,200.0,50.0,0.125,0.125,3.8757707754868926,4.721330982329991,0.4520282496580766,0.3942603049210099,0.0,6.778724173728352,2.551486057500457,-0.051586057301039136,-0.04672083785398895
53,interaction_confounding_n250_p25_k10_random_forest,250,25,250,25,10,interaction_confounding,random_forest,10,False,0.28738742443369436,0.26077748812804935,0.28738742443369436,0.2962155754952681,0.0,0.29579559356195034,0.29579559356195034,0.0756610529735559,0.07545805958213017,0.9973170689086673,1.0026901485745838,0.0,10,10,0,3.773839566875357,0.6282989510335416,225.0,25.0,0.11111111111111112,0.1111111111111111,3.5383496773493888,3.956380301180693,0.48430009567033583,0.4256598026135448,0.0,6.564492701588685,2.529547893667902,-0.05843966339062288,-0.047145974955782426
73,interaction_confounding_n250_p50_k2_random_forest,250,50,250,50,2,interaction_confounding,random_forest,10,False,0.2658134524918123,0.25209140959125653,0.2658134524918123,0.2726346543352987,0.0,0.27344264491578135,0.27344264491578135,0.06388238514741891,0.06975577676422992,1.0919407063975024,0.9158006420505831,0.0,10,10,0,3.8304921727045014,0.9183034034776177,125.0,125.0,0.4,0.4,17.122716988662006,20.48004668834468,0.15358657267658293,0.121194154906337,0.0,6.431237574601719,2.5895662012744003,-0.012443098343047599,-0.03181286056521657
93,interaction_confounding_n250_p50_k5_random_forest,250,50,250,50,5,interaction_confounding,random_forest,10,False,0.30244017439615695,0.29597416562355516,0.30244017439615695,0.3088533745445637,0.0,0.2980000807106761,0.2980000807106761,0.0659995612677899,0.07602042875272345,1.151832334828324,0.8681819130811657,0.0,10,10,0,4.090205097236856,1.2563733013720202,200.0,50.0,0.25,0.25,7.746054535178087,9.137503658097751,0.27873746689565393,0.2360938247884847,0.0,7.034895182264417,2.675973226825639,-0.0633804154206756,-0.05225946019315033
113,interaction_confounding_n250_p50_k10_random_forest,250,50,250,50,10,interaction_confounding,random_forest,10,False,0.2906919976914664,0.28877496996841423,0.2906919976914664,0.2994729135164554,0.0,0.2647662987870437,0.2647662987870437,0.07588140167523731,0.06754242315996009,0.8901051070331175,1.1234628271409228,0.0,10,10,0,4.400647023880651,1.44068626425982,225.0,25.0,0.22222222222222224,0.2222222222222222,7.105101573900429,8.57146812557293,0.29776820318713165,0.2533063397400007,0.0,6.6074522957270405,2.5994385943881997,-0.04728508444768946,-0.05635680540452058
133,interaction_confounding_n250_p100_k2_random_forest,250,100,250,100,2,interaction_confounding,random_forest,10,False,0.3368173201992426,0.3533225717007097,0.3368173201992426,0.34912213647766827,0.0,0.28179163947869135,0.28179163947869135,0.09684098645908903,0.07188562231599264,0.742305762719188,1.3471537609203459,0.0,10,10,0,4.782528702084802,1.56378065624634,125.0,125.0,0.8,0.8,260.953776404505,335.23708910973784,0.0138638349798418,0.0102702483750563,0.0,7.12308764952856,2.604400498842312,-0.021650807372798994,-0.02034323535106314
153,interaction_confounding_n250_p100_k5_random_forest,250,100,250,100,5,interaction_confounding,random_forest,10,False,0.31043725872546984,0.320566283482135,0.31043725872546984,0.32025361729140367,0.0,0.2721979897667051,0.2721979897667051,0.08293965532739617,0.06943826269558803,0.8372142664626142,1.1944373621643904,0.0,10,10,0,4.521144665003453,1.339245594535213,200.0,50.0,0.5,0.5,29.36506777574121,37.43908357011863,0.09585505393271102,0.0738648720523996,0.0,6.929996548030552,2.6402578511461465,-0.04937938119404543,-0.042522726082409465
173,interaction_confounding_n250_p100_k10_random_forest,250,100,250,100,10,interaction_confounding,random_forest,10,False,0.30893294040483366,0.3040562818633168,0.30893294040483366,0.3166948842788404,0.0,0.27838984996386607,0.27838984996386607,0.07345511147187962,0.07101781886833312,0.9668192920178257,1.034319451686699,0.0,10,10,0,4.431410718449007,1.1984485978180939,225.0,25.0,0.4444444444444445,0.4444444444444444,22.962083127120813,27.275105764677495,0.11892495458364047,0.0994158247111397,0.0,6.727493000863933,2.6012315469343235,-0.060248497106080975,-0.06501375990499393
193,interaction_confounding_n250_p150_k2_random_forest,250,150,250,150,2,interaction_confounding,random_forest,10,False,0.32948458258098656,0.34809387900928757,0.32948458258098656,0.34348077004272354,0.0,0.3000624604836203,0.3000624604836203,0.10230102220937859,0.07654654604173985,0.7482481053324445,1.3364551047619464,0.0,10,10,0,4.3212575637672845,1.3024887813407378,125.0,125.0,1.1999999999999997,1.2,7.46650123123595e+17,2.981164331522196e+18,-8.323097035040264e-16,-1.0272524256644302e-15,0.0,6.739423197199761,2.4593843710407404,-0.01056684417901188,-0.01915668585986258
213,interaction_confounding_n250_p150_k5_random_forest,250,150,250,150,5,interaction_confounding,random_forest,10,False,0.28621491036095803,0.2674853319262771,0.28621491036095803,0.2974760229343303,0.0,0.2950902070648015,0.2950902070648015,0.08545960259349931,0.0752781140471432,0.8808619717694476,1.1352516421968266,0.0,10,10,0,3.7972736663154487,0.9773043094694602,200.0,50.0,0.75,0.75,162.5047554728916,210.8259521727649,0.021183151072537827,0.0157914490742991,0.0,6.805285018705708,2.6346248091399262,-0.04456627721040411,-0.05683995266985494
233,interaction_confounding_n250_p150_k10_random_forest,250,150,250,150,10,interaction_confounding,random_forest,10,False,0.2727699485194369,0.28198458112886804,0.2727699485194369,0.28412967209467593,0.1,0.2686648812044179,0.2686648812044179,0.08383996494202375,0.0685369594909229,0.8174736182000666,1.2232810671025989,0.0,10,10,0,4.019135074752363,1.3200338677116785,225.0,25.0,0.6666666666666667,0.6666666666666666,89.08012889485727,124.41730540788022,0.03644197723936534,0.0257824838696674,0.0,6.386741974852105,2.528624296105705,-0.05644680580520069,-0.06541113768347316
253,interaction_confounding_n250_p300_k2_random_forest,250,300,250,300,2,interaction_confounding,random_forest,10,False,0.3355736287351936,0.33399137559090664,0.3355736287351936,0.3403950010179204,0.0,0.288629044826431,0.288629044826431,0.060176558886556694,0.0736298583740895,1.2235637885658206,0.8172847295294126,0.0,10,10,0,4.635576107108848,0.9664356325740912,125.0,125.0,2.3999999999999995,2.4,2.7862663611584937e+18,6.837400671721264e+18,-2.194047670610676e-15,-2.3620465580836186e-15,0.0,6.856823908530137,2.5418437319157547,-0.027985019081655516,-0.023272185408682918
273,interaction_confounding_n250_p300_k5_random_forest,250,300,250,300,5,interaction_confounding,random_forest,10,False,0.34503513161939914,0.3299058984298172,0.34503513161939914,0.3501100136609284,0.0,0.25038489902232164,0.25038489902232164,0.06260794779187757,0.06387369873018406,1.0202170967576532,0.9801835346399261,0.0,10,10,0,5.499828581269695,1.3341204944094762,200.0,50.0,1.5,1.5,3.1442702983786443e+19,1.233953230675832e+21,-1.7109190284488413e-15,-1.834427275149695e-15,0.0,7.270027072804591,2.7066077995324713,-0.038309647950375045,-0.02816732995027929
293,interaction_confounding_n250_p300_k10_random_forest,250,300,250,300,10,interaction_confounding,random_forest,10,False,0.31384466206176775,0.3102427591847535,0.31384466206176775,0.31642774610964663,0.0,0.272400219685363,0.272400219685363,0.042531643166075946,0.06948985196055175,1.6338388735467007,0.6120554579713374,0.0,10,10,0,4.583315896928886,0.805264165827401,225.0,25.0,1.3333333333333337,1.3333333333333333,4.827989410042604e+18,2.3620001923253862e+20,-1.4782821594270409e-15,-1.725404177873041e-15,0.0,7.182172585412315,2.788669866969363,-0.057787997000913735,-0.05799774517481421
313,interaction_confounding_n500_p25_k2_random_forest,500,25,500,25,2,interaction_confounding,random_forest,10,False,0.2790369217698987,0.25875622596208026,0.2790369217698987,0.28656394815084824,0.0,0.18979652655799312,0.18979652655799312,0.06877735955790397,0.048417481264794116,0.7039741213681112,1.4205067624596608,0.0,10,10,0,5.76126337728153,1.1884873400709242,250.0,250.0,0.1,0.1,3.3533135775353684,4.011399182668851,0.4945871848604118,0.4476652612001838,0.0,6.396521364747754,2.519852583030383,0.003123351040041901,-0.003611842061695849
333,interaction_confounding_n500_p25_k5_random_forest,500,25,500,25,5,interaction_confounding,random_forest,10,False,0.30239425753503213,0.3091829206979545,0.30239425753503213,0.305579642368202,0.0,0.22275132317263782,0.22275132317263782,0.046387628136472944,0.05682431713587699,1.2249886320701542,0.8163341061459995,0.0,10,10,0,5.395639897374577,1.013374054489438,400.0,100.0,0.0625,0.0625,2.5533227370209324,2.962399297115642,0.592489730187037,0.5046156253173664,0.0,6.430306798682615,2.408414695176901,0.015321276687119282,0.016455520558412977
353,interaction_confounding_n500_p25_k10_random_forest,500,25,500,25,10,interaction_confounding,random_forest,10,False,0.3272834848411633,0.31469116900477156,0.3272834848411633,0.328640501940851,0.0,0.19300847374002603,0.19300847374002603,0.03144837155576453,0.04923685554592496,1.5656408618366053,0.6387160838577824,0.0,10,10,0,6.6706148020259,0.5830639365921865,450.0,50.0,0.05555555555555549,0.0555555555555555,2.4344110468630666,2.7249990525601904,0.6143216141853249,0.5614312695239955,0.0,6.669692532697972,2.4904124703506816,-0.006840199964111951,-0.01495596227672343
373,interaction_confounding_n500_p50_k2_random_forest,500,50,500,50,2,interaction_confounding,random_forest,10,False,0.3189126802107881,0.3296317084833731,0.3189126802107881,0.3230168721420197,0.0,0.19160963405052658,0.19160963405052658,0.05410485795795525,0.048880008686358764,0.9034310509482032,1.1068913327148122,0.0,10,10,0,6.562594431035623,1.2715237558965378,250.0,250.0,0.2,0.2,6.385368535744165,7.1644356279500565,0.32244324639102523,0.2850567760097736,0.0,6.580405020831249,2.4388795073076195,-0.0052975644090001,-0.004804490348616431
393,interaction_confounding_n500_p50_k5_random_forest,500,50,500,50,5,interaction_confounding,random_forest,10,False,0.2752883436301691,0.2765888819958763,0.2752883436301691,0.2796257875983002,0.0,0.1997303858249458,0.1997303858249458,0.05171405301514277,0.05095162903697591,0.9852569285578213,1.0149636820760641,0.0,10,10,0,5.476517395445393,1.3291129920586264,400.0,100.0,0.125,0.125,4.033906158581976,4.553461045130345,0.43500972118932824,0.3785180423765826,0.0,6.4743987847543325,2.5227098387728715,0.003781834543868529,-0.0044087908465150795
413,interaction_confounding_n500_p50_k10_random_forest,500,50,500,50,10,interaction_confounding,random_forest,10,False,0.3524707709105276,0.35399205744619267,0.3524707709105276,0.35614714293380284,0.0,0.1949392007432143,0.1949392007432143,0.0538015187068683,0.049729387944697466,0.9243119737129096,1.0818858009412728,0.0,10,10,0,7.096623010029939,1.0775549366274801,450.0,50.0,0.11111111111111112,0.1111111111111111,3.718843508954881,4.159375461260599,0.4639786706002811,0.4205981218053157,0.0,7.17954823490913,2.678900151878614,-0.025552530556335246,-0.041227013802600986
433,interaction_confounding_n500_p100_k2_random_forest,500,100,500,100,2,interaction_confounding,random_forest,10,False,0.30664138649537476,0.306146976272919,0.30664138649537476,0.309185210218372,0.0,0.20227693574117214,0.20227693574117214,0.041720689058615666,0.0516012591176459,1.236826626836112,0.8085207565089936,0.0,10,10,0,5.94213227276769,0.6714347918971574,250.0,250.0,0.4,0.4,18.747904760961312,21.832569722090167,0.1396383696621819,0.1184921876261635,0.0,6.688743820082348,2.5320855555516295,-0.02473653384886968,-0.02423363450423955
453,interaction_confounding_n500_p100_k5_random_forest,500,100,500,100,5,interaction_confounding,random_forest,10,False,0.2916809222118849,0.28741802434083563,0.2916809222118849,0.29507573320937985,0.0,0.20627215687728312,0.20627215687728312,0.04704522583733714,0.05262044818298036,1.118507717763329,0.8940483683024486,0.0,10,10,0,5.57835781907334,0.8541745122431846,400.0,100.0,0.25,0.25,8.500964141898868,9.901336478354567,0.26043093687771496,0.2314163975497073,0.0,6.707736006432306,2.552906097786903,-0.021365412071564886,-0.02422935111954478
473,interaction_confounding_n500_p100_k10_random_forest,500,100,500,100,10,interaction_confounding,random_forest,10,False,0.2873413499942289,0.27874716367035735,0.2873413499942289,0.2942434772875798,0.0,0.19979786170499153,0.19979786170499153,0.06678466648515914,0.05096884227168147,0.7631818043593546,1.310303775965204,0.0,10,10,0,5.655528431941533,1.1392527361290432,450.0,50.0,0.22222222222222224,0.2222222222222222,7.157267556217685,7.769894315712746,0.2942629099073055,0.2667157555215863,0.0,6.427492448454241,2.4678641864173936,-0.02867170344547131,-0.032589121227399376
493,interaction_confounding_n500_p150_k2_random_forest,500,150,500,150,2,interaction_confounding,random_forest,10,False,0.29727498116318385,0.29436502379636054,0.29727498116318385,0.3050918893557428,0.0,0.1953839989997692,0.1953839989997692,0.07233138649519473,0.049842856887696185,0.6890903009443549,1.45118861581648,0.0,10,10,0,6.065672911990793,1.767240453920201,250.0,250.0,0.5999999999999999,0.6,54.84421822788738,63.31126975184544,0.05694019247457649,0.0489081924983233,0.0,6.63367338257836,2.524913368516004,-0.00602920410789262,-0.00748403669569115
513,interaction_confounding_n500_p150_k5_random_forest,500,150,500,150,5,interaction_confounding,random_forest,10,False,0.31039903809829267,0.30383591729069037,0.31039903809829267,0.3117198194672894,0.0,0.2024061321552144,0.2024061321552144,0.030215577225701822,0.05163421738653425,1.708860863416285,0.5851851495977506,0.0,10,10,0,6.1469384780726255,0.8613604601576034,400.0,100.0,0.375,0.375,15.808660492215779,17.436892396614958,0.16225725150544304,0.1467434947672575,0.0,6.5892908838702215,2.532213127150411,-0.026404270803439444,-0.019025055095284498
533,interaction_confounding_n500_p150_k10_random_forest,500,150,500,150,10,interaction_confounding,random_forest,10,False,0.2818707203604832,0.2778764710160163,0.2818707203604832,0.28613556272608376,0.0,0.20143780282734575,0.20143780282734575,0.051880817050394705,0.05138719459881268,0.9904854533978803,1.009605942792476,0.0,10,10,0,5.519567838858499,1.1093844587326687,450.0,50.0,0.33333333333333337,0.3333333333333333,13.012092282921419,14.560457095431374,0.18752519395697506,0.1692426615612632,0.0,6.794755058904528,2.69263392390011,-0.023692192990420736,-0.031811086977353784
553,interaction_confounding_n500_p300_k2_random_forest,500,300,500,300,2,interaction_confounding,random_forest,10,False,0.3307354492184227,0.345838625967112,0.3307354492184227,0.3327769042177593,0.0,0.1998496878129513,0.1998496878129513,0.03879476784659213,0.05098206321758958,1.3141479134297236,0.7609493495980632,0.0,10,10,0,6.533359412779712,0.9045904414122794,250.0,250.0,1.1999999999999997,1.2,9.361872812694822e+17,5.66399125057421e+18,-1.2135065942839637e-15,-1.4309252101513501e-15,0.0,6.94673858672208,2.561391782618982,-0.01692365142561394,-0.01853485504362449
573,interaction_confounding_n500_p300_k5_random_forest,500,300,500,300,5,interaction_confounding,random_forest,10,False,0.3238691910343306,0.33005185447734586,0.3238691910343306,0.32819666256731594,0.0,0.19827513500071797,0.19827513500071797,0.05599401177400761,0.05058039158181578,0.9033178723817601,1.107030017421575,0.0,10,10,0,6.397965668078052,0.8295522611855084,400.0,100.0,0.75,0.75,175.33811826377726,229.7182524741938,0.019855642557651522,0.0153298521877263,0.0,6.951835206979725,2.634131460664375,-0.029496833322111348,-0.01990551251332117
593,interaction_confounding_n500_p300_k10_random_forest,500,300,500,300,10,interaction_confounding,random_forest,10,False,0.32451209539889464,0.33224514792386106,0.32451209539889464,0.3285321056825265,0.0,0.20243642657377586,0.20243642657377586,0.05400868658541509,0.05164194555453461,0.9561785116337264,1.0458298192577036,0.0,10,10,0,6.496815387146351,1.4823539825804122,450.0,50.0,0.6666666666666667,0.6666666666666666,90.00161756055725,105.04206236860388,0.0361138090942438,0.0310063075760515,0.0,7.057105035251422,2.6770323208463056,-0.029642003940159773,-0.03625731169987738
613,interaction_confounding_n1000_p25_k2_random_forest,1000,25,1000,25,2,interaction_confounding,random_forest,10,False,0.3078350399866994,0.30686730553274744,0.3078350399866994,0.3087773315008511,0.0,0.1335018648327682,0.1335018648327682,0.02540841079410266,0.03405659817162449,1.3403671110169981,0.7460642623805162,0.0,10,10,0,9.058840058400824,0.8112107047946477,500.0,500.0,0.05,0.05,2.335250255900231,2.7192214065615063,0.6201978897552832,0.5558721826056142,0.0,6.458873596738465,2.4610643590520485,0.02761867306983174,0.02613327356735609
633,interaction_confounding_n1000_p25_k5_random_forest,1000,25,1000,25,5,interaction_confounding,random_forest,10,False,0.29138512578439,0.30199495605494286,0.29138512578439,0.29415022575816674,0.0,0.14090800014202992,0.14090800014202992,0.042414145769171206,0.035945918403579025,0.8474983464056083,1.1799433051889463,0.0,10,10,0,8.158943392500225,1.2228826089225762,800.0,200.0,0.03125,0.03125,1.944047036496422,2.166610036874831,0.699348136915358,0.641510675793188,0.0,6.288796438078837,2.4461688657342826,0.05164543394937908,0.03632772618323906
653,interaction_confounding_n1000_p25_k10_random_forest,1000,25,1000,25,10,interaction_confounding,random_forest,10,False,0.30728507196411436,0.3128729685265339,0.30728507196411436,0.30895513879386977,0.0,0.1473346952603626,0.1473346952603626,0.03381587949056548,0.03758538144397002,1.1114713563625107,0.899708295922874,0.0,10,10,0,8.2627358945368,1.0870313606309778,900.0,100.0,0.0277777777777777,0.0277777777777777,1.8634988186143233,2.031201135976893,0.7124617945540177,0.6564375340684874,0.0,6.335635623300715,2.4184690715296937,0.05852350952614378,0.05198410759736962
673,interaction_confounding_n1000_p50_k2_random_forest,1000,50,1000,50,2,interaction_confounding,random_forest,10,False,0.3104055214729972,0.3069347708223499,0.3104055214729972,0.3114436950305058,0.0,0.14267846913506355,0.14267846913506355,0.026782818151679377,0.036397568656903925,1.358989500312224,0.7358408580568523,0.0,10,10,0,8.593409285461039,0.9437110493950177,500.0,500.0,0.1,0.1,3.512390684903128,3.907313552790796,0.4822094573459478,0.4419677536423011,0.0,6.741014586555833,2.5453235980900137,0.00024702296941074076,-0.005769748149312059
693,interaction_confounding_n1000_p50_k5_random_forest,1000,50,1000,50,5,interaction_confounding,random_forest,10,False,0.2976875714661033,0.3065052572757626,0.2976875714661033,0.29887365390274845,0.0,0.1378246130319971,0.1378246130319971,0.028039075745455586,0.0351593400591829,1.2539407638955904,0.7974858372841488,0.0,10,10,0,8.476524139002837,0.6711237046381731,800.0,200.0,0.0625,0.0625,2.6477711948709852,2.8957311608655405,0.579038076036654,0.5480337573830228,0.0,6.622516495954041,2.578278342145229,0.010937145420012178,0.0003598681125466099
713,interaction_confounding_n1000_p50_k10_random_forest,1000,50,1000,50,10,interaction_confounding,random_forest,10,False,0.3097163503994188,0.3133499480919708,0.3097163503994188,0.31089941915767066,0.0,0.141896573211331,0.141896573211331,0.028562429243120583,0.036198105411053796,1.267332869446751,0.7890586791428728,0.0,10,10,0,8.577011879787158,0.9600588267083516,900.0,100.0,0.05555555555555549,0.0555555555555555,2.5178079656185957,2.693915254804017,0.596437422807073,0.5638368363155468,0.0,6.5841118922872415,2.5046929721029505,0.007557285803998981,0.009951122826965721
733,interaction_confounding_n1000_p100_k2_random_forest,1000,100,1000,100,2,interaction_confounding,random_forest,10,False,0.311342086220672,0.3058010426699932,0.311342086220672,0.3119457042086025,0.0,0.1425521595142874,0.1425521595142874,0.020445801578281127,0.03636534681486921,1.778621722197425,0.562233097414629,0.0,10,10,0,8.60332378534265,0.7901516065293769,500.0,500.0,0.2,0.2,6.4094935499159345,6.913173845475815,0.32060554574161815,0.2956048016019645,0.0,6.527899103450127,2.458268775003914,-0.00787460392189741,-0.008729212556486189
753,interaction_confounding_n1000_p100_k5_random_forest,1000,100,1000,100,5,interaction_confounding,random_forest,10,False,0.3084575871957317,0.31225975635074277,0.3084575871957317,0.30916309712851653,0.0,0.1491354764614253,0.1491354764614253,0.022003472642192014,0.038044764403424795,1.7290345493226076,0.5783574425344913,0.0,10,10,0,8.215027302043108,1.1539928067204366,800.0,200.0,0.125,0.125,4.212329487248617,4.516737596223249,0.42760552067701296,0.3971322185691164,0.0,6.836812853040277,2.5850799275244394,-0.007538655110528899,-0.0058305118242603
773,interaction_confounding_n1000_p100_k10_random_forest,1000,100,1000,100,10,interaction_confounding,random_forest,10,False,0.31579023329418493,0.30363043892291264,0.31579023329418493,0.31841952860374256,0.0,0.14197831117323717,0.14197831117323717,0.04304422470273914,0.03621895693194821,0.8414359227532655,1.1884446253826393,0.0,10,10,0,8.751428812875387,1.2892303552817206,900.0,100.0,0.11111111111111112,0.1111111111111111,3.848033309354566,4.236246438748345,0.4573128616326917,0.4204686693008173,0.0,6.750286144165742,2.5185236296601863,-0.0087163556986529,-0.01668656596912781
793,interaction_confounding_n1000_p150_k2_random_forest,1000,150,1000,150,2,interaction_confounding,random_forest,10,False,0.31660433192702675,0.3364865240277023,0.31660433192702675,0.31930719409722114,0.0,0.14376572004833282,0.14376572004833282,0.04370076540496182,0.03667492858375835,0.8392285179424855,1.1915705658473972,0.0,10,10,0,8.624598193369,1.0089138975139722,500.0,500.0,0.29999999999999993,0.3,10.817971015326675,11.932759481995216,0.21660788378624657,0.1975303995350036,0.0,6.697430602094163,2.547370906206832,-0.012976442176543642,-0.015362057445301081
813,interaction_confounding_n1000_p150_k5_random_forest,1000,150,1000,150,5,interaction_confounding,random_forest,10,False,0.2943621930837746,0.29528872971880016,0.2943621930837746,0.2966022703425421,0.0,0.14505434733871447,0.14505434733871447,0.03835225699951303,0.037003660035386285,0.9648365684412298,1.0364449614669764,0.0,10,10,0,8.007970473209545,1.1337849447034722,800.0,200.0,0.1875,0.1875,6.078061830704331,6.823117361655124,0.3318383131688263,0.3044473279238349,0.0,6.677512576643764,2.6145122988429508,-0.006693340235478131,-0.00994468670418053
833,interaction_confounding_n1000_p150_k10_random_forest,1000,150,1000,150,10,interaction_confounding,random_forest,10,False,0.31143556360986796,0.30911210170327375,0.31143556360986796,0.31316203892399613,0.0,0.13941181647928808,0.13941181647928808,0.03461458173850326,0.03556423889777756,1.0274351764943603,0.97329741367434,0.0,10,10,0,8.747417665128053,0.7998082591913781,900.0,100.0,0.16666666666666657,0.1666666666666666,5.459171255053916,5.889356611989436,0.357781169685409,0.3281288231325398,0.0,6.946542266653511,2.641003758057257,-0.01633811365983636,-0.01823706475316835
853,interaction_confounding_n1000_p300_k2_random_forest,1000,300,1000,300,2,interaction_confounding,random_forest,10,False,0.33052691076040797,0.34178087486413666,0.33052691076040797,0.33440868512481137,0.0,0.14169767444766732,0.14169767444766732,0.05355298466717655,0.03614736593052737,0.6749832181189829,1.4815183150579083,0.0,10,10,0,9.149887517954864,1.3962125554186584,500.0,500.0,0.5999999999999999,0.6,57.027279965730976,65.87114477042853,0.05447814319662425,0.0483935467415222,0.0,6.738296951397652,2.5256276822791466,-0.00813043434156455,-0.00788775523327528
873,interaction_confounding_n1000_p300_k5_random_forest,1000,300,1000,300,5,interaction_confounding,random_forest,10,False,0.30307987970460504,0.31616238664198426,0.30307987970460504,0.30634871367709643,0.0,0.1476373464816812,0.1476373464816812,0.04704750424191545,0.03766258838818391,0.8005225568294789,1.2491840379371248,0.0,10,10,0,8.063422357015678,1.2014313668659846,800.0,200.0,0.375,0.375,16.875274969496836,18.937890722234467,0.15261002209368202,0.1396331641382436,0.0,6.713105512160257,2.582725375453033,-0.01247173398566254,-0.01611162178489612
893,interaction_confounding_n1000_p300_k10_random_forest,1000,300,1000,300,10,interaction_confounding,random_forest,10,False,0.3304888581928992,0.33046726085583455,0.3304888581928992,0.3317567992142735,0.0,0.13643871899627932,0.13643871899627932,0.030544838357432554,0.034805795662316126,1.1394984401299588,0.8775790863618479,0.0,10,10,0,9.531580404328398,1.093141757861331,900.0,100.0,0.33333333333333337,0.3333333333333333,13.297258396879858,14.589851719717686,0.18469488388651678,0.1682092981578616,0.0,6.688691470110231,2.500572821201542,-0.01549978314538732,-0.01532660303056663
14,interaction_confounding_n250_p25_k2_gradient_boosting,250,25,250,25,2,interaction_confounding,gradient_boosting,10,False,0.2036137266771798,0.20796749709336093,0.2036137266771798,0.2236863187110019,0.3,0.2981136925753485,0.2981136925753485,0.09762182979408422,0.07604941137126234,0.7790205482900183,1.2836631873126332,0.0,10,10,0,2.7447376154943517,1.4770939544784305,125.0,125.0,0.2,0.2,5.939818741302766,7.614714529201288,0.33220268578695994,0.2515813979127006,0.0,7.448512448948591,2.9233161558321195,-0.1262632074760905,-0.1871718640166137
34,interaction_confounding_n250_p25_k5_gradient_boosting,250,25,250,25,5,interaction_confounding,gradient_boosting,10,False,0.18521768476728867,0.1817307802878828,0.18539959477920626,0.21007211403629625,0.2,0.2974118725698718,0.2974118725698718,0.104481270757139,0.07587037565557951,0.7261624509902453,1.377102325569617,0.0,10,10,0,2.313772301073629,1.1269495814936465,200.0,50.0,0.125,0.125,3.793850062997926,4.301999138382351,0.45800328256024836,0.4152131756543751,0.0,6.5626698081486925,2.695182356493823,0.00205126962681393,-0.12431417649723035
54,interaction_confounding_n250_p25_k10_gradient_boosting,250,25,250,25,10,interaction_confounding,gradient_boosting,10,False,0.19241754185900672,0.21225014337744064,0.19661456736190847,0.2155727451889869,0.4,0.33063937302238344,0.33063937302238344,0.10245377306241994,0.08434677883224065,0.8232666920021812,1.214673215514166,0.0,10,10,0,2.3109870522653506,1.24518473372924,225.0,25.0,0.11111111111111112,0.1111111111111111,3.5354847057129626,4.243055910771608,0.48783477884805915,0.4196955279450137,0.0,6.663310145765097,2.700879609078448,-0.04503076735422904,-0.1413667586627783
74,interaction_confounding_n250_p50_k2_gradient_boosting,250,50,250,50,2,interaction_confounding,gradient_boosting,10,False,0.25839915927130097,0.23276760532492224,0.25839915927130097,0.2764089372579961,0.3,0.29218649063588004,0.29218649063588004,0.1034503374355684,0.07453737006017343,0.7205135517957809,1.3878989472267906,0.0,10,10,0,3.5243767632271785,1.4744607628366664,125.0,125.0,0.4,0.4,17.410804192051305,20.68267060847053,0.1472867323467401,0.1253482785815031,0.0,8.860558706820926,3.3334593274373,-0.19551290519688647,-0.25331660636926356
94,interaction_confounding_n250_p50_k5_gradient_boosting,250,50,250,50,5,interaction_confounding,gradient_boosting,10,False,0.2197491581309646,0.22120689291207418,0.2197491581309646,0.23663516886251415,0.1,0.2869879254695624,0.2869879254695624,0.09253534245731262,0.07321120547692916,0.7911702008419339,1.2639505367313344,0.0,10,10,0,2.99079671998211,1.1985158331198336,200.0,50.0,0.25,0.25,7.9085844779698915,9.304263155208568,0.2717051520188577,0.2242029787515564,0.0,7.372548368925028,2.9918825693007407,-0.14861898063685824,-0.15601592214866827
114,interaction_confounding_n250_p50_k10_gradient_boosting,250,50,250,50,10,interaction_confounding,gradient_boosting,10,False,0.1878784877027242,0.2176840386896306,0.18953034125951446,0.21596267805464975,0.3,0.2940815865887894,0.2940815865887894,0.11225740347311726,0.07502081290530335,0.6682927859031489,1.4963501343929264,0.0,10,10,0,2.5314505761231514,1.4972123830077602,225.0,25.0,0.22222222222222224,0.2222222222222222,6.987341975993564,8.30827348568324,0.29985065066200844,0.2370616039423364,0.0,6.683725881105479,2.6282560070383134,-0.17361725329353603,-0.19376211145348685
134,interaction_confounding_n250_p100_k2_gradient_boosting,250,100,250,100,2,interaction_confounding,gradient_boosting,10,False,0.21089813128140103,0.2143762492362309,0.21089813128140103,0.22069166443407226,0.2,0.27101100204415884,0.27101100204415884,0.06853052014892595,0.0691354597051425,1.0088273013965445,0.9912499380376356,0.0,10,10,0,3.018427858508395,0.8583585496581463,125.0,125.0,0.8,0.8,245.17687106291973,373.381192787068,0.01501183258061676,0.0088046964601642,0.0,7.592559363150033,3.0713597225515192,-0.18897552826486327,-0.23838529913827827
154,interaction_confounding_n250_p100_k5_gradient_boosting,250,100,250,100,5,interaction_confounding,gradient_boosting,10,False,0.26229321014866197,0.3166372116536851,0.26229321014866197,0.28057687845472645,0.2,0.2843478534203675,0.2843478534203675,0.10501670043541855,0.07253771770927735,0.6907255456372428,1.4477530276912371,0.0,10,10,0,3.736735603517419,1.5852606954017343,200.0,50.0,0.5,0.5,30.619017463157338,37.636080648764846,0.09381073806813385,0.0777578392247143,0.0,7.813416728817467,2.931090426671761,-0.2110542633542288,-0.19930965066330125
174,interaction_confounding_n250_p100_k10_gradient_boosting,250,100,250,100,10,interaction_confounding,gradient_boosting,10,False,0.26424462793303727,0.23945214814107896,0.26424462793303727,0.27519580801476234,0.0,0.3315597337600088,0.3315597337600088,0.08101789485065508,0.0845815647346961,1.0439862068819503,0.957867061277253,0.0,10,10,0,3.1545197813304013,1.040430920484995,225.0,25.0,0.4444444444444445,0.4444444444444444,23.33372220631631,28.57639804431417,0.11725666673055316,0.0967431430384002,0.0,8.180016848584557,3.0211406008516803,-0.1948971154899457,-0.20143131763957745
194,interaction_confounding_n250_p150_k2_gradient_boosting,250,150,250,150,2,interaction_confounding,gradient_boosting,10,False,0.22177985324475827,0.2324868696398984,0.22177985324475827,0.22771270012118702,0.1,0.2896338625797966,0.2896338625797966,0.05443416503972826,0.07388618943362156,1.3573495502263409,0.7367299011763389,0.0,10,10,0,3.003894289996712,0.707337004536466,125.0,125.0,1.1999999999999997,1.2,7.134977413276718e+17,5.060009453641252e+18,-8.262474092057798e-16,-1.0641561186272825e-15,0.0,7.905261597042712,3.085545205353186,-0.20587284048021356,-0.20720520965260944
214,interaction_confounding_n250_p150_k5_gradient_boosting,250,150,250,150,5,interaction_confounding,gradient_boosting,10,False,0.22914644007371815,0.25343664784304554,0.22914644007371815,0.24244345500955888,0.2,0.27670574274610527,0.27670574274610527,0.083471471364066,0.07058819968012883,0.8456565881324173,1.1825131076060567,0.0,10,10,0,3.2663745034199665,1.1426376156192994,200.0,50.0,0.75,0.75,167.16154079605764,229.620208917006,0.0207662319807522,0.0149478829212367,0.0,7.846740629537058,3.0565979909964214,-0.1917235817424834,-0.17313944973612688
234,interaction_confounding_n250_p150_k10_gradient_boosting,250,150,250,150,10,interaction_confounding,gradient_boosting,10,False,0.23135012687355488,0.22734639252360944,0.23135012687355488,0.23747215233917046,0.1,0.28147355606112,0.28147355606112,0.056471644135089975,0.07180447858702038,1.271513866592083,0.7864640931366359,0.0,10,10,0,3.2747362406591023,0.8863379025982867,225.0,25.0,0.6666666666666667,0.6666666666666666,84.92993473828143,113.113692501056,0.03816745836731406,0.0282787288435183,0.0,7.208150136067937,2.837973880018194,-0.14359138340530728,-0.1846972566492325
254,interaction_confounding_n250_p300_k2_gradient_boosting,250,300,250,300,2,interaction_confounding,gradient_boosting,10,False,0.22819517838065542,0.22733550181492956,0.22819517838065542,0.23635380187203592,0.1,0.2849221576961524,0.2849221576961524,0.06489376124085393,0.07268422390207964,1.1200494856864796,0.892817694913809,0.0,10,10,0,3.141833744667025,0.8049874396288517,125.0,125.0,2.3999999999999995,2.4,4.712426423737235e+19,8.415270949555603e+20,-2.245765414937955e-15,-2.6051619550167684e-15,0.0,7.844534039325524,3.096971722901457,-0.21097975589875975,-0.2078190143665513
274,interaction_confounding_n250_p300_k5_gradient_boosting,250,300,250,300,5,interaction_confounding,gradient_boosting,10,False,0.23477828387180572,0.2469472119380839,0.23477828387180572,0.24138318174670786,0.0,0.27947220671010436,0.27947220671010436,0.0591138059863627,0.07129393028318984,1.2060453407387952,0.8291562234197789,0.0,10,10,0,3.2891987382409225,0.7748220215354562,200.0,50.0,1.5,1.5,3.5797312789463583e+18,3.722154977877448e+19,-1.6992901226557085e-15,-1.8492854804208058e-15,0.0,7.640219001517805,2.961789125522736,-0.1304577629854754,-0.16927982953968157
294,interaction_confounding_n250_p300_k10_gradient_boosting,250,300,250,300,10,interaction_confounding,gradient_boosting,10,False,0.22223438593553824,0.20536262749704992,0.22223438593553824,0.23849280796793162,0.1,0.2757998220300918,0.2757998220300918,0.09123046007095906,0.07035709745665604,0.77120182669179,1.2966774265689711,0.0,10,10,0,3.163911119461493,1.2950729937952261,225.0,25.0,1.3333333333333337,1.3333333333333333,2.259145685780217e+18,3.5425531217155604e+19,-1.4857736085119922e-15,-1.789982764869692e-15,0.0,7.478015666188156,2.9315662294202482,-0.19081136909870908,-0.23456387373668597
314,interaction_confounding_n500_p25_k2_gradient_boosting,500,25,500,25,2,interaction_confounding,gradient_boosting,10,False,0.1644255670987889,0.1502660146440593,0.1644255670987889,0.17497669680483713,0.1,0.2170760777405339,0.2170760777405339,0.0630791153056891,0.055376550444013684,0.8778904107271028,1.1390943422787376,0.0,10,10,0,3.067001035807124,1.2917995396861608,250.0,250.0,0.1,0.1,3.306425970651766,3.632625023889936,0.49816187984657245,0.4494283328882956,0.0,6.098759464540852,2.6024354866533472,0.1085777497544348,-0.01289564268808811
334,interaction_confounding_n500_p25_k5_gradient_boosting,500,25,500,25,5,interaction_confounding,gradient_boosting,10,False,0.1048724450067827,0.13885361208837765,0.11691676299494606,0.12940010555996911,0.4,0.2027158522654496,0.2027158522654496,0.07990381438003019,0.051713227618737055,0.6471934790595102,1.5451329970956782,0.0,10,10,0,1.9472241878632068,1.5441987405894437,400.0,100.0,0.0625,0.0625,2.595491546931595,2.9415366943506287,0.5870981842446088,0.5442345144901294,0.0,5.182776793084653,2.335988933254643,0.23215974009462012,0.09337337317908426
354,interaction_confounding_n500_p25_k10_gradient_boosting,500,25,500,25,10,interaction_confounding,gradient_boosting,10,False,0.11121931924572556,0.10712907628531732,0.11121931924572556,0.12664686116489543,0.4,0.20308181917893772,0.20308181917893772,0.06385478725147206,0.05180658652523916,0.8113187554946375,1.2325611767600873,0.0,10,10,0,2.1209259491810912,1.1992390927973624,450.0,50.0,0.05555555555555549,0.0555555555555555,2.3945738167243227,2.674564415057186,0.612556050301065,0.5627899199687736,0.0,5.044567474796909,2.226483837791189,0.22349986882183467,0.06921983409095872
374,interaction_confounding_n500_p50_k2_gradient_boosting,500,50,500,50,2,interaction_confounding,gradient_boosting,10,False,0.24321189791600867,0.2676839394092545,0.24321189791600867,0.2511133058773334,0.0,0.2130796942864225,0.2130796942864225,0.0658775387513002,0.0543570648689853,0.8251228855739919,1.2119406908758272,0.0,10,10,0,4.486681439335437,1.2028137633153981,250.0,250.0,0.2,0.2,6.045261848553391,6.9574213684585615,0.33677866454466476,0.3061642790548809,0.0,7.335282188253037,2.7934155707667125,-0.06416192507739608,-0.11788515900084633
394,interaction_confounding_n500_p50_k5_gradient_boosting,500,50,500,50,5,interaction_confounding,gradient_boosting,10,False,0.17068085058460475,0.15272289433260922,0.17068085058460475,0.18487388807461494,0.1,0.21033859251352113,0.21033859251352113,0.07488065864754456,0.05365780421263293,0.7165776207337412,1.395522231040439,0.0,10,10,0,3.18640418478577,1.3488489296391986,400.0,100.0,0.125,0.125,4.047009330766822,4.633769653577687,0.43809277219992104,0.4013713424697451,0.0,6.079304324246698,2.5220794599071388,0.0871788182207748,0.0022551167625657607
414,interaction_confounding_n500_p50_k10_gradient_boosting,500,50,500,50,10,interaction_confounding,gradient_boosting,10,False,0.13993992955697226,0.13409054516676688,0.13993992955697226,0.1538761946177255,0.3,0.2158927279427291,0.2158927279427291,0.06745121187958147,0.0550746754955941,0.8165112821681719,1.2247228199279627,0.0,10,10,0,2.5464800157501313,1.2346039070041717,450.0,50.0,0.11111111111111112,0.1111111111111111,3.68583122664685,4.03905726190827,0.47228350643180156,0.4290982246824042,0.0,5.853175216905736,2.4769593432782395,0.10232795201898895,-0.013328971950506885
434,interaction_confounding_n500_p100_k2_gradient_boosting,500,100,500,100,2,interaction_confounding,gradient_boosting,10,False,0.2179480095055514,0.22337535530302244,0.2179480095055514,0.21997490455490765,0.0,0.2092519018026325,0.2092519018026325,0.031404596027913664,0.05338058719454908,1.6997699046057548,0.5883149226788671,0.0,10,10,0,4.0992220878732315,0.6434882664433418,250.0,250.0,0.4,0.4,18.34792726594333,21.598145881985577,0.14070335728878017,0.1210779657250163,0.0,7.220078271601009,2.857179917264942,-0.07918854175213823,-0.1135989687160212
454,interaction_confounding_n500_p100_k5_gradient_boosting,500,100,500,100,5,interaction_confounding,gradient_boosting,10,False,0.21208017766686044,0.2157909543702481,0.21208017766686044,0.21551552852070355,0.0,0.21105759284934025,0.21105759284934025,0.04039996251856198,0.05384122266564798,1.3327047677559192,0.7503537348964802,0.0,10,10,0,3.944300640007886,0.7380126329664174,400.0,100.0,0.25,0.25,8.407836076401761,9.269153939933773,0.2597818375281301,0.2363162908153723,0.0,6.819331850311734,2.7732759720420663,-0.009162173563720538,-0.09215064560709238
474,interaction_confounding_n500_p100_k10_gradient_boosting,500,100,500,100,10,interaction_confounding,gradient_boosting,10,False,0.18484754514140564,0.18318670830641914,0.18484754514140564,0.18758329888106273,0.0,0.21325021841154776,0.21325021841154776,0.03364651334583189,0.05440056592131316,1.6168262477054633,0.6184956493742979,0.0,10,10,0,3.423672863750948,0.6475671677224472,450.0,50.0,0.22222222222222224,0.2222222222222222,7.254737183896492,8.058799613574665,0.2907751498635521,0.259181920534615,0.0,6.566040698099828,2.7986450521030113,0.026046844142585908,-0.09653647315651381
494,interaction_confounding_n500_p150_k2_gradient_boosting,500,150,500,150,2,interaction_confounding,gradient_boosting,10,False,0.23300646774441916,0.23823422415788564,0.23300646774441916,0.23995717927955523,0.0,0.2046776702036651,0.2046776702036651,0.06043760673500451,0.05221369137848595,0.8639271837388062,1.1575049597031004,0.0,10,10,0,4.470870632706622,1.192648449056385,250.0,250.0,0.5999999999999999,0.6,55.05308289569117,63.553786376746935,0.056382535671569346,0.0483232215428762,0.0,7.549192619996807,2.9532731937410985,-0.12698556755363416,-0.14941335321914223
514,interaction_confounding_n500_p150_k5_gradient_boosting,500,150,500,150,5,interaction_confounding,gradient_boosting,10,False,0.2317877373695758,0.24238926241399872,0.2317877373695758,0.24176672684211087,0.0,0.20705562788130055,0.20705562788130055,0.07246144578740076,0.05282031323502563,0.7289436839281196,1.3718480892943836,0.0,10,10,0,4.377893953950467,1.1757461848915385,400.0,100.0,0.375,0.375,16.1177284692563,18.22743746521142,0.15831792876453593,0.1442934509109743,0.0,6.848511094425173,2.673332554264559,-0.030257960084992784,-0.07565358446568353
534,interaction_confounding_n500_p150_k10_gradient_boosting,500,150,500,150,10,interaction_confounding,gradient_boosting,10,False,0.18554205205197066,0.17440005657606727,0.18554205205197066,0.19231796352059932,0.0,0.207723012754568,0.207723012754568,0.05333693751420079,0.05299056447820612,0.993505944432928,1.0065365039871792,0.0,10,10,0,3.4879651866790766,0.814699303776931,450.0,50.0,0.33333333333333337,0.3333333333333333,13.01943427427383,15.234211653759129,0.18719194940681125,0.1607806500838426,0.0,6.67988549395689,2.7703350905655717,-0.01107546180957899,-0.12927718522740045
554,interaction_confounding_n500_p300_k2_gradient_boosting,500,300,500,300,2,interaction_confounding,gradient_boosting,10,False,0.2603624324307033,0.2693433111621426,0.2603624324307033,0.2677964711633121,0.0,0.20550104031418887,0.20550104031418887,0.06605009669679292,0.05242373477402773,0.7936965636050792,1.2599273398108997,0.0,10,10,0,4.958089708364332,1.1007368108010886,250.0,250.0,1.1999999999999997,1.2,9.367871983650079e+17,3.059405924394588e+18,-1.2083407178352035e-15,-1.4231670691135402e-15,0.0,7.5290600873271885,2.845874848814442,-0.13014756485480214,-0.12813392719685993
574,interaction_confounding_n500_p300_k5_gradient_boosting,500,300,500,300,5,interaction_confounding,gradient_boosting,10,False,0.2530194758262682,0.24780792727002754,0.2530194758262682,0.2615712942626154,0.0,0.2171464795187708,0.2171464795187708,0.06992604692594256,0.05539451008131905,0.7921870678602265,1.262328104775929,0.0,10,10,0,4.621983511779033,1.3294102524104867,400.0,100.0,0.75,0.75,173.44561991383824,237.20363546321389,0.019940583996065443,0.0144996143792092,0.0,7.015988413196203,2.633476305258037,-0.0784731473631524,-0.06711874306117394
594,interaction_confounding_n500_p300_k10_gradient_boosting,500,300,500,300,10,interaction_confounding,gradient_boosting,10,False,0.22966231810937945,0.22592577164224348,0.22966231810937945,0.23273382818346725,0.0,0.19978281108583157,0.19978281108583157,0.03972480923047482,0.050965002828018205,1.282951480832298,0.7794527033487371,0.0,10,10,0,4.566443621273791,1.0103989951083256,450.0,50.0,0.6666666666666667,0.6666666666666666,90.60628897633936,108.44497524612945,0.036181705826796966,0.0295102437099242,0.0,7.148088209154241,2.8878829839698463,-0.03730552408613121,-0.09728707119254121
614,interaction_confounding_n1000_p25_k2_gradient_boosting,1000,25,1000,25,2,interaction_confounding,gradient_boosting,10,False,0.08886758968327613,0.0894427512000685,0.08886758968327613,0.09735646309672713,0.4,0.15146121610483246,0.15146121610483246,0.041910386018388035,0.03863806533286539,0.9219210082177022,1.0846916287689805,0.0,10,10,0,2.2743626652205915,1.0008089645540272,500.0,500.0,0.05,0.05,2.335515006556759,2.554773710266891,0.6223188167499251,0.564996733976009,0.0,4.758425152491797,2.1409592636386034,0.2624758601380989,0.13591352792554015
634,interaction_confounding_n1000_p25_k5_gradient_boosting,1000,25,1000,25,5,interaction_confounding,gradient_boosting,10,False,0.05182250113963695,0.05532255223957838,0.055338229827295825,0.06363291520989374,0.7,0.1485509303452733,0.1485509303452733,0.03892408956677162,0.03789564549624315,0.9735782112831632,1.0271388455602484,0.0,10,10,0,1.3354682585821245,0.9800341373522083,800.0,200.0,0.03125,0.03125,1.9134663854911218,2.100391396741401,0.6984907745715916,0.6300059471302966,0.0,4.237813022478251,2.003111094403301,0.37404905011347317,0.2179514799346781
654,interaction_confounding_n1000_p25_k10_gradient_boosting,1000,25,1000,25,10,interaction_confounding,gradient_boosting,10,False,0.03724810460234349,0.03493760731068318,0.04334541932223228,0.05777322423602917,0.9,0.15359182358254592,0.15359182358254592,0.04655133536883277,0.039181587648608594,0.8416855786878588,1.1880921157743307,0.0,10,10,0,0.9378308402167397,1.1666660512629592,900.0,100.0,0.0277777777777777,0.0277777777777777,1.85312535477916,1.9959230161485264,0.712464449691405,0.6668154931838047,0.0,4.045962185972543,1.8995783731499523,0.38316134519940526,0.2246905956417833
674,interaction_confounding_n1000_p50_k2_gradient_boosting,1000,50,1000,50,2,interaction_confounding,gradient_boosting,10,False,0.14759503558906123,0.15677468478439138,0.14759503558906123,0.1527917193374107,0.1,0.14643674478966764,0.14643674478966764,0.04164686152702179,0.03735631244634373,0.8969778532316482,1.1148547273460339,0.0,10,10,0,3.9519443739704068,1.1001667807917999,500.0,500.0,0.1,0.1,3.4616977587418183,3.8233531588687297,0.4902652049877031,0.4579267223285169,0.0,5.694833497017109,2.4431357317803806,0.17215054027586232,0.04959573108038049
694,interaction_confounding_n1000_p50_k5_gradient_boosting,1000,50,1000,50,5,interaction_confounding,gradient_boosting,10,False,0.06915322011458211,0.07436602834592798,0.06915322011458211,0.07543328117313736,0.6,0.15729033564664824,0.15729033564664824,0.031763222204474764,0.040125085624144914,1.263256144664446,0.791605094678266,0.0,10,10,0,1.7088890719569725,0.7579755281412941,800.0,200.0,0.0625,0.0625,2.613641637612369,2.755439002464798,0.583838410077223,0.54901806149531,0.0,4.8341902075499394,2.2651174772235225,0.2921067501030531,0.12687554933139047
714,interaction_confounding_n1000_p50_k10_gradient_boosting,1000,50,1000,50,10,interaction_confounding,gradient_boosting,10,False,0.08596093453101253,0.08137550168544538,0.08596093453101253,0.09165582092524567,0.5,0.15438188920108545,0.15438188920108545,0.03352457214965496,0.03938313500027685,1.1747542914036022,0.8512418361163806,0.0,10,10,0,2.219401727629103,0.9468160277691772,900.0,100.0,0.05555555555555549,0.0555555555555555,2.4859125267339683,2.660590591620345,0.6048504334161013,0.5708852420186539,0.0,4.670597419407438,2.0923406794641948,0.30596325013237347,0.17286174468478327
734,interaction_confounding_n1000_p100_k2_gradient_boosting,1000,100,1000,100,2,interaction_confounding,gradient_boosting,10,False,0.18908587014007133,0.1899773843187681,0.18908587014007133,0.1969175736158464,0.0,0.1485560414864481,0.1485560414864481,0.05795654034729018,0.037896949358787735,0.6538856379573328,1.5293194129846477,0.0,10,10,0,4.965627108229494,1.326279970979597,500.0,500.0,0.2,0.2,6.402036973216477,7.104048420170087,0.3199716833576651,0.293784648840064,0.0,6.383712895776602,2.640868694707725,0.0559695374663293,-0.04117803873349847
754,interaction_confounding_n1000_p100_k5_gradient_boosting,1000,100,1000,100,5,interaction_confounding,gradient_boosting,10,False,0.16547704612983433,0.15869119451050928,0.16547704612983433,0.1725740871395263,0.0,0.15527775468750085,0.15527775468750085,0.051630769854435384,0.03961167211415835,0.7672105650533018,1.3034231351213539,0.0,10,10,0,4.224386165236986,1.361844017001405,800.0,200.0,0.125,0.125,4.175766545731152,4.5597979506179325,0.43280663156432275,0.3984569688811812,0.0,5.746297843139663,2.439274287442434,0.13288402638804322,0.026992141403027796
774,interaction_confounding_n1000_p100_k10_gradient_boosting,1000,100,1000,100,10,interaction_confounding,gradient_boosting,10,False,0.12022589958503697,0.11697592152649916,0.12022589958503697,0.1275317697601514,0.2,0.15125408545746874,0.15125408545746874,0.04484647102584642,0.03858522588200729,0.8603848864667505,1.1622705323272144,0.0,10,10,0,3.0885032730000765,1.0637810147096636,900.0,100.0,0.11111111111111112,0.1111111111111111,3.7881122254578097,4.220497700601052,0.4586276629646762,0.417919766275838,0.0,5.234335446363614,2.3075888971828764,0.20243228294125953,0.048053351983552574
794,interaction_confounding_n1000_p150_k2_gradient_boosting,1000,150,1000,150,2,interaction_confounding,gradient_boosting,10,False,0.206789372237276,0.2009876179046387,0.206789372237276,0.211016507436388,0.0,0.14176664479379292,0.14176664479379292,0.04429850687682498,0.036164960406579794,0.816392311080347,1.2249012961387173,0.0,10,10,0,5.701904888405084,1.0313174638028046,500.0,500.0,0.29999999999999993,0.3,11.357903898740222,12.807912068825708,0.20747455180418917,0.1766941745350479,0.0,6.640533159288841,2.752445283271917,0.022408614312322977,-0.0625336727299162
814,interaction_confounding_n1000_p150_k5_gradient_boosting,1000,150,1000,150,5,interaction_confounding,gradient_boosting,10,False,0.16679103768409265,0.1674249641251785,0.16679103768409265,0.17166757679332573,0.0,0.14486100180376266,0.14486100180376266,0.042824015463236574,0.03695433719483738,0.8629348928421209,1.1588359774240304,0.0,10,10,0,4.521702695709754,1.136112474300139,800.0,200.0,0.1875,0.1875,6.08119661791363,6.576011483912889,0.3311679223311731,0.3123315588907477,0.0,5.996868254497483,2.5787471793937797,0.13028272336335117,0.01606601059389564
834,interaction_confounding_n1000_p150_k10_gradient_boosting,1000,150,1000,150,10,interaction_confounding,gradient_boosting,10,False,0.13451863775819076,0.13399094532262734,0.13451863775819076,0.14081714898068892,0.1,0.1364190493854192,0.1364190493854192,0.04389641269486608,0.03480077790444367,0.7927932094668367,1.2613629734196543,0.0,10,10,0,3.9155153716454763,1.3428503147672854,900.0,100.0,0.16666666666666657,0.1666666666666666,5.401268192963522,5.877282300609201,0.36164844918964995,0.3362154661888332,0.0,5.514880741376815,2.465227240017464,0.14578709778697382,0.02365071227925089
854,interaction_confounding_n1000_p300_k2_gradient_boosting,1000,300,1000,300,2,interaction_confounding,gradient_boosting,10,False,0.2697073713296879,0.2713803378724484,0.2697073713296879,0.2711193912342782,0.0,0.14720084437238173,0.14720084437238173,0.02912917883565158,0.037551235809281,1.2891278542779088,0.7757182475590362,0.0,10,10,0,7.225555839254866,0.8509005553913949,500.0,500.0,0.5999999999999999,0.6,57.71973482567461,63.128781282780665,0.0538448705015885,0.0493681219587218,0.0,7.269922741442161,2.7905610789388193,-0.029399818992229754,-0.06955660664155072
874,interaction_confounding_n1000_p300_k5_gradient_boosting,1000,300,1000,300,5,interaction_confounding,gradient_boosting,10,False,0.1715304943097855,0.17107398855192035,0.1715304943097855,0.17513402769808747,0.0,0.1468480129661529,0.1468480129661529,0.037256128199787665,0.037461227797487964,1.0055051237906538,0.9945250166703278,0.0,10,10,0,4.584622258967343,0.9494012184197368,800.0,200.0,0.375,0.375,16.61942301662109,18.12649294510453,0.15423265553686724,0.1434926477108381,0.0,6.060719042871363,2.5292143188230805,0.05341439027461636,-0.03663613915022255
894,interaction_confounding_n1000_p300_k10_gradient_boosting,1000,300,1000,300,10,interaction_confounding,gradient_boosting,10,False,0.17052923315503274,0.1696079792408508,0.17052923315503274,0.1720253840400243,0.0,0.14350499557548813,0.14350499557548813,0.023863346921687397,0.03660841723864488,1.5340856150138167,0.651854101370342,0.0,10,10,0,4.6756100777261,0.6504688137053214,900.0,100.0,0.33333333333333337,0.3333333333333333,13.210620517264783,14.225074926249574,0.18579819840447037,0.1742803644824016,0.0,5.985725056672251,2.612043881966456,0.10733535307912825,-0.035301323920324
15,step_confounding_n250_p25_k2_ols,250,25,250,25,2,step_confounding,ols,10,False,0.2623298353408696,0.24454928208502646,0.2623298353408696,0.27945165181570425,0.1,0.2414698281878042,0.2414698281878042,0.10152330434468854,0.061599445966276554,0.6067517833849868,1.6481204132950942,0.0,10,10,0,4.313790738631895,1.6333811093823059,125.0,125.0,0.2,0.2,5.862533668100825,7.094145081183719,0.33940752867374085,0.2725726479432153,0.0,6.65626918353459,2.656137347783107,0.730715502372149,0.6905878677358641
35,step_confounding_n250_p25_k5_ols,250,25,250,25,5,step_confounding,ols,10,False,0.2861175301244471,0.28503723538976744,0.2861175301244471,0.2912695647425988,0.0,0.24257576935044148,0.24257576935044148,0.05749123895409397,0.06188157381388807,1.0763652852097991,0.9290526308687905,0.0,10,10,0,4.746960767915985,1.3811496258814122,200.0,50.0,0.125,0.125,3.741194158184686,4.59214036142638,0.4612800267491795,0.3819514944253202,0.0,6.107685268396609,2.406176733768514,0.7523638780358953,0.7042038352717827
55,step_confounding_n250_p25_k10_ols,250,25,250,25,10,step_confounding,ols,10,False,0.29492927842973754,0.3079794265987795,0.29492927842973754,0.2995062434014743,0.0,0.24148305937380798,0.24148305937380798,0.05498192189132651,0.06160282126882853,1.1204195697376391,0.8925227896850847,0.0,10,10,0,4.879834709976507,1.1625403119644462,225.0,25.0,0.11111111111111112,0.1111111111111111,3.6385867936026237,4.357240496237354,0.4630449127173031,0.3984255210151652,0.0,6.32126549776345,2.439223091173784,0.7392856133488334,0.6945595762570417
75,step_confounding_n250_p50_k2_ols,250,50,250,50,2,step_confounding,ols,10,False,0.3250970616725359,0.3012331653482153,0.3250970616725359,0.33152034338424863,0.0,0.24670531549195754,0.24670531549195754,0.06845630049319791,0.06293502946223405,0.9193460500905614,1.0877296964527055,0.0,10,10,0,5.184986207498429,1.1154331828255744,125.0,125.0,0.4,0.4,16.295795465426202,18.560755814840785,0.15618073924831316,0.1344556977420517,0.0,9.996018698567923,3.726740130302273,0.6094275560790601,0.566908438385689
95,step_confounding_n250_p50_k5_ols,250,50,250,50,5,step_confounding,ols,10,False,0.25513976914853337,0.2422179128436598,0.25513976914853337,0.2647908838738558,0.0,0.2454977572465446,0.2454977572465446,0.07466897601734439,0.06262697888942459,0.8387282406936633,1.1922813033849418,0.0,10,10,0,4.112951850221387,1.3171379499545206,200.0,50.0,0.25,0.25,7.867807480734889,9.777427923209649,0.27414634829466733,0.2321697965271076,0.0,7.014091487728573,2.734535552534454,0.7020958091738763,0.661921534946406
115,step_confounding_n250_p50_k10_ols,250,50,250,50,10,step_confounding,ols,10,False,0.27943642239124816,0.30340905572818677,0.27943642239124816,0.28986306337323386,0.0,0.24135532809347074,0.24135532809347074,0.08121221411486834,0.061570236758538434,0.7581401077361607,1.3190174082545816,0.0,10,10,0,4.618951427017484,1.4499322745429606,225.0,25.0,0.22222222222222224,0.2222222222222222,7.045741226160362,8.365639676079528,0.2976656600341934,0.2524114369001995,0.0,7.194019770125533,2.8905314426880158,0.6927176420021783,0.638265819358645
135,step_confounding_n250_p100_k2_ols,250,100,250,100,2,step_confounding,ols,10,False,0.29840709343732164,0.32358103848764475,0.3322946940265527,0.365293466165338,0.0,0.23909705213273322,0.23909705213273322,0.2220923807022066,0.06099414595222781,0.27463412188827874,3.6412081394853058,0.0,10,10,0,4.925785468360572,3.3409943839525544,125.0,125.0,0.8,0.8,275.77430368285997,571.0303627500182,0.013993258524616381,0.0064291815330861,0.0,29.267381417224293,11.114416676944563,-0.18359420314928832,-0.3485766738992732
155,step_confounding_n250_p100_k5_ols,250,100,250,100,5,step_confounding,ols,10,False,0.2424178240392975,0.2638390726388621,0.2424178240392975,0.2543580493645001,0.1,0.23240994564167936,0.23240994564167936,0.08118302959339381,0.05928825143920389,0.7303035096885373,1.3692937069773687,0.0,10,10,0,4.143510588807862,1.5150718058311745,200.0,50.0,0.5,0.5,30.99486976496204,42.47811694443109,0.09224472720933385,0.0698973609395751,0.0,10.097770704544581,4.012451477925287,0.5773840416865778,0.5012244012801623
175,step_confounding_n250_p100_k10_ols,250,100,250,100,10,step_confounding,ols,10,False,0.23158720848126046,0.23450111656748573,0.23158720848126046,0.24572362586841925,0.1,0.2342806453577811,0.2342806453577811,0.08658627795942468,0.05976547075453594,0.6902418277240503,1.4487676055467722,0.0,10,10,0,3.9486077559895896,1.6542147964320664,225.0,25.0,0.4444444444444445,0.4444444444444444,22.274932369589557,28.19450163775759,0.12131460981846895,0.0950505967477177,0.0,9.276596040289606,3.8428374980192714,0.5917398673885225,0.4971444716261083
195,step_confounding_n250_p150_k2_ols,250,150,250,150,2,step_confounding,ols,10,False,0.35144853309450347,0.38427834069363564,0.37008450102534873,0.39557234460176793,0.1,0.22203851424376345,0.22203851424376345,0.19137342320842984,0.05664247812340899,0.2959788102955036,3.378620243123504,0.0,10,10,0,6.181001427285451,3.5758884115295526,125.0,125.0,1.1999999999999997,1.2,2.0536732087461596e+18,2.435239899486449e+19,-8.499330544135565e-16,-1.0775553642533228e-15,0.0,41.08130895796619,15.959836973357351,-0.6446785184523123,-0.8543810355394937
215,step_confounding_n250_p150_k5_ols,250,150,250,150,5,step_confounding,ols,10,False,0.27765268420709704,0.3182863955071712,0.29536295638008964,0.31626283286648926,0.1,0.221427049235471,0.221427049235471,0.15962165825382565,0.05648649215190584,0.3538773670806169,2.8258376856641125,0.0,10,10,0,5.181187852854415,2.890861451005623,200.0,50.0,0.75,0.75,164.9209979309354,234.15730269491632,0.020828497149912313,0.0145428390017083,0.0,24.154451873310695,9.499212635223582,0.03720834973916606,-0.12298927186376492
235,step_confounding_n250_p150_k10_ols,250,150,250,150,10,step_confounding,ols,10,False,0.3057461283914912,0.26766720612901895,0.3057461283914912,0.31783767301110954,0.0,0.23153083827319015,0.23153083827319015,0.09153075596475001,0.0590639893554056,0.6452911781713253,1.5496880072556938,0.0,10,10,0,5.237735033496739,1.6037110532271626,225.0,25.0,0.6666666666666667,0.6666666666666666,84.97232353304689,125.38692671822098,0.03818123464031309,0.026833111652562,0.0,17.33689409206092,6.687436893471353,0.2910147884650546,0.14825391998755424
255,step_confounding_n250_p300_k2_ols,250,300,250,300,2,step_confounding,ols,10,False,0.41166896244633894,0.389399634131921,0.41166896244633894,0.4212968546255633,0.0,0.21391976640914434,0.21391976640914434,0.09439694601785333,0.054571368981924516,0.5781052384004395,1.7297888577638596,0.0,10,10,0,7.61284316085508,1.8895826280629255,125.0,125.0,2.3999999999999995,2.4,4.059960749506922e+18,2.6713778701811425e+19,-2.1874995677674974e-15,-2.415835965560317e-15,0.0,20.532763997331205,7.186666278878372,0.18911044697249016,0.16815727774746417
275,step_confounding_n250_p300_k5_ols,250,300,250,300,5,step_confounding,ols,10,False,0.3748525552584552,0.40242361689075734,0.3748525552584552,0.3915497379929982,0.0,0.24077992478297744,0.24077992478297744,0.11924186037253272,0.061423450199739105,0.5151165036157718,1.9413084088369754,0.0,10,10,0,6.163239112983543,1.9787424038491876,200.0,50.0,1.5,1.5,5.958474883340764e+18,1.1019344202946342e+20,-1.707122820370259e-15,-2.020985194552529e-15,0.0,24.84715382726234,8.548552915863583,0.03596586643726483,-0.012288163637383701
295,step_confounding_n250_p300_k10_ols,250,300,250,300,10,step_confounding,ols,10,False,0.2157870198643867,0.21203452894067032,0.2225902565562296,0.26657474258639446,0.3,0.21913231395894642,0.21913231395894642,0.16498503448309498,0.055901100499731196,0.33882527997082695,2.9513736403791966,0.0,10,10,0,3.904818874276394,2.692699135728745,225.0,25.0,1.3333333333333337,1.3333333333333333,5.250618420765234e+18,1.875894193107066e+20,-1.4774182688812676e-15,-1.7511683367757077e-15,0.0,26.568993120718847,11.29835458873782,-0.06991295220282329,-0.3816193736267505
315,step_confounding_n500_p25_k2_ols,500,25,500,25,2,step_confounding,ols,10,False,0.28726453613513175,0.310634430594369,0.28726453613513175,0.2929255998343698,0.0,0.16563807405740386,0.16563807405740386,0.060410570427082054,0.04225461072892951,0.6994572378675433,1.4296799659243367,0.0,10,10,0,6.770466689023403,1.240775989254061,250.0,250.0,0.1,0.1,3.270315491951455,3.578129224207792,0.5039963622883536,0.468398944757829,0.0,6.259289159466292,2.4489115382466777,0.7546663057262892,0.7250141893461775
335,step_confounding_n500_p25_k5_ols,500,25,500,25,5,step_confounding,ols,10,False,0.2715963124795035,0.2824688974033127,0.2715963124795035,0.27747317292638607,0.0,0.1717655413455028,0.1717655413455028,0.05987769702923178,0.04381774013915885,0.7317873317299997,1.3665172334097744,0.0,10,10,0,6.20302118185707,1.305801900436829,400.0,100.0,0.0625,0.0625,2.573463782475213,2.999002394503525,0.5842952760837037,0.5120376866455689,0.0,5.763927677296464,2.277089342072777,0.7761851860399643,0.7421319947926148
355,step_confounding_n500_p25_k10_ols,500,25,500,25,10,step_confounding,ols,10,False,0.28086029817474845,0.2835596524918662,0.28086029817474845,0.2858945485706241,0.0,0.17800224645431267,0.17800224645431267,0.056304586467931544,0.04540873634038588,0.806483790911928,1.2399505250679053,0.0,10,10,0,6.225865012406625,1.3778070408701035,450.0,50.0,0.05555555555555549,0.0555555555555555,2.3706330814863863,2.5728871655502195,0.6190789621975455,0.5752463292382587,0.0,5.724572878189138,2.228670009781479,0.7671469043784214,0.7365973283275228
375,step_confounding_n500_p50_k2_ols,500,50,500,50,2,step_confounding,ols,10,False,0.28720246317129916,0.28117922545785357,0.28720246317129916,0.29114880009299804,0.0,0.17204499750254915,0.17204499750254915,0.05035837063743038,0.043889029975140055,0.8715339559163221,1.1474022247918154,0.0,10,10,0,6.563726868807601,1.1929660622039626,250.0,250.0,0.2,0.2,6.050989751143332,6.944854705375677,0.3321988624627484,0.3031606985587673,0.0,6.736273228581678,2.615056635464845,0.7434703390888568,0.7037474565703415
395,step_confounding_n500_p50_k5_ols,500,50,500,50,5,step_confounding,ols,10,False,0.25659506920286723,0.25512130765664387,0.25659506920286723,0.25885566417120937,0.0,0.16868140135320617,0.16868140135320617,0.03598186787649989,0.04303096973296075,1.1959070574283528,0.836185382290806,0.0,10,10,0,5.9862919181389875,0.9334433376243448,400.0,100.0,0.125,0.125,4.105478234944661,4.56956098169712,0.43512353583937624,0.3925661144640472,0.0,6.058161034433111,2.4178497645215735,0.7595960095547403,0.7211023189695536
415,step_confounding_n500_p50_k10_ols,500,50,500,50,10,step_confounding,ols,10,False,0.28225432738918055,0.2883060258359361,0.28225432738918055,0.2852509290796961,0.0,0.17106453839204172,0.17106453839204172,0.04346885489010226,0.043638912855112635,1.0039121795464896,0.9961030659591591,0.0,10,10,0,6.485200781421433,0.9917558515398394,450.0,50.0,0.11111111111111112,0.1111111111111111,3.7237657706233422,4.430281330699245,0.46673185186105803,0.4091361921138319,0.0,6.179256499295189,2.4456096938514795,0.7531468990515566,0.7067296220044135
435,step_confounding_n500_p100_k2_ols,500,100,500,100,2,step_confounding,ols,10,False,0.268071967973562,0.23491674765763326,0.268071967973562,0.280109836666735,0.0,0.1704833528025252,0.1704833528025252,0.08562801063155875,0.043490651225133944,0.5079021561328343,1.96888315579126,0.0,10,10,0,6.20756513186806,2.062165531122156,250.0,250.0,0.4,0.4,17.71339437970726,20.960334561756444,0.14773878818254504,0.1316472004262478,0.0,8.940774030497423,3.5229112999142815,0.6499820936956414,0.5972896882636838
455,step_confounding_n500_p100_k5_ols,500,100,500,100,5,step_confounding,ols,10,False,0.2958508887415079,0.30340802439796544,0.2958508887415079,0.3003776195978075,0.0,0.1716010385458095,0.1716010385458095,0.054761766732569266,0.04377577513923707,0.7993857348141703,1.2509605268756336,0.0,10,10,0,6.868397184741911,1.6574014255671714,400.0,100.0,0.25,0.25,8.325573260045669,9.118128701039522,0.26368918434272237,0.245132614968398,0.0,7.398656467608918,2.835011808016663,0.7079518644205953,0.6733405830617107
475,step_confounding_n500_p100_k10_ols,500,100,500,100,10,step_confounding,ols,10,False,0.2959436941513254,0.29397152229637036,0.2959436941513254,0.299642389644022,0.0,0.1783572585766045,0.1783572585766045,0.04947380410824277,0.045499300657297036,0.9196644866392324,1.0873530668280353,0.0,10,10,0,6.566554152544827,1.2486197224658484,450.0,50.0,0.22222222222222224,0.2222222222222222,7.53023385543607,8.820025555498837,0.28380265535687194,0.2444215433009055,0.0,7.153441982956133,2.663005062203742,0.7163324776175533,0.6846486446363266
495,step_confounding_n500_p150_k2_ols,500,150,500,150,2,step_confounding,ols,10,False,0.31730177229418843,0.32167856836131237,0.31730177229418843,0.32317096199925294,0.0,0.16504097665643327,0.16504097665643327,0.0646276168908339,0.04210228996337581,0.6514597317504857,1.5350142936893114,0.0,10,10,0,7.637706323583666,1.8048933981631625,250.0,250.0,0.5999999999999999,0.6,57.85268926555251,64.89078421703177,0.053720480355287106,0.0475555461600969,0.0,14.60085023177317,5.598058583362543,0.42153568115931883,0.34323065684512233
515,step_confounding_n500_p150_k5_ols,500,150,500,150,5,step_confounding,ols,10,False,0.2859746217797864,0.2861587972674674,0.2859746217797864,0.28972564274161594,0.0,0.16954110280242607,0.16954110280242607,0.04898371339254409,0.04325028132714946,0.8829522780470268,1.1325640409602513,0.0,10,10,0,6.668932099930653,1.403201376117394,400.0,100.0,0.375,0.375,16.345653595231507,19.719945128272744,0.15771754165026663,0.1347221056957417,0.0,8.73837824350735,3.372774647456224,0.6539535048999681,0.6101787616414676
535,step_confounding_n500_p150_k10_ols,500,150,500,150,10,step_confounding,ols,10,False,0.2947194387839832,0.29351552682510407,0.2947194387839832,0.3015077783023326,0.0,0.16604168323955548,0.16604168323955548,0.0670604435454609,0.04235757225498861,0.6316327482426212,1.5831984690190297,0.0,10,10,0,6.956663702247056,1.489432268433157,450.0,50.0,0.33333333333333337,0.3333333333333333,12.872448011349508,14.749421002243364,0.1898325359703396,0.163554284269183,0.0,8.24517975594752,3.230431887657923,0.6755660680963442,0.6222976756468354
555,step_confounding_n500_p300_k2_ols,500,300,500,300,2,step_confounding,ols,10,False,0.3661140511085678,0.36651450930617957,0.3661140511085678,0.3764422950768471,0.0,0.1688574116021905,0.1688574116021905,0.09231168882046083,0.04307587030668121,0.46663505843187947,2.1430022925420262,0.0,10,10,0,8.643062545432036,2.4131606633355496,250.0,250.0,1.1999999999999997,1.2,6.10736377618977e+18,8.30235872042917e+19,-1.2402362229397798e-15,-1.418003577651847e-15,0.0,38.65996549815696,13.6619430879155,-0.4901267141986964,-0.5845962600301292
575,step_confounding_n500_p300_k5_ols,500,300,500,300,5,step_confounding,ols,10,False,0.24356587746833425,0.22395765837824455,0.24356587746833425,0.24997869505568152,0.0,0.1772812050041465,0.1772812050041465,0.05930159558301004,0.0452247971949353,0.7626236149351139,1.3112628305970866,0.0,10,10,0,5.514585065379626,1.8363386273629776,400.0,100.0,0.75,0.75,172.46983018033615,213.39495382975403,0.01996553676932257,0.0164436149118881,0.0,20.680476352475615,8.170408055307242,0.18840085358986597,0.03792268588070519
595,step_confounding_n500_p300_k10_ols,500,300,500,300,10,step_confounding,ols,10,False,0.29563720892290235,0.31966696488637825,0.29563720892290235,0.30877102597412603,0.0,0.17286119436922226,0.17286119436922226,0.09391596232442549,0.04409724346153624,0.4695393878753613,2.1297467812550135,0.0,10,10,0,6.784707498393047,2.1591995063421603,450.0,50.0,0.6666666666666667,0.6666666666666666,90.70978207070075,108.36577186747368,0.03596331194848927,0.0297751230859662,0.0,16.704307846023617,6.394215528795801,0.3159634964200664,0.22133357665624084
615,step_confounding_n1000_p25_k2_ols,1000,25,1000,25,2,step_confounding,ols,10,False,0.27114201347658795,0.27352055750982895,0.27114201347658795,0.2752382795141763,0.0,0.12055005821720759,0.12055005821720759,0.049867814578873564,0.03075256587173658,0.6166816438907043,1.6215822376208622,0.0,10,10,0,8.827208275177243,1.6438918005935184,500.0,500.0,0.05,0.05,2.313511299238115,2.5149315825173635,0.6226097218835251,0.5657710488394507,0.0,5.638041403995246,2.2361560632565807,0.7797084777701971,0.7415135577807621
635,step_confounding_n1000_p25_k5_ols,1000,25,1000,25,5,step_confounding,ols,10,False,0.28429522873340274,0.29363622248512034,0.28429522873340274,0.28665816171837305,0.0,0.12060646198237661,0.12060646198237661,0.03871727434132309,0.03076695458734095,0.7946570390287847,1.2584045077133925,0.0,10,10,0,9.254676898033463,1.3431957496355997,800.0,200.0,0.03125,0.03125,1.9300766844976536,2.068585842768682,0.6991422306727166,0.6534547637995146,0.0,5.641548033295721,2.211664215574494,0.7787756446010679,0.746075900397847
655,step_confounding_n1000_p25_k10_ols,1000,25,1000,25,10,step_confounding,ols,10,False,0.27712383367593646,0.2762893697383435,0.27712383367593646,0.2792404854117106,0.0,0.12518650633961176,0.12518650633961176,0.036172879677086,0.0319353332499009,0.8828529421761959,1.1326914735482916,0.0,10,10,0,8.708981498398192,1.3514307514390913,900.0,100.0,0.0277777777777777,0.0277777777777777,1.8617535426101977,2.0175263079911803,0.7126008346842074,0.6721157222335326,0.0,5.59758347205799,2.1754909138372214,0.7799946945349193,0.7476710133669197
675,step_confounding_n1000_p50_k2_ols,1000,50,1000,50,2,step_confounding,ols,10,False,0.2890603824037921,0.2889035086647498,0.2890603824037921,0.29137610950732734,0.0,0.12285538125478572,0.12285538125478572,0.03864557637757495,0.03134065848336366,0.8109766089955344,1.2330811874322585,0.0,10,10,0,9.226057643339225,1.1545554792772403,500.0,500.0,0.1,0.1,3.497895506001042,3.810127812075231,0.48530979027855914,0.4564753559506278,0.0,6.125316848197029,2.352339399977016,0.7648365061021968,0.7310749079244547
695,step_confounding_n1000_p50_k5_ols,1000,50,1000,50,5,step_confounding,ols,10,False,0.2799498526837773,0.27776912466941883,0.2799498526837773,0.28078446717619604,0.0,0.1256389176640579,0.1256389176640579,0.022803435164018428,0.032050744302055574,1.4055226360205804,0.7114791141544856,0.0,10,10,0,8.758815874213678,0.8526840740987525,800.0,200.0,0.0625,0.0625,2.676411519546279,2.9072629813784743,0.5753747768042524,0.5378700925850823,0.0,5.76192246104223,2.2471652375265307,0.7719283777220299,0.7390590192117111
715,step_confounding_n1000_p50_k10_ols,1000,50,1000,50,10,step_confounding,ols,10,False,0.28409418856944024,0.29158817529600256,0.28409418856944024,0.2853724356176111,0.0,0.12212665194552348,0.12212665194552348,0.028439390355220397,0.03115475814936821,1.0954791140116467,0.9128425975535015,0.0,10,10,0,9.132085446752745,0.9950100123495631,900.0,100.0,0.05555555555555549,0.0555555555555555,2.449956984871183,2.740487841278127,0.6061785024817458,0.5671263073064405,0.0,5.796927878650434,2.2638499755936206,0.769257599692089,0.7370310220928074
735,step_confounding_n1000_p100_k2_ols,1000,100,1000,100,2,step_confounding,ols,10,False,0.27044878606333755,0.25766049802735724,0.27044878606333755,0.2726640681672337,0.0,0.12086574948872272,0.12086574948872272,0.03656270392342644,0.030833099359368,0.8432937406364147,1.1858264230033566,0.0,10,10,0,8.763525558946537,1.0241221990066942,500.0,500.0,0.2,0.2,6.425836693470693,6.888715556507835,0.31856119534080285,0.2925518475253804,0.0,6.763425432786216,2.692723075636212,0.734792740691254,0.693797937648493
755,step_confounding_n1000_p100_k5_ols,1000,100,1000,100,5,step_confounding,ols,10,False,0.2880128965016775,0.30050228981154925,0.2880128965016775,0.2900104782629517,0.0,0.12334932988580594,0.12334932988580594,0.03581819759439479,0.03146666578719535,0.8785105868118719,1.138290209602385,0.0,10,10,0,9.163319145949064,1.160909073453454,800.0,200.0,0.125,0.125,4.195562688602166,4.482008026468652,0.4293485047539119,0.4080654650333729,0.0,6.281164062732228,2.416199711164817,0.7517318947926952,0.7187461362162466
775,step_confounding_n1000_p100_k10_ols,1000,100,1000,100,10,step_confounding,ols,10,False,0.2679560948089,0.2652862264831597,0.2679560948089,0.26987390583848897,0.0,0.12096038681066279,0.12096038681066279,0.03385354580617002,0.03085724153333232,0.9114921583105896,1.0971021427693417,0.0,10,10,0,8.681755533224734,1.0163709898553257,900.0,100.0,0.11111111111111112,0.1111111111111111,3.8407484236478155,4.13534901881174,0.4555851325840064,0.4295612104000821,0.0,6.011707011381943,2.3911762343686314,0.762752929058639,0.725597045396677
795,step_confounding_n1000_p150_k2_ols,1000,150,1000,150,2,step_confounding,ols,10,False,0.2822001770756607,0.27766371824947933,0.2822001770756607,0.28495671234190706,0.0,0.12306656198407477,0.12306656198407477,0.04167850454736334,0.031394531118386394,0.7532547402872801,1.3275721300056007,0.0,10,10,0,9.022121859187466,1.4793648337140959,500.0,500.0,0.29999999999999993,0.3,11.128482710863135,12.471055353754371,0.21168815209026576,0.1916841908729862,0.0,7.819817757450631,3.0464715033355185,0.6886640614711221,0.6443033158196366
815,step_confounding_n1000_p150_k5_ols,1000,150,1000,150,5,step_confounding,ols,10,False,0.27593154434300454,0.2729487507349423,0.27593154434300454,0.27909142522171126,0.0,0.12128317975884526,0.12128317975884526,0.04414378613337889,0.030939586673174767,0.7008820353490274,1.426773621757928,0.0,10,10,0,8.963057615642075,1.7014580448658934,800.0,200.0,0.1875,0.1875,6.089998382049644,6.667704187887301,0.33118988420099005,0.3083240457789003,0.0,6.578071258537113,2.569104770400421,0.7449495707392291,0.709145549687106
835,step_confounding_n1000_p150_k10_ols,1000,150,1000,150,10,step_confounding,ols,10,False,0.2788921726492645,0.28266863666175623,0.2788921726492645,0.28102005088416826,0.0,0.12358161404382931,0.12358161404382931,0.03638413930872968,0.03152592194995643,0.8664743085565416,1.1541023087757774,0.0,10,10,0,8.867593318664658,1.2566960393923423,900.0,100.0,0.16666666666666657,0.1666666666666666,5.370786668112653,5.746534993244016,0.3600545323426423,0.3409620677360844,0.0,6.226006737829341,2.422820237010343,0.7522786263232955,0.7097338983268584
855,step_confounding_n1000_p300_k2_ols,1000,300,1000,300,2,step_confounding,ols,10,False,0.29216470848367404,0.29994905027559804,0.29216470848367404,0.298954017218508,0.0,0.11409974911634144,0.11409974911634144,0.06677730425937095,0.0291070788562095,0.43588280747533864,2.294194638673786,0.0,10,10,0,10.116583184442085,2.5534347222811125,500.0,500.0,0.5999999999999999,0.6,57.1952834501089,62.46139412787063,0.05419566522859527,0.0491697995510049,0.0,14.138984771695338,5.618653908608883,0.45714733838008587,0.3653588345646778
875,step_confounding_n1000_p300_k5_ols,1000,300,1000,300,5,step_confounding,ols,10,False,0.2780742259740755,0.2656149296719116,0.2780742259740755,0.2814141674809902,0.0,0.12036774679699078,0.12036774679699078,0.04556629490140482,0.030706057856375167,0.6738765555289529,1.4839513139243428,0.0,10,10,0,9.053478335734237,1.3635537045115802,800.0,200.0,0.375,0.375,16.707003730583185,18.136181131381267,0.15367568767445566,0.1445484173223494,0.0,8.905957404162937,3.5100249244651573,0.6464523177388308,0.5888232979080325
895,step_confounding_n1000_p300_k10_ols,1000,300,1000,300,10,step_confounding,ols,10,False,0.274340705112873,0.28103831767115506,0.274340705112873,0.2766517852884237,0.0,0.12309996313570781,0.12309996313570781,0.03761482895295045,0.03140305182033361,0.8348582911174025,1.197808071908307,0.0,10,10,0,8.775696780758864,1.4072688456653502,900.0,100.0,0.33333333333333337,0.3333333333333333,13.42876640061273,14.705201417276824,0.18350334115863692,0.1694204694437927,0.0,8.058160064176858,3.1017172668985054,0.673378358355281,0.6381876959869262
16,step_confounding_n250_p25_k2_lasso,250,25,250,25,2,step_confounding,lasso,10,False,0.23292942418753682,0.2619482711570753,0.23520718283551215,0.2664744947368514,0.2,0.2696482048581173,0.2696482048581173,0.1364328882349723,0.0687878073617646,0.5041878703270901,1.9833876593485944,0.0,10,10,0,3.46287121183785,1.9927005619000837,125.0,125.0,0.2,0.2,6.1104652286488355,7.723145590028163,0.3288758714175873,0.2730627864963099,0.0,6.44222117187995,2.5211061563022064,0.7468601394068448,0.6993491419215048
36,step_confounding_n250_p25_k5_lasso,250,25,250,25,5,step_confounding,lasso,10,False,0.2090209304200094,0.21545092668777666,0.2090209304200094,0.2188768238506863,0.1,0.24644202109584343,0.24644202109584343,0.06845367180573014,0.06286786252444981,0.9184001510228301,1.0888499951641901,0.0,10,10,0,3.3566933170569997,1.1849893082678185,200.0,50.0,0.125,0.125,3.6956050891962553,4.393933492720502,0.46189768690059674,0.3956203529487797,0.0,5.6047215444947796,2.2468046430017323,0.7621960227416298,0.7188803646107385
56,step_confounding_n250_p25_k10_lasso,250,25,250,25,10,step_confounding,lasso,10,False,0.26661919969610415,0.26704287737360066,0.26661919969610415,0.2723023549004069,0.0,0.2296211631343123,0.2296211631343123,0.058335950776668546,0.058576827330181644,1.0041291270701194,0.9958878525094003,0.0,10,10,0,4.547541596242299,0.9352821674119663,225.0,25.0,0.11111111111111112,0.1111111111111111,3.6110100389463313,4.391728021725388,0.4754076878703876,0.4080329654808567,0.0,6.0273849866301425,2.3888504396285812,0.7484790692942852,0.7102859472329592
76,step_confounding_n250_p50_k2_lasso,250,50,250,50,2,step_confounding,lasso,10,False,0.16314834246987367,0.14763369216093336,0.16314834246987367,0.18210783531088326,0.3,0.23793566484399936,0.23793566484399936,0.08528307133663486,0.060697873684693704,0.7117224172790767,1.4050421564955224,0.0,10,10,0,2.6784608263744816,1.2647577696466905,125.0,125.0,0.4,0.4,16.47943608584459,18.86091147809158,0.15421371385029686,0.1333344131848564,0.0,6.081413800888504,2.613265494953069,0.7604885742792912,0.7010998281228532
96,step_confounding_n250_p50_k5_lasso,250,50,250,50,5,step_confounding,lasso,10,False,0.23543780038300258,0.25824766908737584,0.23543780038300258,0.244950384594631,0.1,0.2385169793469133,0.2385169793469133,0.07125644660014255,0.06084616820074312,0.8539040480390921,1.1710917664536233,0.0,10,10,0,3.8669368147950083,1.102275740834044,200.0,50.0,0.25,0.25,8.031950086172252,9.21539667107535,0.26741304617255934,0.234701234574685,0.0,6.02837433506303,2.47983640170328,0.7555786133202236,0.7031718493522676
116,step_confounding_n250_p50_k10_lasso,250,50,250,50,10,step_confounding,lasso,10,False,0.2008122194951092,0.20888477861242016,0.2008122194951092,0.2055742900474905,0.1,0.253140141618102,0.253140141618102,0.046370982664902693,0.0645765667393117,1.392607251952598,0.7180775474189749,0.0,10,10,0,3.1554950772157833,0.8830188393425443,225.0,25.0,0.22222222222222224,0.2222222222222222,6.8309743372876195,7.91007489366226,0.306264211956947,0.2661911624330442,0.0,5.575931985860931,2.3071926650007177,0.7683777809029659,0.714001982682457
136,step_confounding_n250_p100_k2_lasso,250,100,250,100,2,step_confounding,lasso,10,False,0.11697835690594624,0.11990119106839303,0.13745299931920213,0.15313695601740462,0.5,0.2401726085066284,0.2401726085066284,0.10417395341906398,0.0612685225782215,0.5881366749301968,1.7002850572423243,0.0,10,10,0,1.9458168461149519,1.727261785820118,125.0,125.0,0.8,0.8,247.74197110594955,345.69479564067166,0.01433286588995257,0.0103293951697397,0.0,6.184539195410229,2.775957379226091,0.758716944688784,0.676942696957733
156,step_confounding_n250_p100_k5_lasso,250,100,250,100,5,step_confounding,lasso,10,False,0.18509790525725128,0.19734156720985474,0.18509790525725128,0.19823662708461587,0.3,0.23663732069383023,0.23663732069383023,0.07480735099991981,0.06036666344230359,0.8069616506320121,1.2392162616610098,0.0,10,10,0,3.0789566144319394,1.2678689736014839,200.0,50.0,0.5,0.5,30.24036099312128,37.27066389010319,0.09467598435145796,0.077137758480909,0.0,6.010035343966431,2.599184408961794,0.7570833461578073,0.6878455459554842
176,step_confounding_n250_p100_k10_lasso,250,100,250,100,10,step_confounding,lasso,10,False,0.20057195784306442,0.18019640578584417,0.20057195784306442,0.217065404421287,0.2,0.23491113169332434,0.23491113169332434,0.08748510681873467,0.05992630910543985,0.684988694471215,1.459878109042313,0.0,10,10,0,3.313080119157848,1.2912604225022246,225.0,25.0,0.4444444444444445,0.4444444444444444,22.92522926883061,29.388882702117886,0.11884178194512507,0.0930162975057747,0.0,6.067200591916135,2.584082443406692,0.7424277451655535,0.6645223796232935
196,step_confounding_n250_p150_k2_lasso,250,150,250,150,2,step_confounding,lasso,10,False,0.16033484031365858,0.1388802797726736,0.16033484031365858,0.18140698585507076,0.3,0.253833797325004,0.253833797325004,0.08945038040174653,0.06475351972576632,0.7239043527253909,1.3813979654013,0.0,10,10,0,2.528619750222449,1.4676884171563693,125.0,125.0,1.1999999999999997,1.2,1.3142425154546668e+18,1.2332181430209556e+19,-8.374146897720883e-16,-1.0126995474030557e-15,0.0,6.798558234718638,2.9144512542551206,0.7323023786462857,0.6645700776443688
216,step_confounding_n250_p150_k5_lasso,250,150,250,150,5,step_confounding,lasso,10,False,0.18920357531168622,0.18789531535586024,0.18920357531168622,0.19515498004605308,0.0,0.23192904742428816,0.23192904742428816,0.050414650935466654,0.059165573322522445,1.1735789542261716,0.8520943532592358,0.0,10,10,0,3.1652234926740297,0.6117791680092929,200.0,50.0,0.75,0.75,165.94744988020358,234.4796820154114,0.02078601846446483,0.0141772277206382,0.0,5.988075215164646,2.5512335061510423,0.7557024969613555,0.7043939744547076
236,step_confounding_n250_p150_k10_lasso,250,150,250,150,10,step_confounding,lasso,10,False,0.15004072697844156,0.124177142013975,0.1543961830080917,0.1767027722106331,0.4,0.22941765987856616,0.22941765987856616,0.09838501441165633,0.05852491323432805,0.5948559705388854,1.6810792015655336,0.0,10,10,0,2.557625144541098,1.5359616566381267,225.0,25.0,0.6666666666666667,0.6666666666666666,85.5382240415576,131.4007114873613,0.03827277578230036,0.0252652525609436,0.0,5.771258269999289,2.5615324679064595,0.7580308166708316,0.690594111317274
256,step_confounding_n250_p300_k2_lasso,250,300,250,300,2,step_confounding,lasso,10,False,0.19420306798449877,0.1776095267805593,0.19420306798449877,0.2036853831178832,0.1,0.2412892523850811,0.2412892523850811,0.0647465458648569,0.06155338071047983,0.9506820771405776,1.0518763570338454,0.0,10,10,0,3.169742067421948,1.0927896813997915,125.0,125.0,2.3999999999999995,2.4,2.378654509408595e+19,4.191423624059835e+20,-2.209785182569482e-15,-2.837919859895144e-15,0.0,7.439935768212162,3.0831160478998263,0.7084497569393158,0.6472608251979746
276,step_confounding_n250_p300_k5_lasso,250,300,250,300,5,step_confounding,lasso,10,False,0.17083070429479955,0.162092470909052,0.17083070429479955,0.18310526903548996,0.2,0.24229552642733534,0.24229552642733534,0.0694774945072297,0.06181008327227938,0.8896417999910393,1.124047903336008,0.0,10,10,0,2.76896383050412,1.1116322219693968,200.0,50.0,1.5,1.5,3.23882534687597e+18,2.851812078230512e+19,-1.7055663062879001e-15,-1.9557062377231595e-15,0.0,6.625115840936436,2.857784346844735,0.7449924585558715,0.6767627154017394
296,step_confounding_n250_p300_k10_lasso,250,300,250,300,10,step_confounding,lasso,10,False,0.1676238989086103,0.15836556940587088,0.1676238989086103,0.17801291929433177,0.4,0.2598923142556776,0.2598923142556776,0.06316493357663179,0.06629905975910141,1.0496181346991729,0.9527274414771866,0.0,10,10,0,2.552399453603189,0.9966712078638178,225.0,25.0,1.3333333333333337,1.3333333333333333,3.7258328133415716e+18,8.914233970400128e+19,-1.490777306696526e-15,-1.6831729901224436e-15,0.0,6.0795269834935315,2.514034071451763,0.745587150130983,0.6815479475234175
316,step_confounding_n500_p25_k2_lasso,500,25,500,25,2,step_confounding,lasso,10,False,0.25770943296833904,0.2604446109963039,0.25770943296833904,0.25868389727490665,0.0,0.1692292709071726,0.1692292709071726,0.02364569184325653,0.04317073237427869,1.8257335272932802,0.5477250568337529,0.0,10,10,0,6.003621824298964,0.8068478013532409,250.0,250.0,0.1,0.1,3.3277238761896024,3.8232771149104856,0.5009220801012513,0.4567277110480167,0.0,5.871963338539393,2.334599567236044,0.7753835492292975,0.7404258987555907
336,step_confounding_n500_p25_k5_lasso,500,25,500,25,5,step_confounding,lasso,10,False,0.26394102276128156,0.25306839962682304,0.26394102276128156,0.2660052078170946,0.0,0.17425438393250275,0.17425438393250275,0.03486333778793904,0.044452648962373116,1.2750543058373343,0.7842803207846863,0.0,10,10,0,5.9660695059487905,0.9703701996388264,400.0,100.0,0.0625,0.0625,2.648163681854403,3.055627398544835,0.5810603226999073,0.5168241526259003,0.0,5.580027351397233,2.1841773598614207,0.7801156919331488,0.7385239858722776
356,step_confounding_n500_p25_k10_lasso,500,25,500,25,10,step_confounding,lasso,10,False,0.2675704174852701,0.27917120464966494,0.2675704174852701,0.27097391468923393,0.0,0.1670573329912744,0.1670573329912744,0.04512863255636322,0.04261666657940667,0.9443376447575884,1.0589432768580354,0.0,10,10,0,6.333942958734255,1.2834826452398667,450.0,50.0,0.05555555555555549,0.0555555555555555,2.4377447848166316,2.79403173873613,0.6052628830679504,0.5495457561636048,0.0,5.589967732829974,2.230798321833384,0.7743493707890844,0.7397465013962928
376,step_confounding_n500_p50_k2_lasso,500,50,500,50,2,step_confounding,lasso,10,False,0.22698153572385973,0.24323772521115106,0.22698153572385973,0.2313210449854952,0.0,0.17527783011080428,0.17527783011080428,0.04700837151945098,0.044713732171123476,0.9511865807268385,1.0513184482016782,0.0,10,10,0,5.149634376720217,1.1552233337394529,250.0,250.0,0.2,0.2,6.247715800499673,7.002585862186741,0.32069792159450017,0.2904552194963604,0.0,6.10116206995737,2.481021051292966,0.7635367584706225,0.7177087133421468
396,step_confounding_n500_p50_k5_lasso,500,50,500,50,5,step_confounding,lasso,10,False,0.2547735722541987,0.2448990022473141,0.2547735722541987,0.2604142796611732,0.0,0.17224071233782787,0.17224071233782787,0.05682354688255275,0.04393895722903771,0.7732526327484293,1.2932384031408024,0.0,10,10,0,5.79688330270671,1.1966730840822244,400.0,100.0,0.125,0.125,4.039965278213601,4.542316392373307,0.43825016430716063,0.3972771306217482,0.0,5.564838378128932,2.202222760133639,0.7774817025617571,0.7379020123072333
416,step_confounding_n500_p50_k10_lasso,500,50,500,50,10,step_confounding,lasso,10,False,0.25509540069673753,0.25296566309972646,0.25509540069673753,0.259759969161106,0.0,0.17003619347272494,0.17003619347272494,0.05165675304836346,0.04337657996753185,0.8397078292342663,1.19089040876504,0.0,10,10,0,5.863649819892035,1.0556903602489938,450.0,50.0,0.11111111111111112,0.1111111111111111,3.675857162916823,4.222483594086996,0.46623016776614695,0.4165459884732433,0.0,5.6289691954766115,2.2364685719889414,0.7712174205446363,0.7278210414032517
436,step_confounding_n500_p100_k2_lasso,500,100,500,100,2,step_confounding,lasso,10,False,0.21377880905716426,0.22094315100059336,0.21377880905716426,0.21952314331262382,0.0,0.17305074992848152,0.17305074992848152,0.05258887977040267,0.04414559947155136,0.8394474205247621,1.1912598401635115,0.0,10,10,0,4.883379546045906,1.2735950219589671,250.0,250.0,0.4,0.4,17.621436241299214,19.95481371139282,0.14689767863655992,0.1293567123105478,0.0,5.978167468979822,2.4805556183740873,0.7703486766679403,0.717361075635322
456,step_confounding_n500_p100_k5_lasso,500,100,500,100,5,step_confounding,lasso,10,False,0.23056366272257164,0.235215645370491,0.23056366272257164,0.2324107149921151,0.0,0.17725584712698214,0.17725584712698214,0.030824555058487704,0.0452183283487199,1.4669580230086336,0.6816827641387218,0.0,10,10,0,5.134769206057572,0.8881479586124807,400.0,100.0,0.25,0.25,8.465368608808962,9.685863566095763,0.26010803003688315,0.2270170640822641,0.0,5.617056558311359,2.3013255769716374,0.7761090411884609,0.7326437420146501
476,step_confounding_n500_p100_k10_lasso,500,100,500,100,10,step_confounding,lasso,10,False,0.2331311105814967,0.23753683292844352,0.2331311105814967,0.23607965027151778,0.0,0.17228022601147788,0.17228022601147788,0.03920723503754126,0.043949037247825964,1.1209420201588913,0.892106801258331,0.0,10,10,0,5.304792691714152,0.8155145336549428,450.0,50.0,0.22222222222222224,0.2222222222222222,7.149228049821946,8.034004214750093,0.2979877310699823,0.2675305246350563,0.0,5.669784969324746,2.296433425130764,0.7735338845161212,0.7283233998347262
496,step_confounding_n500_p150_k2_lasso,500,150,500,150,2,step_confounding,lasso,10,False,0.21324302650761515,0.21926474406973784,0.21324302650761515,0.2202160305891812,0.0,0.16979261317212319,0.16979261317212319,0.05795124171162959,0.04331444213574569,0.7474290603000728,1.3379196142019507,0.0,10,10,0,5.004966865811562,1.4954569076127375,250.0,250.0,0.5999999999999999,0.6,54.198112386980505,61.47906968128233,0.0568998990076728,0.0496836799123655,0.0,5.966664156154295,2.494799702634187,0.7632380547849946,0.7112252625641882
516,step_confounding_n500_p150_k5_lasso,500,150,500,150,5,step_confounding,lasso,10,False,0.22176787478712864,0.23179258065214714,0.22176787478712864,0.22672125693508638,0.0,0.17518916139932242,0.17518916139932242,0.049682749729613535,0.04469111260186791,0.8995297733134455,1.111691941353391,0.0,10,10,0,4.983163948378952,1.1717293060977345,400.0,100.0,0.375,0.375,15.909825724135032,17.844151520566655,0.1601556892031374,0.1434086322297699,0.0,5.584097687840119,2.225922052271513,0.7825816157258785,0.7363540820323518
536,step_confounding_n500_p150_k10_lasso,500,150,500,150,10,step_confounding,lasso,10,False,0.23749776997213426,0.24265055884374487,0.23749776997213426,0.24537094871832885,0.0,0.1711101089445571,0.1711101089445571,0.06499326232768694,0.043650537996060446,0.6716163557997833,1.4889452756241566,0.0,10,10,0,5.422713300392428,1.3932249917008777,450.0,50.0,0.33333333333333337,0.3333333333333333,12.882369186494955,14.492662410609046,0.18779183037467068,0.1689049020745533,0.0,5.562206598422564,2.2531245059492355,0.7763286969960708,0.7320646401088445
556,step_confounding_n500_p300_k2_lasso,500,300,500,300,2,step_confounding,lasso,10,False,0.18062567248465222,0.1663423395474325,0.18062567248465222,0.18933016410286815,0.0,0.17105405055245898,0.17105405055245898,0.059817105308005616,0.04363623738583134,0.7294943003534357,1.3708126294002652,0.0,10,10,0,4.172857665753265,1.508260865707305,250.0,250.0,1.1999999999999997,1.2,7.248124303232003e+18,1.0193721649824984e+20,-1.224397688905369e-15,-1.4412662594221625e-15,0.0,6.290129912940274,2.657800986442542,0.756712290236244,0.7029854930150402
576,step_confounding_n500_p300_k5_lasso,500,300,500,300,5,step_confounding,lasso,10,False,0.23768524560044665,0.22195461045222697,0.23768524560044665,0.2402420609227739,0.0,0.1670426128409656,0.1670426128409656,0.036847612017864455,0.042612911439021836,1.1564633121506558,0.8647053386763446,0.0,10,10,0,5.5891745176953025,0.8397635463207855,400.0,100.0,0.75,0.75,175.9854890632601,221.4687432301554,0.019490213811556766,0.0151240541674494,0.0,6.01723525977331,2.427469606411357,0.761555084589965,0.7173985619750806
596,step_confounding_n500_p300_k10_lasso,500,300,500,300,10,step_confounding,lasso,10,False,0.23534524530216103,0.2340907395695212,0.23534524530216103,0.23645238115415068,0.0,0.1713993419944711,0.1713993419944711,0.02409112485574059,0.04372432193736504,1.8149555987605173,0.5509776661660083,0.0,10,10,0,5.39447504751083,0.6277638996783632,450.0,50.0,0.6666666666666667,0.6666666666666666,89.61060585526232,108.76242085604736,0.03612715514103934,0.0298307682929719,0.0,5.827221297374503,2.330489753775256,0.7635891589551689,0.7155251449622817
616,step_confounding_n1000_p25_k2_lasso,1000,25,1000,25,2,step_confounding,lasso,10,False,0.2779406758584836,0.28196548300987445,0.2779406758584836,0.2799761310559811,0.0,0.12209523794240311,0.12209523794240311,0.035521740829545845,0.031146744373061967,0.8768360909596836,1.1404640049721442,0.0,10,10,0,8.950625311760838,1.2952609717633972,500.0,500.0,0.05,0.05,2.329719986789311,2.523863731006723,0.6210298185124927,0.5739661192187042,0.0,5.633198677258502,2.188871519285319,0.7820754746978242,0.7481487105663688
636,step_confounding_n1000_p25_k5_lasso,1000,25,1000,25,5,step_confounding,lasso,10,False,0.27313458233866694,0.27134526420982674,0.27313458233866694,0.2743251567615035,0.0,0.12211086094773771,0.12211086094773771,0.026911203014222895,0.031150729833606523,1.1575376179631578,0.8639028092751178,0.0,10,10,0,8.779010326165654,0.7897226417332563,800.0,200.0,0.03125,0.03125,1.9032576457096657,2.02110096130941,0.7112217124174169,0.6702748185460019,0.0,5.6086410242567855,2.216421815000144,0.7871239861210285,0.7527614636377022
656,step_confounding_n1000_p25_k10_lasso,1000,25,1000,25,10,step_confounding,lasso,10,False,0.2595938993475073,0.2624697143504111,0.2595938993475073,0.2610313175284931,0.0,0.11917089454440621,0.11917089454440621,0.028835860240279922,0.030400738404185206,1.0542684751162497,0.9485249949162469,0.0,10,10,0,8.546387911058016,0.966588262526306,900.0,100.0,0.0277777777777777,0.0277777777777777,1.8784844940296956,2.0032696870045594,0.7139620048622408,0.6790714652721331,0.0,5.384082606202535,2.153558931386405,0.7853071011599946,0.7453530443177188
676,step_confounding_n1000_p50_k2_lasso,1000,50,1000,50,2,step_confounding,lasso,10,False,0.2471566004439759,0.2414608564449996,0.2471566004439759,0.24780719580561753,0.0,0.11854044938775946,0.11854044938775946,0.0189156358021757,0.03023991055810183,1.5986726998953742,0.6255189070692491,0.0,10,10,0,8.198599231352276,0.8364856802094897,500.0,500.0,0.1,0.1,3.473050569563983,3.976858617858527,0.4864990923177839,0.441678656730028,0.0,5.653975751862561,2.305998791171482,0.7806702326525077,0.7363086698675103
696,step_confounding_n1000_p50_k5_lasso,1000,50,1000,50,5,step_confounding,lasso,10,False,0.2731037987501123,0.2925633379660879,0.2731037987501123,0.27650027358390933,0.0,0.1232948802326956,0.1232948802326956,0.045542610087633974,0.03145277556956514,0.6906230343197963,1.4479679221601884,0.0,10,10,0,8.721210800283995,1.6408904720470983,800.0,200.0,0.0625,0.0625,2.6540160175438308,2.8984193947536707,0.5783884920783546,0.5428629130879812,0.0,5.636941848294025,2.211328353511962,0.7805904898497198,0.7450488223958253
716,step_confounding_n1000_p50_k10_lasso,1000,50,1000,50,10,step_confounding,lasso,10,False,0.27253492496723153,0.2659004800396074,0.27253492496723153,0.2766102189193128,0.0,0.12452299373221809,0.12452299373221809,0.0498656849691207,0.03176606982964743,0.6370326578150596,1.5697782330812864,0.0,10,10,0,8.55964858984255,1.396256486946511,900.0,100.0,0.05555555555555549,0.0555555555555555,2.477615203163868,2.619612521784328,0.6027443680757296,0.5715511841972405,0.0,5.533694990510436,2.1759696334743786,0.7818145184505383,0.747925734005064
736,step_confounding_n1000_p100_k2_lasso,1000,100,1000,100,2,step_confounding,lasso,10,False,0.24894641215868457,0.245412992665351,0.24894641215868457,0.2512905108862365,0.0,0.12270389197365264,0.12270389197365264,0.03609562507784109,0.03130201325858485,0.8671968747204489,1.1531406871390786,0.0,10,10,0,7.976346719851852,1.2218526687424054,500.0,500.0,0.2,0.2,6.406538527367059,6.847111347341837,0.3169563079957502,0.2963678110875622,0.0,5.720533254975171,2.2901873213809836,0.7780643898083608,0.7357716221520073
756,step_confounding_n1000_p100_k5_lasso,1000,100,1000,100,5,step_confounding,lasso,10,False,0.2686867878672167,0.2712811929768967,0.2686867878672167,0.27070856090621004,0.0,0.12057801131341135,0.12057801131341135,0.03480956084354622,0.030759696763625284,0.8836565592389025,1.1316613785578693,0.0,10,10,0,8.790554389835497,1.459230944505277,800.0,200.0,0.125,0.125,4.186260463827752,4.431263134219575,0.4289494452206002,0.4048738861531303,0.0,5.578651798928979,2.2174171380873036,0.7819033440442887,0.7485074051496028
776,step_confounding_n1000_p100_k10_lasso,1000,100,1000,100,10,step_confounding,lasso,10,False,0.2673533088709219,0.2662449277388844,0.2673533088709219,0.26829715210413857,0.0,0.12127865983515167,0.12127865983515167,0.023701150064939173,0.03093843363141623,1.3053557969401275,0.7660746612870535,0.0,10,10,0,8.682790226196822,1.1296324139147627,900.0,100.0,0.11111111111111112,0.1111111111111111,3.824350873747767,4.210583584875016,0.4570716081111093,0.4183020261529915,0.0,5.599018481841905,2.234997409501699,0.7771442482093078,0.7415992448550515
796,step_confounding_n1000_p150_k2_lasso,1000,150,1000,150,2,step_confounding,lasso,10,False,0.2526654437612505,0.2506023288455437,0.2526654437612505,0.25363574999227034,0.0,0.12100311248486062,0.12100311248486062,0.023363485353379846,0.030868140940015432,1.321213015657783,0.7568802215456052,0.0,10,10,0,8.188917992817188,0.6841699293010369,500.0,500.0,0.29999999999999993,0.3,11.310534329389718,12.679361778456872,0.2071528295138397,0.1841832076600494,0.0,5.852652941725221,2.3352577317703864,0.7776033603114956,0.7385612553772224
816,step_confounding_n1000_p150_k5_lasso,1000,150,1000,150,5,step_confounding,lasso,10,False,0.24968255434492698,0.25448847589849466,0.24968255434492698,0.2514352856899219,0.0,0.1210808669449736,0.1210808669449736,0.03123966399316459,0.030887976261472837,0.9887422690663797,1.0113859104498995,0.0,10,10,0,8.097165218038246,0.9734832080226713,800.0,200.0,0.1875,0.1875,6.09216866707389,6.418801000225568,0.33099309132857446,0.314026851675063,0.0,5.546871876258784,2.2168734850900025,0.7777090260933104,0.7416849646573737
836,step_confounding_n1000_p150_k10_lasso,1000,150,1000,150,10,step_confounding,lasso,10,False,0.2383233418493372,0.24143847958428788,0.2383233418493372,0.24019777236813838,0.0,0.11827159019662212,0.11827159019662212,0.031569228695395656,0.03017132402975049,0.9557193912105604,1.046332228054253,0.0,10,10,0,7.918508834702098,1.153484201477195,900.0,100.0,0.16666666666666657,0.1666666666666666,5.483725431752022,6.21223542256807,0.35948598051927033,0.3245411770097474,0.0,5.503920584322192,2.271565899239225,0.7807394382382491,0.7359631442346056
856,step_confounding_n1000_p300_k2_lasso,1000,300,1000,300,2,step_confounding,lasso,10,False,0.23037058817254916,0.2301450619301174,0.23037058817254916,0.23185377423984013,0.0,0.11716713679314986,0.11716713679314986,0.02759961220123065,0.029889575712538204,1.0829708582356619,0.9233858809729791,0.0,10,10,0,7.718826497471016,0.9469933532773318,500.0,500.0,0.5999999999999999,0.6,57.86477195604984,65.2606021968129,0.053809971231793687,0.0478434533568165,0.0,5.767596796035754,2.3806556145408857,0.77426058306935,0.7293719191235823
876,step_confounding_n1000_p300_k5_lasso,1000,300,1000,300,5,step_confounding,lasso,10,False,0.23828946400763984,0.23616857876416286,0.23828946400763984,0.24033440304461848,0.0,0.12243221086286675,0.12243221086286675,0.03297737658464282,0.031232706852772102,0.9470949507644222,1.055860343456458,0.0,10,10,0,7.645835024635261,1.110093074226549,800.0,200.0,0.375,0.375,16.49061903177581,17.844956059000648,0.1559750837442537,0.1448711921271554,0.0,5.488832109944843,2.2107129721233703,0.7828995261826478,0.7454745444776454
896,step_confounding_n1000_p300_k10_lasso,1000,300,1000,300,10,step_confounding,lasso,10,False,0.25418339371389853,0.25497430692969103,0.25418339371389853,0.2557524858294473,0.0,0.12088946493466708,0.12088946493466708,0.029816780659869285,0.030839149218027266,1.0342883616383842,0.9668483539889503,0.0,10,10,0,8.263817137282413,1.1037912071407165,900.0,100.0,0.33333333333333337,0.3333333333333333,13.408493868224085,14.380120604224851,0.1828221481373427,0.16906625511839,0.0,5.644204173947427,2.2515308651223007,0.7765435419270602,0.7375390656744868
17,step_confounding_n250_p25_k2_elastic_net,250,25,250,25,2,step_confounding,elastic_net,10,False,0.16329128733337683,0.1580873057488289,0.16329128733337683,0.18286353817230444,0.4,0.25308284024332306,0.25308284024332306,0.08676295339667606,0.06456194904166401,0.7441188492799442,1.343871346583496,0.0,10,10,0,2.5387466654175563,1.2639917607984736,125.0,125.0,0.2,0.2,5.757649855801853,7.940273133777719,0.34180943719500917,0.2899457637851695,0.0,5.729542573744497,2.4455111076169365,0.7746197418238538,0.7181529873352293
37,step_confounding_n250_p25_k5_elastic_net,250,25,250,25,5,step_confounding,elastic_net,10,False,0.2411007178016183,0.2392595939433011,0.2411007178016183,0.24664407944128242,0.0,0.23165212946360075,0.23165212946360075,0.05481023625992651,0.059094930985612415,1.0781732577354093,0.9274947164803512,0.0,10,10,0,4.078224571559999,0.8806907516332929,200.0,50.0,0.125,0.125,3.907067666834023,4.848688218590764,0.4457441359561649,0.3802014410209371,0.0,5.87523992412701,2.4252211565607644,0.7600841715213977,0.7151376170354673
57,step_confounding_n250_p25_k10_elastic_net,250,25,250,25,10,step_confounding,elastic_net,10,False,0.27273005318866,0.24578465191195797,0.27273005318866,0.2856443328560399,0.0,0.24525224957509884,0.24525224957509884,0.0895110358216784,0.06256434938140273,0.6989568247879718,1.4307035349477408,0.0,10,10,0,4.419578653578588,1.5624842066345153,225.0,25.0,0.11111111111111112,0.1111111111111111,3.6936462536751096,4.467572042010677,0.4737378928043469,0.4153182189148585,0.0,5.977281978531928,2.3442088199918194,0.7420756767286761,0.7026325665843641
77,step_confounding_n250_p50_k2_elastic_net,250,50,250,50,2,step_confounding,elastic_net,10,False,0.23640292413128705,0.21728176820545897,0.23640292413128705,0.2509879744890789,0.1,0.24344835268262316,0.24344835268262316,0.0888733230834606,0.062104171602709965,0.6987943001117238,1.431036286129007,0.0,10,10,0,3.7589187827331623,1.1824431572818705,125.0,125.0,0.4,0.4,17.144686936144662,22.07616575180841,0.15020041565388703,0.1166029366639757,0.0,6.46861695438777,2.6062097159195163,0.7399440490887988,0.7020640720555017
97,step_confounding_n250_p50_k5_elastic_net,250,50,250,50,5,step_confounding,elastic_net,10,False,0.260323291286142,0.2463763675123387,0.260323291286142,0.26651823102121136,0.0,0.2421064895861042,0.2421064895861042,0.060219519543327084,0.061761859588291855,1.0256119619794555,0.9750276294262171,0.0,10,10,0,4.242186360564098,1.0247994510670841,200.0,50.0,0.25,0.25,8.139557563139912,10.18134915628684,0.2679338819313791,0.2147470481185573,0.0,6.2530013503140855,2.488976972960014,0.7514815316364081,0.704533919404764
117,step_confounding_n250_p50_k10_elastic_net,250,50,250,50,10,step_confounding,elastic_net,10,False,0.2263767632234189,0.2531713267695622,0.2263767632234189,0.23556207189910167,0.1,0.25578303002274866,0.25578303002274866,0.0686622230753618,0.06525077296498685,0.9503154725032624,1.0522821409672112,0.0,10,10,0,3.4820212622480384,1.0486675317526026,225.0,25.0,0.22222222222222224,0.2222222222222222,7.123588830634087,8.95709453652832,0.2945533156838647,0.2414335073030416,0.0,5.599815436187093,2.2062980262626697,0.7670646859346328,0.7152926072042552
137,step_confounding_n250_p100_k2_elastic_net,250,100,250,100,2,step_confounding,elastic_net,10,False,0.2183588895454914,0.21383884629098016,0.2183588895454914,0.23664243138778018,0.1,0.24687364257177294,0.24687364257177294,0.09614246194279809,0.0629779700438196,0.6550484434368824,1.5266046504182795,0.0,10,10,0,3.441849137814077,1.406335861900772,125.0,125.0,0.8,0.8,272.1118388259835,419.1911267220439,0.01334649055086995,0.0082798679188326,0.0,6.862967150378478,2.7480730814213272,0.7384291894635573,0.6890159450767135
157,step_confounding_n250_p100_k5_elastic_net,250,100,250,100,5,step_confounding,elastic_net,10,False,0.22397341062278325,0.20449175133062358,0.22397341062278325,0.24173382251828518,0.1,0.24169270131764264,0.24169270131764264,0.0958653702004357,0.06165630135654149,0.6431550958143722,1.5548349169709768,0.0,10,10,0,3.669106282691949,1.6351029677051345,200.0,50.0,0.5,0.5,29.5232481564666,37.962437565422,0.09675665030281398,0.0726105860020904,0.0,6.379132604114586,2.607816801919152,0.7416766312569716,0.6876133410249277
177,step_confounding_n250_p100_k10_elastic_net,250,100,250,100,10,step_confounding,elastic_net,10,False,0.2202615021142435,0.2431233129860636,0.2202615021142435,0.23247359453481975,0.1,0.2529679698354047,0.2529679698354047,0.07837830512128595,0.06453264536617463,0.8233483138773421,1.214552800006067,0.0,10,10,0,3.4461798368189074,1.3571750613872215,225.0,25.0,0.4444444444444445,0.4444444444444444,22.279275277606285,28.073698782097804,0.12226764602084306,0.0983521334363738,0.0,6.01886389185251,2.4249813690022437,0.7586006872938635,0.7061801447131734
197,step_confounding_n250_p150_k2_elastic_net,250,150,250,150,2,step_confounding,elastic_net,10,False,0.16022029073934307,0.18564320065253703,0.16022029073934307,0.18117057964476915,0.3,0.24460873027402216,0.24460873027402216,0.0891455574029976,0.06240018629439335,0.6999808864540803,1.4286104368731236,0.0,10,10,0,2.584321565878322,1.4403156698841448,125.0,125.0,1.1999999999999997,1.2,8.555601047345138e+17,4.176809450916033e+18,-8.706514026869034e-16,-1.0751988876181313e-15,0.0,6.8519114230465465,2.9302445780773296,0.7259686963703207,0.6609461541885795
217,step_confounding_n250_p150_k5_elastic_net,250,150,250,150,5,step_confounding,elastic_net,10,False,0.22197498961364884,0.21207908292301214,0.22197498961364884,0.22628186311940618,0.0,0.23745220992691585,0.23745220992691585,0.04631517105430006,0.06057454334870298,1.3078769217474158,0.7645979398917212,0.0,10,10,0,3.6716288394768988,0.7476335215927016,200.0,50.0,0.75,0.75,165.1453695387143,209.71677579856552,0.02078495817787511,0.0156590169206526,0.0,6.504477711141638,2.645268352994319,0.7334279922292755,0.6763261965805292
237,step_confounding_n250_p150_k10_elastic_net,250,150,250,150,10,step_confounding,elastic_net,10,False,0.20382559481919582,0.19480391711791123,0.20382559481919582,0.20948090400236452,0.0,0.22966994825738446,0.22966994825738446,0.05096159815923352,0.05858927251463886,1.1496749440936305,0.8698110758501136,0.0,10,10,0,3.4739806301553338,0.752828884507209,225.0,25.0,0.6666666666666667,0.6666666666666666,84.2385829568444,109.69901903689528,0.038540854237863666,0.0293301672793952,0.0,6.0946093809207635,2.568458679915363,0.7393810130760031,0.67591122792798
257,step_confounding_n250_p300_k2_elastic_net,250,300,250,300,2,step_confounding,elastic_net,10,False,0.162610673056715,0.18864865312855117,0.162610673056715,0.1787664412244875,0.3,0.23867134882210367,0.23867134882210367,0.07828161069788915,0.06088554816890399,0.7777758738751368,1.2857174329896208,0.0,10,10,0,2.712929636967798,1.3807319053501885,125.0,125.0,2.3999999999999995,2.4,1.3029097490030178e+19,9.134575292182697e+19,-2.226752359435419e-15,-2.501745622134119e-15,0.0,7.443717243026742,3.149038627449296,0.7111300472172847,0.6334751304960745
277,step_confounding_n250_p300_k5_elastic_net,250,300,250,300,5,step_confounding,elastic_net,10,False,0.16788242965055994,0.16986464131065226,0.16788242965055994,0.1751336943789138,0.3,0.24794923004164163,0.24794923004164163,0.05257059509133703,0.06325235460245957,1.20318886427981,0.8311247134077887,0.0,10,10,0,2.6553667765524045,0.7803810019907305,200.0,50.0,1.5,1.5,3.8262866625854694e+18,2.8693815436449886e+19,-1.6766482811823343e-15,-1.858552380798444e-15,0.0,6.5049567629163025,2.7449467628041058,0.7362936735385135,0.6668332411280968
297,step_confounding_n250_p300_k10_elastic_net,250,300,250,300,10,step_confounding,elastic_net,10,False,0.2059392456607702,0.19372718409759848,0.2059392456607702,0.2107936815194596,0.0,0.24930390834569666,0.24930390834569666,0.04741077309829604,0.0635979358024736,1.341423723899565,0.7454766023467704,0.0,10,10,0,3.2638941823954815,0.8039646010639502,225.0,25.0,1.3333333333333337,1.3333333333333333,3.5183407529503754e+18,7.216890357941968e+19,-1.5007058114923429e-15,-1.7899794670492646e-15,0.0,6.4429793537350495,2.637423983424417,0.7291868850814311,0.6743716476757935
317,step_confounding_n500_p25_k2_elastic_net,500,25,500,25,2,step_confounding,elastic_net,10,False,0.2443006271910048,0.2382153435853619,0.2443006271910048,0.2458578194602355,0.0,0.17231668117723128,0.17231668117723128,0.029121792981726322,0.043958337035007955,1.5094653362377597,0.6624862300531077,0.0,10,10,0,5.56371213261182,0.7150640709406557,250.0,250.0,0.1,0.1,3.3964303603280728,3.7891659705669594,0.4976239005859089,0.4543460025779149,0.0,5.843082934087686,2.3365411610998015,0.776789750796015,0.7374246433013802
337,step_confounding_n500_p25_k5_elastic_net,500,25,500,25,5,step_confounding,elastic_net,10,False,0.23688516451834046,0.24283132684649533,0.23688516451834046,0.2400598759393414,0.0,0.16557276510971075,0.16557276510971075,0.041017108451240666,0.04223795028308948,1.0297642100563986,0.9710960919347076,0.0,10,10,0,5.651937109584805,1.1974889631953338,400.0,100.0,0.0625,0.0625,2.6052116794091154,2.9618580904580822,0.5824096654568135,0.5157734433623915,0.0,5.532462678940865,2.265762644863777,0.7783356898415886,0.7326247329590773
357,step_confounding_n500_p25_k10_elastic_net,500,25,500,25,10,step_confounding,elastic_net,10,False,0.24239919573537616,0.23527155943306144,0.24239919573537616,0.24471933858231898,0.0,0.1702671736076066,0.1702671736076066,0.03543671327577389,0.043435503471328206,1.2257204310486278,0.8158467254596388,0.0,10,10,0,5.61120492972411,0.9515969148622901,450.0,50.0,0.05555555555555549,0.0555555555555555,2.439135715464102,2.783389366375045,0.6081302413222436,0.5527135603403915,0.0,5.513196375471626,2.241937415705088,0.7831965391486204,0.7361316935073419
377,step_confounding_n500_p50_k2_elastic_net,500,50,500,50,2,step_confounding,elastic_net,10,False,0.2406763559697401,0.25899788699738957,0.2406763559697401,0.24447854909093084,0.0,0.16818628519438897,0.16818628519438897,0.045272663357503,0.04290466459040532,0.9476947325056096,1.0551921053271032,0.0,10,10,0,5.61402642313174,1.0111374566758817,250.0,250.0,0.2,0.2,6.28518374539396,7.307124393430419,0.32610523324338486,0.2822069075423015,0.0,5.872086032751181,2.377655031912998,0.7723355387217203,0.7312290597837241
397,step_confounding_n500_p50_k5_elastic_net,500,50,500,50,5,step_confounding,elastic_net,10,False,0.2701357954381087,0.27727445573205,0.2701357954381087,0.27178458501410124,0.0,0.1668771954716141,0.1668771954716141,0.03150859978389532,0.04257071313051376,1.3510823528334797,0.7401473329163152,0.0,10,10,0,6.358373926950217,0.7789240489220212,400.0,100.0,0.125,0.125,4.075249155215955,4.551207611883683,0.4371168026455927,0.3984136011899163,0.0,5.765152684468425,2.2700459715790027,0.7699487773586909,0.7316537044416371
417,step_confounding_n500_p50_k10_elastic_net,500,50,500,50,10,step_confounding,elastic_net,10,False,0.255636406961196,0.26214437191029016,0.255636406961196,0.2601336195317406,0.0,0.17229211788704904,0.17229211788704904,0.050766649667912785,0.043952070889553316,0.8657666238970534,1.155045681362404,0.0,10,10,0,5.884370739548904,1.4970523497401718,450.0,50.0,0.11111111111111112,0.1111111111111111,3.7691305595311384,4.361733681815588,0.46617274539549725,0.413770694044974,0.0,5.745104316463189,2.2557219957394152,0.7700607884894873,0.7338156550749352
437,step_confounding_n500_p100_k2_elastic_net,500,100,500,100,2,step_confounding,elastic_net,10,False,0.18994042992203555,0.20021038207224984,0.18994042992203555,0.2015594419034439,0.1,0.16778841939731454,0.16778841939731454,0.07109337913742647,0.0428031682136006,0.6020696826192533,1.6609373115244477,0.0,10,10,0,4.481496257169752,1.7472950837438113,250.0,250.0,0.4,0.4,18.040485234503638,21.623681905203483,0.1434516927451352,0.1224603205902473,0.0,6.2372585747512215,2.6930469475769487,0.7573355370976906,0.6811516392880529
457,step_confounding_n500_p100_k5_elastic_net,500,100,500,100,5,step_confounding,elastic_net,10,False,0.2429656094533854,0.230733045515489,0.2429656094533854,0.2461472849523876,0.0,0.16642065709193266,0.16642065709193266,0.041582561948448275,0.04245424925814606,1.0209628091404868,0.9794676074850028,0.0,10,10,0,5.769611378860228,1.233598011542396,400.0,100.0,0.25,0.25,8.305191650537193,9.257856947480578,0.26234541695767566,0.2300594103092686,0.0,5.69511926358129,2.2807659128114364,0.7732792420750841,0.7365219904899603
477,step_confounding_n500_p100_k10_elastic_net,500,100,500,100,10,step_confounding,elastic_net,10,False,0.2659236312270687,0.2587342265118997,0.2659236312270687,0.2690750695825859,0.0,0.1646563961142801,0.1646563961142801,0.043282218903422424,0.04200418268221426,0.9704720263057699,1.0304264037435806,0.0,10,10,0,6.3950370910124805,1.3358640438869924,450.0,50.0,0.22222222222222224,0.2222222222222222,7.302159456188645,8.71125863707739,0.28914085239781984,0.240958786578741,0.0,5.924473667810442,2.3498542618601466,0.7667612763223122,0.723331546636435
497,step_confounding_n500_p150_k2_elastic_net,500,150,500,150,2,step_confounding,elastic_net,10,False,0.2147356540678083,0.2069762312812724,0.2147356540678083,0.220311691459671,0.0,0.16665912238652136,0.16665912238652136,0.051917030666373314,0.0425150822414595,0.818904349801279,1.2211438371803336,0.0,10,10,0,5.069339151948267,1.2466838739512451,250.0,250.0,0.5999999999999999,0.6,56.203637006387524,63.04030143465929,0.05506203330414215,0.0500002246551194,0.0,6.15057509585639,2.5494814709338263,0.7607997464520782,0.7050731194188871
517,step_confounding_n500_p150_k5_elastic_net,500,150,500,150,5,step_confounding,elastic_net,10,False,0.2292969920994609,0.2369002821964622,0.2292969920994609,0.23429209642112095,0.0,0.1702270816643859,0.1702270816643859,0.05072448301629776,0.0434252759347923,0.8561009073436937,1.168086602200663,0.0,10,10,0,5.329612314435559,1.377784814855437,400.0,100.0,0.375,0.375,15.883149075013801,17.87400156904899,0.1603392650508846,0.1410167821379845,0.0,5.950376357169823,2.3879556440811047,0.7629740616408227,0.717655463770218
537,step_confounding_n500_p150_k10_elastic_net,500,150,500,150,10,step_confounding,elastic_net,10,False,0.24044623582413696,0.22514039250568596,0.24044623582413696,0.24785279165363627,0.0,0.1745079890007779,0.1745079890007779,0.06339132440207619,0.04451734413285146,0.7022624081883582,1.4239691436420783,0.0,10,10,0,5.47994838684034,1.673335405306501,450.0,50.0,0.33333333333333337,0.3333333333333333,12.812297732972734,14.79599206806446,0.18978509597047977,0.1673548959280249,0.0,5.712938307815514,2.315276125552404,0.7624762473618415,0.7136762738797382
557,step_confounding_n500_p300_k2_elastic_net,500,300,500,300,2,step_confounding,elastic_net,10,False,0.21086282334220238,0.2163082335788442,0.21086282334220238,0.2144822118965734,0.0,0.17049225672070256,0.17049225672070256,0.041358714682931966,0.043492922632832234,1.0516023760956241,0.9509297646443013,0.0,10,10,0,4.886960300196412,1.1252340933999243,250.0,250.0,1.1999999999999997,1.2,2.788137868508351e+18,1.945652619893174e+19,-1.2590610187365168e-15,-1.463974197865522e-15,0.0,6.420332202683712,2.6323896617552855,0.7511734798319731,0.7006381882998841
577,step_confounding_n500_p300_k5_elastic_net,500,300,500,300,5,step_confounding,elastic_net,10,False,0.22860304334315557,0.23336261032907524,0.22860304334315557,0.23269534222502963,0.0,0.16868058868424882,0.16868058868424882,0.04579872472109769,0.04303076241945122,0.93956245903128,1.06432519774261,0.0,10,10,0,5.354055991972215,1.2308662836171125,400.0,100.0,0.75,0.75,175.43959234435357,213.3885841165095,0.01982104124791631,0.0162766011830901,0.0,6.066513038859721,2.463826286724319,0.7659727585945488,0.7180923188776615
597,step_confounding_n500_p300_k10_elastic_net,500,300,500,300,10,step_confounding,elastic_net,10,False,0.21183902087219436,0.22941231286332564,0.21183902087219436,0.2142779299644617,0.0,0.16287146650596082,0.16287146650596082,0.03398137571220723,0.04154884349641853,1.2226945679981054,0.8178657419221883,0.0,10,10,0,5.099822513619015,0.7809013297854168,450.0,50.0,0.6666666666666667,0.6666666666666666,88.2695290882001,100.30576654688667,0.03685334801088497,0.0326778496965263,0.0,5.734019906760967,2.3623625765153062,0.7555327377721118,0.7158796209944744
617,step_confounding_n1000_p25_k2_elastic_net,1000,25,1000,25,2,step_confounding,elastic_net,10,False,0.2650634676691816,0.2771030966168997,0.2650634676691816,0.2679013769663149,0.0,0.12106272334908079,0.12106272334908079,0.040994659376236156,0.030883347793132804,0.7533505159707538,1.3274033518267632,0.0,10,10,0,8.586209092410195,1.3255572350589835,500.0,500.0,0.05,0.05,2.299842729774744,2.500140583383886,0.6301349243132842,0.574196802006295,0.0,5.559701022420058,2.2064231342012444,0.7862509036782999,0.7511839202939872
637,step_confounding_n1000_p25_k5_elastic_net,1000,25,1000,25,5,step_confounding,elastic_net,10,False,0.28378816506854215,0.2759811141228652,0.28378816506854215,0.28502810644134374,0.0,0.11711346801037434,0.11711346801037434,0.027994023738565927,0.02987588469652404,1.067223668006167,0.937010703546561,0.0,10,10,0,9.493254976156598,0.821029813522056,800.0,200.0,0.03125,0.03125,1.9243976107773466,2.0636828437772405,0.7024024024368118,0.6603254007054515,0.0,5.644328820957602,2.1996114652262557,0.7819917900370956,0.7467379638558708
657,step_confounding_n1000_p25_k10_elastic_net,1000,25,1000,25,10,step_confounding,elastic_net,10,False,0.26365516614683326,0.24428483709638205,0.26365516614683326,0.2659514868895343,0.0,0.12257323982693547,0.12257323982693547,0.03675968115627496,0.03126868362932024,0.8506244517298432,1.1756069296695906,0.0,10,10,0,8.452194384367381,1.1721222157174562,900.0,100.0,0.0277777777777777,0.0277777777777777,1.8427845139777788,2.0191559178234835,0.718295839284857,0.6797577319540068,0.0,5.4996953117368665,2.172615497190307,0.782311387099738,0.7484262999831969
677,step_confounding_n1000_p50_k2_elastic_net,1000,50,1000,50,2,step_confounding,elastic_net,10,False,0.24672661203594304,0.25152833953720255,0.24672661203594304,0.2479759215845458,0.0,0.1206203397666566,0.1206203397666566,0.026205101262711517,0.03077049483843276,1.1742177421850897,0.8516308041293179,0.0,10,10,0,8.051274474233598,1.0764892931216068,500.0,500.0,0.1,0.1,3.423000205925002,3.603894868473268,0.4863248251309966,0.4510409664784359,0.0,5.536753548694975,2.2081689523941135,0.7790703905051963,0.7399339541352539
697,step_confounding_n1000_p50_k5_elastic_net,1000,50,1000,50,5,step_confounding,elastic_net,10,False,0.2742385904337638,0.2713582221506784,0.2742385904337638,0.27612486263396635,0.0,0.12553319682031688,0.12553319682031688,0.0339629746362637,0.03202377469906035,0.9429025296526062,1.0605550081283908,0.0,10,10,0,8.585068893986998,1.1823342404209525,800.0,200.0,0.0625,0.0625,2.6227090560641124,2.8132334163863257,0.581052160726999,0.5367941359898558,0.0,5.606365147508174,2.183358624911283,0.7819199954383859,0.7468884511320262
717,step_confounding_n1000_p50_k10_elastic_net,1000,50,1000,50,10,step_confounding,elastic_net,10,False,0.2729949478525811,0.2754075755476476,0.2729949478525811,0.27350582300635656,0.0,0.12201280515380505,0.12201280515380505,0.01761292660869634,0.031125715600460447,1.7672086128543907,0.5658641502345344,0.0,10,10,0,8.780112282739724,0.5920946721673497,900.0,100.0,0.05555555555555549,0.0555555555555555,2.5098724737368885,2.7017433114830185,0.595629528763645,0.5570025075440527,0.0,5.628841538776718,2.2208181323152223,0.7775488247113388,0.7445476914828844
737,step_confounding_n1000_p100_k2_elastic_net,1000,100,1000,100,2,step_confounding,elastic_net,10,False,0.24435918811560708,0.2441205470710267,0.24435918811560708,0.24470955911022346,0.0,0.11999186347912347,0.11999186347912347,0.01379836960583491,0.03061016925487839,2.2183902974982117,0.45077730511522224,0.0,10,10,0,8.00963479970837,0.7149439009098467,500.0,500.0,0.2,0.2,6.402378921174874,6.997621657915535,0.32009089014553405,0.3038133458348711,0.0,5.7673552045434615,2.3223152358868964,0.7762847980478663,0.7372071596460267
757,step_confounding_n1000_p100_k5_elastic_net,1000,100,1000,100,5,step_confounding,elastic_net,10,False,0.2554584066201614,0.24495695590052546,0.2554584066201614,0.2583123823964887,0.0,0.12317748932783497,0.12317748932783497,0.04036347890575851,0.031422828910161946,0.7784965459376934,1.284527214948022,0.0,10,10,0,8.190538154810756,1.609674439329194,800.0,200.0,0.125,0.125,4.141263784490124,4.475995569374778,0.4320039171795047,0.4099363059705061,0.0,5.451149861204593,2.141285158162322,0.7783873784093093,0.7408073510511354
777,step_confounding_n1000_p100_k10_elastic_net,1000,100,1000,100,10,step_confounding,elastic_net,10,False,0.2745598880325841,0.27441254764014744,0.2745598880325841,0.27647893000294316,0.0,0.12156234431021709,0.12156234431021709,0.034277731986220014,0.031010802119953284,0.9046923563210055,1.105348125263896,0.0,10,10,0,8.85065410101215,1.0445762063999737,900.0,100.0,0.11111111111111112,0.1111111111111111,3.7957315534708846,4.08145431991466,0.4616426665309364,0.4404664477716751,0.0,5.651237589975585,2.2199225723485556,0.7761524682378856,0.7415100473389132
797,step_confounding_n1000_p150_k2_elastic_net,1000,150,1000,150,2,step_confounding,elastic_net,10,False,0.24162023313713937,0.24211334276947927,0.24162023313713937,0.24230016041218733,0.0,0.1217825350990672,0.1217825350990672,0.019120398488587136,0.0310669732395579,1.6248078332730151,0.6154573971899179,0.0,10,10,0,7.783478430543309,0.5963792602181689,500.0,500.0,0.29999999999999993,0.3,10.94946213157197,12.127731346757695,0.2137883682979965,0.1928784881867937,0.0,5.731379702020136,2.2810422427969725,0.7795300120684512,0.7434684759838264
817,step_confounding_n1000_p150_k5_elastic_net,1000,150,1000,150,5,step_confounding,elastic_net,10,False,0.24575417505696223,0.2422649717441855,0.24575417505696223,0.24797060290336082,0.0,0.1192195579502486,0.1192195579502486,0.03486968352671967,0.03041315253832868,0.8721946820946603,1.146533016686599,0.0,10,10,0,8.095300944650381,1.2408672214771288,800.0,200.0,0.1875,0.1875,6.099862812149739,6.580253716624075,0.3313971012841385,0.3083878793848774,0.0,5.487980593649864,2.216436847961349,0.7848545067371208,0.7437430645977607
837,step_confounding_n1000_p150_k10_elastic_net,1000,150,1000,150,10,step_confounding,elastic_net,10,False,0.2661717163804025,0.27053852720011307,0.2661717163804025,0.2668600102767061,0.0,0.12190466219518792,0.12190466219518792,0.020190274996593396,0.031098128111017292,1.5402528254946664,0.6492440613954665,0.0,10,10,0,8.596356770275964,0.9695036055965157,900.0,100.0,0.16666666666666657,0.1666666666666666,5.416044999262429,5.774671276527827,0.3603826938890794,0.335533764052924,0.0,5.652117258632825,2.2201603770815774,0.7759244894076811,0.739983900571547
857,step_confounding_n1000_p300_k2_elastic_net,1000,300,1000,300,2,step_confounding,elastic_net,10,False,0.2507205423089448,0.24270561218195374,0.2507205423089448,0.2515539170484735,0.0,0.11880325176587006,0.11880325176587006,0.021565992950294533,0.030306951981089285,1.4053121528390082,0.7115856772317826,0.0,10,10,0,8.304491815678448,0.9788582568540677,500.0,500.0,0.5999999999999999,0.6,56.90295894658792,63.130242870046125,0.05515132425321854,0.0486974215131543,0.0,5.898399442828445,2.376661008139064,0.7731973256428912,0.7298536782777678
877,step_confounding_n1000_p300_k5_elastic_net,1000,300,1000,300,5,step_confounding,elastic_net,10,False,0.25314959975322937,0.2640101473997719,0.25314959975322937,0.25523669490227135,0.0,0.1206844525615622,0.1206844525615622,0.03433576964519205,0.030786850143255624,0.8966407469933219,1.1152738745738129,0.0,10,10,0,8.241871263115367,1.1712228050866194,800.0,200.0,0.375,0.375,16.431826185683,17.86093050791688,0.15653037546897267,0.1436184637517895,0.0,5.739199639541757,2.292167192205173,0.773829886791782,0.7324491158508073
897,step_confounding_n1000_p300_k10_elastic_net,1000,300,1000,300,10,step_confounding,elastic_net,10,False,0.25136274996700336,0.2460147395153537,0.25136274996700336,0.25308311054194144,0.0,0.12225984964234378,0.12225984964234378,0.031052442570061428,0.03118873715365909,1.0043891743230875,0.9956300063408732,0.0,10,10,0,8.088613634245178,1.1196585495765927,900.0,100.0,0.33333333333333337,0.3333333333333333,13.580150374389707,14.945422451579018,0.1817526938196668,0.1653093320087086,0.0,5.560532618744398,2.220669338840749,0.779656961540977,0.7405350740237318
18,step_confounding_n250_p25_k2_random_forest,250,25,250,25,2,step_confounding,random_forest,10,False,0.2805688422715079,0.2765763058088726,0.2805688422715079,0.2840422251813646,0.0,0.21890784102494915,0.21890784102494915,0.046679884228252484,0.05584383699616049,1.1963148135307846,0.8359003739564302,0.0,10,10,0,5.060834823607544,0.9950197671139753,125.0,125.0,0.2,0.2,5.605209325452097,6.524264369938399,0.35055399423802386,0.3048240299385893,0.0,11.049833586132262,4.407926553001925,0.5881472496324627,0.5143108183790861
38,step_confounding_n250_p25_k5_random_forest,250,25,250,25,5,step_confounding,random_forest,10,False,0.22255065609610925,0.20760575138020143,0.22255065609610925,0.22653183675472785,0.0,0.21133033316465344,0.21133033316465344,0.044570525071845224,0.053910799276697265,1.2095616820711903,0.8267457665223424,0.0,10,10,0,4.160018827151357,0.8971735634451983,200.0,50.0,0.125,0.125,3.9035909313089854,4.66980355950304,0.4501560466718096,0.3764242135701003,0.0,9.055185983745059,3.82868588198302,0.6469606600603595,0.5559115329576978
58,step_confounding_n250_p25_k10_random_forest,250,25,250,25,10,step_confounding,random_forest,10,False,0.20542245605077536,0.19479889721476007,0.20542245605077536,0.2078897087465805,0.0,0.2152621736982391,0.2152621736982391,0.033660817194894985,0.054913819820979315,1.6313870071255303,0.6129753367117831,0.0,10,10,0,3.7442437279937577,0.5978251806575938,225.0,25.0,0.11111111111111112,0.1111111111111111,3.583216971255009,4.105231826881298,0.4802197157779693,0.4088312748709873,0.0,8.750030806735513,3.7405971810266863,0.6459977936816059,0.54487796645636
78,step_confounding_n250_p50_k2_random_forest,250,50,250,50,2,step_confounding,random_forest,10,False,0.3361603202922934,0.3415586503263408,0.3361603202922934,0.33811668395535344,0.0,0.21987049555205407,0.21987049555205407,0.038284476545795934,0.05608941213062603,1.4650693229025036,0.6825615582605078,0.0,10,10,0,6.046502461676546,0.966292788012805,125.0,125.0,0.4,0.4,16.365702027667204,20.02965520222799,0.15516964766073688,0.1269282219699822,0.0,14.737326258370837,5.493375442996468,0.43284398064204754,0.38665484202692546
98,step_confounding_n250_p50_k5_random_forest,250,50,250,50,5,step_confounding,random_forest,10,False,0.3213336947674944,0.32430382426536475,0.3213336947674944,0.3237257941503675,0.0,0.22298930375764278,0.22298930375764278,0.041406472995802385,0.05688502646878638,1.3738196555536897,0.7278975780827438,0.0,10,10,0,5.664222263400395,0.7889762150159735,200.0,50.0,0.25,0.25,8.313975922357677,9.754150182424768,0.2597955066501972,0.2226516518823556,0.0,12.609098542164707,4.739000573952952,0.5158113194580394,0.4561059307247115
118,step_confounding_n250_p50_k10_random_forest,250,50,250,50,10,step_confounding,random_forest,10,False,0.2655604000944238,0.25986370701404415,0.2655604000944238,0.2673475735146185,0.0,0.21297320403374184,0.21297320403374184,0.032530310068609895,0.05432989898819941,1.6701316056813433,0.5987552098279357,0.0,10,10,0,4.888363002533952,0.5457532084724707,225.0,25.0,0.22222222222222224,0.2222222222222222,6.949624729809865,8.048604766194401,0.3003458353187861,0.2635035752834378,0.0,11.380127192076781,4.6303882634193965,0.5222920338562522,0.44088856232575163
138,step_confounding_n250_p100_k2_random_forest,250,100,250,100,2,step_confounding,random_forest,10,False,0.36629385034185075,0.3671807335229331,0.36629385034185075,0.37173214229416235,0.0,0.19014308419118361,0.19014308419118361,0.06677991062146031,0.048505888824281515,0.7263545035158181,1.376738211382512,0.0,10,10,0,7.5806775637172255,1.392124827097142,125.0,125.0,0.8,0.8,263.7735253918323,479.6282839275041,0.013628350749772361,0.0072023010722313,0.0,16.81330641929187,6.340217463027349,0.3291429350631443,0.29515656021115644
158,step_confounding_n250_p100_k5_random_forest,250,100,250,100,5,step_confounding,random_forest,10,False,0.3163167634341514,0.32611240803863084,0.3163167634341514,0.31813720202934304,0.0,0.204994481723543,0.204994481723543,0.03582340150116239,0.05229451064376095,1.4597862975704334,0.6850317759964799,0.0,10,10,0,6.079418837755805,0.8251962247552247,200.0,50.0,0.5,0.5,29.962118104079913,36.21808131677999,0.09562216726137476,0.0780498877792973,0.0,14.773102927279933,5.78601310210852,0.4100426412470498,0.35462463902753677
178,step_confounding_n250_p100_k10_random_forest,250,100,250,100,10,step_confounding,random_forest,10,False,0.33726611479861296,0.345763154254801,0.33726611479861296,0.3391439097108845,0.0,0.20815610381975294,0.20815610381975294,0.03756711479521742,0.05310104689279409,1.4134981401221225,0.707464673362501,0.0,10,10,0,6.395073517589841,0.9392521158527614,225.0,25.0,0.4444444444444445,0.4444444444444444,22.490213464568164,28.53314982927361,0.12048660418511785,0.098523884433827,0.0,14.87026749064648,5.669250830355785,0.40568971922455715,0.34510037513716657
198,step_confounding_n250_p150_k2_random_forest,250,150,250,150,2,step_confounding,random_forest,10,False,0.39234781459254203,0.39305183696307466,0.39234781459254203,0.39488089008648497,0.0,0.1984822144836434,0.1984822144836434,0.04707098351250243,0.05063321798052123,1.075677927296179,0.9296462952564224,0.0,10,10,0,7.780669537764117,1.0758479649055126,125.0,125.0,1.1999999999999997,1.2,8.061533670317405e+17,3.351771626233571e+18,-8.582889144155428e-16,-1.0442895930811362e-15,0.0,18.904869687277362,6.990696000381201,0.2564414382203035,0.21587032990231303
218,step_confounding_n250_p150_k5_random_forest,250,150,250,150,5,step_confounding,random_forest,10,False,0.36955047593271984,0.3608095983104146,0.36955047593271984,0.37175701145013046,0.0,0.2093593851220547,0.2093593851220547,0.042631773495476755,0.05340800640868741,1.2527746802359516,0.7982281377299681,0.0,10,10,0,6.9392522881241945,0.9001674906275533,200.0,50.0,0.75,0.75,167.00912176774662,239.25186649349183,0.020876170730102797,0.0141290993087124,0.0,16.486299331196506,6.020128558596439,0.33195551228600273,0.2713657693739301
238,step_confounding_n250_p150_k10_random_forest,250,150,250,150,10,step_confounding,random_forest,10,False,0.351091797782782,0.3459949418279673,0.351091797782782,0.3531605728028667,0.0,0.20953197315164207,0.20953197315164207,0.04023458589741818,0.0534520339672556,1.3285096087116823,0.7527231970642249,0.0,10,10,0,6.607911468383712,0.9295754449399358,225.0,25.0,0.6666666666666667,0.6666666666666666,88.0712536428516,117.96563289695834,0.037321693650521945,0.0276943453808796,0.0,16.241101261984717,6.008677303694801,0.3443041574336034,0.2737899385030811
258,step_confounding_n250_p300_k2_random_forest,250,300,250,300,2,step_confounding,random_forest,10,False,0.3897500288242628,0.38721087364319184,0.3897500288242628,0.3935486245887307,0.0,0.2011330126815239,0.2011330126815239,0.05749816371143278,0.05130944201059277,0.8923666200559122,1.1206156500310869,0.0,10,10,0,7.585605873712517,0.812999706796989,125.0,125.0,2.3999999999999995,2.4,1.1036101001438106e+19,1.1810416666723977e+20,-2.175225938745839e-15,-2.350098467244054e-15,0.0,20.21185552375843,7.2636270106308345,0.1840722181201854,0.14956559456009522
278,step_confounding_n250_p300_k5_random_forest,250,300,250,300,5,step_confounding,random_forest,10,False,0.40901768687142354,0.42203729953209734,0.40901768687142354,0.412669708202955,0.0,0.20730239956474966,0.20730239956474966,0.05774291582005892,0.05288326519508916,0.9158398817248228,1.0918939215844985,0.0,10,10,0,7.727406924155078,0.9852018858725351,200.0,50.0,1.5,1.5,5.51366036625613e+18,8.183139279360916e+19,-1.7355255758294855e-15,-1.960096765950101e-15,0.0,19.255360400628113,6.6850490820750235,0.2475370578037998,0.21101583530168866
298,step_confounding_n250_p300_k10_random_forest,250,300,250,300,10,step_confounding,random_forest,10,False,0.38772011669419887,0.3894838324252423,0.38772011669419887,0.38977083149778097,0.0,0.20019850178350077,0.20019850178350077,0.04209001197313006,0.05107104637334199,1.213376855438895,0.8241462621588297,0.0,10,10,0,7.610341386638154,0.8969648400174649,225.0,25.0,1.3333333333333337,1.3333333333333333,3.204345275154605e+18,6.5859592035709305e+19,-1.4994187176173985e-15,-1.7455839103990269e-15,0.0,18.551110376724946,6.759812020949019,0.24664549392825133,0.19167568303105142
318,step_confounding_n500_p25_k2_random_forest,500,25,500,25,2,step_confounding,random_forest,10,False,0.19149108159529077,0.1835291305176896,0.19149108159529077,0.19514679358701184,0.0,0.1526607592323801,0.1526607592323801,0.03962934822630415,0.03894407123274997,0.9827078409253441,1.0175964395057366,0.0,10,10,0,4.924682588463944,1.01240485572376,250.0,250.0,0.1,0.1,3.2776629463903157,3.609523584149725,0.5071684121590638,0.4583374239101477,0.0,8.315682523860023,3.679104195012381,0.6736869790245741,0.5864623813568491
338,step_confounding_n500_p25_k5_random_forest,500,25,500,25,5,step_confounding,random_forest,10,False,0.14970398675558375,0.15209601201212886,0.14970398675558375,0.15127267077863688,0.0,0.15905670477099484,0.15905670477099484,0.022904081974517168,0.04057568999260068,1.7715484094819758,0.5644779418093425,0.0,10,10,0,3.6849231945530874,0.5080913400491879,400.0,100.0,0.0625,0.0625,2.583713445436482,3.010364452861341,0.5937923528371905,0.5223840519407073,0.0,6.916739300974518,3.1339073948101968,0.718878585357814,0.6298982021761554
358,step_confounding_n500_p25_k10_random_forest,500,25,500,25,10,step_confounding,random_forest,10,False,0.15471523745137666,0.16067055417989062,0.15471523745137666,0.15745805834992632,0.0,0.1568287717537264,0.1568287717537264,0.030844330285644716,0.04000733973309342,1.2970727314417738,0.7709667898795777,0.0,10,10,0,3.87105332167292,0.7714711187309986,450.0,50.0,0.05555555555555549,0.0555555555555555,2.4221291848907804,2.7253058230571057,0.6112284364267107,0.555057873135254,0.0,6.680484677430194,3.0170303261193387,0.7351997074967662,0.6461108972754137
378,step_confounding_n500_p50_k2_random_forest,500,50,500,50,2,step_confounding,random_forest,10,False,0.27838288573914494,0.28558270351515413,0.27838288573914494,0.27947287124073455,0.0,0.1486579791806298,0.1486579791806298,0.025992620471681268,0.03792295387260962,1.4589892509655324,0.6854060092205739,0.0,10,10,0,7.360248493726154,0.8140068379046367,250.0,250.0,0.2,0.2,6.154489692109818,6.822297189557148,0.3268686205433263,0.292733986165603,0.0,11.255721643299065,4.565978634237103,0.5536183271386699,0.49337949584527274
398,step_confounding_n500_p50_k5_random_forest,500,50,500,50,5,step_confounding,random_forest,10,False,0.23488197999754643,0.23238250089738044,0.23488197999754643,0.23676114179207616,0.0,0.15166241891396867,0.15166241891396867,0.03138105824856427,0.038689392580094004,1.2328899896759888,0.8111023760220539,0.0,10,10,0,6.083854868686493,0.883163630536061,400.0,100.0,0.125,0.125,4.16206107710318,4.6164102553972,0.4265704093056112,0.3792733874064463,0.0,9.61799472160339,4.010938469615683,0.6173306669420713,0.5229366784419419
418,step_confounding_n500_p50_k10_random_forest,500,50,500,50,10,step_confounding,random_forest,10,False,0.2511436279295566,0.25833082310125477,0.2511436279295566,0.2533264305416466,0.0,0.1547924681067005,0.1547924681067005,0.03497870084227661,0.03948787451701537,1.1289119826111094,0.8858086506328481,0.0,10,10,0,6.3797903707483075,0.9689328501421963,450.0,50.0,0.11111111111111112,0.1111111111111111,3.7557687994178766,4.221131656760638,0.46305294605836284,0.4135618619824022,0.0,9.36285881027225,3.8266669826908726,0.6179900731625506,0.5358416419736998
438,step_confounding_n500_p100_k2_random_forest,500,100,500,100,2,step_confounding,random_forest,10,False,0.33792639346570014,0.3384039889809225,0.33792639346570014,0.33914821859621747,0.0,0.14919362823608492,0.14919362823608492,0.030318068984472656,0.03805959903981753,1.2553437707167197,0.7965945451173626,0.0,10,10,0,8.909371969909575,1.0498904509758935,250.0,250.0,0.4,0.4,17.70235766034163,19.29851750822758,0.14583527853158043,0.1314335471801344,0.0,14.165807741419666,5.353449289862864,0.4484324070953159,0.3852964823322057
458,step_confounding_n500_p100_k5_random_forest,500,100,500,100,5,step_confounding,random_forest,10,False,0.3130741510612014,0.3055895407187995,0.3130741510612014,0.314504543435474,0.0,0.14951669401363926,0.14951669401363926,0.03158205852948805,0.03814201377898955,1.2077114524810502,0.828012351746487,0.0,10,10,0,8.234528174686742,1.0077358079125165,400.0,100.0,0.25,0.25,8.451865031935094,9.30814235279501,0.26060047891284915,0.2425728482402268,0.0,12.48029738202466,4.807918027532732,0.5070401453493945,0.4409715893443675
478,step_confounding_n500_p100_k10_random_forest,500,100,500,100,10,step_confounding,random_forest,10,False,0.30117236871139424,0.2993048600519289,0.30117236871139424,0.3022726193623519,0.0,0.15408606841293815,0.15408606841293815,0.027160852975994756,0.03930767051350461,1.4472178229544346,0.6909809872010433,0.0,10,10,0,7.658846033366968,0.5885217735024247,450.0,50.0,0.22222222222222224,0.2222222222222222,7.257332803428445,8.064781762844435,0.2922461662905116,0.2676246521393156,0.0,12.464226726761037,4.812287450077127,0.5114254885741947,0.4359181584773665
498,step_confounding_n500_p150_k2_random_forest,500,150,500,150,2,step_confounding,random_forest,10,False,0.36387660131273397,0.34131083253403094,0.36387660131273397,0.36655299776454947,0.0,0.14361173569597133,0.14361173569597133,0.04660614155131985,0.03663564686121713,0.7860690810646959,1.2721528223009917,0.0,10,10,0,9.94676937387558,1.2109821397959515,250.0,250.0,0.5999999999999999,0.6,55.02627669397805,62.944282201370605,0.05631169424358592,0.0499139946621257,0.0,15.891784499513182,5.945537211916165,0.3753203584626329,0.3208185133330728
518,step_confounding_n500_p150_k5_random_forest,500,150,500,150,5,step_confounding,random_forest,10,False,0.3283653122249087,0.329541152399744,0.3283653122249087,0.3292772577951522,0.0,0.14920955990566512,0.14920955990566512,0.025814169849852367,0.038063663241241046,1.4745259468980652,0.6781840645827106,0.0,10,10,0,8.700832128578673,1.241193924820617,400.0,100.0,0.375,0.375,16.3482389468274,18.348331725882243,0.15662490237115972,0.1343468777749668,0.0,14.327668218012354,5.4623078589107275,0.4361006547802453,0.36735251372663436
538,step_confounding_n500_p150_k10_random_forest,500,150,500,150,10,step_confounding,random_forest,10,False,0.34547988372383626,0.34913453238857184,0.34547988372383626,0.3460304579357547,0.0,0.14760876623305866,0.14760876623305866,0.020567713679256836,0.037655297508433286,1.8307964655502666,0.5462103618926524,0.0,10,10,0,9.194907055212044,0.7295603607671386,450.0,50.0,0.33333333333333337,0.3333333333333333,13.0217991445764,14.770459024948082,0.1871652052701704,0.1664023873643342,0.0,14.239659573045023,5.323902911130029,0.4353442851924464,0.37725774218680447
558,step_confounding_n500_p300_k2_random_forest,500,300,500,300,2,step_confounding,random_forest,10,False,0.38054367054891897,0.3886479214792893,0.38054367054891897,0.38147917620968946,0.0,0.14271415125573544,0.14271415125573544,0.028144008377137368,0.03640667123870798,1.293585147888271,0.7730453628293912,0.0,10,10,0,10.453894594038943,0.6351596440631601,250.0,250.0,1.1999999999999997,1.2,2.8446023772802657e+18,1.9197111164690346e+19,-1.2206493645173654e-15,-1.3572842518901134e-15,0.0,18.262435926139766,6.714087510944063,0.2829170650198115,0.23033164953620702
578,step_confounding_n500_p300_k5_random_forest,500,300,500,300,5,step_confounding,random_forest,10,False,0.37601753650952097,0.37154353223112735,0.37601753650952097,0.37793837052282075,0.0,0.14192561229521727,0.14192561229521727,0.04011406169019104,0.036205513340616606,0.9025641337503806,1.1079545071714172,0.0,10,10,0,10.411624801748747,1.3414305039040448,400.0,100.0,0.75,0.75,176.7137239086174,239.152194086838,0.01951975660016168,0.0141248905947222,0.0,17.22438282975337,6.33971905073814,0.3275567419234167,0.27588652310422074
598,step_confounding_n500_p300_k10_random_forest,500,300,500,300,10,step_confounding,random_forest,10,False,0.3705849905470005,0.37154314999915095,0.3705849905470005,0.3710986534825367,0.0,0.14627972004635637,0.14627972004635637,0.020574401512326194,0.037316255113866395,1.8137225081133028,0.5513522578711529,0.0,10,10,0,9.943616036370566,0.5444008485787908,450.0,50.0,0.6666666666666667,0.6666666666666666,90.62762401169616,111.96988964721928,0.035814293313654294,0.0301716467346569,0.0,16.868023454413752,6.143789402411343,0.3489693591361903,0.29819848980360003
618,step_confounding_n1000_p25_k2_random_forest,1000,25,1000,25,2,step_confounding,random_forest,10,False,0.12795395592953948,0.13066928112714415,0.12795395592953948,0.13273141836744645,0.0,0.11154646925086835,0.11154646925086835,0.03719938147358496,0.02845573195175209,0.7649517498552582,1.3072719948535536,0.0,10,10,0,4.468702141248288,1.1508524678800265,500.0,500.0,0.05,0.05,2.2593392125504552,2.391474574489627,0.6325343813288183,0.5949945719040132,0.0,6.333214556225193,2.9723811228829136,0.7514852742479924,0.6610384139400954
638,step_confounding_n1000_p25_k5_random_forest,1000,25,1000,25,5,step_confounding,random_forest,10,False,0.09122704207226592,0.09273515491941475,0.09122704207226592,0.09290034462924228,0.0,0.1111736008560856,0.1111736008560856,0.018502276946275372,0.02836061246328712,1.5328174227224662,0.652393419578883,0.0,10,10,0,3.2171730167082955,0.6508264898992311,800.0,200.0,0.03125,0.03125,1.9266852649403288,2.1352046292395124,0.6932532349989021,0.6179226595677165,0.0,5.324374389794112,2.584177712239499,0.7886463524767906,0.6941195841122634
658,step_confounding_n1000_p25_k10_random_forest,1000,25,1000,25,10,step_confounding,random_forest,10,False,0.09329595871736596,0.08945950602604047,0.09329595871736596,0.0989949508952558,0.2,0.11389033695238393,0.11389033695238393,0.03489451389165882,0.02905365738581222,0.8326139024609597,1.2010368756086063,0.0,10,10,0,3.2103804886010368,1.1827364430849565,900.0,100.0,0.0277777777777777,0.0277777777777777,1.8521555003221248,2.0123669427738573,0.7190877263467489,0.6558401926957798,0.0,5.185952529385316,2.5103001711487836,0.791922835113301,0.7063319824459612
678,step_confounding_n1000_p50_k2_random_forest,1000,50,1000,50,2,step_confounding,random_forest,10,False,0.22121902679016997,0.21760219456097085,0.22121902679016997,0.22237191636199205,0.0,0.10679598863655526,0.10679598863655526,0.023837677285126577,0.02724387465218243,1.1428913281404787,0.8749738276753158,0.0,10,10,0,8.117487820517209,0.7857373930796078,500.0,500.0,0.1,0.1,3.4736345416367898,3.821095199908696,0.48670486200110197,0.4484120810441209,0.0,8.88083117144859,3.798094738408288,0.6544980883235952,0.5714877010846984
698,step_confounding_n1000_p50_k5_random_forest,1000,50,1000,50,5,step_confounding,random_forest,10,False,0.20151509389314973,0.2015083096625151,0.20151509389314973,0.20311507259420625,0.0,0.10953748556753792,0.10953748556753792,0.026820382965712295,0.027943236114167807,1.0418656642558382,0.9598166388507091,0.0,10,10,0,7.217738225050866,0.9578963307602447,800.0,200.0,0.0625,0.0625,2.6446922766018464,2.807900620966033,0.5768230966452724,0.5423056892278512,0.0,7.8449430451046895,3.411250547923769,0.6947602864689872,0.6096919004050825
718,step_confounding_n1000_p50_k10_random_forest,1000,50,1000,50,10,step_confounding,random_forest,10,False,0.18627149999952136,0.1841225967103134,0.18627149999952136,0.18679124936899713,0.0,0.10999904974652486,0.10999904974652486,0.014677992928159378,0.02806098207819509,1.911772421170797,0.5230748121094798,0.0,10,10,0,6.650196169872016,0.5902576728612156,900.0,100.0,0.05555555555555549,0.0555555555555555,2.5002717983179696,2.6705027468028657,0.5948501762974647,0.55506647007804,0.0,7.508079053412773,3.3296035172317104,0.7074042214875051,0.6179187759874469
738,step_confounding_n1000_p100_k2_random_forest,1000,100,1000,100,2,step_confounding,random_forest,10,False,0.2874486446161029,0.2840066558008679,0.2874486446161029,0.28814999095904875,0.0,0.10740653557682647,0.10740653557682647,0.02117897274985601,0.02739962642265977,1.293718385035745,0.7729657486257107,0.0,10,10,0,10.488109455812108,0.570947184124183,500.0,500.0,0.2,0.2,6.42736814994971,7.088474154393647,0.318271834863049,0.2934576672693524,0.0,11.565877407374643,4.599018916985633,0.5399777568009068,0.46087890721702607
758,step_confounding_n1000_p100_k5_random_forest,1000,100,1000,100,5,step_confounding,random_forest,10,False,0.2719268020681085,0.2804803864473888,0.2719268020681085,0.27302934905830706,0.0,0.10778642723644816,0.10778642723644816,0.02583795150580355,0.02749653756031837,1.064191855694995,0.939680185155079,0.0,10,10,0,9.889149763988394,0.8935938510790786,800.0,200.0,0.125,0.125,4.1991034490854835,4.434950986475566,0.42862000574170817,0.4090001080931483,0.0,10.514142256800035,4.22495841068761,0.587831855858272,0.514089920724319
778,step_confounding_n1000_p100_k10_random_forest,1000,100,1000,100,10,step_confounding,random_forest,10,False,0.262187299558261,0.2629113459634861,0.262187299558261,0.26335926777124247,0.0,0.10451194809026595,0.10451194809026595,0.026160272495855907,0.026661211247516782,1.0191488353854201,0.9812109529829582,0.0,10,10,0,9.834747649983447,0.954476309757858,900.0,100.0,0.11111111111111112,0.1111111111111111,3.7794862015488966,4.007035541404528,0.4613946242521726,0.4410981214184282,0.0,10.314135298668198,4.1959333270724795,0.6006253457947155,0.522103305755681
798,step_confounding_n1000_p150_k2_random_forest,1000,150,1000,150,2,step_confounding,random_forest,10,False,0.32589744474469784,0.3318551955033494,0.32589744474469784,0.32671351293681106,0.0,0.10517515481371817,0.10517515481371817,0.02432591312408346,0.02683039663615257,1.1029553751710799,0.9066549948540661,0.0,10,10,0,12.150018993637222,0.8223670352132509,500.0,500.0,0.29999999999999993,0.3,11.147909906292139,12.029019574225662,0.21100723667196425,0.1967527931263703,0.0,13.909554321065775,5.323305421061176,0.46092338851733167,0.39658560674774634
818,step_confounding_n1000_p150_k5_random_forest,1000,150,1000,150,5,step_confounding,random_forest,10,False,0.31919173528731726,0.31819679453741767,0.31919173528731726,0.3196779053886529,0.0,0.10484887472081386,0.10484887472081386,0.018577145993808605,0.026747161918574902,1.43978854058041,0.6945464363793854,0.0,10,10,0,11.943870037866597,0.7630101870934493,800.0,200.0,0.1875,0.1875,6.1132596593437265,6.779085683452661,0.3296216528597267,0.305475436724718,0.0,12.580070099102922,4.8287842480182945,0.5155960573734901,0.45492332275258046
838,step_confounding_n1000_p150_k10_random_forest,1000,150,1000,150,10,step_confounding,random_forest,10,False,0.30670095923926055,0.3076485853585761,0.30670095923926055,0.30682547356885465,0.0,0.10598962779495473,0.10598962779495473,0.009213084443657777,0.027038170355855762,2.9347576830763393,0.3407436347357159,0.0,10,10,0,11.356553548961033,0.4445451665917618,900.0,100.0,0.16666666666666657,0.1666666666666666,5.409861596103563,5.750963376803347,0.36061353292701553,0.3387421107685395,0.0,12.19151713895619,4.7524689842277,0.5237618641192743,0.4551747081747982
858,step_confounding_n1000_p300_k2_random_forest,1000,300,1000,300,2,step_confounding,random_forest,10,False,0.36283677360093075,0.357081433248182,0.36283677360093075,0.3637535492493613,0.0,0.10517129764534912,0.10517129764534912,0.02720539804226846,0.02682941266462982,0.9861797509062546,1.0140139250284192,0.0,10,10,0,13.534199803460918,0.8514230310388918,500.0,500.0,0.5999999999999999,0.6,58.48863871954707,64.35508183467627,0.05304972001890005,0.0484359044188147,0.0,15.949701085432125,5.8580118477182745,0.35649823351199506,0.3036877979054431
878,step_confounding_n1000_p300_k5_random_forest,1000,300,1000,300,5,step_confounding,random_forest,10,False,0.3472146267258087,0.34175571862327114,0.3472146267258087,0.34831625595922633,0.0,0.10541094670399112,0.10541094670399112,0.02917794359349342,0.02689054762856914,0.9216053058161933,1.0850631975413583,0.0,10,10,0,12.942497155985649,1.28880372830091,800.0,200.0,0.375,0.375,16.51599301303511,18.18095859653909,0.15559165229032845,0.1431640200405994,0.0,15.074139720751784,5.635269892515239,0.41034414476647607,0.35338717069245185
898,step_confounding_n1000_p300_k10_random_forest,1000,300,1000,300,10,step_confounding,random_forest,10,False,0.35776063878634357,0.3553456004054456,0.35776063878634357,0.3586829813547145,0.0,0.10657019433704566,0.10657019433704566,0.027096667459996338,0.02718627406557283,1.0033069234697876,0.9967039762285791,0.0,10,10,0,13.179091294430009,1.1451443251862947,900.0,100.0,0.33333333333333337,0.3333333333333333,13.438704368074017,14.449346559736508,0.18249311066034796,0.1706639448499726,0.0,14.78368313460199,5.42182950937123,0.4163740960707102,0.3553482165057071
19,step_confounding_n250_p25_k2_gradient_boosting,250,25,250,25,2,step_confounding,gradient_boosting,10,False,-0.15288101245333396,-0.14947085481435873,0.15577457264677216,0.17544407555678324,0.4,0.2477929736496897,0.2477929736496897,0.09072559163162662,0.06321249327798203,0.6967437978761704,1.4352477956003653,0.0,10,10,0,-2.394967814748049,1.462043064367291,125.0,125.0,0.2,0.2,5.780183027336354,7.179202033725416,0.3468599731293448,0.2948260844800109,0.0,3.5553636962572517,2.0023058259680866,0.853569218293844,0.7642829478618843
39,step_confounding_n250_p25_k5_gradient_boosting,250,25,250,25,5,step_confounding,gradient_boosting,10,False,-0.17079238589822732,-0.15513867133552967,0.17079238589822732,0.1802911523980636,0.3,0.24748070351632986,0.24748070351632986,0.06087200188567629,0.06313283252967596,1.0371407309430325,0.9641893044647261,0.0,10,10,0,-2.728300076640285,1.0146011812792919,200.0,50.0,0.125,0.125,3.9855562110278817,4.761014118663721,0.44125007206047184,0.3665546976416151,0.0,3.181086224136508,1.847363097192487,0.8769419433340564,0.7908339944959321
59,step_confounding_n250_p25_k10_gradient_boosting,250,25,250,25,10,step_confounding,gradient_boosting,10,False,-0.18844493906593124,-0.19585023476651053,0.18844493906593124,0.2001532454869079,0.4,0.24552783436935793,0.24552783436935793,0.07110107531129249,0.06263465162483618,0.8809241119154826,1.1351715618563314,0.0,10,10,0,-3.022771540105267,1.1866110754143664,225.0,25.0,0.11111111111111112,0.1111111111111111,3.6161234305268897,4.264751084305989,0.46756234691062615,0.3878458345920977,0.0,3.157837913441276,1.920268613790555,0.8641833166854387,0.7586108323674366
79,step_confounding_n250_p50_k2_gradient_boosting,250,50,250,50,2,step_confounding,gradient_boosting,10,False,-0.15661663096215467,-0.15398925982085954,0.15661663096215467,0.17371351872292318,0.3,0.24707894117880605,0.24707894117880605,0.07921572159590289,0.0630303421374505,0.7956797068514048,1.2567871109307462,0.0,10,10,0,-2.5284879241986116,1.3292768763744953,125.0,125.0,0.4,0.4,16.468168027060663,19.88456814832916,0.15502916598183608,0.1275329000798464,0.0,3.769530061020388,2.2358197271842775,0.8534625549953366,0.7510164763447644
99,step_confounding_n250_p50_k5_gradient_boosting,250,50,250,50,5,step_confounding,gradient_boosting,10,False,-0.20883555263423004,-0.20372664325894618,0.20883555263423004,0.2209849027994591,0.1,0.24125120238652192,0.24125120238652192,0.07617260532094282,0.06154367407819433,0.807950231174167,1.2376999986084953,0.0,10,10,0,-3.451645888310231,1.285880400071754,200.0,50.0,0.25,0.25,8.012707676559474,10.404766113777413,0.26933653961372106,0.1957075307663073,0.0,3.360839502175387,2.0889999057441035,0.8640223403347692,0.75739388566557
119,step_confounding_n250_p50_k10_gradient_boosting,250,50,250,50,10,step_confounding,gradient_boosting,10,False,-0.17068223364366789,-0.17921008414369033,0.17439927372646785,0.18686958906257556,0.2,0.24076314162815526,0.24076314162815526,0.08019295088738734,0.06141916878269264,0.7658923646411493,1.3056664959292803,0.0,10,10,0,-2.7751476440412675,1.3586374850819907,225.0,25.0,0.22222222222222224,0.2222222222222222,6.983113189982442,8.106275549684511,0.2985176261911486,0.2605308471074866,0.0,3.193750248690857,1.9372817035074448,0.8653774260369994,0.759156270113009
139,step_confounding_n250_p100_k2_gradient_boosting,250,100,250,100,2,step_confounding,gradient_boosting,10,False,-0.2170096459591369,-0.22936341681151856,0.2170096459591369,0.22343490995771173,0.1,0.24040736248066003,0.24040736248066003,0.0560750741665018,0.0613284087960867,1.0936839533013607,0.914340927268276,0.0,10,10,0,-3.5834390661721565,0.9947791506385769,125.0,125.0,0.8,0.8,231.97265058257653,297.4586523721967,0.015134957415942969,0.0111295370041595,0.0,3.8371041345464056,2.4751304356574217,0.8478016262284852,0.7105986840199212
159,step_confounding_n250_p100_k5_gradient_boosting,250,100,250,100,5,step_confounding,gradient_boosting,10,False,-0.15960520889922689,-0.15846342156664206,0.15960520889922689,0.1699771844583114,0.2,0.236032763222015,0.236032763222015,0.061629903713925585,0.06021243959745278,0.9770003840497236,1.0235410510842808,0.0,10,10,0,-2.667045586509125,1.0460507987311785,200.0,50.0,0.5,0.5,30.67443216755195,41.33953147482119,0.09179134651860846,0.0704006093502204,0.0,3.5648164979392845,2.1410845573580195,0.8605935455123982,0.7554450742695551
179,step_confounding_n250_p100_k10_gradient_boosting,250,100,250,100,10,step_confounding,gradient_boosting,10,False,-0.21029615078103703,-0.186999414467792,0.21029615078103703,0.2234681692081025,0.1,0.23934299684637056,0.23934299684637056,0.07967678886811305,0.0610568869506047,0.7663070740924386,1.3049598963761768,0.0,10,10,0,-3.5111045189175982,1.447108621949327,225.0,25.0,0.4444444444444445,0.4444444444444444,21.818416203315394,27.846721382671884,0.12272647318790349,0.095365273897951,0.0,3.218129493141609,2.0573825837475885,0.8627989435889309,0.742512440866724
199,step_confounding_n250_p150_k2_gradient_boosting,250,150,250,150,2,step_confounding,gradient_boosting,10,False,-0.207107071334201,-0.2234827700614157,0.207107071334201,0.22582163730579524,0.2,0.2408528862173404,0.2408528862173404,0.0948804679515834,0.061442062810546004,0.6475733534735442,1.544226603265963,0.0,10,10,0,-3.4316909029925915,1.5789021757780695,125.0,125.0,1.1999999999999997,1.2,1.0330328385777691e+18,8.018408361052263e+18,-8.628668848093033e-16,-1.019836233814443e-15,0.0,4.168108432860704,2.6636710825744148,0.8328319464483356,0.6823248673205051
219,step_confounding_n250_p150_k5_gradient_boosting,250,150,250,150,5,step_confounding,gradient_boosting,10,False,-0.2372383320102341,-0.2062586169039567,0.2372383320102341,0.24721711542378827,0.0,0.24782536828148904,0.24782536828148904,0.07328995674306715,0.06322075721466552,0.8626114685303846,1.159270467043154,0.0,10,10,0,-3.755688505965094,1.134222765009296,200.0,50.0,0.75,0.75,164.20826999627778,290.00190226528287,0.020886416002815673,0.0115777783597376,0.0,3.568311425189762,2.2740407490174412,0.8566977654580071,0.7263542384202757
239,step_confounding_n250_p150_k10_gradient_boosting,250,150,250,150,10,step_confounding,gradient_boosting,10,False,-0.20824629215866636,-0.2237666872824678,0.20824629215866636,0.21524473563791693,0.1,0.2423448463660768,0.2423448463660768,0.057385422287508675,0.06182266488930528,1.0773235157104086,0.9282262806085506,0.0,10,10,0,-3.417178501978814,1.084319826121503,225.0,25.0,0.6666666666666667,0.6666666666666666,85.45271847271466,111.13714023070985,0.03786600808300546,0.0284459531346977,0.0,3.4875967561823678,2.230799875434528,0.8528552817326517,0.7239922434809742
259,step_confounding_n250_p300_k2_gradient_boosting,250,300,250,300,2,step_confounding,gradient_boosting,10,False,-0.2285554451266913,-0.21873870764492387,0.2285554451266913,0.23167547591720833,0.0,0.22789895682743572,0.22789895682743572,0.0399434968202305,0.05813748898659071,1.4554932245477656,0.6870523222880056,0.0,10,10,0,-3.9513271108244536,0.5871003991465246,125.0,125.0,2.3999999999999995,2.4,6.211095062627301e+18,7.155984772105294e+19,-2.201225660023059e-15,-2.398485146880601e-15,0.0,4.193654911611674,2.7766375746937983,0.8392636315488676,0.6804833973908644
279,step_confounding_n250_p300_k5_gradient_boosting,250,300,250,300,5,step_confounding,gradient_boosting,10,False,-0.2004869413001908,-0.2157373460776129,0.2004869413001908,0.21139035824286925,0.2,0.24311137227268134,0.24311137227268134,0.07063890906215638,0.062018207212418665,0.8779609996220042,1.1390027580160602,0.0,10,10,0,-3.269959377922639,1.205443772668848,200.0,50.0,1.5,1.5,4.69198581939873e+18,5.680513923744393e+19,-1.68803383721095e-15,-2.011312167999544e-15,0.0,3.8073036442492287,2.4566568241844364,0.8434629392087363,0.6999966474564019
299,step_confounding_n250_p300_k10_gradient_boosting,250,300,250,300,10,step_confounding,gradient_boosting,10,False,-0.18523479726312644,-0.1871900490128064,0.18523479726312644,0.1991105783977994,0.2,0.22323089358000656,0.22323089358000656,0.07697829645638703,0.05694665652551184,0.7397754840908392,1.3517614756171172,0.0,10,10,0,-3.3305982765690407,1.4771048711298562,225.0,25.0,1.3333333333333337,1.3333333333333333,3.752512268966483e+18,7.549734945037627e+19,-1.4689861284677463e-15,-1.7033864394487997e-15,0.0,3.683994867188164,2.367112884269799,0.8494553017361666,0.7201909273921815
319,step_confounding_n500_p25_k2_gradient_boosting,500,25,500,25,2,step_confounding,gradient_boosting,10,False,-0.1534210236655178,-0.1656909693776752,0.1534210236655178,0.16128916987268,0.1,0.19273497664115458,0.19273497664115458,0.05245300346916763,0.049167085877845504,0.9373550154615337,1.0668316523677226,0.0,10,10,0,-3.138891311631939,1.0771718112044926,250.0,250.0,0.1,0.1,3.339918088675617,3.940055150703304,0.4975783837538167,0.442158606091493,0.0,3.2171589871918918,1.708600381827824,0.8716153290381348,0.8028907231268814
339,step_confounding_n500_p25_k5_gradient_boosting,500,25,500,25,5,step_confounding,gradient_boosting,10,False,-0.13367946537676856,-0.13429691111354958,0.13367946537676856,0.14235478998191067,0.2,0.17978309264209977,0.17978309264209977,0.05158258499592054,0.04586303383727033,0.8891185628036565,1.124709394039307,0.0,10,10,0,-2.920825771216863,1.1467746898675093,400.0,100.0,0.0625,0.0625,2.571477456287571,2.8973094305689115,0.5937965481604357,0.5413548253416443,0.0,2.997227211751297,1.6614508048303207,0.8810106455746205,0.805934015259542
359,step_confounding_n500_p25_k10_gradient_boosting,500,25,500,25,10,step_confounding,gradient_boosting,10,False,-0.12978990030313697,-0.10641912310759499,0.12978990030313697,0.14856801160317604,0.3,0.1891643276638437,0.1891643276638437,0.0762090389143441,0.04825620603669477,0.6332084320198922,1.5792588181589235,0.0,10,10,0,-2.755990016525614,1.7093978608870877,450.0,50.0,0.05555555555555549,0.0555555555555555,2.390166130636144,2.6512907499449825,0.6170965620432803,0.5641952709842291,0.0,2.9515982810292534,1.579694521894708,0.8783060989428929,0.8136022981236721
379,step_confounding_n500_p50_k2_gradient_boosting,500,50,500,50,2,step_confounding,gradient_boosting,10,False,-0.17268294019447944,-0.16260167099977008,0.17268294019447944,0.17508862131150385,0.0,0.17894143590652373,0.17894143590652373,0.03048911424231851,0.04564832548635807,1.4972007754491852,0.667913092484195,0.0,10,10,0,-3.7921206664117926,0.7024068888617409,250.0,250.0,0.2,0.2,6.204497375929888,6.868518005888954,0.32713195241127846,0.285325179372296,0.0,3.199102635909837,1.8992477985200007,0.8771103587656837,0.7812391872055213
399,step_confounding_n500_p50_k5_gradient_boosting,500,50,500,50,5,step_confounding,gradient_boosting,10,False,-0.13738282690201903,-0.13413932203034068,0.13738282690201903,0.14193205266798503,0.1,0.18628659062259306,0.18628659062259306,0.037574613873340205,0.04752208944453901,1.2647392626503262,0.7906768055136111,0.0,10,10,0,-2.929519395217646,0.951420293556246,400.0,100.0,0.125,0.125,4.133585724939573,4.844063591625142,0.43382481662497047,0.3826150181612509,0.0,3.1575017106868306,1.7735325059056748,0.8770281784426442,0.8020424430868716
419,step_confounding_n500_p50_k10_gradient_boosting,500,50,500,50,10,step_confounding,gradient_boosting,10,False,-0.16430985099907197,-0.15705568670098785,0.16430985099907197,0.1686912303594063,0.0,0.17930062784448733,0.17930062784448733,0.04026308020497536,0.04573995608277733,1.136027245057252,0.8802605785652645,0.0,10,10,0,-3.5664465717717917,0.6780389408643719,450.0,50.0,0.11111111111111112,0.1111111111111111,3.7476567415004376,4.091424215884092,0.46077813689540176,0.4188312658553991,0.0,2.935964487577022,1.685848779250266,0.8789119476674523,0.7927900393114584
439,step_confounding_n500_p100_k2_gradient_boosting,500,100,500,100,2,step_confounding,gradient_boosting,10,False,-0.21119150226114955,-0.20761073495290677,0.21119150226114955,0.21897355493348625,0.0,0.17339836352216323,0.17339836352216323,0.0609878597471786,0.04423427640871509,0.7252964211580066,1.3787466349322421,0.0,10,10,0,-4.822189753184466,1.6034882933924541,250.0,250.0,0.4,0.4,17.66424624082486,19.50199815674368,0.14620730259275622,0.1346225765939016,0.0,3.269743199276339,2.083973795176269,0.8719026159887282,0.763209490827715
459,step_confounding_n500_p100_k5_gradient_boosting,500,100,500,100,5,step_confounding,gradient_boosting,10,False,-0.15096127050339087,-0.15599191835866955,0.15096127050339087,0.15750842502528495,0.1,0.17472653459216436,0.17472653459216436,0.04737086260969416,0.044573095559225576,0.940939073169927,1.062768067045088,0.0,10,10,0,-3.4603680485602277,1.274437817108178,400.0,100.0,0.25,0.25,8.587854840895423,9.988232537040686,0.2570581419049864,0.2199390187045831,0.0,3.1587720267904653,1.8426235216111984,0.8711283683583073,0.7829006651668061
479,step_confounding_n500_p100_k10_gradient_boosting,500,100,500,100,10,step_confounding,gradient_boosting,10,False,-0.20969584161548455,-0.22791406063437308,0.20969584161548455,0.21231185251200527,0.0,0.17595967891115222,0.17595967891115222,0.0350234322553901,0.04488767319162042,1.2816468946932582,0.7802461068961853,0.0,10,10,0,-4.707656356401671,0.9144630810896168,450.0,50.0,0.22222222222222224,0.2222222222222222,7.226521121342093,8.172740906343178,0.2941918937589607,0.268906184093666,0.0,2.9622792480235005,1.8395566588744512,0.8794133438239587,0.7802662942330356
499,step_confounding_n500_p150_k2_gradient_boosting,500,150,500,150,2,step_confounding,gradient_boosting,10,False,-0.20361240270841513,-0.19511248788516117,0.20361240270841513,0.20944508582771185,0.0,0.17588596098516934,0.17588596098516934,0.051739018595294,0.04486886759825745,0.8672152819369203,1.1531162109672535,0.0,10,10,0,-4.561083975795677,1.178506356512659,250.0,250.0,0.5999999999999999,0.6,55.57604318713637,66.25484876526943,0.0561299659672581,0.045867597699856,0.0,3.4625427992035354,2.1380739884495434,0.8649209801863338,0.7562142066890966
519,step_confounding_n500_p150_k5_gradient_boosting,500,150,500,150,5,step_confounding,gradient_boosting,10,False,-0.21950579558216615,-0.2307625521005402,0.21950579558216615,0.22576867445995363,0.0,0.17117198650288515,0.17117198650288515,0.05566467135390871,0.04366632308747065,0.7844530835338247,1.27477349632584,0.0,10,10,0,-5.095421697642882,1.480017108602957,400.0,100.0,0.375,0.375,15.958223074059115,17.908648712922464,0.15956874206155147,0.1398688576177956,0.0,2.9882223421073495,1.8779347887786895,0.8800680833158492,0.7839064191160613
539,step_confounding_n500_p150_k10_gradient_boosting,500,150,500,150,10,step_confounding,gradient_boosting,10,False,-0.19232948262011118,-0.19506381078232488,0.19232948262011118,0.19568698286378255,0.0,0.17673058175054818,0.17673058175054818,0.03804624930281385,0.04508433207922145,1.184987558704954,0.843890716534507,0.0,10,10,0,-4.26956978892113,0.8233473209506468,450.0,50.0,0.33333333333333337,0.3333333333333333,12.9074911792953,14.847876152970027,0.18867420888485098,0.1648391000785709,0.0,3.087561200382692,1.8202229914589616,0.87687580416219,0.7846592357556205
559,step_confounding_n500_p300_k2_gradient_boosting,500,300,500,300,2,step_confounding,gradient_boosting,10,False,-0.21983484068392228,-0.22973938868628757,0.21983484068392228,0.2237852425229613,0.0,0.17062793380378308,0.17062793380378308,0.044127058875921145,0.04352753413361808,0.9864136709407976,1.0137734598165538,0.0,10,10,0,-5.046958055918517,0.9574554890410605,250.0,250.0,1.1999999999999997,1.2,1.7688268263928246e+18,1.2454322776387138e+19,-1.2061376960272615e-15,-1.373771883747538e-15,0.0,3.49456752891979,2.280916771708294,0.8674742772582823,0.7430641800631375
579,step_confounding_n500_p300_k5_gradient_boosting,500,300,500,300,5,step_confounding,gradient_boosting,10,False,-0.22489712871900389,-0.22184342935508583,0.22489712871900389,0.2295766086882977,0.0,0.17142433931132678,0.17142433931132678,0.048610706991219554,0.04373069880390987,0.8996104255757656,1.111592275467443,0.0,10,10,0,-5.187221967999984,1.2868460070915013,400.0,100.0,0.75,0.75,168.0058664669968,201.5501387629917,0.0205395327821547,0.0169638784715703,0.0,3.145708133123436,2.022388217427128,0.8742430298201768,0.7631622158104061
599,step_confounding_n500_p300_k10_gradient_boosting,500,300,500,300,10,step_confounding,gradient_boosting,10,False,-0.21608164238444302,-0.21652213049783392,0.21608164238444302,0.22073890750784292,0.0,0.16847950872712386,0.16847950872712386,0.0475440043211165,0.04297946651202136,0.903993408332503,1.1062027563282677,0.0,10,10,0,-5.000614839968881,0.8841569798966601,450.0,50.0,0.6666666666666667,0.6666666666666666,91.00716685457643,106.26335764980531,0.03593230463738767,0.0304064111440602,0.0,3.162100967495799,2.013975853478335,0.8739531636854911,0.769533250056797
619,step_confounding_n1000_p25_k2_gradient_boosting,1000,25,1000,25,2,step_confounding,gradient_boosting,10,False,-0.16231350777502448,-0.16598742764034985,0.16231350777502448,0.16726690463283597,0.0,0.12879200385789974,0.12879200385789974,0.042590329878158306,0.032855103024974394,0.7714216611837879,1.29630790826569,0.0,10,10,0,-4.975531302051843,1.447090324257958,500.0,500.0,0.05,0.05,2.2986650918060967,2.481535983830386,0.6240500433867571,0.584526858221834,0.0,2.79474283048662,1.5879404856359707,0.891234427527622,0.8193958880214949
639,step_confounding_n1000_p25_k5_gradient_boosting,1000,25,1000,25,5,step_confounding,gradient_boosting,10,False,-0.16453430652905873,-0.16010973533276257,0.16453430652905873,0.1673048031654922,0.0,0.1303658147286228,0.1303658147286228,0.03196107245533818,0.03325658538995476,1.0405340883484717,0.9610449202939548,0.0,10,10,0,-4.987048383272782,1.1365998821800474,800.0,200.0,0.03125,0.03125,1.9357373235899762,2.070867461010979,0.701555159291676,0.6411124903954941,0.0,2.6769464792118374,1.5321033463297435,0.8944615985820945,0.821264629202919
659,step_confounding_n1000_p25_k10_gradient_boosting,1000,25,1000,25,10,step_confounding,gradient_boosting,10,False,-0.17085163525270933,-0.16328266912153144,0.17085163525270933,0.17505075494258787,0.0,0.12921707340798846,0.12921707340798846,0.04017303597418903,0.03296353913469091,0.8205389096275875,1.2187112497247248,0.0,10,10,0,-5.216007659627595,1.343654688130611,900.0,100.0,0.0277777777777777,0.0277777777777777,1.8502146794594778,1.9832806449498053,0.7200445698117027,0.6634244635915736,0.0,2.5998170660147686,1.4799473929574476,0.896978083786015,0.8288064947429825
679,step_confounding_n1000_p50_k2_gradient_boosting,1000,50,1000,50,2,step_confounding,gradient_boosting,10,False,-0.17201317196543037,-0.17706371437822715,0.17201317196543037,0.17506655702319887,0.0,0.13000161381510608,0.13000161381510608,0.03431501223708607,0.03316367699364947,0.9664480596573329,1.0347167548296008,0.0,10,10,0,-5.215543615843161,1.1210567953740904,500.0,500.0,0.1,0.1,3.5073553000623776,4.030398435737118,0.4824400020081752,0.4231106824279703,0.0,2.9169993290320706,1.6431494093740497,0.8854310227400776,0.808827598468522
699,step_confounding_n1000_p50_k5_gradient_boosting,1000,50,1000,50,5,step_confounding,gradient_boosting,10,False,-0.1616026631626552,-0.1652848877236195,0.1616026631626552,0.16408907684987847,0.0,0.1271164246367488,0.1271164246367488,0.02999637756246078,0.032427659346109375,1.0810525130438164,0.9250244441728325,0.0,10,10,0,-4.996713104146457,0.9476813803970837,800.0,200.0,0.0625,0.0625,2.664054642490621,2.8430772558793698,0.5757085650796391,0.5453540130052261,0.0,2.732426708078917,1.580128710134612,0.893044179605805,0.8188855832647846
719,step_confounding_n1000_p50_k10_gradient_boosting,1000,50,1000,50,10,step_confounding,gradient_boosting,10,False,-0.1728786956285177,-0.15170696162050817,0.1728786956285177,0.17754984739651622,0.0,0.12427515794260484,0.12427515794260484,0.04264719488376594,0.03170284641392978,0.7433747166803172,1.3452165880293756,0.0,10,10,0,-5.5116321158507375,1.6480687700861143,900.0,100.0,0.05555555555555549,0.0555555555555555,2.4773424461399642,2.6773784394226383,0.5999121752565182,0.5626228592935709,0.0,2.6018375936543676,1.5353200822007105,0.8978201887309666,0.8225429786526706
739,step_confounding_n1000_p100_k2_gradient_boosting,1000,100,1000,100,2,step_confounding,gradient_boosting,10,False,-0.19728391665294193,-0.2021896924045774,0.19728391665294193,0.20128266568441522,0.0,0.12712090905854173,0.12712090905854173,0.04208150471405502,0.03242880333126061,0.770618910887698,1.2976582664550387,0.0,10,10,0,-6.056433972621116,1.1967903548181997,500.0,500.0,0.2,0.2,6.413421389581375,6.788068543114491,0.32051269176812963,0.2988905557546353,0.0,2.9172566999675036,1.748690696117156,0.8860619460873785,0.7947832962067126
759,step_confounding_n1000_p100_k5_gradient_boosting,1000,100,1000,100,5,step_confounding,gradient_boosting,10,False,-0.18608416518461962,-0.19616438229767147,0.18608416518461962,0.18917049772263,0.0,0.12385935301739256,0.12385935301739256,0.03587262460073549,0.031596773728926664,0.8808046269432664,1.1353255528077637,0.0,10,10,0,-5.884287678798789,1.0701857328381918,800.0,200.0,0.125,0.125,4.174362253556129,4.527971543285981,0.43062203933694,0.4070799678159515,0.0,2.768390000887355,1.640274235075895,0.891223996001993,0.809854092885652
779,step_confounding_n1000_p100_k10_gradient_boosting,1000,100,1000,100,10,step_confounding,gradient_boosting,10,False,-0.16824079988069868,-0.17021762362195464,0.16824079988069868,0.16971067437929696,0.0,0.12737579929383983,0.12737579929383983,0.023493409330620062,0.0324938263504693,1.3831039119604738,0.7230114753869469,0.0,10,10,0,-5.217602852557837,0.9652242721762672,900.0,100.0,0.11111111111111112,0.1111111111111111,3.8187657172552454,4.1500206398689325,0.4577193394898721,0.4253459533446149,0.0,2.7640985207994806,1.609936258133772,0.8914673296702158,0.8153134373805353
799,step_confounding_n1000_p150_k2_gradient_boosting,1000,150,1000,150,2,step_confounding,gradient_boosting,10,False,-0.22555413950855846,-0.2228679946470219,0.22555413950855846,0.22735190416622061,0.0,0.12570158855631114,0.12570158855631114,0.030078018525164417,0.03206673177456912,1.0661184927371752,0.9379820412199951,0.0,10,10,0,-7.058176977523037,1.0823251422686788,500.0,500.0,0.29999999999999993,0.3,10.889398248452613,11.767347838646703,0.21493193568667796,0.1995635519223188,0.0,2.9395891466842343,1.8139548587299725,0.8861483487949837,0.7942303782781035
819,step_confounding_n1000_p150_k5_gradient_boosting,1000,150,1000,150,5,step_confounding,gradient_boosting,10,False,-0.19721520845472346,-0.20304543392633256,0.19721520845472346,0.2003031341637793,0.0,0.12669446533113415,0.12669446533113415,0.036930973299942244,0.0323200166661056,0.8751466256687079,1.1426656638662012,0.0,10,10,0,-6.136642371034925,1.3175843497184667,800.0,200.0,0.1875,0.1875,6.0719573631294015,6.501026133638277,0.3320988056600015,0.3160622286737541,0.0,2.7824993438883276,1.6648318960859534,0.8907314824423178,0.8065387188376901
839,step_confounding_n1000_p150_k10_gradient_boosting,1000,150,1000,150,10,step_confounding,gradient_boosting,10,False,-0.1785362000743324,-0.17884974224653483,0.1785362000743324,0.17966334236148893,0.0,0.12777133463587936,0.12777133463587936,0.021180227979035692,0.03259472822343857,1.5389224448245322,0.6498053253840351,0.0,10,10,0,-5.466979564659244,0.4787579565046686,900.0,100.0,0.16666666666666657,0.1666666666666666,5.37643871403882,5.850864627170529,0.3617052450660818,0.3343453854864212,0.0,2.7833361834675787,1.6258279569380327,0.8905050482420336,0.811762488984139
859,step_confounding_n1000_p300_k2_gradient_boosting,1000,300,1000,300,2,step_confounding,gradient_boosting,10,False,-0.204244475957383,-0.21351292760105572,0.204244475957383,0.2072487531561842,0.0,0.12413427530261997,0.12413427530261997,0.03706210591976318,0.03166690696495405,0.8544281599515863,1.1703734109801134,0.0,10,10,0,-6.479522553034589,1.2501608068019565,500.0,500.0,0.5999999999999999,0.6,57.37286976127033,66.68605118222253,0.05447578754829678,0.0470861120548282,0.0,3.1021476282276064,1.8952797112312048,0.8791260707864043,0.7833311125671573
879,step_confounding_n1000_p300_k5_gradient_boosting,1000,300,1000,300,5,step_confounding,gradient_boosting,10,False,-0.1829671023032672,-0.18670131393624334,0.1829671023032672,0.18663759469293284,0.0,0.12285286084734252,0.12285286084734252,0.03882483780475852,0.03134001552228121,0.8072156200595914,1.2388263744526855,0.0,10,10,0,-5.823016208189366,1.109470694685438,800.0,200.0,0.375,0.375,16.58714052754568,18.03369621568466,0.15511200098603228,0.1409275484382033,0.0,2.9370320839011512,1.767337690534287,0.8839266143905163,0.7961580175764336
899,step_confounding_n1000_p300_k10_gradient_boosting,1000,300,1000,300,10,step_confounding,gradient_boosting,10,False,-0.21903914340568456,-0.22815469737650634,0.21903914340568456,0.22344845421899384,0.0,0.12363076230622219,0.12363076230622219,0.046560180280313467,0.031538459771995424,0.6773697950076556,1.4762984818192224,0.0,10,10,0,-6.937102962620474,1.3981458991107047,900.0,100.0,0.33333333333333337,0.3333333333333333,13.378635287856952,14.440242459966006,0.18272157290403962,0.1694784752926673,0.0,2.7300772156058093,1.7151656535436897,0.8928671869103513,0.7978684122634357
