scenario_id,dgp_name,learner_name,n,p,mode,start_time,end_time,duration_seconds,n_rep
0,linear_confounding,ols,250,25,smoke,2026-06-11T16:06:37.430169,2026-06-11T16:06:37.591924,0.16175532341003418,10
1,linear_confounding,lasso,250,25,smoke,2026-06-11T16:06:37.392616,2026-06-11T16:06:39.428807,2.03619122505188,10
2,linear_confounding,elastic_net,250,25,smoke,2026-06-11T16:06:37.412649,2026-06-11T16:06:43.053982,5.641333341598511,10
3,linear_confounding,random_forest,250,25,smoke,2026-06-11T16:06:37.391618,2026-06-11T16:06:47.270188,9.878570556640625,10
4,linear_confounding,gradient_boosting,250,25,smoke,2026-06-11T16:06:37.635749,2026-06-11T16:06:41.283765,3.6480157375335693,10
5,quadratic_confounding,ols,250,25,smoke,2026-06-11T16:06:39.460798,2026-06-11T16:06:39.675051,0.21425294876098633,10
6,quadratic_confounding,lasso,250,25,smoke,2026-06-11T16:06:39.676049,2026-06-11T16:06:41.947843,2.271794557571411,10
7,quadratic_confounding,elastic_net,250,25,smoke,2026-06-11T16:06:41.313788,2026-06-11T16:06:47.620660,6.305872201919556,10
8,quadratic_confounding,random_forest,250,25,smoke,2026-06-11T16:06:41.983895,2026-06-11T16:06:51.607525,9.623630046844482,10
9,quadratic_confounding,gradient_boosting,250,25,smoke,2026-06-11T16:06:43.085846,2026-06-11T16:06:46.745405,3.6595585346221924,10
10,interaction_confounding,ols,250,25,smoke,2026-06-11T16:06:46.782197,2026-06-11T16:06:46.942748,0.1605510711669922,10
11,interaction_confounding,lasso,250,25,smoke,2026-06-11T16:06:46.942748,2026-06-11T16:06:49.013987,2.0712392330169678,10
12,interaction_confounding,elastic_net,250,25,smoke,2026-06-11T16:06:47.304022,2026-06-11T16:06:53.645700,6.3416783809661865,10
13,interaction_confounding,random_forest,250,25,smoke,2026-06-11T16:06:47.654173,2026-06-11T16:06:57.386692,9.732519388198853,10
14,interaction_confounding,gradient_boosting,250,25,smoke,2026-06-11T16:06:49.047969,2026-06-11T16:06:52.577164,3.529195547103882,10
15,step_confounding,ols,250,25,smoke,2026-06-11T16:06:51.653260,2026-06-11T16:06:51.862778,0.2095181941986084,10
16,step_confounding,lasso,250,25,smoke,2026-06-11T16:06:51.864785,2026-06-11T16:06:53.747520,1.8827342987060547,10
17,step_confounding,elastic_net,250,25,smoke,2026-06-11T16:06:52.612154,2026-06-11T16:06:58.125609,5.5134546756744385,10
18,step_confounding,random_forest,250,25,smoke,2026-06-11T16:06:53.695264,2026-06-11T16:07:03.386308,9.691043615341187,10
19,step_confounding,gradient_boosting,250,25,smoke,2026-06-11T16:06:53.784299,2026-06-11T16:06:57.392211,3.6079113483428955,10
20,linear_confounding,ols,250,25,smoke,2026-06-11T16:06:57.434395,2026-06-11T16:06:57.848779,0.4143838882446289,10
21,linear_confounding,lasso,250,25,smoke,2026-06-11T16:06:57.437899,2026-06-11T16:07:02.053146,4.615246534347534,10
22,linear_confounding,elastic_net,250,25,smoke,2026-06-11T16:06:57.848779,2026-06-11T16:07:13.357563,15.508783340454102,10
23,linear_confounding,random_forest,250,25,smoke,2026-06-11T16:06:58.159155,2026-06-11T16:07:26.694354,28.53519916534424,10
24,linear_confounding,gradient_boosting,250,25,smoke,2026-06-11T16:07:02.095306,2026-06-11T16:07:16.396208,14.300901412963867,10
25,quadratic_confounding,ols,250,25,smoke,2026-06-11T16:07:03.454790,2026-06-11T16:07:03.919400,0.46461009979248047,10
26,quadratic_confounding,lasso,250,25,smoke,2026-06-11T16:07:03.920408,2026-06-11T16:07:10.336354,6.415945768356323,10
27,quadratic_confounding,elastic_net,250,25,smoke,2026-06-11T16:07:10.382489,2026-06-11T16:07:29.854168,19.471678733825684,10
28,quadratic_confounding,random_forest,250,25,smoke,2026-06-11T16:07:13.392650,2026-06-11T16:07:43.639941,30.24729084968567,10
29,quadratic_confounding,gradient_boosting,250,25,smoke,2026-06-11T16:07:16.433002,2026-06-11T16:07:32.621790,16.188788175582886,10
30,interaction_confounding,ols,250,25,smoke,2026-06-11T16:07:26.762088,2026-06-11T16:07:27.317278,0.555189847946167,10
31,interaction_confounding,lasso,250,25,smoke,2026-06-11T16:07:27.318277,2026-06-11T16:07:34.430290,7.11201286315918,10
32,interaction_confounding,elastic_net,250,25,smoke,2026-06-11T16:07:29.906276,2026-06-11T16:07:49.074696,19.168420553207397,10
33,interaction_confounding,random_forest,250,25,smoke,2026-06-11T16:07:32.666882,2026-06-11T16:08:02.723304,30.056421279907227,10
34,interaction_confounding,gradient_boosting,250,25,smoke,2026-06-11T16:07:34.487956,2026-06-11T16:07:49.255064,14.767107725143433,10
35,step_confounding,ols,250,25,smoke,2026-06-11T16:07:43.683086,2026-06-11T16:07:44.323942,0.6408553123474121,10
36,step_confounding,lasso,250,25,smoke,2026-06-11T16:07:44.325942,2026-06-11T16:07:50.248570,5.922627925872803,10
37,step_confounding,elastic_net,250,25,smoke,2026-06-11T16:07:49.113248,2026-06-11T16:08:06.359884,17.246635913848877,10
38,step_confounding,random_forest,250,25,smoke,2026-06-11T16:07:49.289178,2026-06-11T16:08:18.550557,29.2613787651062,10
39,step_confounding,gradient_boosting,250,25,smoke,2026-06-11T16:07:50.286951,2026-06-11T16:08:05.217059,14.930108547210693,10
40,linear_confounding,ols,250,25,smoke,2026-06-11T16:08:02.781854,2026-06-11T16:08:03.955864,1.1740100383758545,10
41,linear_confounding,lasso,250,25,smoke,2026-06-11T16:08:04.000930,2026-06-11T16:08:15.003142,11.002212285995483,10
42,linear_confounding,elastic_net,250,25,smoke,2026-06-11T16:08:05.260772,2026-06-11T16:08:39.440423,34.1796510219574,10
43,linear_confounding,random_forest,250,25,smoke,2026-06-11T16:08:06.410200,2026-06-11T16:09:07.369572,60.95937180519104,10
44,linear_confounding,gradient_boosting,250,25,smoke,2026-06-11T16:08:15.040484,2026-06-11T16:08:48.259943,33.219459533691406,10
45,quadratic_confounding,ols,250,25,smoke,2026-06-11T16:08:18.610308,2026-06-11T16:08:19.944521,1.3332128524780273,10
46,quadratic_confounding,lasso,250,25,smoke,2026-06-11T16:08:19.981840,2026-06-11T16:08:33.547538,13.56569766998291,10
47,quadratic_confounding,elastic_net,250,25,smoke,2026-06-11T16:08:33.590556,2026-06-11T16:09:12.899840,39.30928421020508,10
48,quadratic_confounding,random_forest,250,25,smoke,2026-06-11T16:08:39.485172,2026-06-11T16:09:41.881630,62.39645838737488,10
49,quadratic_confounding,gradient_boosting,250,25,smoke,2026-06-11T16:08:48.295040,2026-06-11T16:09:22.607909,34.31286883354187,10
50,interaction_confounding,ols,250,25,smoke,2026-06-11T16:09:07.422232,2026-06-11T16:09:08.462029,1.0397977828979492,10
51,interaction_confounding,lasso,250,25,smoke,2026-06-11T16:09:08.500640,2026-06-11T16:09:21.886546,13.385905742645264,10
52,interaction_confounding,elastic_net,250,25,smoke,2026-06-11T16:09:12.950932,2026-06-11T16:09:53.006908,40.055975675582886,10
53,interaction_confounding,random_forest,250,25,smoke,2026-06-11T16:09:21.925584,2026-06-11T16:10:25.337027,63.41144251823425,10
54,interaction_confounding,gradient_boosting,250,25,smoke,2026-06-11T16:09:22.645272,2026-06-11T16:09:57.093182,34.44791030883789,10
55,step_confounding,ols,250,25,smoke,2026-06-11T16:09:41.932148,2026-06-11T16:09:43.163496,1.2313475608825684,10
56,step_confounding,lasso,250,25,smoke,2026-06-11T16:09:43.229614,2026-06-11T16:09:55.978429,12.748815298080444,10
57,step_confounding,elastic_net,250,25,smoke,2026-06-11T16:09:53.045921,2026-06-11T16:10:29.267547,36.221625566482544,10
58,step_confounding,random_forest,250,25,smoke,2026-06-11T16:09:56.035676,2026-06-11T16:10:56.048199,60.01252269744873,10
59,step_confounding,gradient_boosting,250,25,smoke,2026-06-11T16:09:57.130335,2026-06-11T16:10:30.417527,33.28719186782837,10
60,linear_confounding,ols,250,50,smoke,2026-06-11T16:10:25.394609,2026-06-11T16:10:25.542845,0.14823555946350098,10
61,linear_confounding,lasso,250,50,smoke,2026-06-11T16:10:25.543844,2026-06-11T16:10:29.739925,4.1960813999176025,10
62,linear_confounding,elastic_net,250,50,smoke,2026-06-11T16:10:29.307614,2026-06-11T16:10:41.786974,12.479360580444336,10
63,linear_confounding,random_forest,250,50,smoke,2026-06-11T16:10:29.789321,2026-06-11T16:10:41.178332,11.389010906219482,10
64,linear_confounding,gradient_boosting,250,50,smoke,2026-06-11T16:10:30.453856,2026-06-11T16:10:35.172066,4.718210458755493,10
65,quadratic_confounding,ols,250,50,smoke,2026-06-11T16:10:35.223447,2026-06-11T16:10:35.358581,0.13513422012329102,10
66,quadratic_confounding,lasso,250,50,smoke,2026-06-11T16:10:35.360088,2026-06-11T16:10:41.096715,5.736626148223877,10
67,quadratic_confounding,elastic_net,250,50,smoke,2026-06-11T16:10:41.130137,2026-06-11T16:10:56.758023,15.627886295318604,10
68,quadratic_confounding,random_forest,250,50,smoke,2026-06-11T16:10:41.239772,2026-06-11T16:10:52.445483,11.205711126327515,10
69,quadratic_confounding,gradient_boosting,250,50,smoke,2026-06-11T16:10:41.836551,2026-06-11T16:10:46.657401,4.820850610733032,10
70,interaction_confounding,ols,250,50,smoke,2026-06-11T16:10:46.694375,2026-06-11T16:10:46.832146,0.1377713680267334,10
71,interaction_confounding,lasso,250,50,smoke,2026-06-11T16:10:46.834618,2026-06-11T16:10:52.059120,5.224502801895142,10
72,interaction_confounding,elastic_net,250,50,smoke,2026-06-11T16:10:52.089658,2026-06-11T16:11:07.080618,14.990961074829102,10
73,interaction_confounding,random_forest,250,50,smoke,2026-06-11T16:10:52.490957,2026-06-11T16:11:03.628300,11.137343883514404,10
74,interaction_confounding,gradient_boosting,250,50,smoke,2026-06-11T16:10:56.100254,2026-06-11T16:11:00.663306,4.563051700592041,10
75,step_confounding,ols,250,50,smoke,2026-06-11T16:10:56.815350,2026-06-11T16:10:56.947535,0.1321852207183838,10
76,step_confounding,lasso,250,50,smoke,2026-06-11T16:10:56.948535,2026-06-11T16:11:00.639749,3.6912143230438232,10
77,step_confounding,elastic_net,250,50,smoke,2026-06-11T16:11:00.686861,2026-06-11T16:11:11.455227,10.76836609840393,10
78,step_confounding,random_forest,250,50,smoke,2026-06-11T16:11:00.699896,2026-06-11T16:11:11.923009,11.223113536834717,10
79,step_confounding,gradient_boosting,250,50,smoke,2026-06-11T16:11:03.668878,2026-06-11T16:11:08.142812,4.473933696746826,10
80,linear_confounding,ols,250,50,smoke,2026-06-11T16:11:07.141444,2026-06-11T16:11:07.474950,0.33350610733032227,10
81,linear_confounding,lasso,250,50,smoke,2026-06-11T16:11:07.475951,2026-06-11T16:11:15.513700,8.03774905204773,10
82,linear_confounding,elastic_net,250,50,smoke,2026-06-11T16:11:08.178838,2026-06-11T16:11:33.333173,25.154334783554077,10
83,linear_confounding,random_forest,250,50,smoke,2026-06-11T16:11:11.495703,2026-06-11T16:11:42.400310,30.90460705757141,10
84,linear_confounding,gradient_boosting,250,50,smoke,2026-06-11T16:11:11.983281,2026-06-11T16:11:29.896512,17.913230895996094,10
85,quadratic_confounding,ols,250,50,smoke,2026-06-11T16:11:15.553695,2026-06-11T16:11:15.882304,0.3286092281341553,10
86,quadratic_confounding,lasso,250,50,smoke,2026-06-11T16:11:15.883304,2026-06-11T16:11:26.242482,10.359177589416504,10
87,quadratic_confounding,elastic_net,250,50,smoke,2026-06-11T16:11:26.279277,2026-06-11T16:11:57.383196,31.10391926765442,10
88,quadratic_confounding,random_forest,250,50,smoke,2026-06-11T16:11:29.951289,2026-06-11T16:12:00.480957,30.529667854309082,10
89,quadratic_confounding,gradient_boosting,250,50,smoke,2026-06-11T16:11:33.371218,2026-06-11T16:11:52.761687,19.390469074249268,10
90,interaction_confounding,ols,250,50,smoke,2026-06-11T16:11:42.450399,2026-06-11T16:11:42.813932,0.36353278160095215,10
91,interaction_confounding,lasso,250,50,smoke,2026-06-11T16:11:42.814933,2026-06-11T16:11:53.474679,10.659745931625366,10
92,interaction_confounding,elastic_net,250,50,smoke,2026-06-11T16:11:52.832421,2026-06-11T16:12:24.095005,31.26258397102356,10
93,interaction_confounding,random_forest,250,50,smoke,2026-06-11T16:11:53.506812,2026-06-11T16:12:23.445274,29.938461780548096,10
94,interaction_confounding,gradient_boosting,250,50,smoke,2026-06-11T16:11:57.433069,2026-06-11T16:12:15.258622,17.825552701950073,10
95,step_confounding,ols,250,50,smoke,2026-06-11T16:12:00.538246,2026-06-11T16:12:00.881227,0.34298133850097656,10
96,step_confounding,lasso,250,50,smoke,2026-06-11T16:12:00.883227,2026-06-11T16:12:08.883935,8.000707864761353,10
97,step_confounding,elastic_net,250,50,smoke,2026-06-11T16:12:08.940454,2026-06-11T16:12:33.264520,24.32406520843506,10
98,step_confounding,random_forest,250,50,smoke,2026-06-11T16:12:15.317273,2026-06-11T16:12:46.220384,30.903111696243286,10
99,step_confounding,gradient_boosting,250,50,smoke,2026-06-11T16:12:23.479033,2026-06-11T16:12:41.238719,17.75968623161316,10
100,linear_confounding,ols,250,50,smoke,2026-06-11T16:12:24.138783,2026-06-11T16:12:24.788360,0.6495766639709473,10
101,linear_confounding,lasso,250,50,smoke,2026-06-11T16:12:24.789864,2026-06-11T16:12:41.471613,16.681748628616333,10
102,linear_confounding,elastic_net,250,50,smoke,2026-06-11T16:12:33.299044,2026-06-11T16:13:22.207461,48.908416986465454,10
103,linear_confounding,random_forest,250,50,smoke,2026-06-11T16:12:41.272782,2026-06-11T16:13:44.081378,62.80859613418579,10
104,linear_confounding,gradient_boosting,250,50,smoke,2026-06-11T16:12:41.525248,2026-06-11T16:13:21.305743,39.780494689941406,10
105,quadratic_confounding,ols,250,50,smoke,2026-06-11T16:12:46.259863,2026-06-11T16:12:46.946466,0.686603307723999,10
106,quadratic_confounding,lasso,250,50,smoke,2026-06-11T16:12:46.947480,2026-06-11T16:13:07.007904,20.060423374176025,10
107,quadratic_confounding,elastic_net,250,50,smoke,2026-06-11T16:13:07.079294,2026-06-11T16:14:07.339823,60.26052904129028,10
108,quadratic_confounding,random_forest,250,50,smoke,2026-06-11T16:13:21.362077,2026-06-11T16:14:24.682059,63.319982290267944,10
109,quadratic_confounding,gradient_boosting,250,50,smoke,2026-06-11T16:13:22.270183,2026-06-11T16:14:04.650520,42.38033747673035,10
110,interaction_confounding,ols,250,50,smoke,2026-06-11T16:13:44.126433,2026-06-11T16:13:44.812079,0.6856458187103271,10
111,interaction_confounding,lasso,250,50,smoke,2026-06-11T16:13:44.813079,2026-06-11T16:14:05.229758,20.416678428649902,10
112,interaction_confounding,elastic_net,250,50,smoke,2026-06-11T16:14:04.730723,2026-06-11T16:15:06.569934,61.839210748672485,10
113,interaction_confounding,random_forest,250,50,smoke,2026-06-11T16:14:05.275208,2026-06-11T16:15:07.796193,62.52098512649536,10
114,interaction_confounding,gradient_boosting,250,50,smoke,2026-06-11T16:14:07.386163,2026-06-11T16:14:48.716090,41.329927921295166,10
115,step_confounding,ols,250,50,smoke,2026-06-11T16:14:24.726761,2026-06-11T16:14:25.419838,0.6930761337280273,10
116,step_confounding,lasso,250,50,smoke,2026-06-11T16:14:25.420841,2026-06-11T16:14:41.473189,16.052348613739014,10
117,step_confounding,elastic_net,250,50,smoke,2026-06-11T16:14:41.514255,2026-06-11T16:15:28.329096,46.814841747283936,10
118,step_confounding,random_forest,250,50,smoke,2026-06-11T16:14:48.781714,2026-06-11T16:15:49.965973,61.18425917625427,10
119,step_confounding,gradient_boosting,250,50,smoke,2026-06-11T16:15:06.635045,2026-06-11T16:15:45.903970,39.268924951553345,10
120,linear_confounding,ols,250,100,smoke,2026-06-11T16:15:07.857368,2026-06-11T16:15:08.265955,0.4085867404937744,10
121,linear_confounding,lasso,250,100,smoke,2026-06-11T16:15:08.265955,2026-06-11T16:16:11.210928,62.9449737071991,10
122,linear_confounding,elastic_net,250,100,smoke,2026-06-11T16:15:28.397194,2026-06-11T16:17:31.874694,123.47749996185303,10
123,linear_confounding,random_forest,250,100,smoke,2026-06-11T16:15:45.959032,2026-06-11T16:15:58.947253,12.988220930099487,10
124,linear_confounding,gradient_boosting,250,100,smoke,2026-06-11T16:15:50.014521,2026-06-11T16:15:57.153858,7.139337062835693,10
125,quadratic_confounding,ols,250,100,smoke,2026-06-11T16:15:57.184060,2026-06-11T16:15:57.585279,0.40121912956237793,10
126,quadratic_confounding,lasso,250,100,smoke,2026-06-11T16:15:57.586279,2026-06-11T16:21:57.355163,359.76888370513916,10
127,quadratic_confounding,elastic_net,250,100,smoke,2026-06-11T16:15:58.975641,2026-06-11T16:22:58.466306,419.49066495895386,10
128,quadratic_confounding,random_forest,250,100,smoke,2026-06-11T16:16:11.251983,2026-06-11T16:16:24.495572,13.243589162826538,10
129,quadratic_confounding,gradient_boosting,250,100,smoke,2026-06-11T16:16:24.581564,2026-06-11T16:16:31.502397,6.920833349227905,10
130,interaction_confounding,ols,250,100,smoke,2026-06-11T16:16:31.566477,2026-06-11T16:16:31.989359,0.422882080078125,10
131,interaction_confounding,lasso,250,100,smoke,2026-06-11T16:16:31.990359,2026-06-11T16:22:14.023005,342.03264570236206,10
132,interaction_confounding,elastic_net,250,100,smoke,2026-06-11T16:17:31.928207,2026-06-11T16:25:48.487780,496.5595736503601,10
133,interaction_confounding,random_forest,250,100,smoke,2026-06-11T16:21:57.390675,2026-06-11T16:22:09.233299,11.842623949050903,10
134,interaction_confounding,gradient_boosting,250,100,smoke,2026-06-11T16:22:09.320395,2026-06-11T16:22:17.101662,7.781267404556274,10
135,step_confounding,ols,250,100,smoke,2026-06-11T16:22:14.060073,2026-06-11T16:22:14.641929,0.5818567276000977,10
136,step_confounding,lasso,250,100,smoke,2026-06-11T16:22:14.642929,2026-06-11T16:22:54.007972,39.36504340171814,10
137,step_confounding,elastic_net,250,100,smoke,2026-06-11T16:22:17.154797,2026-06-11T16:23:22.226683,65.07188582420349,10
138,step_confounding,random_forest,250,100,smoke,2026-06-11T16:22:54.055720,2026-06-11T16:23:06.536596,12.480875492095947,10
139,step_confounding,gradient_boosting,250,100,smoke,2026-06-11T16:22:58.522373,2026-06-11T16:23:04.898435,6.376062393188477,10
140,linear_confounding,ols,250,100,smoke,2026-06-11T16:23:04.934399,2026-06-11T16:23:05.610803,0.6764035224914551,10
141,linear_confounding,lasso,250,100,smoke,2026-06-11T16:23:05.611813,2026-06-11T16:23:26.121337,20.50952410697937,10
142,linear_confounding,elastic_net,250,100,smoke,2026-06-11T16:23:06.619717,2026-06-11T16:24:05.518022,58.89830493927002,10
143,linear_confounding,random_forest,250,100,smoke,2026-06-11T16:23:22.257257,2026-06-11T16:23:56.488671,34.23141407966614,10
144,linear_confounding,gradient_boosting,250,100,smoke,2026-06-11T16:23:26.163681,2026-06-11T16:23:54.159860,27.99617862701416,10
145,quadratic_confounding,ols,250,100,smoke,2026-06-11T16:23:54.243407,2026-06-11T16:23:54.987736,0.7443289756774902,10
146,quadratic_confounding,lasso,250,100,smoke,2026-06-11T16:23:54.988736,2026-06-11T16:24:28.277909,33.28917336463928,10
147,quadratic_confounding,elastic_net,250,100,smoke,2026-06-11T16:23:56.518915,2026-06-11T16:25:27.867993,91.34907865524292,10
148,quadratic_confounding,random_forest,250,100,smoke,2026-06-11T16:24:05.551101,2026-06-11T16:24:35.948650,30.397549629211426,10
149,quadratic_confounding,gradient_boosting,250,100,smoke,2026-06-11T16:24:28.341415,2026-06-11T16:24:54.847590,26.506175756454468,10
150,interaction_confounding,ols,250,100,smoke,2026-06-11T16:24:35.988700,2026-06-11T16:24:37.195854,1.2071542739868164,10
151,interaction_confounding,lasso,250,100,smoke,2026-06-11T16:24:37.282011,2026-06-11T16:25:11.167195,33.8851842880249,10
152,interaction_confounding,elastic_net,250,100,smoke,2026-06-11T16:24:54.932709,2026-06-11T16:26:28.319506,93.38679695129395,10
153,interaction_confounding,random_forest,250,100,smoke,2026-06-11T16:25:11.220792,2026-06-11T16:25:44.556104,33.33531188964844,10
154,interaction_confounding,gradient_boosting,250,100,smoke,2026-06-11T16:25:27.937193,2026-06-11T16:26:02.607352,34.670159101486206,10
155,step_confounding,ols,250,100,smoke,2026-06-11T16:25:44.645062,2026-06-11T16:25:46.133523,1.4884612560272217,10
156,step_confounding,lasso,250,100,smoke,2026-06-11T16:25:46.172437,2026-06-11T16:26:05.566149,19.393712997436523,10
157,step_confounding,elastic_net,250,100,smoke,2026-06-11T16:25:48.549301,2026-06-11T16:26:43.598586,55.04928517341614,10
158,step_confounding,random_forest,250,100,smoke,2026-06-11T16:26:02.680320,2026-06-11T16:26:38.605177,35.92485761642456,10
159,step_confounding,gradient_boosting,250,100,smoke,2026-06-11T16:26:05.643789,2026-06-11T16:26:34.062124,28.418334484100342,10
160,linear_confounding,ols,250,100,smoke,2026-06-11T16:26:28.368574,2026-06-11T16:26:30.246512,1.8779377937316895,10
161,linear_confounding,lasso,250,100,smoke,2026-06-11T16:26:30.337176,2026-06-11T16:27:08.464456,38.12727952003479,10
162,linear_confounding,elastic_net,250,100,smoke,2026-06-11T16:26:34.102015,2026-06-11T16:28:19.987941,105.88592624664307,10
163,linear_confounding,random_forest,250,100,smoke,2026-06-11T16:26:38.643270,2026-06-11T16:27:51.542549,72.89927864074707,10
164,linear_confounding,gradient_boosting,250,100,smoke,2026-06-11T16:26:43.682029,2026-06-11T16:28:02.991632,79.30960321426392,10
165,quadratic_confounding,ols,250,100,smoke,2026-06-11T16:27:08.509176,2026-06-11T16:27:10.446449,1.9372735023498535,10
166,quadratic_confounding,lasso,250,100,smoke,2026-06-11T16:27:10.517655,2026-06-11T16:28:04.505156,53.98750138282776,10
167,quadratic_confounding,elastic_net,250,100,smoke,2026-06-11T16:27:51.632352,2026-06-11T16:30:25.519890,153.88753747940063,10
168,quadratic_confounding,random_forest,250,100,smoke,2026-06-11T16:28:03.027680,2026-06-11T16:29:10.928018,67.9003381729126,10
169,quadratic_confounding,gradient_boosting,250,100,smoke,2026-06-11T16:28:04.544235,2026-06-11T16:29:06.837889,62.29365372657776,10
170,interaction_confounding,ols,250,100,smoke,2026-06-11T16:28:20.032031,2026-06-11T16:28:22.147015,2.1149837970733643,10
171,interaction_confounding,lasso,250,100,smoke,2026-06-11T16:28:22.234221,2026-06-11T16:29:17.059009,54.82478857040405,10
172,interaction_confounding,elastic_net,250,100,smoke,2026-06-11T16:29:06.894011,2026-06-11T16:31:43.510958,156.61694765090942,10
173,interaction_confounding,random_forest,250,100,smoke,2026-06-11T16:29:10.956606,2026-06-11T16:30:20.953691,69.9970850944519,10
174,interaction_confounding,gradient_boosting,250,100,smoke,2026-06-11T16:29:17.094793,2026-06-11T16:30:24.155080,67.06028723716736,10
175,step_confounding,ols,250,100,smoke,2026-06-11T16:30:20.995768,2026-06-11T16:30:22.511609,1.515840768814087,10
176,step_confounding,lasso,250,100,smoke,2026-06-11T16:30:22.598737,2026-06-11T16:30:56.595472,33.996734380722046,10
177,step_confounding,elastic_net,250,100,smoke,2026-06-11T16:30:24.245706,2026-06-11T16:31:57.326534,93.08082795143127,10
178,step_confounding,random_forest,250,100,smoke,2026-06-11T16:30:25.553421,2026-06-11T16:31:32.331654,66.77823233604431,10
179,step_confounding,gradient_boosting,250,100,smoke,2026-06-11T16:30:56.664720,2026-06-11T16:32:09.824300,73.15957975387573,10
180,linear_confounding,ols,250,150,smoke,2026-06-11T16:31:32.425301,2026-06-11T16:31:33.134364,0.7090625762939453,10
181,linear_confounding,lasso,250,150,smoke,2026-06-11T16:31:33.135333,2026-06-11T16:32:33.572986,60.43765330314636,10
182,linear_confounding,elastic_net,250,150,smoke,2026-06-11T16:31:43.554994,2026-06-11T16:33:41.539607,117.98461318016052,10
183,linear_confounding,random_forest,250,150,smoke,2026-06-11T16:31:57.378047,2026-06-11T16:32:10.551661,13.173614501953125,10
184,linear_confounding,gradient_boosting,250,150,smoke,2026-06-11T16:32:09.868007,2026-06-11T16:32:21.587886,11.719878911972046,10
185,quadratic_confounding,ols,250,150,smoke,2026-06-11T16:32:10.607791,2026-06-11T16:32:11.108309,0.5005183219909668,10
186,quadratic_confounding,lasso,250,150,smoke,2026-06-11T16:32:11.109308,2026-06-11T16:34:28.690308,137.58100032806396,10
187,quadratic_confounding,elastic_net,250,150,smoke,2026-06-11T16:32:21.623426,2026-06-11T16:35:39.276847,197.65342092514038,10
188,quadratic_confounding,random_forest,250,150,smoke,2026-06-11T16:32:33.621500,2026-06-11T16:32:44.226369,10.60486912727356,10
189,quadratic_confounding,gradient_boosting,250,150,smoke,2026-06-11T16:32:44.260923,2026-06-11T16:32:57.053875,12.792952537536621,10
190,interaction_confounding,ols,250,150,smoke,2026-06-11T16:32:57.098929,2026-06-11T16:32:57.487748,0.38881921768188477,10
191,interaction_confounding,lasso,250,150,smoke,2026-06-11T16:32:57.488748,2026-06-11T16:35:19.044001,141.55525255203247,10
192,interaction_confounding,elastic_net,250,150,smoke,2026-06-11T16:33:41.592739,2026-06-11T16:37:01.051651,199.45891165733337,10
193,interaction_confounding,random_forest,250,150,smoke,2026-06-11T16:34:28.733763,2026-06-11T16:34:39.597794,10.864030361175537,10
194,interaction_confounding,gradient_boosting,250,150,smoke,2026-06-11T16:34:39.637892,2026-06-11T16:34:52.649009,13.011116981506348,10
195,step_confounding,ols,250,150,smoke,2026-06-11T16:34:52.686658,2026-06-11T16:34:53.089145,0.40248703956604004,10
196,step_confounding,lasso,250,150,smoke,2026-06-11T16:34:53.090145,2026-06-11T16:35:38.339965,45.2498197555542,10
197,step_confounding,elastic_net,250,150,smoke,2026-06-11T16:35:19.074540,2026-06-11T16:36:39.051624,79.97708344459534,10
198,step_confounding,random_forest,250,150,smoke,2026-06-11T16:35:38.379637,2026-06-11T16:35:50.328192,11.948554754257202,10
199,step_confounding,gradient_boosting,250,150,smoke,2026-06-11T16:35:39.314464,2026-06-11T16:35:48.068682,8.754218101501465,10
200,linear_confounding,ols,250,150,smoke,2026-06-11T16:35:48.115935,2026-06-11T16:35:49.185022,1.069087028503418,10
201,linear_confounding,lasso,250,150,smoke,2026-06-11T16:35:49.220729,2026-06-11T16:38:18.708500,149.48777103424072,10
202,linear_confounding,elastic_net,250,150,smoke,2026-06-11T16:35:50.368150,2026-06-11T16:40:55.076750,304.70860028266907,10
203,linear_confounding,random_forest,250,150,smoke,2026-06-11T16:36:39.083907,2026-06-11T16:37:07.163220,28.079312562942505,10
204,linear_confounding,gradient_boosting,250,150,smoke,2026-06-11T16:37:01.103160,2026-06-11T16:37:43.212922,42.10976195335388,10
205,quadratic_confounding,ols,250,150,smoke,2026-06-11T16:37:07.209833,2026-06-11T16:37:08.888750,1.678917407989502,10
206,quadratic_confounding,lasso,250,150,smoke,2026-06-11T16:37:08.924308,2026-06-11T16:46:05.894049,536.969740152359,10
207,quadratic_confounding,elastic_net,250,150,smoke,2026-06-11T16:37:43.299154,2026-06-11T16:54:29.453045,1006.1538920402527,10
208,quadratic_confounding,random_forest,250,150,smoke,2026-06-11T16:38:18.746017,2026-06-11T16:38:50.390179,31.64416193962097,10
209,quadratic_confounding,gradient_boosting,250,150,smoke,2026-06-11T16:38:50.455987,2026-06-11T16:39:34.003448,43.54746103286743,10
210,interaction_confounding,ols,250,150,smoke,2026-06-11T16:39:34.081575,2026-06-11T16:39:35.701387,1.6198124885559082,10
211,interaction_confounding,lasso,250,150,smoke,2026-06-11T16:39:35.738372,2026-06-11T16:49:57.337995,621.599622964859,10
212,interaction_confounding,elastic_net,250,150,smoke,2026-06-11T16:40:55.110706,2026-06-11T16:59:06.995503,1091.8847970962524,10
213,interaction_confounding,random_forest,250,150,smoke,2026-06-11T16:46:05.967548,2026-06-11T16:46:45.596590,39.62904167175293,10
214,interaction_confounding,gradient_boosting,250,150,smoke,2026-06-11T16:46:45.643687,2026-06-11T16:47:32.895966,47.25227880477905,10
215,step_confounding,ols,250,150,smoke,2026-06-11T16:47:32.971652,2026-06-11T16:47:33.966777,0.995124340057373,10
216,step_confounding,lasso,250,150,smoke,2026-06-11T16:47:33.967777,2026-06-11T16:49:13.460058,99.49228167533875,10
217,step_confounding,elastic_net,250,150,smoke,2026-06-11T16:49:13.520136,2026-06-11T16:52:16.256129,182.73599314689636,10
218,step_confounding,random_forest,250,150,smoke,2026-06-11T16:49:57.390553,2026-06-11T16:50:24.957138,27.566584825515747,10
219,step_confounding,gradient_boosting,250,150,smoke,2026-06-11T16:50:24.991678,2026-06-11T16:51:11.946148,46.95447015762329,10
220,linear_confounding,ols,250,150,smoke,2026-06-11T16:51:12.033277,2026-06-11T16:51:14.354054,2.320777654647827,10
221,linear_confounding,lasso,250,150,smoke,2026-06-11T16:51:14.386597,2026-06-11T16:53:39.992418,145.6058211326599,10
222,linear_confounding,elastic_net,250,150,smoke,2026-06-11T16:52:16.292199,2026-06-11T16:57:58.788896,342.4966974258423,10
223,linear_confounding,random_forest,250,150,smoke,2026-06-11T16:53:40.065739,2026-06-11T16:54:37.490475,57.42473530769348,10
224,linear_confounding,gradient_boosting,250,150,smoke,2026-06-11T16:54:29.503479,2026-06-11T16:56:10.286649,100.78317046165466,10
225,quadratic_confounding,ols,250,150,smoke,2026-06-11T16:54:37.526530,2026-06-11T16:54:40.235562,2.7090320587158203,10
226,quadratic_confounding,lasso,250,150,smoke,2026-06-11T16:54:40.271607,2026-06-11T17:00:36.829480,356.5578725337982,10
227,quadratic_confounding,elastic_net,250,150,smoke,2026-06-11T16:56:10.345718,2026-06-11T17:09:57.390635,827.0449166297913,10
228,quadratic_confounding,random_forest,250,150,smoke,2026-06-11T16:57:58.852972,2026-06-11T16:58:56.288842,57.43586993217468,10
229,quadratic_confounding,gradient_boosting,250,150,smoke,2026-06-11T16:58:56.340022,2026-06-11T17:00:35.363048,99.02302575111389,10
230,interaction_confounding,ols,250,150,smoke,2026-06-11T16:59:07.034798,2026-06-11T16:59:10.053219,3.0184214115142822,10
231,interaction_confounding,lasso,250,150,smoke,2026-06-11T16:59:10.106653,2026-06-11T17:05:11.591533,361.48487973213196,10
232,interaction_confounding,elastic_net,250,150,smoke,2026-06-11T17:00:35.431302,2026-06-11T17:16:16.723074,941.2917728424072,10
233,interaction_confounding,random_forest,250,150,smoke,2026-06-11T17:00:36.870000,2026-06-11T17:01:34.586569,57.71656847000122,10
234,interaction_confounding,gradient_boosting,250,150,smoke,2026-06-11T17:01:34.619117,2026-06-11T17:03:13.832918,99.21380162239075,10
235,step_confounding,ols,250,150,smoke,2026-06-11T17:03:13.900985,2026-06-11T17:03:16.297897,2.396911382675171,10
236,step_confounding,lasso,250,150,smoke,2026-06-11T17:03:16.329429,2026-06-11T17:05:07.612461,111.2830319404602,10
237,step_confounding,elastic_net,250,150,smoke,2026-06-11T17:05:07.643993,2026-06-11T17:09:44.050498,276.40650510787964,10
238,step_confounding,random_forest,250,150,smoke,2026-06-11T17:05:11.625083,2026-06-11T17:06:08.926533,57.30145001411438,10
239,step_confounding,gradient_boosting,250,150,smoke,2026-06-11T17:06:08.995600,2026-06-11T17:07:43.657810,94.66220998764038,10
240,linear_confounding,ols,250,300,smoke,2026-06-11T17:07:43.742377,2026-06-11T17:07:44.927930,1.1855530738830566,10
241,linear_confounding,lasso,250,300,smoke,2026-06-11T17:07:44.958176,2026-06-11T17:08:28.881557,43.92338013648987,10
242,linear_confounding,elastic_net,250,300,smoke,2026-06-11T17:08:28.917098,2026-06-11T17:09:49.184069,80.26697063446045,10
243,linear_confounding,random_forest,250,300,smoke,2026-06-11T17:09:44.086600,2026-06-11T17:09:57.764452,13.677852630615234,10
244,linear_confounding,gradient_boosting,250,300,smoke,2026-06-11T17:09:49.232503,2026-06-11T17:10:15.268099,26.035595655441284,10
245,quadratic_confounding,ols,250,300,smoke,2026-06-11T17:09:57.456056,2026-06-11T17:09:59.030606,1.5745491981506348,10
246,quadratic_confounding,lasso,250,300,smoke,2026-06-11T17:09:57.815452,2026-06-11T17:11:09.567837,71.75238466262817,10
247,quadratic_confounding,elastic_net,250,300,smoke,2026-06-11T17:09:59.072612,2026-06-11T17:11:56.882624,117.81001234054565,10
248,quadratic_confounding,random_forest,250,300,smoke,2026-06-11T17:10:15.299639,2026-06-11T17:10:27.669786,12.370146989822388,10
249,quadratic_confounding,gradient_boosting,250,300,smoke,2026-06-11T17:10:27.721344,2026-06-11T17:10:54.671188,26.949844121932983,10
250,interaction_confounding,ols,250,300,smoke,2026-06-11T17:10:54.741778,2026-06-11T17:10:55.975303,1.2335243225097656,10
251,interaction_confounding,lasso,250,300,smoke,2026-06-11T17:10:56.009348,2026-06-11T17:12:05.253552,69.24420356750488,10
252,interaction_confounding,elastic_net,250,300,smoke,2026-06-11T17:11:09.610874,2026-06-11T17:13:11.986368,122.37549352645874,10
253,interaction_confounding,random_forest,250,300,smoke,2026-06-11T17:11:56.923674,2026-06-11T17:12:09.980040,13.056366205215454,10
254,interaction_confounding,gradient_boosting,250,300,smoke,2026-06-11T17:12:05.296133,2026-06-11T17:12:32.449219,27.153085708618164,10
255,step_confounding,ols,250,300,smoke,2026-06-11T17:12:10.041132,2026-06-11T17:12:11.461877,1.4207448959350586,10
256,step_confounding,lasso,250,300,smoke,2026-06-11T17:12:11.539079,2026-06-11T17:12:51.229038,39.689958333969116,10
257,step_confounding,elastic_net,250,300,smoke,2026-06-11T17:12:32.500794,2026-06-11T17:13:49.151139,76.65034484863281,10
258,step_confounding,random_forest,250,300,smoke,2026-06-11T17:12:51.267083,2026-06-11T17:13:03.615598,12.348515033721924,10
259,step_confounding,gradient_boosting,250,300,smoke,2026-06-11T17:13:03.665169,2026-06-11T17:13:30.036964,26.37179470062256,10
260,linear_confounding,ols,250,300,smoke,2026-06-11T17:13:12.044946,2026-06-11T17:13:17.206324,5.161378383636475,10
261,linear_confounding,lasso,250,300,smoke,2026-06-11T17:13:17.247386,2026-06-11T17:17:35.101681,257.85429525375366,10
262,linear_confounding,elastic_net,250,300,smoke,2026-06-11T17:13:30.075497,2026-06-11T17:21:47.900821,497.8253245353699,10
263,linear_confounding,random_forest,250,300,smoke,2026-06-11T17:13:49.183686,2026-06-11T17:14:21.530259,32.346572160720825,10
264,linear_confounding,gradient_boosting,250,300,smoke,2026-06-11T17:14:21.600850,2026-06-11T17:16:13.227202,111.62635135650635,10
265,quadratic_confounding,ols,250,300,smoke,2026-06-11T17:16:13.264739,2026-06-11T17:16:17.567141,4.302401304244995,10
266,quadratic_confounding,lasso,250,300,smoke,2026-06-11T17:16:16.770586,2026-06-11T17:24:49.596450,512.8258635997772,10
267,quadratic_confounding,elastic_net,250,300,smoke,2026-06-11T17:16:17.610141,2026-06-11T17:29:27.697424,790.087283372879,10
268,quadratic_confounding,random_forest,250,300,smoke,2026-06-11T17:17:35.147827,2026-06-11T17:18:09.596677,34.44884967803955,10
269,quadratic_confounding,gradient_boosting,250,300,smoke,2026-06-11T17:18:09.628903,2026-06-11T17:20:02.083309,112.45440626144409,10
270,interaction_confounding,ols,250,300,smoke,2026-06-11T17:20:02.116853,2026-06-11T17:20:06.333604,4.216750860214233,10
271,interaction_confounding,lasso,250,300,smoke,2026-06-11T17:20:06.365140,2026-06-11T17:29:01.013722,534.6485817432404,10
272,interaction_confounding,elastic_net,250,300,smoke,2026-06-11T17:21:47.964343,2026-06-11T17:35:26.599937,818.6355938911438,10
273,interaction_confounding,random_forest,250,300,smoke,2026-06-11T17:24:49.643963,2026-06-11T17:25:22.919604,33.275641202926636,10
274,interaction_confounding,gradient_boosting,250,300,smoke,2026-06-11T17:25:22.953143,2026-06-11T17:27:15.275579,112.32243585586548,10
275,step_confounding,ols,250,300,smoke,2026-06-11T17:27:15.331664,2026-06-11T17:27:19.608837,4.277172803878784,10
276,step_confounding,lasso,250,300,smoke,2026-06-11T17:27:19.651894,2026-06-11T17:30:25.569934,185.91804027557373,10
277,step_confounding,elastic_net,250,300,smoke,2026-06-11T17:29:01.051773,2026-06-11T17:35:06.915942,365.86416888237,10
278,step_confounding,random_forest,250,300,smoke,2026-06-11T17:29:27.748941,2026-06-11T17:30:00.586915,32.837974548339844,10
279,step_confounding,gradient_boosting,250,300,smoke,2026-06-11T17:30:00.620967,2026-06-11T17:31:49.504480,108.88351345062256,10
280,linear_confounding,ols,250,300,smoke,2026-06-11T17:30:25.619518,2026-06-11T17:30:36.584696,10.965178728103638,10
281,linear_confounding,lasso,250,300,smoke,2026-06-11T17:30:36.662163,2026-06-11T17:41:59.749868,683.0877051353455,10
282,linear_confounding,elastic_net,250,300,smoke,2026-06-11T17:31:49.544532,2026-06-11T17:53:44.713301,1315.16876912117,10
283,linear_confounding,random_forest,250,300,smoke,2026-06-11T17:35:06.953993,2026-06-11T17:36:23.984708,77.03071427345276,10
284,linear_confounding,gradient_boosting,250,300,smoke,2026-06-11T17:35:26.648536,2026-06-11T17:39:43.859641,257.2111041545868,10
285,quadratic_confounding,ols,250,300,smoke,2026-06-11T17:36:24.036292,2026-06-11T17:36:34.838942,10.802650213241577,10
286,quadratic_confounding,lasso,250,300,smoke,2026-06-11T17:36:34.890017,2026-06-11T18:01:50.718435,1515.8284187316895,10
287,quadratic_confounding,elastic_net,250,300,smoke,2026-06-11T17:39:43.899700,2026-06-11T18:17:30.272221,2266.3725216388702,10
288,quadratic_confounding,random_forest,250,300,smoke,2026-06-11T17:41:59.799390,2026-06-11T17:43:07.051911,67.25252079963684,10
289,quadratic_confounding,gradient_boosting,250,300,smoke,2026-06-11T17:43:07.089744,2026-06-11T17:47:59.822764,292.73302030563354,10
290,interaction_confounding,ols,250,300,smoke,2026-06-11T17:47:59.858305,2026-06-11T17:48:08.496015,8.637709856033325,10
291,interaction_confounding,lasso,250,300,smoke,2026-06-11T17:48:08.557101,2026-06-11T18:12:08.577571,1440.0204696655273,10
292,interaction_confounding,elastic_net,250,300,smoke,2026-06-11T17:53:44.760816,2026-06-11T18:30:30.131129,2205.370313167572,10
293,interaction_confounding,random_forest,250,300,smoke,2026-06-11T18:01:50.761951,2026-06-11T18:02:57.802968,67.0410168170929,10
294,interaction_confounding,gradient_boosting,250,300,smoke,2026-06-11T18:02:57.839016,2026-06-11T18:07:01.982240,244.14322304725647,10
295,step_confounding,ols,250,300,smoke,2026-06-11T18:07:02.046335,2026-06-11T18:07:10.950870,8.904534816741943,10
296,step_confounding,lasso,250,300,smoke,2026-06-11T18:07:10.984928,2026-06-11T18:14:52.160843,461.1759145259857,10
297,step_confounding,elastic_net,250,300,smoke,2026-06-11T18:12:08.631123,2026-06-11T18:27:01.033270,892.4021465778351,10
298,step_confounding,random_forest,250,300,smoke,2026-06-11T18:14:52.198895,2026-06-11T18:15:57.470253,65.27135753631592,10
299,step_confounding,gradient_boosting,250,300,smoke,2026-06-11T18:15:57.505796,2026-06-11T18:19:56.604817,239.0990207195282,10
300,linear_confounding,ols,500,25,smoke,2026-06-11T18:17:30.352071,2026-06-11T18:17:30.659072,0.30700039863586426,10
301,linear_confounding,lasso,500,25,smoke,2026-06-11T18:17:30.661072,2026-06-11T18:17:33.834007,3.1729352474212646,10
302,linear_confounding,elastic_net,500,25,smoke,2026-06-11T18:17:33.875061,2026-06-11T18:17:42.402353,8.527292013168335,10
303,linear_confounding,random_forest,500,25,smoke,2026-06-11T18:17:42.454933,2026-06-11T18:17:57.025784,14.570850849151611,10
304,linear_confounding,gradient_boosting,500,25,smoke,2026-06-11T18:17:57.086876,2026-06-11T18:18:06.025334,8.938458919525146,10
305,quadratic_confounding,ols,500,25,smoke,2026-06-11T18:18:06.079411,2026-06-11T18:18:06.393431,0.31401920318603516,10
306,quadratic_confounding,lasso,500,25,smoke,2026-06-11T18:18:06.395949,2026-06-11T18:18:09.695747,3.299797296524048,10
307,quadratic_confounding,elastic_net,500,25,smoke,2026-06-11T18:18:09.737808,2026-06-11T18:18:19.166207,9.428398609161377,10
308,quadratic_confounding,random_forest,500,25,smoke,2026-06-11T18:18:19.212272,2026-06-11T18:18:34.017044,14.804771661758423,10
309,quadratic_confounding,gradient_boosting,500,25,smoke,2026-06-11T18:18:34.078062,2026-06-11T18:18:43.119157,9.041094779968262,10
310,interaction_confounding,ols,500,25,smoke,2026-06-11T18:18:43.189757,2026-06-11T18:18:43.485193,0.29543638229370117,10
311,interaction_confounding,lasso,500,25,smoke,2026-06-11T18:18:43.486190,2026-06-11T18:18:46.620529,3.1343390941619873,10
312,interaction_confounding,elastic_net,500,25,smoke,2026-06-11T18:18:46.660571,2026-06-11T18:18:55.699951,9.0393807888031,10
313,interaction_confounding,random_forest,500,25,smoke,2026-06-11T18:18:55.752525,2026-06-11T18:19:10.952577,15.20005202293396,10
314,interaction_confounding,gradient_boosting,500,25,smoke,2026-06-11T18:19:10.999246,2026-06-11T18:19:20.059342,9.060096263885498,10
315,step_confounding,ols,500,25,smoke,2026-06-11T18:19:20.146469,2026-06-11T18:19:20.459963,0.3134942054748535,10
316,step_confounding,lasso,500,25,smoke,2026-06-11T18:19:20.460961,2026-06-11T18:19:23.670397,3.2094361782073975,10
317,step_confounding,elastic_net,500,25,smoke,2026-06-11T18:19:23.730484,2026-06-11T18:19:32.071580,8.341094970703125,10
318,step_confounding,random_forest,500,25,smoke,2026-06-11T18:19:32.134674,2026-06-11T18:19:46.573701,14.439027786254883,10
319,step_confounding,gradient_boosting,500,25,smoke,2026-06-11T18:19:46.622148,2026-06-11T18:19:55.623410,9.001261949539185,10
320,linear_confounding,ols,500,25,smoke,2026-06-11T18:19:55.687527,2026-06-11T18:19:56.020336,0.3328087329864502,10
321,linear_confounding,lasso,500,25,smoke,2026-06-11T18:19:56.021336,2026-06-11T18:20:01.978517,5.957181215286255,10
322,linear_confounding,elastic_net,500,25,smoke,2026-06-11T18:19:56.657395,2026-06-11T18:20:13.153807,16.49641251564026,10
323,linear_confounding,random_forest,500,25,smoke,2026-06-11T18:20:02.018056,2026-06-11T18:20:34.351936,32.33388018608093,10
324,linear_confounding,gradient_boosting,500,25,smoke,2026-06-11T18:20:13.189379,2026-06-11T18:20:41.733407,28.544028282165527,10
325,quadratic_confounding,ols,500,25,smoke,2026-06-11T18:20:34.386047,2026-06-11T18:20:34.644183,0.2581357955932617,10
326,quadratic_confounding,lasso,500,25,smoke,2026-06-11T18:20:34.645183,2026-06-11T18:20:41.713379,7.068195104598999,10
327,quadratic_confounding,elastic_net,500,25,smoke,2026-06-11T18:20:41.760951,2026-06-11T18:21:01.797949,20.03699827194214,10
328,quadratic_confounding,random_forest,500,25,smoke,2026-06-11T18:20:41.778464,2026-06-11T18:21:15.343726,33.56526207923889,10
329,quadratic_confounding,gradient_boosting,500,25,smoke,2026-06-11T18:21:01.848643,2026-06-11T18:21:33.445685,31.597042322158813,10
330,interaction_confounding,ols,500,25,smoke,2026-06-11T18:21:15.412126,2026-06-11T18:21:15.674429,0.26230311393737793,10
331,interaction_confounding,lasso,500,25,smoke,2026-06-11T18:21:15.675428,2026-06-11T18:21:22.711856,7.0364274978637695,10
332,interaction_confounding,elastic_net,500,25,smoke,2026-06-11T18:21:22.751441,2026-06-11T18:21:41.772728,19.021286010742188,10
333,interaction_confounding,random_forest,500,25,smoke,2026-06-11T18:21:33.518277,2026-06-11T18:22:06.454818,32.93654108047485,10
334,interaction_confounding,gradient_boosting,500,25,smoke,2026-06-11T18:21:41.814802,2026-06-11T18:22:13.076628,31.261826038360596,10
335,step_confounding,ols,500,25,smoke,2026-06-11T18:22:06.493898,2026-06-11T18:22:06.719268,0.2253708839416504,10
336,step_confounding,lasso,500,25,smoke,2026-06-11T18:22:06.721269,2026-06-11T18:22:12.559880,5.838611841201782,10
337,step_confounding,elastic_net,500,25,smoke,2026-06-11T18:22:12.597432,2026-06-11T18:22:29.037722,16.440289974212646,10
338,step_confounding,random_forest,500,25,smoke,2026-06-11T18:22:13.116677,2026-06-11T18:22:44.323828,31.20715069770813,10
339,step_confounding,gradient_boosting,500,25,smoke,2026-06-11T18:22:29.072770,2026-06-11T18:22:58.963387,29.89061713218689,10
340,linear_confounding,ols,500,25,smoke,2026-06-11T18:22:44.358370,2026-06-11T18:22:44.759027,0.40065693855285645,10
341,linear_confounding,lasso,500,25,smoke,2026-06-11T18:22:44.759027,2026-06-11T18:22:56.235029,11.476002216339111,10
342,linear_confounding,elastic_net,500,25,smoke,2026-06-11T18:22:56.278806,2026-06-11T18:23:29.711321,33.432514905929565,10
343,linear_confounding,random_forest,500,25,smoke,2026-06-11T18:22:58.998441,2026-06-11T18:24:00.528520,61.53007936477661,10
344,linear_confounding,gradient_boosting,500,25,smoke,2026-06-11T18:23:29.750478,2026-06-11T18:24:35.381769,65.63129138946533,10
345,quadratic_confounding,ols,500,25,smoke,2026-06-11T18:24:00.565759,2026-06-11T18:24:00.981034,0.41527581214904785,10
346,quadratic_confounding,lasso,500,25,smoke,2026-06-11T18:24:00.982541,2026-06-11T18:24:14.367502,13.384961128234863,10
347,quadratic_confounding,elastic_net,500,25,smoke,2026-06-11T18:24:14.401314,2026-06-11T18:24:54.077483,39.67616868019104,10
348,quadratic_confounding,random_forest,500,25,smoke,2026-06-11T18:24:35.422826,2026-06-11T18:25:41.363571,65.94074535369873,10
349,quadratic_confounding,gradient_boosting,500,25,smoke,2026-06-11T18:24:54.117086,2026-06-11T18:26:06.121799,72.00471305847168,10
350,interaction_confounding,ols,500,25,smoke,2026-06-11T18:25:41.400634,2026-06-11T18:25:41.807083,0.4064486026763916,10
351,interaction_confounding,lasso,500,25,smoke,2026-06-11T18:25:41.808083,2026-06-11T18:25:55.128598,13.320514678955078,10
352,interaction_confounding,elastic_net,500,25,smoke,2026-06-11T18:25:55.166673,2026-06-11T18:26:34.703483,39.53680944442749,10
353,interaction_confounding,random_forest,500,25,smoke,2026-06-11T18:26:06.156337,2026-06-11T18:27:08.840134,62.68379616737366,10
354,interaction_confounding,gradient_boosting,500,25,smoke,2026-06-11T18:26:34.739330,2026-06-11T18:27:43.782165,69.04283499717712,10
355,step_confounding,ols,500,25,smoke,2026-06-11T18:27:01.084501,2026-06-11T18:27:01.550206,0.46570515632629395,10
356,step_confounding,lasso,500,25,smoke,2026-06-11T18:27:01.551207,2026-06-11T18:27:13.814242,12.263035297393799,10
357,step_confounding,elastic_net,500,25,smoke,2026-06-11T18:27:08.877678,2026-06-11T18:27:45.079436,36.20175814628601,10
358,step_confounding,random_forest,500,25,smoke,2026-06-11T18:27:13.864833,2026-06-11T18:28:17.832970,63.96813702583313,10
359,step_confounding,gradient_boosting,500,25,smoke,2026-06-11T18:27:43.822224,2026-06-11T18:28:50.934383,67.11215901374817,10
360,linear_confounding,ols,500,50,smoke,2026-06-11T18:27:45.140336,2026-06-11T18:27:45.301668,0.1613314151763916,10
361,linear_confounding,lasso,500,50,smoke,2026-06-11T18:27:45.302666,2026-06-11T18:27:49.016725,3.7140591144561768,10
362,linear_confounding,elastic_net,500,50,smoke,2026-06-11T18:27:49.055808,2026-06-11T18:28:00.166122,11.11031436920166,10
363,linear_confounding,random_forest,500,50,smoke,2026-06-11T18:28:00.207376,2026-06-11T18:28:13.753216,13.5458402633667,10
364,linear_confounding,gradient_boosting,500,50,smoke,2026-06-11T18:28:13.788383,2026-06-11T18:28:24.108603,10.32021975517273,10
365,quadratic_confounding,ols,500,50,smoke,2026-06-11T18:28:17.874038,2026-06-11T18:28:18.059097,0.1850593090057373,10
366,quadratic_confounding,lasso,500,50,smoke,2026-06-11T18:28:18.060602,2026-06-11T18:28:22.403214,4.3426125049591064,10
367,quadratic_confounding,elastic_net,500,50,smoke,2026-06-11T18:28:22.448263,2026-06-11T18:28:35.627739,13.179476737976074,10
368,quadratic_confounding,random_forest,500,50,smoke,2026-06-11T18:28:24.151669,2026-06-11T18:28:36.727990,12.576320886611938,10
369,quadratic_confounding,gradient_boosting,500,50,smoke,2026-06-11T18:28:35.682382,2026-06-11T18:28:46.020740,10.338357925415039,10
370,interaction_confounding,ols,500,50,smoke,2026-06-11T18:28:36.769862,2026-06-11T18:28:36.952111,0.1822495460510254,10
371,interaction_confounding,lasso,500,50,smoke,2026-06-11T18:28:36.953111,2026-06-11T18:28:41.395430,4.442319393157959,10
372,interaction_confounding,elastic_net,500,50,smoke,2026-06-11T18:28:41.440251,2026-06-11T18:28:54.791436,13.351184368133545,10
373,interaction_confounding,random_forest,500,50,smoke,2026-06-11T18:28:46.056353,2026-06-11T18:28:59.165849,13.109495639801025,10
374,interaction_confounding,gradient_boosting,500,50,smoke,2026-06-11T18:28:50.988198,2026-06-11T18:29:01.423806,10.435607433319092,10
375,step_confounding,ols,500,50,smoke,2026-06-11T18:28:54.824622,2026-06-11T18:28:54.996333,0.17171144485473633,10
376,step_confounding,lasso,500,50,smoke,2026-06-11T18:28:54.997337,2026-06-11T18:28:58.691623,3.694286584854126,10
377,step_confounding,elastic_net,500,50,smoke,2026-06-11T18:28:58.736456,2026-06-11T18:29:09.309664,10.573208332061768,10
378,step_confounding,random_forest,500,50,smoke,2026-06-11T18:28:59.199387,2026-06-11T18:29:11.844211,12.644824028015137,10
379,step_confounding,gradient_boosting,500,50,smoke,2026-06-11T18:29:01.460854,2026-06-11T18:29:11.221108,9.76025390625,10
380,linear_confounding,ols,500,50,smoke,2026-06-11T18:29:09.351306,2026-06-11T18:29:09.672520,0.3212132453918457,10
381,linear_confounding,lasso,500,50,smoke,2026-06-11T18:29:09.673516,2026-06-11T18:29:17.317550,7.644033670425415,10
382,linear_confounding,elastic_net,500,50,smoke,2026-06-11T18:29:11.255860,2026-06-11T18:29:36.663865,25.408005237579346,10
383,linear_confounding,random_forest,500,50,smoke,2026-06-11T18:29:11.875756,2026-06-11T18:29:45.659984,33.78422713279724,10
384,linear_confounding,gradient_boosting,500,50,smoke,2026-06-11T18:29:17.354648,2026-06-11T18:29:58.204741,40.850093126297,10
385,quadratic_confounding,ols,500,50,smoke,2026-06-11T18:29:36.720152,2026-06-11T18:29:37.077723,0.3575708866119385,10
386,quadratic_confounding,lasso,500,50,smoke,2026-06-11T18:29:37.078723,2026-06-11T18:29:47.191760,10.113036632537842,10
387,quadratic_confounding,elastic_net,500,50,smoke,2026-06-11T18:29:45.724556,2026-06-11T18:30:15.170863,29.446306943893433,10
388,quadratic_confounding,random_forest,500,50,smoke,2026-06-11T18:29:47.285381,2026-06-11T18:30:22.001443,34.71606159210205,10
389,quadratic_confounding,gradient_boosting,500,50,smoke,2026-06-11T18:29:58.266728,2026-06-11T18:30:40.169972,41.90324378013611,10
390,interaction_confounding,ols,500,50,smoke,2026-06-11T18:30:15.219974,2026-06-11T18:30:15.618256,0.3982820510864258,10
391,interaction_confounding,lasso,500,50,smoke,2026-06-11T18:30:15.619392,2026-06-11T18:30:25.538503,9.919111251831055,10
392,interaction_confounding,elastic_net,500,50,smoke,2026-06-11T18:30:22.040976,2026-06-11T18:30:53.224872,31.18389630317688,10
393,interaction_confounding,random_forest,500,50,smoke,2026-06-11T18:30:25.580550,2026-06-11T18:31:02.565587,36.98503756523132,10
394,interaction_confounding,gradient_boosting,500,50,smoke,2026-06-11T18:30:30.195546,2026-06-11T18:31:14.301246,44.10569953918457,10
395,step_confounding,ols,500,50,smoke,2026-06-11T18:30:40.254906,2026-06-11T18:30:40.683807,0.42890048027038574,10
396,step_confounding,lasso,500,50,smoke,2026-06-11T18:30:40.683807,2026-06-11T18:30:49.507935,8.824128150939941,10
397,step_confounding,elastic_net,500,50,smoke,2026-06-11T18:30:49.578151,2026-06-11T18:31:14.876140,25.29798913002014,10
398,step_confounding,random_forest,500,50,smoke,2026-06-11T18:30:53.296383,2026-06-11T18:31:28.057463,34.76107954978943,10
399,step_confounding,gradient_boosting,500,50,smoke,2026-06-11T18:31:02.602748,2026-06-11T18:31:42.203404,39.60065531730652,10
400,linear_confounding,ols,500,50,smoke,2026-06-11T18:31:14.345399,2026-06-11T18:31:15.060300,0.7149009704589844,10
401,linear_confounding,lasso,500,50,smoke,2026-06-11T18:31:14.921557,2026-06-11T18:31:31.324892,16.403335332870483,10
402,linear_confounding,elastic_net,500,50,smoke,2026-06-11T18:31:15.061298,2026-06-11T18:32:03.386904,48.32560586929321,10
403,linear_confounding,random_forest,500,50,smoke,2026-06-11T18:31:28.094007,2026-06-11T18:32:36.854615,68.7606086730957,10
404,linear_confounding,gradient_boosting,500,50,smoke,2026-06-11T18:31:31.367012,2026-06-11T18:33:04.107699,92.74068665504456,10
405,quadratic_confounding,ols,500,50,smoke,2026-06-11T18:31:42.257160,2026-06-11T18:31:43.023559,0.7663989067077637,10
406,quadratic_confounding,lasso,500,50,smoke,2026-06-11T18:31:43.024559,2026-06-11T18:32:02.145254,19.120694160461426,10
407,quadratic_confounding,elastic_net,500,50,smoke,2026-06-11T18:32:02.191382,2026-06-11T18:33:05.038587,62.8472044467926,10
408,quadratic_confounding,random_forest,500,50,smoke,2026-06-11T18:32:03.439812,2026-06-11T18:33:14.466801,71.02698922157288,10
409,quadratic_confounding,gradient_boosting,500,50,smoke,2026-06-11T18:32:36.907436,2026-06-11T18:34:22.904564,105.99712824821472,10
410,interaction_confounding,ols,500,50,smoke,2026-06-11T18:33:04.167446,2026-06-11T18:33:04.959254,0.7918071746826172,10
411,interaction_confounding,lasso,500,50,smoke,2026-06-11T18:33:04.960252,2026-06-11T18:33:24.110471,19.150218963623047,10
412,interaction_confounding,elastic_net,500,50,smoke,2026-06-11T18:33:05.082874,2026-06-11T18:34:09.122089,64.03921461105347,10
413,interaction_confounding,random_forest,500,50,smoke,2026-06-11T18:33:14.514397,2026-06-11T18:34:28.856699,74.34230208396912,10
414,interaction_confounding,gradient_boosting,500,50,smoke,2026-06-11T18:33:24.148559,2026-06-11T18:35:12.563117,108.41455817222595,10
415,step_confounding,ols,500,50,smoke,2026-06-11T18:34:09.173318,2026-06-11T18:34:09.993371,0.8200533390045166,10
416,step_confounding,lasso,500,50,smoke,2026-06-11T18:34:09.994879,2026-06-11T18:34:28.169729,18.17485022544861,10
417,step_confounding,elastic_net,500,50,smoke,2026-06-11T18:34:22.962345,2026-06-11T18:35:16.996029,54.033684730529785,10
418,step_confounding,random_forest,500,50,smoke,2026-06-11T18:34:28.239443,2026-06-11T18:35:38.828093,70.5886504650116,10
419,step_confounding,gradient_boosting,500,50,smoke,2026-06-11T18:34:28.909596,2026-06-11T18:35:58.163964,89.25436806678772,10
420,linear_confounding,ols,500,100,smoke,2026-06-11T18:35:12.631405,2026-06-11T18:35:13.062575,0.4311702251434326,10
421,linear_confounding,lasso,500,100,smoke,2026-06-11T18:35:13.063577,2026-06-11T18:35:20.553652,7.49007511138916,10
422,linear_confounding,elastic_net,500,100,smoke,2026-06-11T18:35:17.047448,2026-06-11T18:35:38.765239,21.717790842056274,10
423,linear_confounding,random_forest,500,100,smoke,2026-06-11T18:35:20.602346,2026-06-11T18:35:34.067258,13.464912414550781,10
424,linear_confounding,gradient_boosting,500,100,smoke,2026-06-11T18:35:34.123239,2026-06-11T18:35:52.216677,18.09343719482422,10
425,quadratic_confounding,ols,500,100,smoke,2026-06-11T18:35:38.817401,2026-06-11T18:35:39.279361,0.4619600772857666,10
426,quadratic_confounding,lasso,500,100,smoke,2026-06-11T18:35:38.871607,2026-06-11T18:35:49.434076,10.56246829032898,10
427,quadratic_confounding,elastic_net,500,100,smoke,2026-06-11T18:35:39.281361,2026-06-11T18:36:10.177681,30.896320343017578,10
428,quadratic_confounding,random_forest,500,100,smoke,2026-06-11T18:35:49.478699,2026-06-11T18:36:03.356337,13.877638101577759,10
429,quadratic_confounding,gradient_boosting,500,100,smoke,2026-06-11T18:35:52.262342,2026-06-11T18:36:10.730348,18.468005895614624,10
430,interaction_confounding,ols,500,100,smoke,2026-06-11T18:35:58.225140,2026-06-11T18:35:58.689959,0.46481800079345703,10
431,interaction_confounding,lasso,500,100,smoke,2026-06-11T18:35:58.690970,2026-06-11T18:36:08.897412,10.20644211769104,10
432,interaction_confounding,elastic_net,500,100,smoke,2026-06-11T18:36:03.393898,2026-06-11T18:36:33.817550,30.423651218414307,10
433,interaction_confounding,random_forest,500,100,smoke,2026-06-11T18:36:08.933960,2026-06-11T18:36:22.836585,13.90262508392334,10
434,interaction_confounding,gradient_boosting,500,100,smoke,2026-06-11T18:36:10.224925,2026-06-11T18:36:28.612933,18.388007402420044,10
435,step_confounding,ols,500,100,smoke,2026-06-11T18:36:10.804326,2026-06-11T18:36:11.224685,0.42035913467407227,10
436,step_confounding,lasso,500,100,smoke,2026-06-11T18:36:11.225687,2026-06-11T18:36:18.373253,7.1475653648376465,10
437,step_confounding,elastic_net,500,100,smoke,2026-06-11T18:36:18.419112,2026-06-11T18:36:38.955524,20.53641152381897,10
438,step_confounding,random_forest,500,100,smoke,2026-06-11T18:36:22.888102,2026-06-11T18:36:36.812839,13.924736499786377,10
439,step_confounding,gradient_boosting,500,100,smoke,2026-06-11T18:36:28.648978,2026-06-11T18:36:46.276819,17.62784171104431,10
440,linear_confounding,ols,500,100,smoke,2026-06-11T18:36:33.876053,2026-06-11T18:36:35.164591,1.2885384559631348,10
441,linear_confounding,lasso,500,100,smoke,2026-06-11T18:36:35.225225,2026-06-11T18:36:50.908778,15.683552503585815,10
442,linear_confounding,elastic_net,500,100,smoke,2026-06-11T18:36:36.855921,2026-06-11T18:37:20.559731,43.70380997657776,10
443,linear_confounding,random_forest,500,100,smoke,2026-06-11T18:36:39.007560,2026-06-11T18:37:14.049978,35.04241704940796,10
444,linear_confounding,gradient_boosting,500,100,smoke,2026-06-11T18:36:46.338911,2026-06-11T18:37:57.197838,70.85892677307129,10
445,quadratic_confounding,ols,500,100,smoke,2026-06-11T18:36:50.962793,2026-06-11T18:36:52.182656,1.2198622226715088,10
446,quadratic_confounding,lasso,500,100,smoke,2026-06-11T18:36:52.244664,2026-06-11T18:37:12.414364,20.169700145721436,10
447,quadratic_confounding,elastic_net,500,100,smoke,2026-06-11T18:37:12.463481,2026-06-11T18:38:13.652677,61.18919539451599,10
448,quadratic_confounding,random_forest,500,100,smoke,2026-06-11T18:37:14.100576,2026-06-11T18:37:50.944957,36.8443808555603,10
449,quadratic_confounding,gradient_boosting,500,100,smoke,2026-06-11T18:37:20.605249,2026-06-11T18:38:34.045630,73.4403805732727,10
450,interaction_confounding,ols,500,100,smoke,2026-06-11T18:37:51.015072,2026-06-11T18:37:52.202960,1.1878883838653564,10
451,interaction_confounding,lasso,500,100,smoke,2026-06-11T18:37:52.254551,2026-06-11T18:38:11.390618,19.136067867279053,10
452,interaction_confounding,elastic_net,500,100,smoke,2026-06-11T18:37:57.252867,2026-06-11T18:38:57.530331,60.277464151382446,10
453,interaction_confounding,random_forest,500,100,smoke,2026-06-11T18:38:11.426600,2026-06-11T18:38:47.661960,36.23535919189453,10
454,interaction_confounding,gradient_boosting,500,100,smoke,2026-06-11T18:38:13.729758,2026-06-11T18:39:30.241686,76.51192808151245,10
455,step_confounding,ols,500,100,smoke,2026-06-11T18:38:34.103732,2026-06-11T18:38:35.054367,0.9506347179412842,10
456,step_confounding,lasso,500,100,smoke,2026-06-11T18:38:35.055367,2026-06-11T18:38:49.266379,14.2110116481781,10
457,step_confounding,elastic_net,500,100,smoke,2026-06-11T18:38:47.707531,2026-06-11T18:39:31.575028,43.867496490478516,10
458,step_confounding,random_forest,500,100,smoke,2026-06-11T18:38:49.318932,2026-06-11T18:39:25.406190,36.087257623672485,10
459,step_confounding,gradient_boosting,500,100,smoke,2026-06-11T18:38:57.578845,2026-06-11T18:40:17.466657,79.88781189918518,10
460,linear_confounding,ols,500,100,smoke,2026-06-11T18:39:25.472258,2026-06-11T18:39:27.911662,2.439404249191284,10
461,linear_confounding,lasso,500,100,smoke,2026-06-11T18:39:27.954245,2026-06-11T18:39:57.689094,29.734849452972412,10
462,linear_confounding,elastic_net,500,100,smoke,2026-06-11T18:39:30.290717,2026-06-11T18:40:54.539247,84.24852991104126,10
463,linear_confounding,random_forest,500,100,smoke,2026-06-11T18:39:31.619321,2026-06-11T18:40:42.223502,70.60418152809143,10
464,linear_confounding,gradient_boosting,500,100,smoke,2026-06-11T18:39:57.742853,2026-06-11T18:42:46.690514,168.9476616382599,10
465,quadratic_confounding,ols,500,100,smoke,2026-06-11T18:40:17.525042,2026-06-11T18:40:19.389063,1.8640217781066895,10
466,quadratic_confounding,lasso,500,100,smoke,2026-06-11T18:40:19.430764,2026-06-11T18:40:57.559274,38.12851047515869,10
467,quadratic_confounding,elastic_net,500,100,smoke,2026-06-11T18:40:42.267577,2026-06-11T18:42:42.950107,120.6825304031372,10
468,quadratic_confounding,random_forest,500,100,smoke,2026-06-11T18:40:54.584558,2026-06-11T18:42:08.879507,74.29494857788086,10
469,quadratic_confounding,gradient_boosting,500,100,smoke,2026-06-11T18:40:57.618911,2026-06-11T18:43:55.161725,177.54281401634216,10
470,interaction_confounding,ols,500,100,smoke,2026-06-11T18:42:08.930065,2026-06-11T18:42:11.254257,2.3241922855377197,10
471,interaction_confounding,lasso,500,100,smoke,2026-06-11T18:42:11.302844,2026-06-11T18:42:51.999179,40.696335315704346,10
472,interaction_confounding,elastic_net,500,100,smoke,2026-06-11T18:42:42.992184,2026-06-11T18:44:39.267055,116.2748703956604,10
473,interaction_confounding,random_forest,500,100,smoke,2026-06-11T18:42:46.750663,2026-06-11T18:44:00.306283,73.55562019348145,10
474,interaction_confounding,gradient_boosting,500,100,smoke,2026-06-11T18:42:52.063818,2026-06-11T18:45:36.926613,164.8627951145172,10
475,step_confounding,ols,500,100,smoke,2026-06-11T18:43:55.240233,2026-06-11T18:43:57.046957,1.8067240715026855,10
476,step_confounding,lasso,500,100,smoke,2026-06-11T18:43:57.096609,2026-06-11T18:44:21.227515,24.130905389785767,10
477,step_confounding,elastic_net,500,100,smoke,2026-06-11T18:44:00.349403,2026-06-11T18:45:20.304405,79.95500159263611,10
478,step_confounding,random_forest,500,100,smoke,2026-06-11T18:44:21.264533,2026-06-11T18:45:32.857580,71.59304761886597,10
479,step_confounding,gradient_boosting,500,100,smoke,2026-06-11T18:44:39.317366,2026-06-11T18:47:12.779925,153.46255922317505,10
480,linear_confounding,ols,500,150,smoke,2026-06-11T18:45:20.374167,2026-06-11T18:45:21.110718,0.7365505695343018,10
481,linear_confounding,lasso,500,150,smoke,2026-06-11T18:45:21.110718,2026-06-11T18:45:46.442832,25.332114696502686,10
482,linear_confounding,elastic_net,500,150,smoke,2026-06-11T18:45:32.898621,2026-06-11T18:46:34.992435,62.09381413459778,10
483,linear_confounding,random_forest,500,150,smoke,2026-06-11T18:45:36.971132,2026-06-11T18:45:51.103104,14.131972074508667,10
484,linear_confounding,gradient_boosting,500,150,smoke,2026-06-11T18:45:46.505488,2026-06-11T18:46:10.831199,24.325711488723755,10
485,quadratic_confounding,ols,500,150,smoke,2026-06-11T18:45:51.150155,2026-06-11T18:45:51.851577,0.7014217376708984,10
486,quadratic_confounding,lasso,500,150,smoke,2026-06-11T18:45:51.852577,2026-06-11T18:46:35.845593,43.9930157661438,10
487,quadratic_confounding,elastic_net,500,150,smoke,2026-06-11T18:46:10.890765,2026-06-11T18:48:05.132837,114.24207139015198,10
488,quadratic_confounding,random_forest,500,150,smoke,2026-06-11T18:46:35.032514,2026-06-11T18:46:49.289488,14.256974697113037,10
489,quadratic_confounding,gradient_boosting,500,150,smoke,2026-06-11T18:46:35.901176,2026-06-11T18:47:01.644005,25.742828369140625,10
490,interaction_confounding,ols,500,150,smoke,2026-06-11T18:46:49.327532,2026-06-11T18:46:49.958022,0.6304898262023926,10
491,interaction_confounding,lasso,500,150,smoke,2026-06-11T18:46:49.959022,2026-06-11T18:47:34.314040,44.35501790046692,10
492,interaction_confounding,elastic_net,500,150,smoke,2026-06-11T18:47:01.683200,2026-06-11T18:49:04.436405,122.75320410728455,10
493,interaction_confounding,random_forest,500,150,smoke,2026-06-11T18:47:12.824015,2026-06-11T18:47:26.248410,13.424395561218262,10
494,interaction_confounding,gradient_boosting,500,150,smoke,2026-06-11T18:47:26.293075,2026-06-11T18:47:47.507712,21.21463632583618,10
495,step_confounding,ols,500,150,smoke,2026-06-11T18:47:34.350360,2026-06-11T18:47:35.129384,0.7790236473083496,10
496,step_confounding,lasso,500,150,smoke,2026-06-11T18:47:35.129384,2026-06-11T18:47:53.348679,18.219295263290405,10
497,step_confounding,elastic_net,500,150,smoke,2026-06-11T18:47:47.544257,2026-06-11T18:48:35.488619,47.94436240196228,10
498,step_confounding,random_forest,500,150,smoke,2026-06-11T18:47:53.382281,2026-06-11T18:48:05.314576,11.932294607162476,10
499,step_confounding,gradient_boosting,500,150,smoke,2026-06-11T18:48:05.183444,2026-06-11T18:48:26.745534,21.562090158462524,10
500,linear_confounding,ols,500,150,smoke,2026-06-11T18:48:05.355595,2026-06-11T18:48:07.107794,1.752199649810791,10
501,linear_confounding,lasso,500,150,smoke,2026-06-11T18:48:07.200789,2026-06-11T18:48:36.072510,28.871721267700195,10
502,linear_confounding,elastic_net,500,150,smoke,2026-06-11T18:48:26.792184,2026-06-11T18:49:56.032130,89.23994541168213,10
503,linear_confounding,random_forest,500,150,smoke,2026-06-11T18:48:35.563250,2026-06-11T18:49:13.433212,37.86996102333069,10
504,linear_confounding,gradient_boosting,500,150,smoke,2026-06-11T18:48:36.111887,2026-06-11T18:50:19.523966,103.41207909584045,10
505,quadratic_confounding,ols,500,150,smoke,2026-06-11T18:49:04.523255,2026-06-11T18:49:06.400216,1.8769609928131104,10
506,quadratic_confounding,lasso,500,150,smoke,2026-06-11T18:49:06.462566,2026-06-11T18:49:49.674486,43.21192026138306,10
507,quadratic_confounding,elastic_net,500,150,smoke,2026-06-11T18:49:13.471328,2026-06-11T18:51:23.870011,130.39868307113647,10
508,quadratic_confounding,random_forest,500,150,smoke,2026-06-11T18:49:49.720349,2026-06-11T18:50:29.390576,39.67022705078125,10
509,quadratic_confounding,gradient_boosting,500,150,smoke,2026-06-11T18:49:56.081973,2026-06-11T18:51:31.035058,94.95308494567871,10
510,interaction_confounding,ols,500,150,smoke,2026-06-11T18:50:19.608354,2026-06-11T18:50:21.372166,1.7638115882873535,10
511,interaction_confounding,lasso,500,150,smoke,2026-06-11T18:50:21.441464,2026-06-11T18:51:07.707131,46.2656672000885,10
512,interaction_confounding,elastic_net,500,150,smoke,2026-06-11T18:50:29.439162,2026-06-11T18:52:43.821697,134.3825340270996,10
513,interaction_confounding,random_forest,500,150,smoke,2026-06-11T18:51:07.750198,2026-06-11T18:51:44.917537,37.167338848114014,10
514,interaction_confounding,gradient_boosting,500,150,smoke,2026-06-11T18:51:23.940754,2026-06-11T18:53:09.019365,105.07861113548279,10
515,step_confounding,ols,500,150,smoke,2026-06-11T18:51:31.112517,2026-06-11T18:51:32.816943,1.7044260501861572,10
516,step_confounding,lasso,500,150,smoke,2026-06-11T18:51:32.864947,2026-06-11T18:52:03.916644,31.05169653892517,10
517,step_confounding,elastic_net,500,150,smoke,2026-06-11T18:51:44.962618,2026-06-11T18:53:14.372587,89.40996861457825,10
518,step_confounding,random_forest,500,150,smoke,2026-06-11T18:52:03.959584,2026-06-11T18:52:40.637450,36.677865505218506,10
519,step_confounding,gradient_boosting,500,150,smoke,2026-06-11T18:52:40.678519,2026-06-11T18:54:11.281691,90.60317158699036,10
520,linear_confounding,ols,500,150,smoke,2026-06-11T18:52:43.879210,2026-06-11T18:52:47.247168,3.3679585456848145,10
521,linear_confounding,lasso,500,150,smoke,2026-06-11T18:52:47.288219,2026-06-11T18:53:51.685149,64.39693021774292,10
522,linear_confounding,elastic_net,500,150,smoke,2026-06-11T18:53:09.071884,2026-06-11T18:56:08.166612,179.09472799301147,10
523,linear_confounding,random_forest,500,150,smoke,2026-06-11T18:53:14.419110,2026-06-11T18:54:29.481478,75.06136727333069,10
524,linear_confounding,gradient_boosting,500,150,smoke,2026-06-11T18:53:51.759528,2026-06-11T18:57:24.583644,212.82411646842957,10
525,quadratic_confounding,ols,500,150,smoke,2026-06-11T18:54:11.354780,2026-06-11T18:54:14.812588,3.457808256149292,10
526,quadratic_confounding,lasso,500,150,smoke,2026-06-11T18:54:14.887250,2026-06-11T18:55:38.450900,83.56365036964417,10
527,quadratic_confounding,elastic_net,500,150,smoke,2026-06-11T18:54:29.520516,2026-06-11T18:58:34.590194,245.06967759132385,10
528,quadratic_confounding,random_forest,500,150,smoke,2026-06-11T18:55:38.492977,2026-06-11T18:56:58.717958,80.22498059272766,10
529,quadratic_confounding,gradient_boosting,500,150,smoke,2026-06-11T18:56:08.248794,2026-06-11T19:00:32.350305,264.1015110015869,10
530,interaction_confounding,ols,500,150,smoke,2026-06-11T18:56:58.762051,2026-06-11T18:57:02.209030,3.446978807449341,10
531,interaction_confounding,lasso,500,150,smoke,2026-06-11T18:57:02.280650,2026-06-11T18:58:24.929470,82.64881920814514,10
532,interaction_confounding,elastic_net,500,150,smoke,2026-06-11T18:57:24.639783,2026-06-11T19:01:28.582072,243.94228863716125,10
533,interaction_confounding,random_forest,500,150,smoke,2026-06-11T18:58:24.999540,2026-06-11T18:59:45.629718,80.63017868995667,10
534,interaction_confounding,gradient_boosting,500,150,smoke,2026-06-11T18:58:34.670949,2026-06-11T19:02:21.429474,226.75852489471436,10
535,step_confounding,ols,500,150,smoke,2026-06-11T18:59:45.723353,2026-06-11T18:59:49.418031,3.69467830657959,10
536,step_confounding,lasso,500,150,smoke,2026-06-11T18:59:49.459598,2026-06-11T19:00:48.951564,59.491966009140015,10
537,step_confounding,elastic_net,500,150,smoke,2026-06-11T19:00:32.445818,2026-06-11T19:03:06.473570,154.02775168418884,10
538,step_confounding,random_forest,500,150,smoke,2026-06-11T19:00:48.988755,2026-06-11T19:02:07.268084,78.27932929992676,10
539,step_confounding,gradient_boosting,500,150,smoke,2026-06-11T19:01:28.645872,2026-06-11T19:04:46.238713,197.59284043312073,10
540,linear_confounding,ols,500,300,smoke,2026-06-11T19:02:07.338062,2026-06-11T19:02:09.788336,2.4502735137939453,10
541,linear_confounding,lasso,500,300,smoke,2026-06-11T19:02:09.860457,2026-06-11T19:04:42.362592,152.5021357536316,10
542,linear_confounding,elastic_net,500,300,smoke,2026-06-11T19:02:21.470994,2026-06-11T19:07:14.264650,292.79365515708923,10
543,linear_confounding,random_forest,500,300,smoke,2026-06-11T19:03:06.536091,2026-06-11T19:03:21.813193,15.277102708816528,10
544,linear_confounding,gradient_boosting,500,300,smoke,2026-06-11T19:03:21.905361,2026-06-11T19:04:25.170054,63.26469373703003,10
545,quadratic_confounding,ols,500,300,smoke,2026-06-11T19:04:25.214106,2026-06-11T19:04:27.376748,2.162642002105713,10
546,quadratic_confounding,lasso,500,300,smoke,2026-06-11T19:04:27.419858,2026-06-11T19:10:31.095858,363.67599987983704,10
547,quadratic_confounding,elastic_net,500,300,smoke,2026-06-11T19:04:42.405650,2026-06-11T19:13:44.293869,541.8882186412811,10
548,quadratic_confounding,random_forest,500,300,smoke,2026-06-11T19:04:46.300224,2026-06-11T19:04:59.664908,13.364683151245117,10
549,quadratic_confounding,gradient_boosting,500,300,smoke,2026-06-11T19:04:59.708967,2026-06-11T19:05:59.969440,60.26047348976135,10
550,interaction_confounding,ols,500,300,smoke,2026-06-11T19:06:00.008979,2026-06-11T19:06:01.771155,1.7621755599975586,10
551,interaction_confounding,lasso,500,300,smoke,2026-06-11T19:06:01.831246,2026-06-11T19:12:08.678780,366.8475344181061,10
552,interaction_confounding,elastic_net,500,300,smoke,2026-06-11T19:07:14.314674,2026-06-11T19:17:06.142896,591.8282215595245,10
553,interaction_confounding,random_forest,500,300,smoke,2026-06-11T19:10:31.146377,2026-06-11T19:10:43.862065,12.715688228607178,10
554,interaction_confounding,gradient_boosting,500,300,smoke,2026-06-11T19:10:43.894706,2026-06-11T19:11:41.335229,57.44052243232727,10
555,step_confounding,ols,500,300,smoke,2026-06-11T19:11:41.386287,2026-06-11T19:11:43.259499,1.8732120990753174,10
556,step_confounding,lasso,500,300,smoke,2026-06-11T19:11:43.292041,2026-06-11T19:13:33.072781,109.78073954582214,10
557,step_confounding,elastic_net,500,300,smoke,2026-06-11T19:12:08.716318,2026-06-11T19:15:31.637016,202.92069816589355,10
558,step_confounding,random_forest,500,300,smoke,2026-06-11T19:13:33.109845,2026-06-11T19:13:46.952836,13.842990398406982,10
559,step_confounding,gradient_boosting,500,300,smoke,2026-06-11T19:13:44.347868,2026-06-11T19:14:40.207800,55.85993242263794,10
560,linear_confounding,ols,500,300,smoke,2026-06-11T19:13:47.045836,2026-06-11T19:13:53.468142,6.422306537628174,10
561,linear_confounding,lasso,500,300,smoke,2026-06-11T19:13:53.545256,2026-06-11T19:18:35.569285,282.02402925491333,10
562,linear_confounding,elastic_net,500,300,smoke,2026-06-11T19:14:40.262357,2026-06-11T19:25:17.685738,637.4233803749084,10
563,linear_confounding,random_forest,500,300,smoke,2026-06-11T19:15:31.699120,2026-06-11T19:16:08.564248,36.86512780189514,10
564,linear_confounding,gradient_boosting,500,300,smoke,2026-06-11T19:16:08.600291,2026-06-11T19:20:11.613348,243.01305675506592,10
565,quadratic_confounding,ols,500,300,smoke,2026-06-11T19:17:06.215925,2026-06-11T19:17:12.707668,6.491742849349976,10
566,quadratic_confounding,lasso,500,300,smoke,2026-06-11T19:17:12.750733,2026-06-11T19:38:36.724562,1283.9738292694092,10
567,quadratic_confounding,elastic_net,500,300,smoke,2026-06-11T19:18:35.623735,2026-06-11T20:03:07.657149,2672.033413887024,10
568,quadratic_confounding,random_forest,500,300,smoke,2026-06-11T19:20:11.690080,2026-06-11T19:20:54.303415,42.61333441734314,10
569,quadratic_confounding,gradient_boosting,500,300,smoke,2026-06-11T19:20:54.361693,2026-06-11T19:25:11.459333,257.09763956069946,10
570,interaction_confounding,ols,500,300,smoke,2026-06-11T19:25:11.502415,2026-06-11T19:25:17.443787,5.941371917724609,10
571,interaction_confounding,lasso,500,300,smoke,2026-06-11T19:25:17.528002,2026-06-11T19:46:52.066815,1294.5388123989105,10
572,interaction_confounding,elastic_net,500,300,smoke,2026-06-11T19:25:17.748252,2026-06-11T20:13:32.616201,2894.867948293686,10
573,interaction_confounding,random_forest,500,300,smoke,2026-06-11T19:38:36.806088,2026-06-11T19:39:18.641731,41.83564281463623,10
574,interaction_confounding,gradient_boosting,500,300,smoke,2026-06-11T19:39:18.679784,2026-06-11T19:43:33.261983,254.5821988582611,10
575,step_confounding,ols,500,300,smoke,2026-06-11T19:43:33.342707,2026-06-11T19:43:39.320738,5.978031158447266,10
576,step_confounding,lasso,500,300,smoke,2026-06-11T19:43:39.368346,2026-06-11T19:46:38.058192,178.68884658813477,10
577,step_confounding,elastic_net,500,300,smoke,2026-06-11T19:46:38.090735,2026-06-11T19:53:24.980157,406.88942193984985,10
578,step_confounding,random_forest,500,300,smoke,2026-06-11T19:46:52.100390,2026-06-11T19:47:33.100826,41.000436544418335,10
579,step_confounding,gradient_boosting,500,300,smoke,2026-06-11T19:47:33.133395,2026-06-11T19:51:28.323622,235.19022679328918,10
580,linear_confounding,ols,500,300,smoke,2026-06-11T19:51:28.366757,2026-06-11T19:51:39.587595,11.220837593078613,10
581,linear_confounding,lasso,500,300,smoke,2026-06-11T19:51:39.619025,2026-06-11T19:57:00.223429,320.60440397262573,10
582,linear_confounding,elastic_net,500,300,smoke,2026-06-11T19:53:25.015723,2026-06-11T20:07:42.403921,857.3881974220276,10
583,linear_confounding,random_forest,500,300,smoke,2026-06-11T19:57:00.254911,2026-06-11T19:58:21.909929,81.65501832962036,10
584,linear_confounding,gradient_boosting,500,300,smoke,2026-06-11T19:58:21.945484,2026-06-11T20:07:12.564228,530.6187438964844,10
585,quadratic_confounding,ols,500,300,smoke,2026-06-11T20:03:07.728744,2026-06-11T20:03:21.768081,14.039337396621704,10
586,quadratic_confounding,lasso,500,300,smoke,2026-06-11T20:03:21.854231,2026-06-11T20:18:59.344638,937.4904074668884,10
587,quadratic_confounding,elastic_net,500,300,smoke,2026-06-11T20:07:12.607335,2026-06-11T20:47:36.786044,2424.17870926857,10
588,quadratic_confounding,random_forest,500,300,smoke,2026-06-11T20:07:42.437450,2026-06-11T20:09:05.190920,82.75347018241882,10
589,quadratic_confounding,gradient_boosting,500,300,smoke,2026-06-11T20:09:05.220361,2026-06-11T20:18:21.104550,555.8841888904572,10
590,interaction_confounding,ols,500,300,smoke,2026-06-11T20:13:32.679718,2026-06-11T20:13:46.373660,13.693942070007324,10
591,interaction_confounding,lasso,500,300,smoke,2026-06-11T20:13:46.470941,2026-06-11T20:30:07.768048,981.2971067428589,10
592,interaction_confounding,elastic_net,500,300,smoke,2026-06-11T20:18:21.164661,2026-06-11T21:02:25.149662,2643.98500084877,10
593,interaction_confounding,random_forest,500,300,smoke,2026-06-11T20:18:59.395146,2026-06-11T20:20:21.574518,82.17937135696411,10
594,interaction_confounding,gradient_boosting,500,300,smoke,2026-06-11T20:20:21.611082,2026-06-11T20:29:10.797549,529.1864664554596,10
595,step_confounding,ols,500,300,smoke,2026-06-11T20:29:10.875670,2026-06-11T20:29:22.580987,11.70531702041626,10
596,step_confounding,lasso,500,300,smoke,2026-06-11T20:29:22.636556,2026-06-11T20:33:15.721661,233.08510541915894,10
597,step_confounding,elastic_net,500,300,smoke,2026-06-11T20:30:07.804095,2026-06-11T20:40:24.833334,617.0292389392853,10
598,step_confounding,random_forest,500,300,smoke,2026-06-11T20:33:15.761717,2026-06-11T20:34:27.718352,71.95663452148438,10
599,step_confounding,gradient_boosting,500,300,smoke,2026-06-11T20:34:27.749917,2026-06-11T20:42:49.956962,502.20704555511475,10
600,linear_confounding,ols,1000,25,smoke,2026-06-11T20:40:24.895801,2026-06-11T20:40:25.106020,0.2102193832397461,10
601,linear_confounding,lasso,1000,25,smoke,2026-06-11T20:40:25.107015,2026-06-11T20:40:27.908623,2.8016083240509033,10
602,linear_confounding,elastic_net,1000,25,smoke,2026-06-11T20:40:27.953694,2026-06-11T20:40:35.774614,7.820919513702393,10
603,linear_confounding,random_forest,1000,25,smoke,2026-06-11T20:40:35.830704,2026-06-11T20:40:50.698213,14.86750864982605,10
604,linear_confounding,gradient_boosting,1000,25,smoke,2026-06-11T20:40:50.744796,2026-06-11T20:41:06.067472,15.322676420211792,10
605,quadratic_confounding,ols,1000,25,smoke,2026-06-11T20:41:06.126040,2026-06-11T20:41:06.326855,0.20081543922424316,10
606,quadratic_confounding,lasso,1000,25,smoke,2026-06-11T20:41:06.327856,2026-06-11T20:41:09.283270,2.955414056777954,10
607,quadratic_confounding,elastic_net,1000,25,smoke,2026-06-11T20:41:09.323832,2026-06-11T20:41:17.481189,8.157356977462769,10
608,quadratic_confounding,random_forest,1000,25,smoke,2026-06-11T20:41:17.539276,2026-06-11T20:41:31.874152,14.334875345230103,10
609,quadratic_confounding,gradient_boosting,1000,25,smoke,2026-06-11T20:41:31.914204,2026-06-11T20:41:48.092065,16.177860260009766,10
610,interaction_confounding,ols,1000,25,smoke,2026-06-11T20:41:48.144672,2026-06-11T20:41:48.367589,0.2229175567626953,10
611,interaction_confounding,lasso,1000,25,smoke,2026-06-11T20:41:48.369104,2026-06-11T20:41:52.509944,4.140839338302612,10
612,interaction_confounding,elastic_net,1000,25,smoke,2026-06-11T20:41:52.574567,2026-06-11T20:42:03.205656,10.631088733673096,10
613,interaction_confounding,random_forest,1000,25,smoke,2026-06-11T20:42:03.254055,2026-06-11T20:42:18.077188,14.823132753372192,10
614,interaction_confounding,gradient_boosting,1000,25,smoke,2026-06-11T20:42:18.134964,2026-06-11T20:42:33.518872,15.38390827178955,10
615,step_confounding,ols,1000,25,smoke,2026-06-11T20:42:33.566335,2026-06-11T20:42:33.758106,0.19177031517028809,10
616,step_confounding,lasso,1000,25,smoke,2026-06-11T20:42:33.759107,2026-06-11T20:42:36.492589,2.7334821224212646,10
617,step_confounding,elastic_net,1000,25,smoke,2026-06-11T20:42:36.534635,2026-06-11T20:42:44.176411,7.641775846481323,10
618,step_confounding,random_forest,1000,25,smoke,2026-06-11T20:42:44.219268,2026-06-11T20:42:57.392765,13.173496723175049,10
619,step_confounding,gradient_boosting,1000,25,smoke,2026-06-11T20:42:50.002050,2026-06-11T20:43:03.917700,13.915650367736816,10
620,linear_confounding,ols,1000,25,smoke,2026-06-11T20:42:57.428304,2026-06-11T20:42:57.759580,0.33127665519714355,10
621,linear_confounding,lasso,1000,25,smoke,2026-06-11T20:42:57.760581,2026-06-11T20:43:04.034326,6.273745059967041,10
622,linear_confounding,elastic_net,1000,25,smoke,2026-06-11T20:43:03.958735,2026-06-11T20:43:22.596390,18.63765549659729,10
623,linear_confounding,random_forest,1000,25,smoke,2026-06-11T20:43:04.081898,2026-06-11T20:43:37.304399,33.22250175476074,10
624,linear_confounding,gradient_boosting,1000,25,smoke,2026-06-11T20:43:22.660304,2026-06-11T20:44:22.506937,59.846632957458496,10
625,quadratic_confounding,ols,1000,25,smoke,2026-06-11T20:43:37.350444,2026-06-11T20:43:37.697408,0.34696388244628906,10
626,quadratic_confounding,lasso,1000,25,smoke,2026-06-11T20:43:37.698408,2026-06-11T20:43:44.286157,6.587749242782593,10
627,quadratic_confounding,elastic_net,1000,25,smoke,2026-06-11T20:43:44.336713,2026-06-11T20:44:02.610812,18.274098873138428,10
628,quadratic_confounding,random_forest,1000,25,smoke,2026-06-11T20:44:02.646122,2026-06-11T20:44:44.822359,42.17623686790466,10
629,quadratic_confounding,gradient_boosting,1000,25,smoke,2026-06-11T20:44:22.571208,2026-06-11T20:45:39.654702,77.08349418640137,10
630,interaction_confounding,ols,1000,25,smoke,2026-06-11T20:44:44.872950,2026-06-11T20:44:45.268141,0.395190954208374,10
631,interaction_confounding,lasso,1000,25,smoke,2026-06-11T20:44:45.269144,2026-06-11T20:44:54.110623,8.841478824615479,10
632,interaction_confounding,elastic_net,1000,25,smoke,2026-06-11T20:44:54.159698,2026-06-11T20:45:14.811924,20.652226209640503,10
633,interaction_confounding,random_forest,1000,25,smoke,2026-06-11T20:45:14.859492,2026-06-11T20:45:54.360751,39.501258850097656,10
634,interaction_confounding,gradient_boosting,1000,25,smoke,2026-06-11T20:45:39.723321,2026-06-11T20:46:41.767240,62.04391884803772,10
635,step_confounding,ols,1000,25,smoke,2026-06-11T20:45:54.402797,2026-06-11T20:45:54.819608,0.416811466217041,10
636,step_confounding,lasso,1000,25,smoke,2026-06-11T20:45:54.820609,2026-06-11T20:46:01.429635,6.609025955200195,10
637,step_confounding,elastic_net,1000,25,smoke,2026-06-11T20:46:01.470675,2026-06-11T20:46:20.150248,18.67957305908203,10
638,step_confounding,random_forest,1000,25,smoke,2026-06-11T20:46:20.189796,2026-06-11T20:46:58.155088,37.96529245376587,10
639,step_confounding,gradient_boosting,1000,25,smoke,2026-06-11T20:46:41.814282,2026-06-11T20:47:32.088974,50.27469229698181,10
640,linear_confounding,ols,1000,25,smoke,2026-06-11T20:46:58.188637,2026-06-11T20:46:58.771662,0.5830249786376953,10
641,linear_confounding,lasso,1000,25,smoke,2026-06-11T20:46:58.773662,2026-06-11T20:47:11.440711,12.667048931121826,10
642,linear_confounding,elastic_net,1000,25,smoke,2026-06-11T20:47:11.482759,2026-06-11T20:47:48.069640,36.586881160736084,10
643,linear_confounding,random_forest,1000,25,smoke,2026-06-11T20:47:32.180581,2026-06-11T20:48:44.138660,71.95807838439941,10
644,linear_confounding,gradient_boosting,1000,25,smoke,2026-06-11T20:47:36.845720,2026-06-11T20:49:48.276186,131.43046641349792,10
645,quadratic_confounding,ols,1000,25,smoke,2026-06-11T20:47:48.111469,2026-06-11T20:47:48.763519,0.652050256729126,10
646,quadratic_confounding,lasso,1000,25,smoke,2026-06-11T20:47:48.764518,2026-06-11T20:48:04.073622,15.309103965759277,10
647,quadratic_confounding,elastic_net,1000,25,smoke,2026-06-11T20:48:04.141709,2026-06-11T20:48:46.914408,42.7726993560791,10
648,quadratic_confounding,random_forest,1000,25,smoke,2026-06-11T20:48:44.223529,2026-06-11T20:50:01.557203,77.33367419242859,10
649,quadratic_confounding,gradient_boosting,1000,25,smoke,2026-06-11T20:48:46.956888,2026-06-11T20:51:10.991457,144.03456926345825,10
650,interaction_confounding,ols,1000,25,smoke,2026-06-11T20:49:48.347183,2026-06-11T20:49:48.998848,0.651665210723877,10
651,interaction_confounding,lasso,1000,25,smoke,2026-06-11T20:49:48.999849,2026-06-11T20:50:04.094481,15.094631671905518,10
652,interaction_confounding,elastic_net,1000,25,smoke,2026-06-11T20:50:01.647811,2026-06-11T20:50:46.019642,44.37183117866516,10
653,interaction_confounding,random_forest,1000,25,smoke,2026-06-11T20:50:04.131550,2026-06-11T20:51:19.820111,75.68856024742126,10
654,interaction_confounding,gradient_boosting,1000,25,smoke,2026-06-11T20:50:46.094853,2026-06-11T20:52:53.430232,127.33537936210632,10
655,step_confounding,ols,1000,25,smoke,2026-06-11T20:51:11.077389,2026-06-11T20:51:11.757179,0.6797902584075928,10
656,step_confounding,lasso,1000,25,smoke,2026-06-11T20:51:11.758574,2026-06-11T20:51:24.844690,13.086116075515747,10
657,step_confounding,elastic_net,1000,25,smoke,2026-06-11T20:51:19.912347,2026-06-11T20:51:58.458455,38.54610753059387,10
658,step_confounding,random_forest,1000,25,smoke,2026-06-11T20:51:24.934290,2026-06-11T20:52:39.979629,75.04634118080139,10
659,step_confounding,gradient_boosting,1000,25,smoke,2026-06-11T20:51:58.506102,2026-06-11T20:54:05.376746,126.87064361572266,10
660,linear_confounding,ols,1000,50,smoke,2026-06-11T20:52:40.062367,2026-06-11T20:52:40.344617,0.28224897384643555,10
661,linear_confounding,lasso,1000,50,smoke,2026-06-11T20:52:40.345626,2026-06-11T20:52:43.835501,3.489874839782715,10
662,linear_confounding,elastic_net,1000,50,smoke,2026-06-11T20:52:43.877564,2026-06-11T20:52:53.094805,9.217240810394287,10
663,linear_confounding,random_forest,1000,50,smoke,2026-06-11T20:52:53.178490,2026-06-11T20:53:07.963388,14.784897327423096,10
664,linear_confounding,gradient_boosting,1000,50,smoke,2026-06-11T20:52:53.487833,2026-06-11T20:53:15.296735,21.808902263641357,10
665,quadratic_confounding,ols,1000,50,smoke,2026-06-11T20:53:08.033455,2026-06-11T20:53:08.307187,0.27373266220092773,10
666,quadratic_confounding,lasso,1000,50,smoke,2026-06-11T20:53:08.308187,2026-06-11T20:53:13.402280,5.094092607498169,10
667,quadratic_confounding,elastic_net,1000,50,smoke,2026-06-11T20:53:13.450362,2026-06-11T20:53:27.468934,14.018572092056274,10
668,quadratic_confounding,random_forest,1000,50,smoke,2026-06-11T20:53:15.355364,2026-06-11T20:53:30.435436,15.08007264137268,10
669,quadratic_confounding,gradient_boosting,1000,50,smoke,2026-06-11T20:53:27.519796,2026-06-11T20:53:48.843328,21.323532581329346,10
670,interaction_confounding,ols,1000,50,smoke,2026-06-11T20:53:30.479009,2026-06-11T20:53:30.733353,0.254345178604126,10
671,interaction_confounding,lasso,1000,50,smoke,2026-06-11T20:53:30.734353,2026-06-11T20:53:34.847583,4.113229751586914,10
672,interaction_confounding,elastic_net,1000,50,smoke,2026-06-11T20:53:34.894216,2026-06-11T20:53:45.915617,11.021400690078735,10
673,interaction_confounding,random_forest,1000,50,smoke,2026-06-11T20:53:45.997740,2026-06-11T20:54:00.865217,14.86747670173645,10
674,interaction_confounding,gradient_boosting,1000,50,smoke,2026-06-11T20:53:48.894915,2026-06-11T20:54:09.509036,20.614120960235596,10
675,step_confounding,ols,1000,50,smoke,2026-06-11T20:54:00.920817,2026-06-11T20:54:01.190780,0.26996326446533203,10
676,step_confounding,lasso,1000,50,smoke,2026-06-11T20:54:01.192782,2026-06-11T20:54:04.509896,3.3171145915985107,10
677,step_confounding,elastic_net,1000,50,smoke,2026-06-11T20:54:04.548942,2026-06-11T20:54:13.661403,9.112461566925049,10
678,step_confounding,random_forest,1000,50,smoke,2026-06-11T20:54:05.450374,2026-06-11T20:54:18.807373,13.356999158859253,10
679,step_confounding,gradient_boosting,1000,50,smoke,2026-06-11T20:54:09.557929,2026-06-11T20:54:27.656571,18.098641633987427,10
680,linear_confounding,ols,1000,50,smoke,2026-06-11T20:54:13.709824,2026-06-11T20:54:14.201414,0.4915893077850342,10
681,linear_confounding,lasso,1000,50,smoke,2026-06-11T20:54:14.202414,2026-06-11T20:54:21.829153,7.626739263534546,10
682,linear_confounding,elastic_net,1000,50,smoke,2026-06-11T20:54:18.897044,2026-06-11T20:54:42.498403,23.60135841369629,10
683,linear_confounding,random_forest,1000,50,smoke,2026-06-11T20:54:21.868689,2026-06-11T20:54:59.462071,37.593382358551025,10
684,linear_confounding,gradient_boosting,1000,50,smoke,2026-06-11T20:54:27.717701,2026-06-11T20:55:53.539033,85.82133150100708,10
685,quadratic_confounding,ols,1000,50,smoke,2026-06-11T20:54:42.553324,2026-06-11T20:54:43.137984,0.5846602916717529,10
686,quadratic_confounding,lasso,1000,50,smoke,2026-06-11T20:54:43.138985,2026-06-11T20:54:53.558790,10.41980504989624,10
687,quadratic_confounding,elastic_net,1000,50,smoke,2026-06-11T20:54:53.630897,2026-06-11T20:55:23.879991,30.249093532562256,10
688,quadratic_confounding,random_forest,1000,50,smoke,2026-06-11T20:54:59.509733,2026-06-11T20:55:39.093726,39.583993434906006,10
689,quadratic_confounding,gradient_boosting,1000,50,smoke,2026-06-11T20:55:23.947420,2026-06-11T20:56:51.857199,87.90977883338928,10
690,interaction_confounding,ols,1000,50,smoke,2026-06-11T20:55:39.130294,2026-06-11T20:55:39.641048,0.510753870010376,10
691,interaction_confounding,lasso,1000,50,smoke,2026-06-11T20:55:39.642047,2026-06-11T20:55:48.940646,9.29859972000122,10
692,interaction_confounding,elastic_net,1000,50,smoke,2026-06-11T20:55:49.017321,2026-06-11T20:56:17.567795,28.55047345161438,10
693,interaction_confounding,random_forest,1000,50,smoke,2026-06-11T20:55:53.617637,2026-06-11T20:56:32.110951,38.49331307411194,10
694,interaction_confounding,gradient_boosting,1000,50,smoke,2026-06-11T20:56:17.615006,2026-06-11T20:57:45.171728,87.55672216415405,10
695,step_confounding,ols,1000,50,smoke,2026-06-11T20:56:32.153626,2026-06-11T20:56:32.735764,0.5821382999420166,10
696,step_confounding,lasso,1000,50,smoke,2026-06-11T20:56:32.736766,2026-06-11T20:56:40.998974,8.262207746505737,10
697,step_confounding,elastic_net,1000,50,smoke,2026-06-11T20:56:41.044032,2026-06-11T20:57:04.386443,23.342411279678345,10
698,step_confounding,random_forest,1000,50,smoke,2026-06-11T20:56:51.950808,2026-06-11T20:57:30.654972,38.704163551330566,10
699,step_confounding,gradient_boosting,1000,50,smoke,2026-06-11T20:57:04.429495,2026-06-11T20:58:26.706193,82.27669739723206,10
700,linear_confounding,ols,1000,50,smoke,2026-06-11T20:57:30.712554,2026-06-11T20:57:31.692446,0.9798920154571533,10
701,linear_confounding,lasso,1000,50,smoke,2026-06-11T20:57:31.694443,2026-06-11T20:57:47.830889,16.136446475982666,10
702,linear_confounding,elastic_net,1000,50,smoke,2026-06-11T20:57:45.255456,2026-06-11T20:58:35.508007,50.25255060195923,10
703,linear_confounding,random_forest,1000,50,smoke,2026-06-11T20:57:47.922527,2026-06-11T20:59:03.848364,75.92583632469177,10
704,linear_confounding,gradient_boosting,1000,50,smoke,2026-06-11T20:58:26.750277,2026-06-11T21:01:32.562805,185.81252765655518,10
705,quadratic_confounding,ols,1000,50,smoke,2026-06-11T20:58:35.570169,2026-06-11T20:58:36.721886,1.151717185974121,10
706,quadratic_confounding,lasso,1000,50,smoke,2026-06-11T20:58:36.775004,2026-06-11T20:58:56.972882,20.19787836074829,10
707,quadratic_confounding,elastic_net,1000,50,smoke,2026-06-11T20:58:57.011979,2026-06-11T20:59:57.572535,60.56055569648743,10
708,quadratic_confounding,random_forest,1000,50,smoke,2026-06-11T20:59:03.887414,2026-06-11T21:00:22.548974,78.66155958175659,10
709,quadratic_confounding,gradient_boosting,1000,50,smoke,2026-06-11T20:59:57.628187,2026-06-11T21:03:37.390565,219.76237750053406,10
710,interaction_confounding,ols,1000,50,smoke,2026-06-11T21:00:22.634104,2026-06-11T21:00:23.656479,1.0223753452301025,10
711,interaction_confounding,lasso,1000,50,smoke,2026-06-11T21:00:23.723225,2026-06-11T21:00:41.941986,18.21876072883606,10
712,interaction_confounding,elastic_net,1000,50,smoke,2026-06-11T21:00:41.980533,2026-06-11T21:01:35.093368,53.112834215164185,10
713,interaction_confounding,random_forest,1000,50,smoke,2026-06-11T21:01:32.621393,2026-06-11T21:02:53.755990,81.13459753990173,10
714,interaction_confounding,gradient_boosting,1000,50,smoke,2026-06-11T21:01:35.140786,2026-06-11T21:05:31.067631,235.9268455505371,10
715,step_confounding,ols,1000,50,smoke,2026-06-11T21:02:25.213889,2026-06-11T21:02:26.366427,1.1525375843048096,10
716,step_confounding,lasso,1000,50,smoke,2026-06-11T21:02:26.440199,2026-06-11T21:02:46.015449,19.575250148773193,10
717,step_confounding,elastic_net,1000,50,smoke,2026-06-11T21:02:46.103112,2026-06-11T21:03:41.030965,54.92785310745239,10
718,step_confounding,random_forest,1000,50,smoke,2026-06-11T21:02:53.814055,2026-06-11T21:04:16.472800,82.65874433517456,10
719,step_confounding,gradient_boosting,1000,50,smoke,2026-06-11T21:03:37.491383,2026-06-11T21:07:06.352093,208.86071038246155,10
720,linear_confounding,ols,1000,100,smoke,2026-06-11T21:03:41.110357,2026-06-11T21:03:41.630591,0.5202348232269287,10
721,linear_confounding,lasso,1000,100,smoke,2026-06-11T21:03:41.631591,2026-06-11T21:03:48.057007,6.425415754318237,10
722,linear_confounding,elastic_net,1000,100,smoke,2026-06-11T21:03:48.109639,2026-06-11T21:04:05.748351,17.63871192932129,10
723,linear_confounding,random_forest,1000,100,smoke,2026-06-11T21:04:05.806854,2026-06-11T21:04:21.958341,16.151487588882446,10
724,linear_confounding,gradient_boosting,1000,100,smoke,2026-06-11T21:04:16.550751,2026-06-11T21:04:53.232218,36.681467056274414,10
725,quadratic_confounding,ols,1000,100,smoke,2026-06-11T21:04:22.005243,2026-06-11T21:04:22.520582,0.5153396129608154,10
726,quadratic_confounding,lasso,1000,100,smoke,2026-06-11T21:04:22.522091,2026-06-11T21:04:30.054175,7.5320844650268555,10
727,quadratic_confounding,elastic_net,1000,100,smoke,2026-06-11T21:04:30.097743,2026-06-11T21:04:52.177843,22.080100774765015,10
728,quadratic_confounding,random_forest,1000,100,smoke,2026-06-11T21:04:52.269978,2026-06-11T21:05:08.931410,16.661431550979614,10
729,quadratic_confounding,gradient_boosting,1000,100,smoke,2026-06-11T21:04:53.318021,2026-06-11T21:05:34.230223,40.91220164299011,10
730,interaction_confounding,ols,1000,100,smoke,2026-06-11T21:05:08.989107,2026-06-11T21:05:09.533862,0.5447542667388916,10
731,interaction_confounding,lasso,1000,100,smoke,2026-06-11T21:05:09.534861,2026-06-11T21:05:17.190330,7.655469179153442,10
732,interaction_confounding,elastic_net,1000,100,smoke,2026-06-11T21:05:17.264554,2026-06-11T21:05:40.061505,22.796951293945312,10
733,interaction_confounding,random_forest,1000,100,smoke,2026-06-11T21:05:31.157150,2026-06-11T21:05:46.671164,15.51401400566101,10
734,interaction_confounding,gradient_boosting,1000,100,smoke,2026-06-11T21:05:34.282803,2026-06-11T21:06:12.642622,38.359819173812866,10
735,step_confounding,ols,1000,100,smoke,2026-06-11T21:05:40.127441,2026-06-11T21:05:40.617537,0.4900960922241211,10
736,step_confounding,lasso,1000,100,smoke,2026-06-11T21:05:40.618538,2026-06-11T21:05:46.165194,5.546655893325806,10
737,step_confounding,elastic_net,1000,100,smoke,2026-06-11T21:05:46.224250,2026-06-11T21:06:02.839787,16.615537405014038,10
738,step_confounding,random_forest,1000,100,smoke,2026-06-11T21:05:46.748291,2026-06-11T21:06:02.005191,15.2568998336792,10
739,step_confounding,gradient_boosting,1000,100,smoke,2026-06-11T21:06:02.051891,2026-06-11T21:06:45.684655,43.63276433944702,10
740,linear_confounding,ols,1000,100,smoke,2026-06-11T21:06:02.901907,2026-06-11T21:06:04.268054,1.3661468029022217,10
741,linear_confounding,lasso,1000,100,smoke,2026-06-11T21:06:04.362747,2026-06-11T21:06:17.680704,13.317956447601318,10
742,linear_confounding,elastic_net,1000,100,smoke,2026-06-11T21:06:12.695209,2026-06-11T21:06:53.740462,41.04525279998779,10
743,linear_confounding,random_forest,1000,100,smoke,2026-06-11T21:06:17.763842,2026-06-11T21:06:59.497794,41.733952045440674,10
744,linear_confounding,gradient_boosting,1000,100,smoke,2026-06-11T21:06:45.726741,2026-06-11T21:09:49.320628,183.5938868522644,10
745,quadratic_confounding,ols,1000,100,smoke,2026-06-11T21:06:53.830801,2026-06-11T21:06:55.432936,1.6021347045898438,10
746,quadratic_confounding,lasso,1000,100,smoke,2026-06-11T21:06:55.510093,2026-06-11T21:07:14.651586,19.14149284362793,10
747,quadratic_confounding,elastic_net,1000,100,smoke,2026-06-11T21:06:59.582914,2026-06-11T21:07:57.465425,57.88251042366028,10
748,quadratic_confounding,random_forest,1000,100,smoke,2026-06-11T21:07:06.391611,2026-06-11T21:07:48.480838,42.08922624588013,10
749,quadratic_confounding,gradient_boosting,1000,100,smoke,2026-06-11T21:07:14.697148,2026-06-11T21:10:23.709475,189.01232647895813,10
750,interaction_confounding,ols,1000,100,smoke,2026-06-11T21:07:48.559473,2026-06-11T21:07:49.929348,1.3698749542236328,10
751,interaction_confounding,lasso,1000,100,smoke,2026-06-11T21:07:49.984928,2026-06-11T21:08:06.200097,16.215169668197632,10
752,interaction_confounding,elastic_net,1000,100,smoke,2026-06-11T21:07:57.534527,2026-06-11T21:08:52.797159,55.26263213157654,10
753,interaction_confounding,random_forest,1000,100,smoke,2026-06-11T21:08:06.292771,2026-06-11T21:08:47.470898,41.17812728881836,10
754,interaction_confounding,gradient_boosting,1000,100,smoke,2026-06-11T21:08:47.540135,2026-06-11T21:11:53.000412,185.46027755737305,10
755,step_confounding,ols,1000,100,smoke,2026-06-11T21:08:52.885320,2026-06-11T21:08:54.445266,1.559946060180664,10
756,step_confounding,lasso,1000,100,smoke,2026-06-11T21:08:54.532419,2026-06-11T21:09:08.374844,13.842426061630249,10
757,step_confounding,elastic_net,1000,100,smoke,2026-06-11T21:09:08.430828,2026-06-11T21:09:47.169801,38.73897337913513,10
758,step_confounding,random_forest,1000,100,smoke,2026-06-11T21:09:47.212370,2026-06-11T21:10:31.932124,44.719754219055176,10
759,step_confounding,gradient_boosting,1000,100,smoke,2026-06-11T21:09:49.387642,2026-06-11T21:13:30.313744,220.92610144615173,10
760,linear_confounding,ols,1000,100,smoke,2026-06-11T21:10:23.771036,2026-06-11T21:10:27.080454,3.309417724609375,10
761,linear_confounding,lasso,1000,100,smoke,2026-06-11T21:10:27.136155,2026-06-11T21:10:53.983914,26.84775948524475,10
762,linear_confounding,elastic_net,1000,100,smoke,2026-06-11T21:10:32.008786,2026-06-11T21:11:54.433731,82.42494535446167,10
763,linear_confounding,random_forest,1000,100,smoke,2026-06-11T21:10:54.025993,2026-06-11T21:12:19.090424,85.0644302368164,10
764,linear_confounding,gradient_boosting,1000,100,smoke,2026-06-11T21:11:53.054665,2026-06-11T21:19:18.927249,445.8725836277008,10
765,quadratic_confounding,ols,1000,100,smoke,2026-06-11T21:11:54.484534,2026-06-11T21:11:57.857922,3.3733887672424316,10
766,quadratic_confounding,lasso,1000,100,smoke,2026-06-11T21:11:57.941611,2026-06-11T21:12:34.488355,36.546743869781494,10
767,quadratic_confounding,elastic_net,1000,100,smoke,2026-06-11T21:12:19.156227,2026-06-11T21:14:17.154634,117.9984073638916,10
768,quadratic_confounding,random_forest,1000,100,smoke,2026-06-11T21:12:34.572001,2026-06-11T21:14:02.132196,87.56019496917725,10
769,quadratic_confounding,gradient_boosting,1000,100,smoke,2026-06-11T21:13:30.382769,2026-06-11T21:20:15.521132,405.13836336135864,10
770,interaction_confounding,ols,1000,100,smoke,2026-06-11T21:14:02.172109,2026-06-11T21:14:04.641580,2.469470977783203,10
771,interaction_confounding,lasso,1000,100,smoke,2026-06-11T21:14:04.680628,2026-06-11T21:14:38.304397,33.62376880645752,10
772,interaction_confounding,elastic_net,1000,100,smoke,2026-06-11T21:14:17.200225,2026-06-11T21:16:13.479131,116.2789056301117,10
773,interaction_confounding,random_forest,1000,100,smoke,2026-06-11T21:14:38.379016,2026-06-11T21:16:04.381127,86.00211143493652,10
774,interaction_confounding,gradient_boosting,1000,100,smoke,2026-06-11T21:16:04.455768,2026-06-11T21:22:11.195706,366.7399380207062,10
775,step_confounding,ols,1000,100,smoke,2026-06-11T21:16:13.537263,2026-06-11T21:16:16.320955,2.7836923599243164,10
776,step_confounding,lasso,1000,100,smoke,2026-06-11T21:16:16.384101,2026-06-11T21:16:43.138535,26.75443410873413,10
777,step_confounding,elastic_net,1000,100,smoke,2026-06-11T21:16:43.204687,2026-06-11T21:17:59.498539,76.29385113716125,10
778,step_confounding,random_forest,1000,100,smoke,2026-06-11T21:17:59.561180,2026-06-11T21:19:27.951725,88.39054536819458,10
779,step_confounding,gradient_boosting,1000,100,smoke,2026-06-11T21:19:18.987757,2026-06-11T21:25:47.168899,388.1811423301697,10
780,linear_confounding,ols,1000,150,smoke,2026-06-11T21:19:28.015843,2026-06-11T21:19:28.991574,0.975731611251831,10
781,linear_confounding,lasso,1000,150,smoke,2026-06-11T21:19:28.993574,2026-06-11T21:19:39.886306,10.8927321434021,10
782,linear_confounding,elastic_net,1000,150,smoke,2026-06-11T21:19:39.968453,2026-06-11T21:20:12.291033,32.3225793838501,10
783,linear_confounding,random_forest,1000,150,smoke,2026-06-11T21:20:12.359077,2026-06-11T21:20:30.342855,17.98377823829651,10
784,linear_confounding,gradient_boosting,1000,150,smoke,2026-06-11T21:20:15.598912,2026-06-11T21:21:14.478612,58.87969970703125,10
785,quadratic_confounding,ols,1000,150,smoke,2026-06-11T21:20:30.405969,2026-06-11T21:20:31.365814,0.9598450660705566,10
786,quadratic_confounding,lasso,1000,150,smoke,2026-06-11T21:20:31.366816,2026-06-11T21:20:46.630924,15.264108419418335,10
787,quadratic_confounding,elastic_net,1000,150,smoke,2026-06-11T21:20:46.673991,2026-06-11T21:21:33.362035,46.68804383277893,10
788,quadratic_confounding,random_forest,1000,150,smoke,2026-06-11T21:21:14.533204,2026-06-11T21:21:31.453752,16.920547246932983,10
789,quadratic_confounding,gradient_boosting,1000,150,smoke,2026-06-11T21:21:31.518030,2026-06-11T21:22:28.895378,57.37734794616699,10
790,interaction_confounding,ols,1000,150,smoke,2026-06-11T21:21:33.427688,2026-06-11T21:21:34.377449,0.9497613906860352,10
791,interaction_confounding,lasso,1000,150,smoke,2026-06-11T21:21:34.379450,2026-06-11T21:21:49.733909,15.354458570480347,10
792,interaction_confounding,elastic_net,1000,150,smoke,2026-06-11T21:21:49.824615,2026-06-11T21:22:35.144537,45.31992244720459,10
793,interaction_confounding,random_forest,1000,150,smoke,2026-06-11T21:22:11.257779,2026-06-11T21:22:28.257718,16.99993872642517,10
794,interaction_confounding,gradient_boosting,1000,150,smoke,2026-06-11T21:22:28.312311,2026-06-11T21:23:20.845815,52.53350329399109,10
795,step_confounding,ols,1000,150,smoke,2026-06-11T21:22:28.988026,2026-06-11T21:22:29.921396,0.9333696365356445,10
796,step_confounding,lasso,1000,150,smoke,2026-06-11T21:22:29.923399,2026-06-11T21:22:39.144061,9.220662832260132,10
797,step_confounding,elastic_net,1000,150,smoke,2026-06-11T21:22:35.192124,2026-06-11T21:23:05.618157,30.42603325843811,10
798,step_confounding,random_forest,1000,150,smoke,2026-06-11T21:22:39.184119,2026-06-11T21:22:56.061864,16.877745151519775,10
799,step_confounding,gradient_boosting,1000,150,smoke,2026-06-11T21:22:56.103933,2026-06-11T21:24:04.795559,68.6916253566742,10
800,linear_confounding,ols,1000,150,smoke,2026-06-11T21:23:05.706357,2026-06-11T21:23:08.432440,2.7260828018188477,10
801,linear_confounding,lasso,1000,150,smoke,2026-06-11T21:23:08.485602,2026-06-11T21:23:32.664820,24.17921781539917,10
802,linear_confounding,elastic_net,1000,150,smoke,2026-06-11T21:23:20.907953,2026-06-11T21:24:35.152628,74.24467468261719,10
803,linear_confounding,random_forest,1000,150,smoke,2026-06-11T21:23:32.750964,2026-06-11T21:24:16.211786,43.460822343826294,10
804,linear_confounding,gradient_boosting,1000,150,smoke,2026-06-11T21:24:04.838638,2026-06-11T21:28:57.346536,292.5078983306885,10
805,quadratic_confounding,ols,1000,150,smoke,2026-06-11T21:24:16.296943,2026-06-11T21:24:18.797181,2.500237226486206,10
806,quadratic_confounding,lasso,1000,150,smoke,2026-06-11T21:24:18.856953,2026-06-11T21:24:49.128751,30.271798610687256,10
807,quadratic_confounding,elastic_net,1000,150,smoke,2026-06-11T21:24:35.243284,2026-06-11T21:26:20.008816,104.76553177833557,10
808,quadratic_confounding,random_forest,1000,150,smoke,2026-06-11T21:24:49.172330,2026-06-11T21:25:34.999054,45.82672429084778,10
809,quadratic_confounding,gradient_boosting,1000,150,smoke,2026-06-11T21:25:35.068690,2026-06-11T21:30:12.575712,277.5070221424103,10
810,interaction_confounding,ols,1000,150,smoke,2026-06-11T21:25:47.240418,2026-06-11T21:25:50.008024,2.767606735229492,10
811,interaction_confounding,lasso,1000,150,smoke,2026-06-11T21:25:50.061026,2026-06-11T21:26:21.887918,31.82689118385315,10
812,interaction_confounding,elastic_net,1000,150,smoke,2026-06-11T21:26:20.047371,2026-06-11T21:28:20.420160,120.37278962135315,10
813,interaction_confounding,random_forest,1000,150,smoke,2026-06-11T21:26:21.954030,2026-06-11T21:27:06.199856,44.24582624435425,10
814,interaction_confounding,gradient_boosting,1000,150,smoke,2026-06-11T21:27:06.270033,2026-06-11T21:31:47.020338,280.7503056526184,10
815,step_confounding,ols,1000,150,smoke,2026-06-11T21:28:20.472765,2026-06-11T21:28:23.317437,2.844672203063965,10
816,step_confounding,lasso,1000,150,smoke,2026-06-11T21:28:23.369023,2026-06-11T21:28:53.813546,30.444522857666016,10
817,step_confounding,elastic_net,1000,150,smoke,2026-06-11T21:28:53.865140,2026-06-11T21:30:11.508652,77.64351224899292,10
818,step_confounding,random_forest,1000,150,smoke,2026-06-11T21:28:57.404060,2026-06-11T21:29:41.590583,44.1865234375,10
819,step_confounding,gradient_boosting,1000,150,smoke,2026-06-11T21:29:41.642201,2026-06-11T21:33:29.044385,227.402184009552,10
820,linear_confounding,ols,1000,150,smoke,2026-06-11T21:30:11.556740,2026-06-11T21:30:16.858408,5.301667928695679,10
821,linear_confounding,lasso,1000,150,smoke,2026-06-11T21:30:12.625232,2026-06-11T21:31:00.571892,47.94666028022766,10
822,linear_confounding,elastic_net,1000,150,smoke,2026-06-11T21:30:16.907596,2026-06-11T21:32:53.683629,156.77603316307068,10
823,linear_confounding,random_forest,1000,150,smoke,2026-06-11T21:31:00.613026,2026-06-11T21:32:29.622924,89.00989842414856,10
824,linear_confounding,gradient_boosting,1000,150,smoke,2026-06-11T21:31:47.083713,2026-06-11T21:41:18.484631,571.4009175300598,10
825,quadratic_confounding,ols,1000,150,smoke,2026-06-11T21:32:29.667136,2026-06-11T21:32:34.322669,4.655532598495483,10
826,quadratic_confounding,lasso,1000,150,smoke,2026-06-11T21:32:34.366740,2026-06-11T21:33:43.630459,69.26371908187866,10
827,quadratic_confounding,elastic_net,1000,150,smoke,2026-06-11T21:32:53.723693,2026-06-11T21:36:23.247134,209.5234408378601,10
828,quadratic_confounding,random_forest,1000,150,smoke,2026-06-11T21:33:29.094901,2026-06-11T21:35:04.487766,95.39286398887634,10
829,quadratic_confounding,gradient_boosting,1000,150,smoke,2026-06-11T21:33:43.739355,2026-06-11T21:43:08.659083,564.9197287559509,10
830,interaction_confounding,ols,1000,150,smoke,2026-06-11T21:35:04.530855,2026-06-11T21:35:09.303040,4.7721848487854,10
831,interaction_confounding,lasso,1000,150,smoke,2026-06-11T21:35:09.349129,2026-06-11T21:36:12.240528,62.891398906707764,10
832,interaction_confounding,elastic_net,1000,150,smoke,2026-06-11T21:36:12.292134,2026-06-11T21:39:40.103349,207.81121563911438,10
833,interaction_confounding,random_forest,1000,150,smoke,2026-06-11T21:36:23.301709,2026-06-11T21:37:55.181355,91.87964606285095,10
834,interaction_confounding,gradient_boosting,1000,150,smoke,2026-06-11T21:37:55.221927,2026-06-11T21:46:09.913308,494.6913809776306,10
835,step_confounding,ols,1000,150,smoke,2026-06-11T21:39:40.150450,2026-06-11T21:39:45.589040,5.438589811325073,10
836,step_confounding,lasso,1000,150,smoke,2026-06-11T21:39:45.632665,2026-06-11T21:40:35.126171,49.49350619316101,10
837,step_confounding,elastic_net,1000,150,smoke,2026-06-11T21:40:35.190312,2026-06-11T21:43:03.617004,148.42669200897217,10
838,step_confounding,random_forest,1000,150,smoke,2026-06-11T21:41:18.540158,2026-06-11T21:42:46.551405,88.01124668121338,10
839,step_confounding,gradient_boosting,1000,150,smoke,2026-06-11T21:42:46.593481,2026-06-11T21:49:21.122803,394.5293221473694,10
840,linear_confounding,ols,1000,300,smoke,2026-06-11T21:43:03.668580,2026-06-11T21:43:06.789582,3.121002197265625,10
841,linear_confounding,lasso,1000,300,smoke,2026-06-11T21:43:06.848170,2026-06-11T21:44:05.097690,58.24951958656311,10
842,linear_confounding,elastic_net,1000,300,smoke,2026-06-11T21:43:08.718621,2026-06-11T21:45:50.464443,161.7458221912384,10
843,linear_confounding,random_forest,1000,300,smoke,2026-06-11T21:44:05.143286,2026-06-11T21:44:22.957998,17.814712285995483,10
844,linear_confounding,gradient_boosting,1000,300,smoke,2026-06-11T21:44:23.013145,2026-06-11T21:46:36.003501,132.9903564453125,10
845,quadratic_confounding,ols,1000,300,smoke,2026-06-11T21:45:50.512535,2026-06-11T21:45:53.776065,3.2635300159454346,10
846,quadratic_confounding,lasso,1000,300,smoke,2026-06-11T21:45:53.823150,2026-06-11T21:48:10.047595,136.22444534301758,10
847,quadratic_confounding,elastic_net,1000,300,smoke,2026-06-11T21:46:09.965257,2026-06-11T21:51:58.632533,348.6672761440277,10
848,quadratic_confounding,random_forest,1000,300,smoke,2026-06-11T21:46:36.048089,2026-06-11T21:46:52.799554,16.751465797424316,10
849,quadratic_confounding,gradient_boosting,1000,300,smoke,2026-06-11T21:46:52.839639,2026-06-11T21:48:57.563922,124.72428297996521,10
850,interaction_confounding,ols,1000,300,smoke,2026-06-11T21:48:10.092624,2026-06-11T21:48:13.034861,2.9422366619110107,10
851,interaction_confounding,lasso,1000,300,smoke,2026-06-11T21:48:13.079922,2026-06-11T21:50:28.511013,135.4310908317566,10
852,interaction_confounding,elastic_net,1000,300,smoke,2026-06-11T21:48:57.602478,2026-06-11T21:54:39.564124,341.9616460800171,10
853,interaction_confounding,random_forest,1000,300,smoke,2026-06-11T21:49:21.159320,2026-06-11T21:49:37.037495,15.878175258636475,10
854,interaction_confounding,gradient_boosting,1000,300,smoke,2026-06-11T21:49:37.073547,2026-06-11T21:51:48.515747,131.4422001838684,10
855,step_confounding,ols,1000,300,smoke,2026-06-11T21:50:28.564608,2026-06-11T21:50:32.283175,3.718566656112671,10
856,step_confounding,lasso,1000,300,smoke,2026-06-11T21:50:32.336283,2026-06-11T21:51:13.981896,41.645612478256226,10
857,step_confounding,elastic_net,1000,300,smoke,2026-06-11T21:51:14.029946,2026-06-11T21:53:01.645022,107.6150758266449,10
858,step_confounding,random_forest,1000,300,smoke,2026-06-11T21:51:48.568396,2026-06-11T21:52:07.189241,18.620845079421997,10
859,step_confounding,gradient_boosting,1000,300,smoke,2026-06-11T21:51:58.706764,2026-06-11T21:54:21.337240,142.63047623634338,10
860,linear_confounding,ols,1000,300,smoke,2026-06-11T21:52:07.287904,2026-06-11T21:52:17.232713,9.944808721542358,10
861,linear_confounding,lasso,1000,300,smoke,2026-06-11T21:52:17.279262,2026-06-11T21:53:26.875481,69.59621977806091,10
862,linear_confounding,elastic_net,1000,300,smoke,2026-06-11T21:53:01.704564,2026-06-11T21:56:23.282768,201.57820415496826,10
863,linear_confounding,random_forest,1000,300,smoke,2026-06-11T21:53:26.918547,2026-06-11T21:54:17.868991,50.950443506240845,10
864,linear_confounding,gradient_boosting,1000,300,smoke,2026-06-11T21:54:17.961619,2026-06-11T22:03:20.194929,542.2333097457886,10
865,quadratic_confounding,ols,1000,300,smoke,2026-06-11T21:54:21.384302,2026-06-11T21:54:30.791985,9.4076828956604,10
866,quadratic_confounding,lasso,1000,300,smoke,2026-06-11T21:54:30.835055,2026-06-11T21:56:24.321839,113.48678350448608,10
867,quadratic_confounding,elastic_net,1000,300,smoke,2026-06-11T21:54:39.637655,2026-06-11T22:00:11.786220,332.14856457710266,10
868,quadratic_confounding,random_forest,1000,300,smoke,2026-06-11T21:56:23.356289,2026-06-11T21:57:22.304046,58.94775700569153,10
869,quadratic_confounding,gradient_boosting,1000,300,smoke,2026-06-11T21:56:24.388977,2026-06-11T22:06:23.445268,599.0562903881073,10
870,interaction_confounding,ols,1000,300,smoke,2026-06-11T21:57:22.368182,2026-06-11T21:57:32.005510,9.637327909469604,10
871,interaction_confounding,lasso,1000,300,smoke,2026-06-11T21:57:32.046572,2026-06-11T21:59:25.848779,113.80220699310303,10
872,interaction_confounding,elastic_net,1000,300,smoke,2026-06-11T21:59:25.904372,2026-06-11T22:05:22.124654,356.2202823162079,10
873,interaction_confounding,random_forest,1000,300,smoke,2026-06-11T22:00:11.836830,2026-06-11T22:01:08.182801,56.34597110748291,10
874,interaction_confounding,gradient_boosting,1000,300,smoke,2026-06-11T22:01:08.227897,2026-06-11T22:11:18.219753,609.9918558597565,10
875,step_confounding,ols,1000,300,smoke,2026-06-11T22:03:20.268966,2026-06-11T22:03:30.174433,9.90546727180481,10
876,step_confounding,lasso,1000,300,smoke,2026-06-11T22:03:30.224032,2026-06-11T22:04:37.234133,67.01010131835938,10
877,step_confounding,elastic_net,1000,300,smoke,2026-06-11T22:04:37.290656,2026-06-11T22:07:53.103688,195.8130316734314,10
878,step_confounding,random_forest,1000,300,smoke,2026-06-11T22:05:22.186280,2026-06-11T22:06:14.880186,52.69390630722046,10
879,step_confounding,gradient_boosting,1000,300,smoke,2026-06-11T22:06:14.927258,2026-06-11T22:15:57.286659,582.3594007492065,10
880,linear_confounding,ols,1000,300,smoke,2026-06-11T22:06:23.514311,2026-06-11T22:06:42.756768,19.2424578666687,10
881,linear_confounding,lasso,1000,300,smoke,2026-06-11T22:06:42.823745,2026-06-11T22:09:06.644548,143.82080268859863,10
882,linear_confounding,elastic_net,1000,300,smoke,2026-06-11T22:07:53.162817,2026-06-11T22:14:17.917159,384.754341840744,10
883,linear_confounding,random_forest,1000,300,smoke,2026-06-11T22:09:06.707660,2026-06-11T22:10:59.666900,112.95924043655396,10
884,linear_confounding,gradient_boosting,1000,300,smoke,2026-06-11T22:10:59.731388,2026-06-11T22:31:29.067421,1229.336032629013,10
885,quadratic_confounding,ols,1000,300,smoke,2026-06-11T22:11:18.283279,2026-06-11T22:11:38.347527,20.064247608184814,10
886,quadratic_confounding,lasso,1000,300,smoke,2026-06-11T22:11:38.393145,2026-06-11T22:15:09.958575,211.5654296875,10
887,quadratic_confounding,elastic_net,1000,300,smoke,2026-06-11T22:14:17.984309,2026-06-11T22:24:33.786836,615.8025269508362,10
888,quadratic_confounding,random_forest,1000,300,smoke,2026-06-11T22:15:10.024697,2026-06-11T22:17:14.986232,124.96153569221497,10
889,quadratic_confounding,gradient_boosting,1000,300,smoke,2026-06-11T22:15:57.461688,2026-06-11T22:37:44.414721,1306.9530329704285,10
890,interaction_confounding,ols,1000,300,smoke,2026-06-11T22:17:15.029817,2026-06-11T22:17:35.171624,20.141807079315186,10
891,interaction_confounding,lasso,1000,300,smoke,2026-06-11T22:17:35.231749,2026-06-11T22:21:12.741680,217.50993084907532,10
892,interaction_confounding,elastic_net,1000,300,smoke,2026-06-11T22:21:12.788757,2026-06-11T22:31:47.944166,635.1554088592529,10
893,interaction_confounding,random_forest,1000,300,smoke,2026-06-11T22:24:33.849949,2026-06-11T22:26:35.664902,121.81495404243469,10
894,interaction_confounding,gradient_boosting,1000,300,smoke,2026-06-11T22:26:35.751764,2026-06-11T22:45:29.814278,1134.062513589859,10
895,step_confounding,ols,1000,300,smoke,2026-06-11T22:31:29.136939,2026-06-11T22:31:48.162095,19.025156021118164,10
896,step_confounding,lasso,1000,300,smoke,2026-06-11T22:31:48.014817,2026-06-11T22:34:05.474358,137.45954084396362,10
897,step_confounding,elastic_net,1000,300,smoke,2026-06-11T22:31:48.227203,2026-06-11T22:37:57.801986,369.5747835636139,10
898,step_confounding,random_forest,1000,300,smoke,2026-06-11T22:34:05.531513,2026-06-11T22:35:55.830658,110.29914426803589,10
899,step_confounding,gradient_boosting,1000,300,smoke,2026-06-11T22:35:55.893773,2026-06-11T22:52:11.885677,975.9919035434723,10
