"net_tfa","e401","age","inc","fsize","educ","pira","hown","marr","db","twoearn"
-3300,0,31,28146,5,12,0,1,1,0,0
61010,0,52,32634,5,16,0,1,0,0,0
8849,0,50,52206,3,11,1,1,1,0,1
-6013,0,28,45252,4,15,0,0,1,0,1
-2375,0,42,33126,3,12,0,1,0,1,0
-11000,0,49,76860,6,15,0,1,1,1,1
-16901,0,40,57477,4,17,0,1,1,1,1
1000,0,58,14637,1,14,0,0,0,0,0
0,0,29,6573,4,12,0,0,0,0,0
6400,0,50,5766,1,14,1,0,0,0,0
24900,0,45,43239,1,12,1,1,0,1,0
-675,0,25,40323,3,12,0,0,1,0,1
-400,0,30,30000,2,14,0,0,1,0,0
-83,0,27,9612,1,17,0,0,0,0,0
35400,0,42,85086,4,12,1,1,1,0,1
-100,0,35,32208,2,13,0,0,1,0,1
62300,0,35,63525,1,18,1,0,0,0,0
-3888,0,41,31896,5,12,0,0,1,0,0
20,0,53,9744,1,12,0,0,1,0,0
3098,0,62,74589,3,16,0,1,1,1,0
205,0,45,38148,1,11,0,0,0,0,0
2863,0,56,16290,1,12,0,0,0,0,0
0,0,31,11340,1,12,0,0,0,0,0
-2171,0,31,26175,5,13,0,0,1,0,1
360413,0,63,71535,2,18,1,1,1,0,0
499,0,56,21678,1,13,0,1,0,1,0
-1300,0,52,27360,4,13,0,1,1,0,0
-1700,0,58,29724,3,12,0,1,1,1,1
53698,0,42,42084,1,16,0,1,0,1,0
26000,0,35,71340,2,14,1,1,1,0,1
1000,0,61,35100,5,12,0,0,0,0,0
-2580,0,62,15051,2,10,0,1,1,0,0
-2430,0,48,14328,3,12,0,1,1,0,1
8215,0,28,68214,3,14,1,1,1,0,0
18700,0,51,30030,3,12,1,1,0,1,0
-2600,0,45,9315,2,14,0,1,0,0,0
-1393,0,28,45351,2,12,0,0,1,0,1
-800,0,39,22095,1,16,0,0,0,0,0
8399,0,42,47934,4,17,1,1,1,1,1
-11760,0,43,27168,6,7,0,1,1,0,0
-470,0,31,38151,2,12,0,1,0,0,0
3880,0,28,41610,4,14,0,1,1,1,1
-4220,0,39,31848,4,15,0,1,1,1,1
3000,0,60,37794,2,13,1,0,1,0,1
19947,0,58,38949,2,12,1,1,1,0,0
5249,0,30,31098,1,16,0,0,0,0,0
-8501,0,32,53700,4,16,0,0,1,0,1
-2431,0,31,37317,2,16,0,1,0,0,0
-1550,0,31,23748,1,16,0,0,0,1,0
-750,0,31,31470,2,13,1,1,1,0,1
34450,0,31,42750,2,12,0,1,1,0,1
699,0,40,32976,1,18,0,0,0,1,0
-8700,0,31,40473,4,12,0,1,1,0,1
0,0,45,4590,1,12,0,0,0,0,0
-1855,0,34,16122,3,13,0,1,1,0,1
3000,0,63,34764,2,10,0,0,1,0,1
0,0,55,25200,1,16,0,0,0,0,0
57000,0,29,58878,3,1,0,1,1,0,0
-5900,0,53,14496,2,15,0,1,0,0,0
0,0,46,17280,6,12,0,0,0,0,0
21199,0,39,50283,4,16,0,1,1,1,1
7999,0,37,51060,1,15,1,1,0,0,0
-24800,0,56,31548,6,14,0,1,1,0,1
32568,0,49,12675,3,12,0,1,0,1,0
199,0,41,25542,4,8,0,0,0,1,0
35883,0,39,56913,3,16,1,1,1,0,1
-8301,0,39,28836,2,18,0,0,0,0,0
36950,0,37,14400,2,16,0,1,0,0,0
2258,0,32,13866,2,12,0,0,0,0,0
50,0,26,16215,3,13,0,1,1,0,0
100000,0,64,43002,2,14,1,1,1,0,0
-1700,0,35,42393,4,12,0,0,1,0,0
-8900,0,37,50280,4,13,0,1,1,0,1
635,0,25,21630,1,16,1,0,0,0,0
-1796,0,44,51552,4,12,0,1,1,1,1
0,0,27,8286,1,12,0,0,0,0,0
4199,0,44,15870,2,12,0,0,0,0,0
0,0,32,22440,3,12,0,1,1,0,1
-165,0,37,20421,1,13,0,0,0,0,0
-400,0,48,27156,2,12,0,1,0,0,0
65805,0,38,52035,4,15,1,1,1,1,1
0,0,31,23223,4,12,0,0,1,0,0
-21498,0,45,34002,3,12,1,0,1,0,0
4999,0,41,60600,5,12,0,1,1,1,1
87897,0,59,79545,2,18,1,1,1,0,0
0,0,27,18156,4,12,0,0,1,0,1
-450,0,53,21600,1,12,0,0,0,0,0
63022,0,37,41994,4,12,1,1,1,0,1
7300,0,31,50346,4,12,0,1,1,0,1
-3800,0,51,19815,1,15,0,0,0,1,0
-1480,0,33,12501,2,12,0,0,0,1,0
199,0,35,33012,3,14,0,0,0,0,0
626,0,28,38400,2,12,0,1,1,0,1
450,0,36,26472,3,10,0,1,1,0,1
-46700,0,32,44460,4,14,0,0,1,1,1
750,0,25,27657,1,12,0,0,0,0,0
-43434,0,60,40917,3,13,0,0,1,0,0
8400,0,35,47040,4,18,0,0,1,0,1
10299,0,44,22956,2,6,0,0,0,0,0
17600,0,60,23109,2,13,1,1,1,0,0
11100,0,34,28380,4,12,0,1,1,0,1
-296,0,27,32154,3,13,0,0,1,0,1
25204,0,62,33096,2,9,1,1,1,0,0
50,0,34,17883,5,6,0,0,1,0,1
1200,0,30,22362,1,13,0,0,0,0,0
900,0,36,42114,6,15,0,0,1,0,1
74000,0,52,97299,4,16,1,1,1,1,1
31649,0,40,36060,1,13,1,1,1,0,0
8300,0,40,40194,3,12,1,0,1,1,1
4620,0,53,88422,5,17,1,1,1,0,1
3000,0,46,7938,2,12,0,0,0,1,0
-248,0,41,14580,3,12,0,0,0,0,0
5100,0,30,29616,3,16,1,0,1,0,1
5500,0,33,38850,5,12,0,1,1,0,0
100,0,41,45624,4,13,0,1,1,0,0
0,0,45,5277,3,7,0,0,0,0,0
-113,0,36,21369,2,12,0,1,0,0,0
2650,0,58,15420,2,12,0,0,1,0,0
0,0,25,8925,3,1,0,0,0,0,0
-100,0,31,20475,1,17,0,0,1,0,0
1024,0,26,42738,3,15,0,1,1,0,1
0,0,30,18753,1,12,0,0,0,0,0
0,0,28,14280,1,6,0,0,0,0,0
0,0,39,4872,2,18,0,1,0,0,0
-315,0,31,11364,4,12,0,0,1,0,0
-2450,0,27,48900,3,12,0,0,1,0,1
0,0,36,11400,2,11,0,0,0,0,0
-11800,0,46,33375,3,12,0,1,1,0,1
11422,0,57,11820,2,12,0,1,0,1,0
-2140,0,29,22440,3,12,0,0,1,0,0
0,0,53,7440,1,12,0,0,0,0,0
300,0,29,19215,1,12,0,0,0,0,0
5000,0,41,54852,5,12,0,1,1,1,1
-8676,0,40,37062,6,18,0,1,1,1,1
6000,0,25,15660,1,14,0,0,0,0,0
2000,0,48,73650,4,17,0,1,1,1,1
11999,0,30,48111,3,14,0,1,1,0,0
-1550,0,41,22617,4,12,0,1,1,0,1
-9050,0,26,11100,1,18,0,0,0,0,0
42600,0,42,79650,3,12,1,1,1,0,1
-200,0,42,6297,2,13,0,1,0,0,0
950,0,54,20172,2,17,0,1,1,0,0
-980,0,56,29529,4,12,0,0,1,0,0
2400,0,61,4146,1,12,0,0,0,0,0
-4700,0,33,21972,2,12,0,0,0,1,0
0,0,42,13440,4,14,0,0,0,0,0
-2800,0,62,16029,5,8,0,1,1,0,0
-4475,0,29,43173,4,16,0,1,1,0,0
0,0,28,11376,1,13,0,0,0,0,0
0,0,33,30600,6,9,0,0,1,0,0
7559,0,35,27603,4,12,0,1,1,0,0
-800,0,42,9120,5,10,0,1,0,0,0
-1100,0,61,17460,3,8,0,0,1,0,1
-6590,0,44,9474,5,12,0,1,1,0,0
-3475,0,37,33366,2,14,0,0,0,0,0
2825,0,30,4860,1,15,0,0,0,0,0
11500,0,43,55281,4,13,0,1,1,0,1
-1501,0,35,43134,4,13,0,1,1,0,1
-7131,0,38,23850,4,9,0,1,1,0,1
51299,0,46,52440,3,13,1,0,1,0,1
99350,0,62,26880,3,12,0,1,1,0,0
-950,0,37,30405,4,12,0,1,0,1,0
33569,0,44,32205,5,16,1,1,1,0,1
400,0,30,21036,3,12,0,1,1,0,0
0,0,27,12930,1,16,0,0,0,1,0
4799,0,38,43020,5,12,0,1,1,0,1
0,0,38,8160,4,6,0,1,1,0,0
5,0,33,19200,1,13,0,0,0,1,0
-3386,0,29,16902,7,1,0,0,1,0,0
13176,0,33,52476,1,16,0,1,0,1,0
0,0,25,27120,4,12,0,1,1,0,0
-150,0,36,12636,7,16,0,1,1,0,0
3000,0,58,13440,3,12,0,0,0,0,0
30814,0,35,57828,2,12,0,1,1,0,1
0,0,27,12954,5,12,0,1,1,0,0
250,0,57,39312,1,16,0,1,0,0,0
0,0,45,2400,3,12,0,0,1,0,0
-600,0,27,64980,1,13,0,0,0,1,0
-50,0,60,17544,2,12,0,1,0,0,0
100,0,46,14040,3,12,0,0,1,0,0
20,0,30,19980,5,9,0,1,1,0,1
-2100,0,25,24120,1,12,0,0,0,0,0
8000,0,28,24051,4,12,0,0,1,0,0
11700,0,40,52350,2,12,1,1,1,0,1
800,0,35,21012,1,12,0,0,0,0,0
1000,0,40,56994,3,12,0,1,1,0,1
0,0,30,26394,1,12,0,0,0,0,0
0,0,30,11220,3,3,0,0,0,0,0
-1310,0,46,29232,1,14,0,0,0,1,0
-250,0,56,29700,3,12,0,1,1,0,0
11946,0,45,68457,5,16,1,1,1,0,1
-4300,0,36,10944,4,13,0,0,1,0,1
31699,0,28,39336,3,16,0,1,1,0,0
11000,0,61,28050,2,16,1,1,1,0,0
400,0,60,23244,1,12,0,1,0,0,0
15645,0,29,31548,6,15,0,1,1,0,0
-9716,0,33,24840,7,12,0,0,1,0,1
3078,0,47,66021,4,14,0,0,1,1,1
17496,0,58,51981,5,15,0,1,1,0,0
149,0,32,19659,5,11,0,1,1,0,0
215121,0,61,45444,2,13,1,1,1,0,0
300,0,64,9642,1,10,0,0,0,0,0
3550,0,57,34410,3,15,0,1,1,0,1
-1900,0,29,26784,5,13,0,1,1,0,1
11661,0,40,24261,4,12,1,1,1,0,1
-21450,0,41,26901,2,15,0,0,0,0,0
8750,0,43,32106,2,12,1,1,0,0,0
30902,0,44,46815,3,17,1,1,0,1,0
2750,0,32,43560,4,13,0,1,1,0,0
7299,0,42,47265,1,18,0,0,0,1,0
5600,0,26,58260,3,12,0,1,1,0,1
9950,0,33,22560,1,18,0,0,0,0,0
2250,0,26,40608,2,12,1,1,1,0,1
26600,0,38,80550,2,18,1,1,1,0,1
-4960,0,27,17004,3,13,0,0,0,0,0
4000,0,25,34170,1,16,0,0,0,0,0
600,0,56,24819,3,12,0,1,1,0,0
-300,0,55,10800,3,12,0,1,0,0,0
0,0,29,26514,2,15,0,0,1,1,0
900,0,44,15198,3,6,0,1,0,0,0
9645,0,33,22050,2,14,0,0,0,0,0
-400,0,63,11877,3,12,0,0,0,0,0
499,0,40,18030,3,12,0,0,0,0,0
30,0,56,7920,1,12,0,1,0,0,0
-500,0,50,19302,6,12,0,1,1,1,1
900,0,52,35409,2,6,1,1,1,0,1
5010,0,50,32940,3,12,0,0,1,1,0
3500,0,40,21315,2,13,1,1,0,0,0
48800,0,26,86820,1,18,1,0,0,0,0
-3000,0,26,3450,1,8,0,0,1,0,0
20949,0,26,27975,3,12,0,1,1,0,0
-2000,0,40,3696,3,12,0,1,0,0,0
9800,0,28,56082,2,17,0,0,1,0,1
2030,0,47,18069,3,12,0,1,0,1,0
0,0,37,22950,7,7,0,0,1,0,1
20283,0,63,27540,2,12,0,1,1,0,0
-1400,0,31,17604,1,12,0,0,0,0,0
-1700,0,29,39051,1,16,0,0,0,0,0
2758,0,34,96174,5,16,0,0,1,0,1
2499,0,28,47070,2,12,0,1,1,0,1
41,0,48,37848,4,17,0,1,1,0,1
-13144,0,44,21000,7,18,0,0,0,0,0
-650,0,54,4686,3,11,0,1,0,0,0
800,0,42,24600,1,12,0,1,0,0,0
52200,0,56,22464,2,12,1,1,1,0,1
-8000,0,37,28500,3,12,0,1,0,0,0
0,0,54,10440,2,8,0,0,0,0,0
-700,0,59,13332,2,10,0,1,1,0,0
0,0,40,17136,4,7,0,0,0,0,0
48528,0,58,63360,2,13,1,1,1,0,1
10200,0,46,27978,3,16,1,1,0,1,0
-7800,0,28,43146,4,14,0,0,1,0,1
-1795,0,48,10338,3,12,0,1,1,0,0
2000,0,42,19152,2,18,0,1,0,1,0
-1200,0,27,58320,3,12,1,0,1,1,1
3325,0,43,11460,1,12,0,1,0,0,0
-400,0,26,13818,1,14,0,0,0,1,0
-2430,0,35,26640,3,12,0,1,1,0,1
13050,0,29,17079,1,14,0,0,0,0,0
-16000,0,34,57021,3,14,0,0,1,0,0
29000,0,29,12690,1,18,1,0,0,0,0
-3900,0,27,58446,2,16,0,0,1,0,1
-3001,0,35,34836,5,14,0,1,1,1,1
1400,0,63,25548,4,12,0,1,0,0,0
0,0,30,13110,3,11,0,0,0,0,0
7229,0,46,18918,2,12,1,1,1,1,0
21149,0,40,39201,1,12,1,1,0,0,0
-8000,0,39,36984,1,18,1,1,0,1,0
144749,0,61,34737,2,12,0,1,1,0,0
1200,0,32,29700,3,12,0,1,0,0,0
-10550,0,44,22248,8,6,0,1,1,0,1
6049,0,44,67602,7,16,1,1,1,1,1
-21070,0,27,33453,3,16,0,1,1,1,1
2900,0,42,69375,1,16,0,0,0,0,0
50,0,40,42633,5,16,0,1,1,0,1
40900,0,45,70755,2,17,1,1,1,0,1
0,0,25,13320,2,11,0,0,0,0,0
1000,0,34,102996,3,18,0,1,1,0,1
-11635,0,37,34803,5,11,0,1,1,0,1
0,0,30,6471,4,14,0,0,0,0,0
1250,0,37,19455,1,12,1,0,0,1,0
43411,0,61,39081,2,10,1,1,1,0,0
0,0,51,15000,1,12,0,0,0,0,0
230,0,35,24144,4,14,0,0,1,0,0
-23990,0,48,52206,7,12,0,1,1,0,1
55175,0,38,23877,2,12,1,0,1,0,0
-7100,0,43,59208,4,12,0,1,1,0,1
46500,0,33,41712,4,12,0,1,1,0,0
1370,0,49,46791,2,12,0,1,1,0,1
63648,0,40,54261,5,16,1,1,1,0,1
0,0,29,16491,5,15,0,0,1,0,0
-1875,0,27,13215,1,13,0,0,0,0,0
62550,0,37,53835,4,12,0,1,1,1,1
-3160,0,42,29298,4,15,0,1,1,1,1
0,0,25,16278,3,12,0,0,0,0,0
1046,0,27,10857,1,12,0,1,0,0,0
599,0,39,47937,4,12,0,1,1,0,1
-1551,0,52,16590,2,12,0,1,0,0,0
-3801,0,30,44424,2,12,0,0,1,0,1
49,0,25,11733,2,12,0,0,1,0,0
-2500,0,29,36885,4,12,0,1,1,0,1
75299,0,58,33510,2,12,0,1,1,0,0
2325,0,37,19440,1,12,1,1,0,1,0
29000,0,48,59256,2,17,1,0,0,0,0
7000,0,45,50328,2,14,1,1,0,0,0
55499,0,55,31014,2,16,1,1,1,1,0
-2801,0,53,40926,3,12,0,1,1,0,1
-13930,0,44,15603,2,7,0,1,1,0,0
1500,0,33,24060,1,12,0,1,0,0,0
-4900,0,48,12513,1,16,0,0,0,0,0
-1700,0,28,11688,3,12,0,0,0,0,0
16069,0,39,45762,4,17,1,1,1,0,0
22350,0,37,55560,4,13,1,1,1,0,1
7000,0,28,30879,1,16,1,1,0,0,0
-1800,0,28,27030,1,16,0,0,0,0,0
32148,0,63,87720,3,18,1,1,1,1,1
89774,0,61,29982,1,12,1,0,0,0,0
0,0,39,10350,4,12,0,0,0,0,0
749,0,35,16845,1,11,0,0,0,0,0
-5000,0,46,17100,1,13,0,1,0,0,0
500,0,29,44895,3,15,0,1,1,0,1
3446,0,47,30720,2,15,0,0,0,0,0
1770,0,27,29661,1,16,1,0,0,0,0
46447,0,48,73017,3,18,1,1,1,0,1
8649,0,36,65505,4,17,0,1,1,1,1
-1000,0,38,30540,4,11,0,1,1,0,1
0,0,37,9792,2,10,0,0,0,0,0
-13092,0,26,55311,2,18,0,0,1,1,1
0,0,25,26268,3,10,0,0,1,0,1
3720,0,60,2307,2,10,0,1,0,0,0
55023,0,64,53379,4,16,1,1,1,0,0
-22913,0,48,54504,3,12,0,0,1,0,0
2115,0,27,35205,5,11,0,0,1,0,0
0,0,28,9408,5,9,0,0,0,0,0
392,0,32,24840,3,7,0,0,1,0,1
-1935,0,56,22140,7,14,0,0,0,1,0
1499,0,46,56094,2,12,0,1,1,1,1
2325,0,30,7275,1,16,0,1,0,0,0
-33880,0,27,61125,2,16,0,0,1,0,1
7210,0,32,34452,3,13,0,1,1,0,1
0,0,39,13650,3,12,0,0,0,0,0
-4925,0,36,10185,5,12,0,0,1,0,1
24300,0,51,35847,1,12,1,1,0,1,0
0,0,49,16578,1,7,0,0,0,0,0
3000,0,35,24705,4,18,0,0,1,0,0
4325,0,25,36042,2,16,0,0,1,1,1
0,0,32,18756,2,12,0,1,0,0,0
0,0,25,3876,2,12,0,0,0,0,0
25000,0,40,70650,4,15,1,1,1,1,1
66808,0,64,28017,2,12,1,1,1,0,0
0,0,57,23280,1,12,0,0,0,1,0
9950,0,50,45015,6,12,1,1,1,1,1
99,0,54,26202,1,12,0,0,0,0,0
1500,0,36,17055,2,13,0,0,0,0,0
-7000,0,28,19770,4,12,0,1,1,1,1
-980,0,34,18573,5,13,0,0,1,0,0
300,0,43,18360,4,12,0,0,1,0,0
-501,0,45,15561,2,12,0,0,0,0,0
200,0,38,28143,4,12,0,1,1,0,1
900,0,30,33210,1,12,0,1,0,1,0
4100,0,49,13200,4,10,1,1,1,0,0
3750,0,49,25923,1,14,0,1,0,0,0
14899,0,63,41064,3,12,1,1,1,0,0
189400,0,58,39150,2,13,1,1,1,0,0
-300,0,46,2205,6,12,0,0,0,0,0
3450,0,33,43830,3,15,1,1,1,0,1
20418,0,51,17616,3,12,1,1,1,1,0
9850,0,43,27381,2,14,1,0,0,0,0
-2610,0,40,38760,5,14,0,1,1,0,1
20000,0,62,30381,2,11,0,1,1,0,0
-8651,0,55,27033,1,12,0,1,0,0,0
-84700,0,29,28149,4,13,0,0,1,0,0
-1751,0,32,41175,2,12,0,0,1,1,1
1500,0,42,24345,3,12,0,0,1,0,1
400,0,56,32376,2,12,0,1,1,0,0
249,0,31,14931,1,16,0,1,0,0,0
9998,0,49,39102,3,12,0,1,1,0,0
-7000,0,52,53955,4,12,0,1,1,0,1
37279,0,43,65820,2,14,1,1,1,1,1
-2475,0,30,22236,2,12,0,0,1,0,1
0,0,35,37548,5,12,0,1,1,0,1
4,0,47,17172,7,12,0,1,1,0,1
10029,0,30,21306,2,16,0,1,0,0,0
0,0,25,27030,1,12,0,1,0,1,0
4000,0,36,29160,6,12,0,1,1,0,0
-700,0,36,20280,5,10,0,1,1,0,1
5650,0,57,4680,1,18,0,0,0,1,0
2550,0,36,77940,4,15,0,1,1,0,1
-1400,0,28,22680,4,12,0,1,1,0,1
13828,0,62,31692,2,8,1,1,1,0,0
6600,0,44,37500,1,13,1,1,0,0,0
-7156,0,27,8826,1,13,0,1,0,0,0
21700,0,48,32325,3,12,1,1,1,1,0
-5226,0,48,11913,1,9,0,0,0,0,0
-40,0,49,15570,1,7,0,0,0,0,0
3172,0,43,29898,4,15,1,1,1,0,1
0,0,45,13428,1,15,0,0,0,0,0
7501,0,39,25770,2,17,0,0,1,0,1
27349,0,27,44640,3,16,0,1,1,0,0
-300,0,39,20760,2,12,0,1,1,0,1
-2550,0,31,12240,2,14,0,0,1,0,0
-1062,0,29,16236,3,14,0,1,0,0,0
4900,0,58,28440,2,15,0,1,1,0,0
-6400,0,26,36090,2,12,0,1,1,0,1
3450,0,50,27,3,16,0,1,1,0,0
1200,0,29,18540,3,14,0,1,1,0,1
110,0,28,41130,2,14,0,1,1,0,1
200,0,58,20490,4,12,0,1,1,0,1
-275,0,41,15642,2,12,0,1,0,1,0
0,0,52,14040,1,12,0,0,0,0,0
53699,0,55,54963,2,12,0,1,1,0,0
-1563,0,30,33219,2,12,0,0,1,0,0
27196,0,57,49509,1,18,0,1,0,0,0
-150,0,25,10161,1,15,0,0,0,0,0
5000,0,35,11628,3,17,0,1,0,0,0
22227,0,38,35247,1,12,1,0,0,1,0
225,0,41,39630,3,13,0,0,1,0,1
200,0,32,21399,1,10,0,0,0,0,0
8549,0,56,33477,4,12,1,0,1,0,0
4999,0,35,34647,1,15,0,0,0,0,0
66700,0,58,100329,3,15,0,1,1,0,1
550,0,31,20526,3,12,0,1,1,0,0
131350,0,43,73710,2,18,1,1,1,0,0
55600,0,59,47064,3,12,0,1,1,0,0
137000,0,39,54900,3,18,1,1,1,0,0
2999,0,56,16092,4,8,0,1,1,0,0
9004,0,42,28554,3,14,0,1,1,0,0
-3375,0,33,38136,4,14,0,1,1,0,1
-1200,0,40,24084,6,5,0,1,1,0,1
12726,0,38,85092,4,13,0,1,1,0,1
3399,0,36,15645,1,16,1,1,0,0,0
7200,0,46,35610,2,18,0,1,1,0,0
12000,0,25,44070,5,12,0,0,1,0,0
1000,0,36,14460,4,12,0,0,1,0,0
13239,0,62,30429,2,13,0,1,1,0,0
7347,0,44,44934,3,18,1,1,0,1,0
12400,0,31,23550,3,12,0,1,1,0,0
-1260,0,33,14280,5,10,0,1,1,0,0
36400,0,45,28875,2,12,1,1,0,1,0
-1200,0,56,37755,2,12,0,1,1,0,1
-465,0,35,8670,3,12,0,0,0,0,0
-3250,0,35,6000,2,13,0,1,1,0,0
-11400,0,28,21891,5,13,0,1,1,1,1
-3250,0,46,15144,3,10,0,1,0,0,0
-15047,0,31,7320,2,16,0,0,0,0,0
20,0,32,12243,1,12,0,0,0,0,0
182,0,32,10929,1,12,0,0,0,0,0
-7773,0,47,10590,3,12,0,1,0,0,0
50025,0,29,64560,2,16,0,0,1,1,1
1400,0,59,18936,3,8,0,1,1,1,0
88750,0,54,34035,1,16,1,1,0,1,0
-11351,0,35,16077,4,12,0,1,1,0,0
0,0,42,7470,3,4,0,0,0,0,0
0,0,51,16350,3,12,0,1,0,0,0
4600,0,32,50970,2,15,0,1,1,0,0
50,0,43,39612,2,12,0,1,1,0,1
2830,0,32,35832,4,18,0,1,1,1,1
-3440,0,28,19152,3,14,0,0,1,0,1
-1750,0,29,14892,2,14,0,1,1,0,1
-975,0,34,19362,5,12,0,1,1,0,0
2100,0,32,21306,1,14,0,1,0,0,0
1200,0,26,24348,2,13,0,1,1,1,1
23997,0,38,2661,1,18,0,0,0,0,0
0,0,41,12000,5,9,0,1,1,0,0
-3000,0,49,24882,3,11,0,1,1,1,1
-627,0,36,12750,3,10,0,0,1,0,0
5499,0,64,18090,1,9,1,0,0,1,0
13199,0,53,34191,4,12,1,1,1,0,0
122499,0,61,60150,2,18,0,1,0,0,0
8043,0,50,54981,2,12,0,1,1,0,1
-14800,0,44,15513,4,15,0,0,1,0,1
-2796,0,31,12816,7,10,0,0,1,0,0
1999,0,33,14520,1,12,0,0,0,0,0
-100,0,61,8382,2,12,0,1,1,0,0
20000,0,62,14100,3,12,0,1,1,0,0
3000,0,41,43410,4,12,0,0,1,0,1
149,0,28,15669,5,12,0,0,1,0,1
175999,0,63,61476,2,16,1,1,1,0,1
3100,0,30,30210,2,16,1,0,0,0,0
499,0,45,15780,2,10,0,1,0,1,0
-2000,0,27,8640,1,12,0,0,0,0,0
-4000,0,26,18000,1,18,0,0,0,0,0
-8400,0,31,46800,3,16,0,0,1,0,1
-4100,0,31,29025,1,13,0,0,0,0,0
-7000,0,32,59958,4,12,0,1,1,0,1
1000,0,28,25200,1,12,0,0,0,0,0
0,0,34,48900,4,12,0,1,1,0,1
-16122,0,47,23067,4,10,0,1,1,0,1
-1900,0,42,28350,5,12,0,0,1,0,1
0,0,45,50883,6,12,0,1,1,0,1
-1500,0,31,30324,4,12,0,1,1,0,0
-20,0,30,10272,1,12,0,0,0,0,0
12400,0,31,50388,2,15,0,1,1,0,1
199,0,44,22692,1,12,0,0,0,1,0
27150,0,40,42672,4,12,0,1,1,0,0
59,0,43,30333,3,14,0,1,0,0,0
-651,0,52,10968,4,9,0,1,1,0,0
-28200,0,33,6855,3,12,0,0,0,0,0
-7500,0,34,19890,1,12,0,0,0,0,0
9500,0,55,30954,2,12,1,1,1,0,1
-117200,0,39,14790,5,6,0,0,1,0,0
42800,0,53,32559,3,12,1,1,1,0,1
-3600,0,26,2025,1,16,0,0,0,0,0
-3000,0,39,48360,4,13,0,1,1,0,1
225000,0,38,71703,1,16,1,1,0,0,0
700,0,34,34800,3,10,0,0,1,0,1
400,0,64,36798,2,15,0,1,1,0,1
59498,0,46,64203,5,12,0,0,1,1,1
-5800,0,25,26610,1,16,0,0,0,0,0
200,0,41,12900,1,9,0,0,0,0,0
-220,0,56,12723,3,10,0,0,0,0,0
-12970,0,44,35034,4,14,0,1,1,0,1
800,0,45,26661,4,11,0,0,1,0,0
-11425,0,27,28809,3,14,0,0,1,0,0
-3800,0,44,34965,3,17,0,1,0,0,0
60400,0,43,103356,3,18,1,1,1,0,0
4999,0,49,41100,1,16,0,0,1,0,0
-300,0,61,17430,4,12,0,0,0,0,0
0,0,53,13770,3,3,0,1,1,0,0
0,0,52,6282,2,9,0,1,0,0,0
-1600,0,35,30804,1,16,0,0,0,0,0
100,0,36,25020,1,15,0,0,0,1,0
0,0,38,11040,4,12,0,0,0,0,0
50,0,29,16800,3,11,0,0,0,0,0
500,0,57,25008,3,3,0,0,1,0,1
0,0,26,21990,5,12,0,1,1,1,1
19940,0,33,74568,2,18,0,1,1,0,1
4175,0,36,63288,2,15,0,0,1,0,1
25450,0,55,55326,1,18,1,0,0,0,0
104500,0,42,36489,3,18,0,1,1,1,0
-27770,0,34,17022,1,18,0,0,0,0,0
99,0,43,36000,3,12,0,1,1,0,1
-200,0,28,26493,5,6,0,0,1,0,1
-8653,0,50,37437,2,13,0,1,1,1,1
4900,0,26,16860,1,14,0,1,0,0,0
8000,0,31,14880,1,16,0,0,0,0,0
-400,0,33,90306,4,17,0,1,1,1,1
0,0,44,3825,1,12,0,0,0,0,0
330,0,31,15300,3,12,0,0,1,0,0
110000,0,39,46791,4,16,1,0,1,0,0
-6200,0,38,20985,5,10,0,1,1,0,1
18499,0,52,26856,2,12,0,1,1,1,1
10500,0,38,41982,4,14,0,1,0,1,0
30050,0,46,38925,4,13,1,1,1,0,1
6750,0,36,22815,2,13,1,1,0,0,0
0,0,47,57924,4,12,0,0,1,0,0
2000,0,27,31308,1,12,0,0,0,0,0
575,0,25,17310,1,12,0,0,0,0,0
6540,0,53,49452,2,12,0,1,1,0,1
-449,0,36,8640,3,12,0,1,0,0,0
0,0,26,5280,1,12,0,1,0,0,0
0,0,31,8670,4,12,0,0,1,0,0
-1600,0,53,21816,1,10,0,0,0,1,0
2750,0,60,58830,2,16,0,1,1,1,0
-200,0,43,14070,4,4,0,1,1,0,0
-551,0,49,21648,3,12,0,1,0,0,0
1400,0,25,37257,2,18,0,1,1,0,1
-8300,0,42,17952,3,12,0,0,0,1,0
-1900,0,31,22011,7,9,0,1,1,0,0
-1000,0,48,30240,2,12,0,1,1,0,1
5021,0,54,9600,3,12,0,1,1,0,0
4035,0,53,28317,2,11,0,1,1,0,0
-6000,0,42,16338,4,12,0,0,0,0,0
0,0,32,19200,1,14,0,0,0,0,0
-4470,0,42,53205,5,6,0,1,1,0,1
1100,0,52,27465,4,16,0,1,1,1,0
0,0,46,4800,2,12,0,0,0,0,0
-1701,0,39,33300,4,12,0,1,1,0,1
40000,0,46,160200,6,14,1,1,1,0,1
-15718,0,55,39528,2,10,1,0,1,1,1
16350,0,63,25611,2,9,0,1,1,0,0
83,0,43,32316,4,10,0,0,1,1,1
10055,0,34,41757,4,12,1,1,1,0,0
-19565,0,32,13800,1,18,0,0,0,0,0
30000,0,55,8850,2,4,0,1,0,0,0
0,0,36,17280,3,12,0,0,0,0,0
0,0,33,11340,4,14,0,0,0,0,0
-460,0,46,7767,5,12,0,1,1,0,0
125199,0,56,57984,2,16,1,1,1,1,1
-500,0,51,19968,2,18,0,1,0,0,0
-7500,0,27,43518,3,12,0,0,1,0,1
0,0,58,17448,1,8,0,0,0,1,0
-1450,0,34,28869,4,13,0,1,1,0,0
59300,0,58,23706,2,12,1,1,1,0,0
0,0,43,10668,1,17,0,0,0,0,0
-3036,0,28,19701,4,6,0,1,1,0,1
-5192,0,36,15186,4,9,1,1,1,0,0
449,0,35,32022,3,14,0,0,1,0,0
1900,0,28,20730,4,14,0,0,1,0,1
1300,0,30,32430,3,14,0,1,1,0,1
12849,0,36,51165,4,14,0,1,1,0,1
4000,0,39,7143,6,8,0,0,1,0,1
6200,0,49,134490,5,18,1,1,1,1,1
50,0,44,11610,1,12,0,1,0,0,0
3199,0,46,36390,4,12,0,1,1,0,1
250,0,33,14877,1,12,0,0,0,0,0
-500,0,35,19287,3,12,0,0,0,0,0
450,0,47,33792,6,17,0,1,1,0,0
6399,0,56,25761,2,16,0,1,1,0,0
-2900,0,43,29808,3,12,0,1,1,0,0
-7545,0,27,26940,1,18,0,0,0,0,0
54247,0,52,22488,3,12,1,1,1,0,0
-2100,0,33,22764,4,11,0,1,1,0,1
-991,0,34,42429,2,13,1,1,1,1,1
2700,0,40,47355,4,14,0,1,1,0,1
-300,0,29,33600,4,14,0,0,1,0,1
5980,0,59,64956,3,18,1,1,1,0,1
11400,0,44,59664,5,14,1,1,1,0,1
-1500,0,42,47682,4,12,0,1,1,0,0
-6395,0,25,27918,1,16,0,0,0,0,0
200,0,34,53520,3,13,0,0,1,0,1
0,0,41,46080,5,16,0,1,1,0,1
-700,0,34,22800,2,12,0,0,0,0,0
47700,0,62,65028,2,12,1,1,1,0,0
13000,0,30,67125,2,16,1,0,1,0,1
-1335,0,28,31800,4,12,0,0,1,0,0
0,0,26,16983,1,12,0,0,0,1,0
5700,0,59,13974,3,7,1,1,0,0,0
3500,0,33,19236,1,17,0,0,0,1,0
750,0,46,12630,1,12,0,0,0,0,0
-5790,0,48,21066,2,14,0,1,0,0,0
-1850,0,32,17550,2,13,0,0,1,0,0
39000,0,62,58272,1,11,0,1,0,1,0
-4500,0,29,18000,1,12,0,0,0,0,0
11730,0,48,77913,2,14,0,1,1,1,1
-609,0,29,27486,6,10,1,0,1,0,0
16999,0,26,33651,1,14,0,0,0,0,0
-2051,0,32,20205,5,13,0,0,1,0,0
1700,0,41,45810,4,14,1,1,1,0,1
-10500,0,32,67422,4,12,0,0,1,0,1
120000,0,40,124932,4,17,1,1,1,0,1
-400,0,63,43902,2,9,0,1,1,0,0
4,0,31,3603,1,16,0,0,0,0,0
1900,0,53,96909,4,12,0,1,1,0,1
39966,0,56,27621,2,12,0,1,1,0,1
9000,0,45,61560,4,16,1,1,1,0,1
-2617,0,52,9000,2,12,0,1,0,1,0
9150,0,43,18900,3,12,0,0,0,0,0
14000,0,63,15558,1,12,0,0,0,0,0
55,0,26,32640,1,12,0,0,0,0,0
2350,0,48,41655,3,10,1,1,1,1,1
550,0,46,32895,1,11,0,1,0,1,0
0,0,27,10248,6,13,0,0,1,0,0
-2382,0,37,37662,11,12,0,0,1,0,1
656,0,59,23976,2,14,0,1,1,0,0
734,0,53,31386,3,12,0,1,1,0,0
0,0,42,22941,4,12,0,1,0,1,0
200,0,32,30186,2,12,0,1,1,0,1
-7304,0,43,19068,3,12,0,1,0,0,0
0,0,25,19800,1,9,0,1,0,1,0
0,0,31,28080,3,12,0,1,1,0,1
0,0,31,28467,3,11,0,0,1,1,1
-7100,0,42,36603,4,12,0,1,1,0,1
-1000,0,40,10560,3,12,0,0,0,0,0
-1800,0,53,34755,3,12,0,1,1,0,1
10050,0,54,9816,1,12,1,1,0,0,0
-700,0,28,23382,1,16,0,0,0,0,0
62500,0,60,55476,2,12,1,1,0,1,0
0,0,30,16800,1,12,0,0,0,0,0
-14650,0,37,25488,4,12,0,1,1,0,1
-276,0,48,52836,3,12,0,1,1,0,1
12800,0,31,50529,2,16,1,1,1,0,1
-4995,0,29,42828,2,14,0,1,1,0,1
1500,0,32,34455,3,13,1,1,1,0,1
-4609,0,27,39003,2,15,0,0,1,1,1
0,0,32,12750,1,10,0,0,0,0,0
-1800,0,42,15786,4,12,0,0,0,0,0
17000,0,35,9600,3,12,1,0,0,0,0
1600,0,41,33225,1,18,1,0,0,0,0
3222,0,53,29169,4,12,1,1,1,0,0
0,0,34,9600,3,12,0,0,0,0,0
2400,0,28,25500,4,12,0,0,1,0,0
5999,0,61,50919,3,18,0,1,1,1,1
3300,0,39,29232,1,18,1,1,0,1,0
-2000,0,37,12900,3,12,0,0,0,1,0
90,0,31,38319,3,12,0,0,1,0,1
-500,0,53,21000,3,12,0,1,1,0,1
-1600,0,60,31605,1,12,0,1,0,1,0
20799,0,50,48660,3,12,1,1,0,0,0
5000,0,36,17379,3,10,1,1,0,0,0
17000,0,35,19464,4,12,0,1,0,1,0
4883,0,44,26472,4,12,0,1,1,0,0
300,0,50,30660,3,12,0,0,1,1,1
-4300,0,43,20583,4,16,0,0,0,1,0
2526,0,25,47322,2,16,0,1,1,0,1
9999,0,64,18450,5,6,0,1,1,0,0
-690,0,45,33084,2,10,0,1,0,0,0
26749,0,55,45990,5,6,1,1,1,0,1
-2422,0,50,30636,2,12,0,1,0,0,0
12500,0,64,18738,2,11,1,1,1,0,1
6325,0,35,32265,4,12,0,1,1,0,1
0,0,49,18153,4,12,0,0,1,0,0
1482,0,35,37965,1,17,0,0,0,0,0
0,0,39,21216,1,11,0,0,0,0,0
-4100,0,45,27648,3,8,0,1,1,0,1
0,0,41,1035,1,16,0,0,0,1,0
99789,0,61,66528,2,12,1,1,1,0,0
23549,0,29,19491,1,18,0,0,0,0,0
-6994,0,45,35565,3,12,0,0,0,0,0
-495,0,31,10008,4,12,0,0,0,0,0
300,0,50,18348,4,6,0,1,0,0,0
97664,0,58,44640,1,12,1,1,0,0,0
-7055,0,31,5232,1,17,0,0,0,0,0
15000,0,41,9798,1,16,1,1,0,0,0
0,0,38,30600,1,18,0,0,1,0,0
499,0,41,26022,2,15,0,0,0,1,0
-600,0,40,13290,3,13,0,1,0,0,0
-3700,0,31,63858,5,12,0,1,1,0,0
-3450,0,45,23670,12,10,0,1,1,0,0
3300,0,49,20082,4,16,1,1,1,0,0
6850,0,40,51198,2,14,0,1,1,0,1
8599,0,36,43440,4,16,0,0,1,0,0
0,0,29,9900,3,1,0,0,0,0,0
1574,0,52,45135,2,12,1,1,1,0,0
1200,0,38,17652,3,12,0,1,0,0,0
-3300,0,27,35745,2,17,0,0,1,0,1
40300,0,35,27486,2,14,1,0,1,0,0
47870,0,48,40452,1,1,1,1,0,0,0
-250,0,33,24114,3,9,0,0,1,0,1
3338,0,34,27876,5,14,1,1,1,0,0
4499,0,37,39000,2,12,0,1,0,0,0
58500,0,47,47292,1,16,0,1,0,1,0
13300,0,39,34509,1,12,0,0,0,0,0
0,0,40,25500,6,12,0,1,1,0,0
1499,0,48,39651,2,12,0,1,0,0,0
-1151,0,58,22953,1,11,0,1,0,0,0
0,0,57,5220,1,18,0,0,0,1,0
2010,0,62,20796,2,14,0,1,1,0,0
0,0,61,3636,1,9,0,0,0,0,0
-50,0,42,14928,4,12,0,1,0,1,0
356,0,33,31575,2,12,0,1,1,1,1
0,0,61,16200,2,10,0,0,1,0,1
1499,0,38,31674,1,15,0,1,0,1,0
0,0,42,19101,5,9,0,0,1,0,1
900,0,30,27045,4,13,0,0,1,0,0
6000,0,40,37920,3,15,0,1,0,0,0
6757,0,27,45654,3,12,0,1,1,0,1
1099,0,36,57675,2,14,0,1,0,0,0
1636,0,26,180858,3,16,0,1,1,0,1
6999,0,40,916,1,12,0,1,0,0,0
0,0,38,31500,3,13,0,1,0,0,0
6500,0,40,47463,2,15,0,1,1,1,1
5800,0,29,53337,2,18,0,1,1,1,1
-300,0,42,24336,4,12,0,1,1,0,0
96422,0,48,46743,1,17,1,1,0,0,0
-14578,0,54,32076,3,3,0,0,0,0,0
-725,0,30,24510,2,12,0,0,1,0,1
33249,0,49,87660,2,14,1,1,1,1,1
1000,0,44,65400,4,16,0,0,1,1,1
2900,0,30,20559,3,14,0,0,0,1,0
35900,0,33,39351,1,18,1,0,0,0,0
-334,0,43,34299,2,18,0,1,0,0,0
36800,0,30,75222,2,16,0,1,1,1,1
219699,0,59,144534,2,18,1,1,1,1,0
-4100,0,26,28080,4,14,0,1,1,0,1
-4000,0,41,21735,4,12,0,1,1,0,1
3000,0,33,45810,4,12,0,1,1,0,0
-1200,0,33,17214,1,12,0,0,0,0,0
30999,0,41,39150,1,18,1,0,0,1,0
-5700,0,35,31620,3,14,0,0,1,0,1
-915,0,39,54066,5,17,0,1,1,1,1
-791,0,47,18195,10,12,0,1,1,1,1
-14900,0,40,32832,1,14,0,0,0,0,0
1865,0,46,68823,4,12,1,1,1,0,1
550,0,34,65505,4,13,0,1,1,0,1
10999,0,25,36600,1,16,0,0,0,0,0
0,0,41,2325,4,12,0,0,1,0,0
18150,0,51,58245,2,12,0,1,1,0,1
1900,0,32,37260,3,18,0,1,1,0,0
377500,0,54,110892,2,12,1,1,1,0,1
0,0,46,7854,3,11,0,0,0,0,0
652,0,31,32295,4,13,0,1,1,0,1
14178,0,32,24396,4,6,0,0,1,0,0
0,0,59,12960,4,12,0,1,1,0,0
-4200,0,40,31860,3,16,0,1,0,0,0
-2800,0,33,62808,3,16,0,1,1,1,1
-4300,0,30,31086,4,12,0,0,1,0,1
-11551,0,39,21603,3,12,0,0,0,0,0
0,0,33,20400,1,12,0,0,0,0,0
-2316,0,26,24621,2,15,0,1,1,0,1
-1600,0,29,33381,1,12,0,0,0,0,0
-4888,0,56,23394,2,12,0,1,0,0,0
13758,0,39,37710,2,13,1,1,1,0,0
300,0,25,15462,2,11,1,0,1,0,0
150,0,58,9150,1,13,0,1,0,0,0
-605,0,50,31659,3,12,0,0,1,0,1
16610,0,54,33267,1,13,0,0,0,0,0
-2400,0,35,47676,4,17,0,1,1,1,1
-1398,0,28,43596,2,14,0,1,1,0,1
-5201,0,27,19290,3,12,0,1,1,0,0
-5774,0,44,12501,2,14,0,1,0,0,0
-4400,0,36,18138,2,12,0,1,0,0,0
10,0,34,27006,1,12,0,0,0,0,0
293,0,30,32931,4,12,0,0,1,0,1
72598,0,60,38361,2,13,1,1,1,0,0
800,0,28,15774,1,12,0,0,0,0,0
2600,0,50,18456,1,14,1,0,0,0,0
2100,0,61,22341,2,18,0,1,1,0,0
-6000,0,42,30000,4,18,0,0,1,0,0
-3969,0,42,25281,5,12,0,0,1,0,0
4701,0,52,20700,1,12,0,1,0,0,0
-30240,0,25,85380,4,1,0,0,1,0,1
22137,0,39,39105,2,16,1,1,1,0,1
1950,0,52,47700,2,12,0,1,1,1,1
13798,0,38,40602,4,18,0,1,1,0,0
96150,0,57,22317,2,11,1,0,1,0,0
45700,0,54,49080,2,10,1,1,1,0,0
91099,0,61,39645,2,14,1,1,1,0,0
0,0,26,15450,4,12,0,0,1,0,0
0,0,36,40800,5,12,0,1,1,0,1
-3647,0,25,37371,1,16,0,0,0,0,0
0,0,30,17481,5,6,0,1,1,0,1
-100,0,62,41172,5,10,0,1,1,0,1
-30590,0,35,55770,3,16,1,0,1,0,1
74999,0,50,18186,3,12,0,1,0,1,0
-50,0,52,44400,2,16,0,1,1,1,1
-2700,0,28,33984,1,12,0,0,0,0,0
300,0,44,6792,3,1,0,0,1,0,0
-762,0,33,35757,1,14,0,0,0,1,0
-1000,0,27,32880,3,12,0,0,1,0,1
-2750,0,60,33987,2,12,0,1,1,0,0
-3500,0,32,46998,7,8,0,1,1,0,1
-15000,0,26,97998,1,18,0,0,0,0,0
82200,0,25,28209,1,16,1,0,0,0,0
399,0,29,43374,1,14,0,0,0,0,0
0,0,32,13590,4,8,0,0,0,0,0
-8400,0,33,31392,3,12,0,0,1,0,1
-17975,0,26,59199,2,14,0,1,1,0,1
37999,0,50,62130,4,14,0,1,1,1,1
-18700,0,47,27150,3,14,0,0,0,1,0
-788,0,31,16020,2,13,0,1,0,1,0
-3000,0,34,46053,4,12,0,1,1,0,1
-1400,0,32,32064,1,12,0,0,0,0,0
0,0,39,20400,3,14,0,0,0,0,0
-5008,0,40,36621,5,6,0,1,1,0,0
-6415,0,31,52350,4,14,0,0,1,1,1
1600,0,33,51222,3,18,0,0,0,1,0
2000,0,54,40665,2,12,0,1,1,0,0
50,0,56,1596,2,12,0,0,0,0,0
0,0,63,39174,1,11,0,0,0,0,0
-10990,0,26,52497,2,16,0,0,1,0,1
-1483,0,36,10920,4,12,0,0,0,0,0
-800,0,29,12600,1,14,0,0,0,0,0
-2050,0,54,45900,4,12,0,1,1,0,1
59879,0,45,19998,2,18,1,1,0,0,0
2600,0,61,34680,1,16,1,0,0,0,0
-5750,0,57,35418,5,13,0,1,1,0,0
66499,0,57,104346,2,18,0,0,0,0,0
-5700,0,27,64875,4,16,0,1,1,0,1
-3775,0,41,32703,1,18,0,1,0,0,0
90,0,52,23625,1,16,0,0,0,0,0
6100,0,26,37650,2,12,0,1,1,0,1
18000,0,41,31179,4,11,1,1,1,0,1
0,0,27,31089,4,13,0,0,1,0,1
0,0,31,17901,3,9,0,0,0,0,0
1049,0,48,34974,4,12,0,0,1,0,1
11733,0,57,43356,2,16,0,1,0,0,0
165,0,28,23586,4,12,0,1,1,0,1
0,0,54,10800,1,12,0,0,0,0,0
3610,0,30,21780,1,13,0,1,1,0,0
2600,0,34,53760,5,14,0,1,0,0,0
22850,0,41,26856,3,12,0,1,1,0,1
49,0,52,13773,3,10,0,0,0,0,0
-2205,0,33,42942,4,13,0,1,1,0,1
-1201,0,51,49830,2,12,0,1,1,1,1
46500,0,34,40554,3,16,0,1,0,1,0
99760,0,62,57081,3,18,1,1,1,0,0
-275,0,35,29910,5,12,0,1,1,0,1
96997,0,62,19350,2,12,1,1,1,0,1
-5250,0,48,49656,3,12,0,0,1,0,1
133249,0,54,65661,4,12,1,1,1,0,1
20800,0,31,14760,2,12,0,0,1,0,1
-10200,0,26,18015,1,16,0,0,0,0,0
1800,0,52,17625,1,11,1,0,0,0,0
0,0,38,10443,4,12,0,0,0,0,0
5704,0,41,61353,2,12,1,1,1,0,0
-473,0,31,9024,3,12,0,0,0,0,0
80400,0,42,37200,3,12,0,0,1,0,0
502000,0,48,112989,4,16,1,1,1,0,0
62529,0,46,132492,4,16,1,1,1,0,1
37878,0,52,108870,2,18,1,1,1,1,1
-1530,0,42,75036,5,13,1,1,1,0,1
-5551,0,32,24666,3,13,0,1,0,0,0
4206,0,27,47376,2,16,0,1,1,0,1
-100,0,31,10350,2,12,0,0,0,0,0
185500,0,51,65220,3,18,1,1,1,0,0
5400,0,30,44982,1,18,0,1,0,0,0
248400,0,57,45015,2,16,1,0,1,0,0
20600,0,61,68220,2,12,1,1,1,0,1
40199,0,55,39975,2,12,1,1,1,0,1
-3861,0,58,11736,3,8,0,0,0,1,0
145001,0,58,15465,2,12,1,1,1,0,0
-2000,0,45,17076,3,10,0,1,1,0,0
47000,0,39,59400,3,12,0,1,1,0,1
-1000,0,40,21630,1,12,0,1,0,0,0
2491,0,54,20703,2,11,0,1,0,0,0
90,0,40,20940,7,3,0,0,1,0,1
120,0,50,10902,2,12,0,1,0,0,0
-58901,0,26,17700,2,14,0,1,1,0,1
-1060,0,41,25944,5,13,0,0,1,0,0
-4640,0,47,49176,4,12,0,1,1,0,1
-15495,0,42,17856,5,10,0,0,1,0,1
34112,0,57,67098,1,18,1,1,0,1,0
-900,0,32,24000,5,12,0,0,1,1,1
120000,0,60,14244,1,12,1,1,0,0,0
10050,0,40,60498,2,12,1,1,1,0,1
126500,0,51,62580,2,16,1,1,1,1,1
1690,0,35,22140,3,12,0,0,0,0,0
-2225,0,60,22440,2,12,0,1,1,0,1
5049,0,46,14196,1,16,0,0,0,0,0
500,0,25,8889,1,12,0,1,0,0,0
0,0,41,18306,2,13,0,0,0,1,0
0,0,50,13740,1,12,0,0,0,0,0
-5530,0,44,9858,1,15,0,0,0,0,0
-3700,0,49,60000,5,14,0,1,1,0,1
-745,0,29,44511,5,13,0,1,1,0,1
-18294,0,33,15300,1,16,0,0,0,0,0
11955,0,34,17352,1,13,1,0,0,0,0
1792,0,47,21240,1,14,0,1,0,0,0
15801,0,62,13317,1,11,0,1,0,0,0
17315,0,29,34773,4,16,1,0,1,0,0
0,0,35,1596,1,12,0,0,0,0,0
51299,0,43,85575,4,16,0,1,1,0,1
25000,0,44,30408,2,12,1,0,0,0,0
1733,0,54,51654,3,13,0,1,1,1,1
-1580,0,47,53856,4,16,0,1,1,1,1
-3570,0,49,3840,2,14,0,1,1,0,0
11500,0,37,99159,1,16,1,0,0,0,0
-4800,0,35,47922,4,12,0,1,1,1,0
11997,0,51,30456,3,12,0,1,1,0,1
5000,0,32,54948,4,17,0,1,1,0,1
-2308,0,40,29700,4,16,0,1,1,1,1
13,0,34,15876,8,6,0,1,1,0,0
1264,0,37,8268,1,12,0,1,0,0,0
-2600,0,46,59736,3,12,0,1,1,0,1
318,0,42,36840,4,16,0,0,1,0,1
6005,0,29,21660,1,14,0,0,0,0,0
207012,0,60,56712,2,16,1,1,1,0,0
79999,0,45,66000,2,13,0,1,0,1,0
10747,0,43,33288,2,12,0,1,1,0,1
0,0,58,11433,2,12,0,0,1,0,0
4000,0,44,36720,4,12,0,1,0,1,0
-1700,0,41,17100,1,18,0,0,0,0,0
3738,0,54,26520,1,12,0,1,0,1,0
13100,0,33,72582,4,14,1,1,1,0,1
-11055,0,42,55041,4,14,0,0,1,0,1
35000,0,56,23700,2,14,1,1,0,0,0
0,0,39,20148,2,12,0,0,0,0,0
4410,0,26,11625,1,13,0,0,0,0,0
3300,0,41,49356,4,17,1,1,1,0,1
-1100,0,28,12306,1,15,0,0,0,0,0
-2900,0,49,29814,1,14,0,0,0,0,0
16500,0,59,39681,3,12,1,1,1,0,0
-1000,0,36,20400,4,13,0,0,0,0,0
16175,0,60,14190,2,12,0,1,1,0,0
3500,0,42,41316,4,14,0,1,1,1,1
450,0,52,7200,3,6,0,0,1,0,0
38000,0,39,99345,1,14,1,1,0,0,0
-2000,0,29,22539,4,11,0,0,0,0,0
33000,0,54,19770,3,12,0,1,0,0,0
0,0,49,18900,1,11,0,0,0,1,0
4100,0,41,42264,3,14,0,1,1,1,1
4000,0,31,27708,3,13,1,0,1,0,0
49538,0,42,15000,3,12,0,0,0,0,0
4447,0,53,3780,1,4,1,0,0,1,0
199,0,33,10140,1,12,0,0,0,0,0
700,0,46,34938,3,12,0,0,1,0,1
-14091,0,39,48138,4,16,0,1,1,0,1
200,0,30,42315,2,14,0,1,1,0,1
0,0,34,9180,4,8,0,0,1,0,0
4000,0,55,39216,3,16,1,1,0,0,0
9800,0,50,28650,2,16,0,1,0,1,0
17899,0,52,72672,3,12,0,1,1,1,1
72607,0,55,36552,5,14,1,1,1,0,0
0,0,28,23388,1,11,0,0,0,1,0
-2800,0,38,51354,4,13,0,0,0,0,0
-1200,0,33,58428,4,12,0,1,1,0,0
300,0,27,36393,3,12,0,0,1,0,0
-1500,0,42,28800,4,12,0,1,1,0,0
-1302,0,36,28476,4,13,0,1,1,1,1
0,0,36,19407,5,12,0,0,1,0,0
1586,0,37,25134,2,16,0,0,1,1,0
150,0,40,50742,3,12,0,1,0,0,0
5999,0,31,14460,2,16,1,0,0,0,0
102598,0,48,17550,1,12,1,1,0,0,0
11700,0,46,30492,4,11,0,1,0,0,0
1399,0,31,53841,2,12,0,0,1,1,1
-250,0,32,7152,3,10,0,0,0,1,0
0,0,49,16812,4,12,0,1,1,0,1
21000,0,34,39210,2,17,1,0,0,1,0
9687,0,31,25254,1,12,1,1,0,0,0
20,0,33,21228,4,12,0,0,1,1,0
87996,0,49,79023,4,18,1,1,1,1,1
-600,0,32,7680,4,11,0,0,0,1,0
0,0,35,9042,1,12,0,0,0,1,0
-7001,0,36,29220,4,14,0,0,1,0,0
-2500,0,34,27294,2,9,0,0,0,0,0
4300,0,41,31560,3,12,0,1,1,0,1
0,0,26,8160,4,12,0,0,1,0,0
1600,0,27,74970,5,12,0,1,1,0,0
-960,0,39,7200,5,12,0,1,1,1,0
-301,0,46,47403,3,16,0,0,0,0,0
-6501,0,47,33780,5,13,0,1,1,0,1
-476,0,30,11703,1,12,0,0,0,0,0
40200,0,35,39480,3,12,1,1,1,0,1
7899,0,60,29424,1,14,0,0,0,0,0
500,0,31,40860,2,18,0,0,1,0,0
100,0,40,23538,1,14,0,0,0,0,0
-1021,0,41,57795,4,18,0,1,1,0,0
0,0,35,12240,1,11,0,1,0,0,0
11425,0,27,36639,4,14,1,1,1,0,1
0,0,64,11775,3,7,0,0,1,0,0
1099,0,59,35241,2,8,0,1,1,0,1
138849,0,58,34755,2,12,1,1,1,0,1
143184,0,63,42909,2,8,1,1,1,1,0
-661,0,57,18132,4,11,0,0,1,0,0
-70,0,33,16320,3,12,0,1,0,0,0
500,0,41,16200,1,12,0,0,0,0,0
-2643,0,36,38061,4,12,0,0,1,0,0
15000,0,33,50751,4,16,1,1,1,0,0
-2264,0,41,9561,3,13,0,0,0,0,0
28000,0,40,29220,1,17,0,0,0,0,0
2225,0,60,22986,2,12,1,1,1,0,1
100,0,30,13005,1,13,0,0,0,0,0
300,0,28,33906,2,18,0,0,1,0,0
1003,0,40,23988,2,14,0,0,0,0,0
800,0,35,51900,4,12,0,1,1,0,1
-100,0,25,14178,2,12,0,0,0,0,0
0,0,30,16608,2,12,0,0,0,0,0
-900,0,34,36993,1,16,1,0,0,0,0
0,0,26,17952,1,15,0,0,0,0,0
0,0,41,11202,2,9,0,0,0,0,0
-15500,0,48,20592,2,15,0,1,1,0,0
5399,0,31,13479,3,12,1,0,1,0,0
-75,0,33,7800,3,17,0,0,0,0,0
-200,0,26,4164,2,14,0,0,0,0,0
0,0,53,12240,2,12,0,0,1,0,0
-1900,0,52,22995,1,12,0,0,0,1,0
102676,0,53,64158,3,12,1,1,1,0,1
1149,0,34,29850,2,16,0,0,1,0,0
-15051,0,48,29964,5,12,0,1,1,0,0
-570,0,38,17781,4,13,0,1,1,0,0
13600,0,30,17160,1,13,0,1,0,0,0
-4757,0,33,41130,3,14,0,1,1,0,1
15599,0,61,19278,1,8,1,0,0,1,0
-295,0,42,12213,5,12,0,0,1,0,1
999,0,42,28503,2,12,0,1,1,0,1
600,0,30,7884,2,8,0,0,0,0,0
30570,0,35,40224,4,16,0,1,1,0,1
10000,0,28,51117,2,18,0,1,1,1,1
60400,0,64,31254,4,12,1,1,0,1,0
31169,0,36,82575,6,16,0,1,1,0,0
54869,0,49,18729,5,12,0,1,1,0,0
-300,0,40,24795,3,13,0,0,0,1,0
200,0,47,21813,4,12,0,0,1,0,0
500,0,60,2550,2,8,0,1,0,0,0
-200,0,31,19056,5,12,0,0,1,1,0
49,0,25,14781,2,12,0,0,0,0,0
500,0,30,89550,2,18,0,1,1,0,1
500,0,46,25350,1,18,0,1,0,1,0
0,0,40,10200,3,12,0,0,0,1,0
0,0,27,4056,3,10,0,0,0,0,0
-8200,0,54,35754,3,12,0,1,1,1,1
24100,0,40,24660,2,17,1,1,0,0,0
-3300,0,57,37569,4,12,0,1,1,0,0
-1829,0,60,25005,3,12,0,1,1,0,0
-6901,0,37,38112,3,12,0,1,0,0,0
-32887,0,35,57156,4,12,0,1,1,0,1
1800,0,52,19050,4,12,0,1,1,0,1
-18500,0,56,12024,2,12,0,1,0,0,0
0,0,43,31254,4,12,0,1,1,0,1
-16725,0,48,37416,3,16,0,0,1,0,0
195000,0,61,55446,3,13,1,1,1,1,1
0,0,41,4050,2,12,0,0,0,0,0
-16200,0,26,7440,4,13,0,0,1,0,0
27500,0,40,19704,1,16,0,1,0,0,0
-600,0,30,19443,1,16,0,0,0,1,0
68,0,42,9945,1,12,0,0,0,0,0
0,0,27,12240,4,6,0,1,1,0,0
50500,0,44,90483,6,15,1,1,1,0,0
1500,0,63,10887,2,13,0,0,0,0,0
0,0,53,5748,1,12,0,0,0,0,0
250,0,56,35742,3,12,0,1,1,0,0
-3450,0,36,14559,3,12,0,0,1,1,1
0,0,47,7041,2,12,0,0,0,0,0
399,0,61,19557,4,12,0,0,0,1,0
300,0,49,60150,3,14,0,1,1,1,1
0,0,32,3504,5,12,0,0,1,0,0
137800,0,62,23535,1,16,1,0,0,0,0
-6500,0,28,15294,1,16,0,0,0,0,0
-420,0,63,14994,2,12,0,0,1,0,0
0,0,35,11844,2,11,0,0,0,0,0
10974,0,59,29415,8,12,1,1,1,1,0
9500,0,47,31431,3,12,1,1,0,0,0
-701,0,27,18090,5,7,0,1,1,0,1
0,0,55,45384,13,10,0,0,1,0,0
9699,0,27,56691,2,18,1,1,1,0,1
15499,0,44,56250,4,12,1,1,1,0,0
15800,0,32,32856,2,13,0,1,0,0,0
2000,0,40,28680,4,12,0,1,1,0,0
-3400,0,27,21000,5,12,0,0,1,0,0
8,0,60,22551,5,1,0,1,1,0,0
0,0,26,10200,1,14,0,0,0,0,0
150,0,37,29946,4,18,0,1,1,0,0
-540,0,34,25998,3,14,1,1,0,0,0
0,0,31,34500,1,12,0,0,0,0,0
3330,0,45,15441,4,8,0,1,1,0,1
-200,0,55,36924,2,12,0,1,1,1,1
0,0,38,7110,2,12,0,0,0,0,0
0,0,42,2838,1,12,0,0,0,0,0
0,0,33,13380,1,12,0,0,0,0,0
700,0,31,19860,1,14,0,0,0,0,0
-4331,0,38,24849,7,14,0,1,1,0,0
-1400,0,35,30000,6,12,0,0,1,0,1
20269,0,33,13440,4,12,0,1,0,1,0
-5100,0,48,35700,4,12,0,1,1,0,0
-3000,0,42,16830,7,12,0,1,1,0,0
8099,0,62,52320,2,12,0,1,1,1,1
10520,0,43,65526,4,14,0,1,1,0,1
2660,0,27,40110,2,12,0,0,1,0,1
-500,0,38,10098,2,12,0,1,0,0,0
0,0,31,12588,6,12,0,0,1,0,1
-3600,0,34,21816,4,14,0,0,0,0,0
869,0,40,35439,3,13,0,1,1,0,1
-1300,0,37,35700,5,12,0,1,1,0,0
1400,0,39,14025,5,12,0,1,1,0,1
-3550,0,60,25356,1,4,0,1,0,0,0
-19301,0,45,8430,2,12,0,1,0,0,0
0,0,33,45951,4,12,0,0,1,0,1
8000,0,25,13800,1,16,1,0,0,0,0
2130,0,42,50037,4,13,0,1,1,0,1
4350,0,26,23040,1,18,0,0,0,0,0
2300,0,37,47772,3,12,0,1,1,0,1
3599,0,27,45300,2,12,0,1,1,0,1
-21950,0,33,24711,1,16,0,1,0,0,0
-800,0,52,40224,3,10,0,0,1,1,1
-12946,0,27,45750,2,12,0,1,1,0,1
-7200,0,47,39525,3,16,0,1,0,0,0
4750,0,49,47691,3,12,1,1,1,0,1
0,0,37,12324,9,11,0,1,0,0,0
-1627,0,50,22980,2,16,0,1,0,0,0
4249,0,43,44751,5,18,0,1,1,1,1
-136,0,38,20820,5,16,0,0,1,0,0
-3100,0,28,21450,3,14,0,1,1,0,1
100,0,39,21240,4,17,0,0,1,0,1
-4200,0,27,13200,2,12,0,0,0,0,0
82395,0,52,21492,2,12,1,1,0,0,0
1500,0,54,30000,1,14,1,0,0,0,0
58190,0,49,30420,3,16,1,1,0,0,0
100,0,41,28035,3,12,0,1,1,0,1
-2000,0,28,28911,1,11,0,0,0,0,0
442,0,27,15735,1,16,1,1,0,0,0
758,0,64,11247,2,12,0,1,0,1,0
9428,0,48,8475,1,17,0,0,0,0,0
6000,0,51,23364,2,12,0,1,1,0,0
4190,0,52,7704,1,12,0,0,0,0,0
57499,0,44,33774,3,14,1,1,1,0,0
999,0,31,23265,1,13,0,0,0,0,0
-14701,0,47,42690,1,18,0,0,0,0,0
-8000,0,31,11460,3,12,0,1,1,0,0
1849,0,42,33138,1,14,0,0,0,1,0
14999,0,46,40950,5,16,0,1,1,0,1
11654,0,29,44952,4,13,0,0,1,0,0
-5710,0,53,15300,1,13,0,0,0,0,0
35,0,25,16242,4,10,1,0,0,1,0
0,0,40,40620,5,16,0,0,1,0,1
-4975,0,37,37668,3,16,0,1,1,0,0
57,0,31,20436,4,10,0,1,1,0,1
-3820,0,33,25782,2,14,0,1,1,1,1
-4255,0,30,5046,4,12,0,1,1,0,0
-2480,0,45,17616,1,14,0,1,0,1,0
195000,0,44,128700,4,17,1,1,1,1,1
2949,0,29,7500,1,12,0,0,0,0,0
18000,0,51,57291,2,14,1,1,1,1,1
-20509,0,39,30021,4,11,0,1,1,0,0
-1400,0,31,44598,3,12,0,1,1,0,1
3000,0,63,5982,3,12,1,1,1,0,0
840,0,59,12921,1,9,0,1,0,0,0
-1150,0,29,24792,2,13,0,0,0,0,0
-9940,0,39,52110,1,16,0,0,0,1,0
849,0,31,20445,3,14,0,0,0,0,0
-1100,0,36,29100,4,16,0,1,1,0,0
-20157,0,44,1200,1,17,0,0,0,0,0
300,0,43,27840,3,16,0,1,0,0,0
200,0,36,39942,5,13,0,1,1,0,0
200,0,51,24000,2,12,0,1,1,0,0
26000,0,47,55557,3,12,0,1,1,0,1
-479,0,28,7869,1,11,0,0,0,1,0
1500,0,28,43485,1,16,0,1,0,0,0
-216,0,47,11100,4,12,0,0,1,0,1
2149,0,40,12915,4,12,0,1,0,0,0
0,0,25,10200,1,9,0,0,0,0,0
0,0,35,18750,7,12,0,0,1,0,1
-180,0,28,28572,1,12,0,0,0,0,0
-348,0,32,15195,1,14,0,0,0,1,0
4600,0,34,31839,2,18,1,1,1,0,1
8199,0,44,10173,1,18,1,0,0,0,0
4650,0,33,48300,4,14,0,1,1,0,0
400,0,32,22149,1,13,0,1,0,1,0
-210,0,62,9213,1,7,0,1,0,0,0
1180,0,51,26262,4,12,0,1,1,0,1
-2600,0,39,7560,2,16,0,0,0,0,0
300,0,62,9846,7,6,0,0,0,0,0
0,0,27,10008,1,12,0,0,0,0,0
-576,0,50,30498,1,13,0,0,0,0,0
1800,0,52,27939,7,7,0,1,0,1,0
50,0,28,10200,1,12,0,0,0,0,0
-500,0,55,14352,2,10,0,1,0,0,0
-4400,0,46,25200,2,17,0,1,0,0,0
2150,0,46,77235,5,12,0,1,1,1,1
-1951,0,31,24012,2,13,0,0,1,0,1
-600,0,37,13380,3,12,0,0,0,0,0
1200,0,29,20568,1,18,0,0,0,0,0
-500,0,44,18900,4,12,0,1,1,1,1
100,0,36,34386,4,12,0,1,1,0,1
-665,0,33,58878,6,12,0,1,1,1,1
-1214,0,33,9090,4,5,0,0,1,0,0
-350,0,29,10800,3,11,0,0,0,0,0
0,0,53,12744,1,8,0,0,0,0,0
51250,0,40,120750,5,18,1,1,1,1,1
41800,0,54,20019,3,13,1,1,1,0,0
8500,0,32,38490,4,13,1,1,1,0,0
2950,0,41,44790,2,12,0,1,1,0,1
0,0,55,7872,2,11,0,0,0,0,0
0,0,33,13560,2,12,0,0,0,0,0
1910,0,30,60378,2,14,0,1,1,0,1
0,0,30,19440,3,14,0,0,0,1,0
-600,0,47,7419,1,6,0,0,0,0,0
6200,0,26,8070,2,15,1,0,0,0,0
300,0,30,38130,4,14,0,0,1,0,0
-1468,0,25,10500,3,14,0,0,0,0,0
0,0,37,10800,7,4,0,0,1,0,0
399,0,43,23046,1,14,0,0,0,0,0
-2861,0,29,17373,3,17,0,0,1,0,1
33449,0,62,28200,3,12,1,1,1,0,0
-500,0,33,25500,5,12,0,1,1,0,0
-2200,0,38,23937,3,14,0,1,0,1,0
37794,0,55,36117,2,12,1,1,1,0,1
73509,0,35,47760,5,12,1,1,1,0,0
15500,0,54,31008,2,14,1,1,1,0,1
5500,0,39,72360,2,18,0,0,1,1,1
15500,0,40,79536,5,18,0,1,1,1,1
24059,0,54,26142,1,18,1,0,0,1,0
-928,0,36,8316,3,11,0,1,0,0,0
-2200,0,35,25215,2,12,0,1,1,0,1
-4910,0,64,10890,1,12,0,0,0,0,0
33900,0,44,53697,3,18,1,1,1,0,1
7700,0,32,21915,2,17,1,1,0,1,0
29000,0,36,95592,4,17,1,1,1,0,1
0,0,34,1920,2,15,0,0,0,0,0
2746,0,52,41514,1,18,0,0,0,0,0
3050,0,40,21645,2,12,1,1,0,0,0
0,0,36,8700,1,3,0,0,1,0,0
-4850,0,34,21645,2,14,0,0,0,1,0
2600,0,60,21072,2,15,0,0,1,0,1
32399,0,42,58305,5,12,0,1,1,0,1
2000,0,64,26826,1,12,0,1,0,0,0
0,0,40,10902,4,15,0,0,0,0,0
-30000,0,26,9402,2,12,0,1,1,0,0
398,0,37,20781,2,9,0,0,1,0,0
-3500,0,50,12240,2,14,0,0,0,0,0
2100,0,47,36210,3,12,0,1,1,0,1
200,0,34,19350,3,12,0,0,0,0,0
72964,0,59,55314,1,14,0,0,0,0,0
-3348,0,43,43962,3,13,0,1,1,0,1
-475,0,26,28200,4,10,0,0,1,0,1
-1500,0,29,18516,1,18,0,0,0,0,0
-1000,0,36,15600,5,5,0,0,1,0,0
74350,0,36,19770,1,12,0,1,0,0,0
32648,0,61,17967,2,14,0,0,0,0,0
-6500,0,28,14550,1,16,0,0,0,0,0
-8101,0,36,45030,5,16,0,1,1,0,0
350,0,25,28059,1,14,0,0,0,1,0
59225,0,55,36300,1,14,1,0,0,0,0
0,0,49,9612,2,12,0,0,0,0,0
15499,0,38,93630,4,18,0,1,1,1,1
1700,0,42,17817,1,9,0,1,0,0,0
-2373,0,32,13182,4,12,0,1,1,0,0
-100,0,40,48000,5,12,0,1,1,0,0
-8900,0,30,28443,1,16,0,0,0,0,0
-93000,0,59,27174,3,14,0,1,1,0,1
83400,0,52,26400,3,12,1,0,1,0,1
50,0,44,28830,3,12,0,1,1,1,1
2204,0,33,51912,3,12,0,1,1,0,1
0,0,31,14280,1,12,0,1,0,0,0
-4400,0,37,38601,5,12,0,1,1,0,1
0,0,40,10560,2,12,0,0,0,0,0
5900,0,42,41883,1,16,1,1,0,1,0
0,0,61,23457,3,9,0,1,1,0,1
55568,0,40,38241,1,14,0,0,0,0,0
70600,0,39,47499,1,18,1,1,0,0,0
789,0,34,30198,5,12,0,1,1,1,1
-8149,0,33,22818,4,12,0,1,1,0,1
20300,0,53,55218,2,13,1,1,1,0,1
27,0,63,18678,3,12,0,1,1,0,1
-2800,0,38,20058,3,12,0,1,0,1,0
0,0,31,4380,5,5,0,0,0,0,0
33926,0,59,43605,3,12,1,1,1,0,0
-2000,0,34,7374,2,13,0,0,0,0,0
-1,0,35,21630,5,11,0,0,0,1,0
17565,0,50,42759,4,12,1,1,1,0,0
635,0,28,31668,5,12,0,0,1,0,1
-1200,0,36,11250,1,14,0,0,0,0,0
1000,0,64,38028,2,9,0,1,1,0,0
15204,0,33,57753,4,12,1,1,1,0,1
500,0,56,39375,3,12,0,1,1,0,0
46850,0,50,40578,2,16,1,1,1,0,0
173,0,62,14904,1,12,0,1,0,0,0
3672,0,30,38148,4,12,1,1,1,0,1
18550,0,46,25800,2,14,1,1,1,0,1
1000,0,31,31338,4,13,0,1,1,0,1
800,0,28,17100,3,12,0,0,0,1,0
-775,0,51,36648,3,11,0,1,1,0,1
800,0,49,16335,2,14,1,0,0,0,0
934,0,41,44247,5,16,0,1,1,0,1
-3404,0,64,104919,2,17,1,1,1,0,0
25347,0,38,38085,4,14,0,1,1,0,1
47374,0,59,38283,3,12,1,1,1,0,0
1925,0,41,36435,6,12,0,1,1,0,0
-4500,0,28,45360,1,18,0,0,0,0,0
0,0,36,2310,1,12,0,0,0,0,0
1748,0,48,12576,2,12,0,0,1,0,1
-1714,0,40,25560,1,18,0,1,0,1,0
-6450,0,31,41292,4,12,0,1,1,0,1
-3264,0,25,27270,3,12,0,1,1,0,1
-6600,0,43,31800,3,12,0,1,0,1,0
2700,0,36,40392,6,14,1,1,1,0,0
4470,0,57,24561,3,12,0,1,1,0,0
108700,0,46,49200,1,16,0,1,0,0,0
-2050,0,26,26430,2,14,0,0,1,0,1
2694,0,39,58578,2,16,0,1,1,0,1
7699,0,59,35370,1,12,1,0,0,0,0
0,0,33,17160,6,13,0,1,1,0,0
33000,0,31,41376,3,16,0,0,1,0,0
5217,0,32,33804,5,12,1,1,1,0,0
21200,0,39,51123,2,12,0,0,1,0,1
-150,0,37,34101,1,18,0,0,0,1,0
51925,0,36,57630,6,16,1,1,1,0,1
-60,0,40,14430,4,12,0,0,1,0,0
122555,0,59,29499,3,13,1,1,1,0,0
900,0,41,28620,4,12,0,1,1,1,0
19499,0,49,21090,1,13,1,0,0,0,0
-5310,0,43,40200,5,12,0,1,1,0,1
8699,0,35,9933,2,12,0,1,1,1,1
-12500,0,47,17988,5,11,0,1,1,0,1
0,0,28,12960,1,12,0,0,0,0,0
8850,0,56,20643,4,12,0,0,1,0,1
-8675,0,25,28800,2,16,0,0,1,0,1
-1100,0,40,35190,9,12,0,0,1,1,1
-400,0,37,11763,4,12,0,1,1,0,1
-6599,0,46,38886,2,10,0,1,1,0,0
87449,0,52,32628,1,16,1,0,0,0,0
116499,0,57,45294,3,12,1,1,1,0,0
-4300,0,53,12882,2,12,0,1,0,0,0
-1068,0,42,60384,4,12,0,1,1,0,1
400,0,25,32580,1,12,0,0,0,0,0
-59970,0,42,13500,1,9,0,0,0,0,0
-157,0,33,11700,1,10,0,0,0,0,0
2000,0,41,82200,4,12,0,1,1,1,1
1853,0,36,27741,1,18,0,1,0,1,0
0,0,43,9747,6,3,0,1,1,0,0
-3100,0,43,21216,7,10,0,0,1,0,1
-100,0,32,17040,4,12,0,0,1,0,0
54997,0,55,27000,2,10,1,0,1,0,1
325,0,34,33171,3,12,0,0,1,0,0
-100,0,28,16590,1,15,0,0,0,0,0
-69300,0,46,16200,5,12,0,1,1,0,1
-2800,0,45,68244,4,17,0,1,1,0,0
52000,0,53,47520,4,12,1,1,1,0,0
8248,0,52,28419,3,12,1,1,1,0,1
178915,0,36,77316,6,14,0,1,1,0,0
1000,0,29,28800,1,14,0,0,0,1,0
150,0,25,4980,1,16,0,0,0,0,0
50,0,60,6252,2,12,0,0,1,0,0
0,0,63,6480,1,6,0,0,0,0,0
600,0,52,13200,4,12,0,1,0,0,0
33725,0,33,42699,3,16,1,1,1,0,1
25290,0,34,66000,1,15,0,1,0,0,0
2880,0,46,21450,3,12,1,1,0,0,0
600,0,43,14511,5,12,1,1,0,0,0
-2350,0,25,13377,1,12,0,0,0,0,0
-5000,0,54,19620,1,14,0,0,0,1,0
2680,0,45,9876,4,14,0,1,1,0,0
149601,0,53,48732,2,12,1,1,1,0,0
15149,0,63,36978,1,14,0,1,0,0,0
4800,0,49,56145,5,14,0,1,1,0,1
18545,0,54,35280,2,13,1,0,1,0,1
0,0,50,30600,3,15,0,0,0,1,0
12994,0,55,18444,1,12,1,0,0,0,0
0,0,40,19650,1,9,0,0,0,0,0
100,0,25,7044,4,5,0,0,1,0,0
10899,0,44,50154,1,16,1,1,0,0,0
-1895,0,31,28362,4,17,0,1,1,1,0
5719,0,42,61744,3,12,1,1,1,0,0
0,0,49,14280,1,12,0,0,0,0,0
5099,0,37,21078,1,15,0,1,1,1,0
2150,0,37,31995,5,15,0,0,1,0,1
600,0,32,62700,2,13,0,0,0,0,0
33200,0,36,45963,3,13,1,1,1,0,0
-3670,0,41,31221,2,18,0,0,0,0,0
-3150,0,32,6315,6,10,0,0,1,0,1
-2350,0,39,12522,5,12,0,0,1,0,1
6749,0,47,32649,3,14,1,1,1,0,1
106000,0,51,104802,2,14,1,1,1,0,0
0,0,45,31968,1,18,0,1,0,0,0
4799,0,26,24942,4,13,0,0,0,0,0
2000,0,30,46080,4,9,0,1,1,0,1
-2875,0,28,49284,4,14,0,1,1,0,1
0,0,29,15276,1,12,0,0,0,0,0
22474,0,40,126750,3,18,1,1,1,1,1
21000,0,58,30528,1,17,0,0,0,0,0
-5900,0,52,30045,4,12,1,1,1,1,1
45,0,62,13218,2,10,0,1,0,1,0
1400,0,27,32106,4,13,0,0,1,0,1
3788,0,43,23667,1,12,1,0,0,0,0
34883,0,62,13836,2,12,1,1,0,0,0
85560,0,49,17169,6,18,1,0,1,1,1
-16700,0,34,64821,3,12,0,1,1,0,1
-400,0,43,19392,1,16,0,0,0,0,0
-4900,0,29,36873,2,12,0,1,1,1,1
8600,0,38,14415,1,12,1,1,0,0,0
988,0,27,12933,2,12,0,1,0,0,0
955,0,40,14640,2,12,1,1,0,0,0
5692,0,33,49845,2,18,1,1,1,0,1
54700,0,58,31575,2,12,0,1,1,1,0
-3530,0,31,44853,4,16,0,1,1,0,1
0,0,52,945,2,8,0,1,0,0,0
11800,0,55,21801,3,12,1,1,0,1,0
-275,0,27,17040,3,12,0,1,1,0,0
-4823,0,35,20103,5,16,0,0,1,0,1
13500,0,27,59901,2,15,1,1,1,0,1
-4900,0,42,39300,5,13,0,1,1,0,0
20400,0,61,20766,4,12,1,1,1,0,1
25699,0,28,58923,2,16,1,1,1,0,1
-9090,0,50,31974,4,18,0,0,0,1,0
26200,0,27,18810,2,16,1,1,1,0,1
-2172,0,39,60594,4,16,0,1,1,0,1
0,0,38,31158,4,12,0,1,1,0,1
-1154,0,33,39234,4,14,0,0,1,0,1
-1538,0,28,12636,2,14,0,1,0,0,0
523,0,60,7437,2,12,0,1,0,0,0
-250,0,49,14226,3,8,0,1,1,0,0
1179,0,50,42480,2,2,0,1,1,0,1
24600,0,32,62385,3,14,1,1,1,0,1
-21250,0,25,13026,1,18,0,0,0,0,0
4500,0,33,30075,3,6,0,1,1,0,1
-295,0,36,32316,5,12,0,0,1,0,0
1600,0,40,34680,5,15,0,1,1,0,1
15932,0,35,17877,1,16,1,0,0,0,0
-540,0,31,27036,4,12,0,1,1,0,0
11109,0,48,32565,1,12,0,1,0,0,0
2000,0,36,21210,1,16,0,0,0,0,0
1815,0,29,20490,1,12,0,1,0,0,0
9200,0,61,18759,1,12,0,1,0,1,0
2500,0,61,24108,4,12,0,1,1,0,0
-5000,0,32,8841,4,6,0,1,1,0,0
9918,0,39,23046,1,14,1,1,0,0,0
11100,0,29,28440,1,13,0,0,0,0,0
15000,0,58,52590,2,16,0,1,1,0,1
-7600,0,27,16830,1,14,0,0,0,0,0
28999,0,42,55110,4,12,1,1,1,0,1
13200,0,47,57600,2,8,1,1,1,0,0
43848,0,40,50364,4,12,1,1,1,1,1
1488,0,63,18600,2,12,0,1,1,0,0
-5600,0,31,20880,2,13,0,0,1,0,1
-2150,0,50,24939,6,12,0,0,0,0,0
-2800,0,25,32979,1,16,0,0,0,0,0
-1900,0,42,24225,2,14,0,0,0,0,0
2400,0,42,37851,6,12,0,0,0,1,0
0,0,62,33228,2,12,0,0,1,0,1
58121,0,51,136914,2,12,0,1,1,1,1
8350,0,52,28893,3,12,0,0,1,0,1
4258,0,40,40896,5,10,0,1,1,1,1
-451,0,60,24996,4,10,0,1,1,1,1
-2720,0,34,42600,4,12,0,1,1,0,1
-1650,0,53,38988,4,12,1,1,1,1,1
-5000,0,50,57024,4,13,0,0,1,0,1
6149,0,41,13098,1,14,1,0,0,1,0
269,0,49,10992,2,12,0,1,0,0,0
47348,0,49,45729,4,12,1,1,1,0,1
-765,0,33,11952,6,12,0,0,1,0,0
9035,0,49,38700,4,16,1,1,1,0,0
0,0,32,34680,3,14,0,0,1,0,1
-6705,0,32,49329,2,16,0,1,1,0,1
-50,0,30,12051,1,18,0,0,0,0,0
-14600,0,32,7530,1,18,0,0,0,0,0
525,0,39,40800,1,14,0,1,0,1,0
1499,0,34,41490,1,13,0,0,0,1,0
-1300,0,38,66300,5,12,0,1,1,1,1
1540,0,31,10356,4,12,0,0,1,0,0
-1150,0,54,24318,6,2,0,0,1,0,0
2800,0,29,41031,1,18,0,0,0,0,0
0,0,47,2700,1,9,0,1,0,0,0
0,0,25,8256,5,9,0,0,0,0,0
-5500,0,27,25527,4,13,0,0,1,0,0
-4501,0,36,19251,3,12,0,0,1,0,0
-3970,0,45,64791,4,14,0,0,1,1,1
0,0,39,42777,2,7,0,0,1,0,1
-20930,0,32,21609,5,16,0,0,1,0,1
0,0,48,28053,6,9,0,0,1,0,0
34397,0,56,27021,1,18,0,1,0,0,0
0,0,28,19170,4,14,0,0,1,0,1
1500,0,39,13566,2,12,0,0,0,0,0
1000,0,28,28554,4,15,0,1,1,0,0
1225,0,35,24549,1,14,0,0,0,1,0
1667,0,39,25728,3,14,0,0,0,0,0
1100,0,41,18090,2,14,0,0,1,0,0
6200,0,49,19809,3,12,0,0,0,1,0
23850,0,33,34806,3,13,0,1,0,1,0
-3290,0,28,21582,1,16,0,0,0,0,0
-8252,0,47,30663,2,17,0,1,0,0,0
-10600,0,30,15840,2,18,0,0,1,0,1
1499,0,39,31860,2,12,0,0,0,1,0
3100,0,27,28860,2,16,0,0,0,0,0
0,0,40,13896,7,8,0,0,1,0,0
-2384,0,36,17883,1,16,0,1,0,0,0
-4500,0,35,50910,4,12,0,1,1,0,1
0,0,32,7146,2,10,0,0,0,0,0
0,0,30,20310,1,16,0,0,0,0,0
-3998,0,34,5865,4,16,0,0,0,0,0
482,0,25,13182,3,16,0,0,1,0,0
104698,0,44,109125,4,18,0,1,1,1,1
0,0,28,4044,5,12,0,1,1,0,0
-350,0,26,15330,1,13,0,0,0,0,0
40800,0,54,74040,2,16,0,1,1,0,1
-12500,0,27,46050,2,14,0,0,1,0,1
16700,0,64,65373,2,16,0,1,1,0,0
75550,0,33,78519,2,17,1,1,1,0,1
-400,0,38,17700,1,12,0,1,0,0,0
3630,0,34,34323,2,13,0,0,0,0,0
-4355,0,25,33843,3,14,0,0,1,1,1
-600,0,42,12240,3,12,0,0,1,0,0
-205,0,32,15552,5,12,0,0,0,0,0
0,0,25,19380,1,12,0,0,0,1,0
0,0,37,31830,5,12,0,1,1,0,1
-600,0,27,32436,4,12,0,1,1,0,1
899,0,51,46746,3,12,0,0,1,0,1
-205,0,26,15699,1,12,0,0,0,1,0
24109,0,47,88413,3,12,0,1,1,0,1
300,0,29,21891,1,13,0,1,0,1,0
131,0,39,11604,3,18,0,1,1,0,1
21999,0,33,10860,4,13,0,1,1,0,0
-1300,0,47,8400,3,12,0,0,0,0,0
-1742,0,40,12015,1,18,0,0,0,0,0
-1228,0,31,21450,5,14,0,1,1,1,1
-930,0,31,12600,3,13,0,0,0,0,0
-1200,0,29,30489,4,12,0,1,1,0,1
1999,0,38,69270,4,18,0,1,1,0,1
10300,0,35,41733,5,12,1,1,1,0,1
4800,0,55,9843,1,7,0,1,0,0,0
110500,0,56,96147,3,13,1,1,1,0,0
-1200,0,51,53226,8,13,0,1,1,1,1
0,0,45,28152,3,12,0,1,1,0,1
0,0,40,12240,1,12,0,0,0,0,0
9900,0,30,73458,1,18,0,0,0,1,0
-4500,0,54,65550,3,16,0,1,1,1,1
0,0,38,9384,1,12,0,0,0,0,0
-45000,0,30,23004,1,12,0,0,0,0,0
-9900,0,50,87708,2,12,0,1,1,1,1
-1136,0,49,21030,6,6,0,1,1,0,0
13749,0,62,15009,2,12,0,1,0,0,0
200,0,63,17418,2,9,0,1,1,0,1
9000,0,54,19950,1,12,1,1,0,1,0
-11700,0,37,56529,2,12,0,1,1,1,1
-900,0,30,27930,3,6,0,0,1,0,1
39000,0,47,21996,2,12,1,1,0,1,0
14299,0,44,73902,4,16,0,1,1,1,1
12000,0,40,38868,4,11,1,1,1,0,0
-3447,0,63,30294,3,11,0,1,1,0,1
1019,0,60,5391,1,10,0,1,0,0,0
350,0,28,12750,4,12,0,0,0,0,0
48950,0,43,48300,1,18,1,0,0,1,0
0,0,25,22683,1,16,0,0,0,0,0
-7000,0,36,25266,1,12,0,0,0,0,0
50,0,28,30363,2,16,0,0,1,0,0
0,0,47,21420,1,13,0,1,0,0,0
-55,0,44,9693,4,12,0,0,0,0,0
37499,0,38,65949,2,15,1,1,1,0,1
0,0,30,15690,5,9,0,0,1,0,1
14499,0,42,50835,4,12,1,1,1,0,1
3400,0,36,42330,5,12,1,1,1,0,1
0,0,48,9864,1,12,0,0,0,0,0
0,0,53,9990,1,12,0,0,0,0,0
-10500,0,57,8190,2,12,0,1,1,0,0
20300,0,50,46632,2,12,0,1,1,0,0
-4596,0,25,30834,3,14,0,0,0,0,0
500,0,28,100026,2,8,0,0,0,0,0
-10250,0,25,12555,2,16,0,0,0,0,0
200,0,38,8406,3,13,0,1,1,0,0
500,0,47,36000,2,18,1,0,0,0,0
3500,0,55,33681,5,12,1,1,1,1,1
-700,0,26,15315,1,12,1,0,0,0,0
-2500,0,42,123246,3,16,0,0,1,1,1
-9000,0,33,109608,4,18,0,1,1,0,1
0,0,36,8400,2,12,0,0,0,0,0
11168,0,37,43053,2,16,0,1,1,0,0
-583,0,32,16320,3,11,0,0,1,0,0
13000,0,41,19020,4,13,1,1,1,0,0
-1800,0,52,66603,3,12,0,1,1,1,1
4100,0,40,50634,3,14,1,0,1,1,1
-2100,0,48,18564,2,14,0,1,0,0,0
-335,0,40,14373,2,13,0,1,0,1,0
7055,0,37,26391,1,17,1,0,0,0,0
125599,0,44,77730,4,12,1,1,1,0,1
58100,0,45,32250,2,14,1,1,0,0,0
710,0,31,39891,2,15,0,0,1,0,0
-4815,0,36,29976,3,12,0,1,1,0,0
606,0,37,21603,1,16,1,0,0,1,0
500,0,48,10800,2,9,0,0,0,0,0
-3650,0,37,20424,4,11,0,1,1,0,0
35,0,57,22440,5,6,0,1,1,0,1
-3250,0,27,29766,2,14,0,1,1,0,0
600,0,60,16980,4,12,0,0,1,0,1
193048,0,38,14025,3,16,1,0,1,0,0
53600,0,38,76362,5,15,1,1,1,1,1
4400,0,39,46140,2,16,1,1,1,0,1
49,0,64,13497,4,10,0,1,0,0,0
4999,0,48,39720,4,12,0,1,1,0,0
100,0,61,4635,2,14,0,1,0,0,0
-7750,0,25,37200,1,16,0,0,0,0,0
-6300,0,33,11238,1,16,0,1,0,0,0
-10397,0,33,9150,9,10,0,0,1,0,0
18850,0,36,52290,4,12,1,1,1,0,1
800,0,38,48651,2,18,0,1,0,1,0
22600,0,36,24642,4,16,0,1,1,0,0
-2100,0,46,6075,4,10,0,1,1,0,0
0,0,50,14292,3,11,0,0,1,0,1
0,0,28,13794,4,12,0,0,1,0,0
-4550,0,45,32409,4,12,0,1,1,0,1
-750,0,30,27000,1,16,0,1,0,1,0
0,0,27,5943,1,7,0,1,0,0,0
100000,0,54,31512,2,12,1,1,0,0,0
-1370,0,28,10710,2,12,0,0,0,0,0
24500,0,36,44595,2,14,1,1,1,0,0
0,0,31,21420,4,8,0,0,1,0,0
0,0,30,8415,2,12,0,0,0,0,0
40999,0,32,68169,4,18,1,1,1,1,1
-800,0,42,15384,7,13,0,1,1,0,1
26000,0,46,60396,3,16,0,1,1,0,0
-800,0,38,7968,4,7,0,0,1,0,0
0,0,27,33864,1,15,0,1,0,0,0
0,0,32,9780,1,12,0,0,1,0,0
900,0,38,16110,6,12,0,0,0,0,0
68248,0,44,103455,1,14,0,1,0,1,0
600,0,52,26880,2,8,0,1,1,0,0
-17300,0,49,33567,3,12,0,1,1,0,0
31379,0,43,48069,4,18,1,1,1,0,1
-5200,0,40,25506,1,12,1,0,0,0,0
18449,0,44,29526,4,12,1,1,0,0,0
-1900,0,39,25155,3,12,0,1,1,0,1
10981,0,43,13179,4,12,1,1,1,0,0
299,0,39,63150,4,12,0,1,1,0,0
5298,0,48,51591,5,16,0,0,1,0,0
-9600,0,34,13509,3,11,0,1,1,0,0
900,0,35,17460,1,14,0,0,0,0,0
-1820,0,46,46356,3,18,0,1,0,1,0
-2275,0,41,34353,2,17,1,1,0,0,0
2500,0,40,-9,7,14,0,1,1,0,0
2000,0,46,48858,4,8,0,1,1,0,1
0,0,32,26535,4,14,0,0,1,0,0
-5380,0,34,15684,1,16,0,0,0,1,0
-5750,0,28,55305,3,15,0,1,1,0,1
-26000,0,60,7776,1,8,0,1,0,0,0
2136,0,26,22182,8,11,0,0,1,0,1
5899,0,57,38595,2,12,0,1,1,0,1
-3900,0,31,27150,3,12,0,0,0,0,0
-26280,0,34,44775,4,16,0,0,1,0,0
200,0,31,12255,1,12,0,0,0,0,0
-5100,0,40,45231,3,13,0,1,0,0,0
-2785,0,32,6312,1,11,0,0,0,0,0
0,0,38,25626,4,6,0,0,1,0,0
-11200,0,31,63303,4,12,1,1,1,0,0
-800,0,25,13506,2,11,0,0,0,0,0
-13968,0,50,52215,5,14,0,0,1,0,0
-3000,0,38,42552,3,16,0,1,1,1,1
97333,0,63,44799,2,12,1,0,1,0,0
1300,0,28,51984,2,14,0,1,1,0,1
4000,0,37,83925,1,12,0,0,0,0,0
-7400,0,35,17475,1,13,0,0,0,0,0
-10002,0,32,11667,1,12,0,0,0,0,0
0,0,45,7752,1,1,0,1,0,0,0
2000,0,45,17829,2,12,0,1,1,0,1
-1425,0,45,24645,5,11,0,1,1,1,0
428,0,64,21657,2,8,0,1,1,0,0
-4000,0,31,24030,2,13,0,1,0,0,0
6000,0,60,35277,3,12,0,0,1,0,1
1680,0,38,32928,2,16,0,0,0,1,0
-250,0,37,20676,3,14,0,0,1,0,1
79499,0,40,42900,2,14,1,1,0,0,0
-7000,0,42,32220,1,9,0,0,0,0,0
0,0,52,21891,2,8,0,1,0,1,0
9999,0,47,24900,2,12,0,1,1,0,0
-750,0,64,15600,2,12,0,1,1,0,0
300,0,52,32388,2,12,0,1,1,0,0
-2552,0,30,33720,2,12,0,1,1,1,1
-101,0,56,30165,3,10,0,0,1,0,0
949,0,33,16731,1,12,0,0,0,0,0
-5700,0,32,28872,5,12,0,1,1,0,1
-9940,0,39,24576,3,12,0,0,0,0,0
2559,0,34,24915,7,12,0,1,1,0,0
0,0,42,16860,1,8,0,1,0,0,0
-4350,0,36,46842,2,14,1,0,1,0,0
0,0,35,2640,4,9,0,0,0,0,0
6750,0,28,28383,1,18,0,1,0,0,0
4500,0,31,14712,1,12,0,0,0,0,0
-8000,0,47,39432,5,12,0,1,1,1,1
350,0,29,17340,1,12,0,1,0,0,0
0,0,37,31911,1,18,0,0,0,0,0
5155,0,36,35154,2,12,1,1,1,0,1
40548,0,60,29100,2,11,0,1,1,0,1
-9700,0,29,31476,2,15,0,0,1,0,1
-800,0,33,28554,3,12,0,0,1,0,0
4600,0,42,21300,5,14,0,1,1,0,0
-4700,0,32,33414,4,13,0,0,1,0,1
-3980,0,36,30480,1,16,1,1,0,0,0
7500,0,40,12576,2,12,0,1,0,0,0
219759,0,61,29130,1,13,0,1,0,1,0
1850,0,37,14130,1,18,0,0,0,0,0
9499,0,29,36300,1,16,0,0,0,0,0
0,0,55,6564,5,8,0,1,0,0,0
49450,0,51,105396,1,16,0,1,1,0,0
-895,0,43,43044,7,11,0,1,1,0,1
-700,0,53,20412,2,9,0,1,1,0,0
0,0,35,2400,1,12,0,0,0,0,0
-5400,0,55,19548,4,12,0,1,1,0,1
-62,0,30,25437,1,12,0,1,0,0,0
-2200,0,35,18576,5,11,0,1,1,0,0
-1609,0,42,39138,3,12,1,1,1,0,1
-4000,0,52,20070,2,8,0,0,1,0,1
-16910,0,28,9624,4,12,0,0,1,0,0
-307,0,37,53151,4,16,1,1,1,1,1
50199,0,38,7680,1,12,0,1,0,0,0
66000,0,53,22434,2,14,1,1,0,0,0
-9000,0,28,19680,2,12,0,0,1,0,1
-1751,0,43,22473,1,14,0,0,0,0,0
0,0,44,10200,3,12,0,0,0,0,0
-5800,0,34,25392,2,12,0,1,1,0,0
999,0,53,21888,1,12,0,1,0,0,0
-1150,0,37,17760,4,12,0,1,1,1,0
-200,0,34,14040,1,12,0,0,0,0,0
-7450,0,57,23394,1,9,0,1,0,1,0
1300,0,50,16269,5,11,0,0,1,0,0
10000,0,26,21306,3,12,0,1,1,1,1
200,0,38,43209,3,14,0,1,1,0,0
-5000,0,28,20940,4,12,0,0,1,0,1
-2800,0,35,71310,4,16,0,1,1,0,1
30048,0,52,31803,3,9,0,1,1,0,0
-3690,0,43,37146,2,18,0,1,0,1,0
350,0,26,14280,3,12,0,0,1,0,0
11300,0,56,49866,3,12,1,1,1,0,0
-986,0,47,21300,6,16,0,0,1,0,0
-497,0,32,23238,3,12,0,1,1,0,1
-4311,0,44,39114,5,12,0,1,1,1,1
-2571,0,39,53565,3,12,0,1,1,0,1
8240,0,54,12825,2,14,0,1,0,1,0
6049,0,47,32568,4,17,1,1,1,0,1
350,0,47,34059,3,12,0,1,1,0,0
38010,0,61,26664,3,12,0,1,1,0,0
1500,0,33,16290,1,12,0,0,0,1,0
250,0,43,4740,3,11,0,0,0,0,0
-200,0,43,11931,7,6,0,0,1,0,1
-6700,0,26,8148,3,14,0,0,0,0,0
14098,0,50,32232,1,18,0,1,0,1,0
-7300,0,50,7182,5,9,0,0,1,0,0
-2965,0,48,40326,4,11,0,1,1,0,1
12200,0,53,46932,4,1,1,1,1,0,0
-1000,0,44,22410,3,13,0,0,0,1,0
-300,0,37,16200,1,14,0,0,0,0,0
-451,0,45,35340,3,12,0,1,0,1,0
2700,0,34,21672,5,9,0,1,1,0,0
71,0,55,32460,2,12,0,1,1,0,1
28499,0,61,25992,4,16,1,1,0,0,0
-3150,0,33,36549,1,17,1,1,0,1,0
1877,0,40,27684,3,12,0,0,1,1,1
0,0,60,17400,3,14,0,0,1,0,0
-3801,0,46,124860,2,16,0,1,0,0,0
-1320,0,27,41808,2,14,0,1,1,1,1
9750,0,59,21747,4,12,0,0,1,0,0
-1984,0,40,16800,2,10,0,1,0,0,0
1000,0,43,11424,1,16,0,0,0,0,0
258,0,31,40587,6,12,0,1,1,1,1
349,0,38,17364,2,12,0,0,0,0,0
15434,0,56,35772,2,13,1,1,1,0,0
26499,0,55,37539,1,15,1,1,0,0,0
-435,0,45,10035,1,12,0,0,0,0,0
2180,0,35,22350,1,16,0,0,0,1,0
100,0,38,25683,3,13,0,1,0,0,0
-1140,0,33,44700,5,18,0,0,1,1,1
6900,0,45,76872,4,18,0,1,1,1,1
31,0,29,15174,4,12,0,1,0,0,0
-1050,0,61,23052,2,12,0,1,0,0,0
0,0,55,4080,2,14,0,0,0,0,0
264100,0,56,92790,2,14,1,1,1,0,1
4498,0,55,54729,4,12,0,1,1,0,1
20248,0,50,11451,3,12,0,1,1,0,0
14999,0,62,55524,3,13,0,0,1,0,1
0,0,34,8199,1,11,0,0,0,0,0
2425,0,31,21939,1,18,0,0,0,0,0
-300,0,39,7836,4,15,0,1,1,1,0
80000,0,45,14058,3,14,0,1,0,0,0
22000,0,41,35061,3,12,0,0,1,0,1
-1640,0,32,35955,2,6,0,1,1,0,0
0,0,57,7800,1,6,0,0,0,0,0
800,0,30,16872,4,11,0,0,1,0,0
0,0,30,10200,1,12,0,0,0,0,0
3500,0,35,18582,1,12,0,0,0,0,0
-108,0,64,21138,2,12,0,1,1,0,0
50,0,45,10770,3,12,0,1,0,0,0
5700,0,47,22737,2,15,0,1,0,1,0
2750,0,29,33630,4,1,0,1,1,1,1
2500,0,40,24681,4,16,1,1,1,0,1
8030,0,48,47637,2,13,1,1,0,0,0
-88,0,43,25500,5,4,0,0,1,0,1
20,0,58,19089,3,12,0,1,0,0,0
28200,0,52,9903,1,12,0,1,0,0,0
10500,0,26,25860,1,16,0,1,0,0,0
10150,0,49,20340,2,14,1,1,0,1,0
0,0,41,6408,3,4,0,1,1,0,0
-1190,0,34,9792,2,12,0,1,0,0,0
2073,0,37,26688,4,12,0,1,1,0,1
-10391,0,30,3207,1,17,0,0,0,0,0
-22491,0,64,15393,3,10,0,1,1,1,0
49700,0,52,54600,4,12,1,1,0,0,0
22999,0,58,53382,4,18,1,1,1,0,0
0,0,33,11475,1,12,0,0,0,0,0
50370,0,55,14538,1,12,0,1,0,0,0
600,0,34,46386,4,16,0,0,1,1,1
0,0,53,7113,5,12,0,0,1,0,1
57852,0,38,80085,3,16,1,1,1,1,1
0,0,46,17091,5,12,0,0,1,0,0
384,0,28,29421,2,14,0,0,1,0,1
25,0,29,14670,1,12,0,0,0,0,0
0,0,32,36210,4,10,0,1,1,0,1
53712,0,62,29841,1,18,1,1,0,1,0
12000,0,62,48600,4,16,0,1,1,0,0
850,0,26,16116,3,13,0,0,1,0,0
0,0,56,14280,1,16,0,0,0,0,0
12499,0,56,15636,2,9,0,1,0,1,0
615,0,25,23250,1,12,0,0,0,0,0
49,0,38,39420,4,14,0,1,1,0,1
15000,0,32,52200,4,16,0,0,1,0,0
1875,0,29,55845,2,12,0,1,1,0,1
0,0,58,9720,4,8,0,1,1,0,0
0,0,25,15810,1,12,0,0,0,0,0
12899,0,42,58938,3,16,1,1,1,1,1
200,0,48,5214,2,12,0,0,0,0,0
-970,0,28,28728,5,12,0,0,1,1,1
1500,0,32,53664,2,16,0,1,1,1,1
3441,0,26,44205,2,15,0,1,1,0,1
-5700,0,26,20400,1,12,0,0,0,0,0
4650,0,35,45420,3,14,1,1,1,0,1
54,0,29,12243,1,12,0,0,0,0,0
2956,0,51,48216,2,18,0,1,0,0,0
-5200,0,31,46050,3,16,0,0,1,0,0
-9600,0,47,15141,2,12,0,1,1,0,0
-3995,0,36,33360,4,12,0,1,1,0,1
15098,0,50,48030,4,14,1,1,1,0,0
-5186,0,49,47748,3,14,0,1,1,0,1
0,0,45,9960,4,12,0,0,1,0,1
35000,0,48,41250,1,16,0,0,0,1,0
100,0,37,15018,3,12,0,0,0,0,0
29550,0,41,45012,1,18,1,1,0,1,0
3300,0,36,73578,5,12,0,1,1,0,0
-425,0,32,27888,6,6,0,0,1,0,1
-6980,0,41,31356,4,12,0,1,1,0,0
2800,0,34,29106,4,16,1,1,1,0,1
-9360,0,44,24057,5,12,0,1,1,0,1
-93,0,38,39837,4,12,0,1,1,0,1
-300,0,28,10698,5,14,0,0,1,0,0
184474,0,34,83274,5,14,1,1,1,0,0
-3400,0,54,6711,2,10,0,0,0,0,0
4700,0,36,56118,1,16,1,1,0,1,0
2399,0,50,22200,1,12,0,1,0,1,0
-200,0,26,31488,2,16,0,0,1,0,1
19199,0,54,20325,2,12,0,1,0,0,0
172,0,32,23508,4,12,0,1,1,0,1
5000,0,50,34470,2,12,0,0,0,1,0
0,0,64,19080,3,12,0,1,1,0,0
0,0,41,21096,5,12,0,1,1,0,1
1000,0,40,16218,1,16,0,0,0,0,0
0,0,45,9096,1,12,0,0,0,0,0
95,0,52,48450,4,12,0,1,1,0,0
6,0,49,5610,2,12,0,0,0,1,0
0,0,37,10524,3,14,0,0,0,0,0
-2300,0,41,24486,4,6,0,1,1,0,1
10199,0,53,88083,3,15,1,1,1,0,0
0,0,33,5160,1,12,0,0,0,0,0
-700,0,44,9180,4,14,0,1,0,0,0
-2000,0,25,23004,3,14,0,0,0,0,0
500,0,41,34950,3,16,0,1,0,0,0
-3500,0,46,13770,4,12,0,1,1,0,0
100,0,46,10200,2,9,0,1,0,0,0
-5320,0,37,35109,4,12,0,1,1,1,1
42000,0,59,105783,2,12,1,1,1,0,0
-10100,0,35,17400,1,16,0,0,0,1,0
20302,0,64,26109,1,12,0,1,0,1,0
1269,0,64,17256,2,10,0,1,1,0,0
4998,0,30,44502,5,12,0,1,1,0,1
3499,0,37,66960,2,12,0,0,1,0,1
7699,0,44,23190,4,13,0,1,1,0,0
7798,0,45,25254,6,6,0,0,1,0,1
-5800,0,38,44400,1,16,0,1,0,0,0
0,0,50,10650,1,6,0,1,0,0,0
60300,0,38,110181,5,12,1,0,1,0,1
23800,0,30,91500,1,18,0,0,0,0,0
-8950,0,35,43080,4,12,0,1,1,0,1
11000,0,27,21030,1,16,1,0,0,0,0
200,0,32,12192,4,13,0,1,0,1,0
2318,0,40,52647,3,13,1,1,1,0,1
340,0,32,20811,3,7,0,0,1,0,1
63400,0,53,32856,1,17,1,1,0,0,0
-6900,0,25,8250,1,14,0,0,0,0,0
1900,0,39,48027,1,17,1,1,0,1,0
8199,0,33,24612,5,6,0,1,0,0,0
200,0,63,14754,5,1,0,1,0,0,0
0,0,27,4725,5,10,0,0,1,0,0
5,0,45,13911,2,10,0,0,0,0,0
-10001,0,48,32880,2,18,0,1,0,1,0
-9550,0,42,12600,1,12,0,1,0,0,0
-19840,0,31,25002,4,12,0,0,1,0,1
-243,0,63,6753,2,4,0,1,1,0,0
20600,0,45,42618,5,18,1,1,1,0,0
500,0,57,17880,1,9,0,1,0,0,0
-53916,0,46,79392,3,16,0,1,1,1,1
150,0,34,14982,2,12,0,1,0,0,0
-11745,0,28,39642,3,18,0,0,1,0,1
-10200,0,25,61830,2,16,0,0,1,0,1
20,0,57,6885,2,12,0,1,0,0,0
-299750,0,42,53514,4,10,0,1,1,0,1
-23500,0,30,30000,1,18,0,0,1,0,0
8513,0,33,79500,4,16,0,1,1,0,0
12434,0,61,103449,2,18,1,1,1,1,1
-4400,0,45,46071,4,12,0,1,1,0,1
900,0,51,36060,3,12,0,1,1,0,1
30899,0,60,35550,2,11,1,1,1,0,1
64599,0,64,23136,2,12,1,1,1,0,0
16300,0,25,40806,1,16,1,1,0,1,0
3800,0,33,10215,1,14,0,0,0,0,0
5200,0,44,45573,4,14,0,1,1,0,1
-5400,0,55,23166,3,12,0,1,1,1,1
-175,0,64,21792,2,12,0,1,1,0,0
0,0,46,20199,1,8,0,0,0,0,0
-12797,0,41,35520,3,12,0,1,1,0,1
-3100,0,41,22572,3,18,0,0,0,0,0
-1000,0,30,14625,1,12,0,0,0,0,0
1749,0,27,10941,1,12,0,1,0,0,0
310,0,26,19074,1,13,0,0,0,0,0
0,0,43,7140,3,12,0,0,0,0,0
-10500,0,36,27600,4,15,0,0,0,0,0
-500,0,52,21600,1,17,0,0,0,1,0
250,0,29,35100,1,12,0,0,0,0,0
3699,0,48,70590,4,18,0,1,1,1,1
-501,0,30,7336,1,12,0,1,1,0,0
-250,0,34,100029,5,13,0,1,1,0,1
158206,0,53,40827,4,12,1,1,1,0,1
197150,0,41,74592,3,15,1,1,1,0,0
109000,0,54,58653,3,15,1,1,0,1,0
-1600,0,36,8004,5,12,0,0,1,0,0
3000,0,44,15300,2,9,1,0,1,0,0
-46500,0,46,19704,3,16,0,1,0,0,0
0,0,35,26700,3,12,0,0,1,0,1
24500,0,44,52065,5,12,0,1,1,0,1
-16586,0,52,7440,1,18,0,0,0,0,0
12079,0,44,21411,2,12,0,1,1,0,1
0,0,29,21600,1,12,0,0,0,0,0
0,0,27,9000,1,12,0,0,0,0,0
-6586,0,48,18537,2,14,0,0,0,0,0
-2797,0,39,13512,3,12,0,1,1,1,1
12000,0,55,34542,4,12,0,1,1,0,1
0,0,36,15600,3,14,0,0,0,0,0
100,0,29,21675,1,13,0,0,0,0,0
25049,0,37,32442,1,16,1,1,0,1,0
-510,0,26,10221,7,9,0,0,1,0,0
0,0,53,12852,8,6,0,0,1,0,0
-4001,0,38,13278,4,12,0,1,0,0,0
-743,0,61,20256,1,9,0,1,0,0,0
3049,0,37,48705,3,18,0,1,0,0,0
0,0,27,20460,3,12,0,1,1,0,1
2000,0,30,46008,4,10,0,1,1,0,0
224500,0,44,92700,1,16,1,1,0,1,0
136000,0,57,76230,1,18,1,1,0,1,0
-2000,0,55,34470,4,12,0,1,1,0,1
-12951,0,34,29166,2,18,0,0,1,0,0
0,0,46,18960,1,8,0,0,0,0,0
600,0,44,60480,2,12,0,1,1,0,1
1635,0,32,25494,1,18,0,0,0,1,0
5800,0,48,27276,4,16,0,1,1,1,1
0,0,29,7650,1,12,0,0,0,0,0
650,0,61,30513,2,11,0,1,1,0,0
0,0,59,7824,4,11,0,1,0,0,0
0,0,34,4296,2,11,0,0,0,0,0
-1501,0,61,21630,3,15,0,1,0,1,0
1800,0,27,15099,5,6,0,0,1,0,0
-3201,0,34,35868,4,13,0,1,1,0,1
12200,0,34,43875,3,14,0,1,0,0,0
-6380,0,40,50817,5,12,0,1,1,0,1
-600,0,55,7989,2,11,0,1,0,0,0
77,0,35,16194,1,15,0,0,0,1,0
34890,0,45,65040,2,14,1,1,1,0,1
0,0,57,10797,2,11,0,0,0,0,0
3300,0,35,22800,3,17,0,1,1,0,0
-7000,0,45,44019,5,16,1,1,1,0,1
0,0,38,8289,3,10,0,0,0,1,0
3200,0,49,39801,1,11,0,0,0,0,0
100,0,44,12648,2,12,0,0,1,0,0
-23,0,42,27696,2,12,0,1,1,0,0
1300,0,35,24000,1,16,0,1,0,0,0
42196,0,56,64332,5,12,0,1,1,0,0
46992,0,37,51798,3,15,1,1,1,0,1
-1479,0,38,19497,2,11,0,0,1,0,0
0,0,28,3150,2,11,0,0,0,0,0
-444,0,31,15912,3,12,0,0,0,0,0
-3900,0,26,19203,1,15,0,0,1,1,0
10000,0,42,38343,4,12,0,1,1,0,1
-6550,0,28,7020,1,18,0,0,0,0,0
-9795,0,26,24168,1,13,0,0,0,0,0
200,0,63,36252,2,12,0,1,1,0,0
599,0,27,10836,3,14,0,1,0,0,0
25500,0,57,49428,1,16,1,1,0,0,0
-4100,0,26,61710,5,11,0,1,1,0,0
-800,0,53,26622,3,10,0,1,1,1,1
4787,0,49,41490,2,12,0,1,1,0,1
999,0,26,55779,2,15,0,1,1,0,1
0,0,51,4338,3,13,0,1,0,0,0
20999,0,51,7470,1,12,1,1,0,0,0
-2800,0,43,54648,4,12,0,1,1,0,1
10220,0,49,18117,1,12,1,1,0,0,0
-1675,0,32,58167,5,12,0,1,1,0,1
59748,0,41,15120,6,12,0,1,1,0,0
-2200,0,25,27630,1,13,0,1,0,0,0
-10642,0,35,8649,5,13,0,0,1,0,0
0,0,36,21000,1,14,0,0,0,0,0
1500,0,49,25920,1,10,0,1,0,0,0
0,0,25,14172,1,14,0,0,0,0,0
18600,0,33,31440,2,16,1,1,1,0,1
12000,0,62,21780,2,14,0,1,1,0,0
-4391,0,38,18930,4,12,0,0,0,0,0
3749,0,60,43425,4,11,1,1,1,0,1
2000,0,64,30192,2,16,0,0,1,0,0
-2252,0,42,20331,3,12,0,1,0,1,0
54624,0,43,25908,3,13,0,1,0,1,0
-3100,0,27,24651,1,14,0,1,0,0,0
-17700,0,61,38880,2,13,0,1,0,1,0
2500,0,64,21111,1,14,0,1,0,0,0
-400,0,55,32400,4,16,0,1,0,1,0
0,0,30,24000,1,16,0,1,0,0,0
48000,0,53,11538,2,13,0,1,0,0,0
50400,0,38,74724,2,18,1,1,1,0,1
90550,0,39,159696,2,16,1,1,1,0,1
300,0,35,54750,5,12,0,1,1,0,1
39100,0,33,52494,4,14,1,1,1,0,1
80802,0,43,99153,2,18,1,1,1,1,1
-2000,0,27,14760,5,13,0,0,0,0,0
500,0,55,21552,8,11,0,1,1,0,1
-8800,0,56,11490,2,12,0,1,1,0,1
754,0,35,22443,5,12,1,1,1,0,0
95999,0,34,77334,3,12,1,1,1,0,1
2500,0,43,22650,5,12,0,1,1,0,1
-8388,0,28,28530,3,12,1,1,1,0,1
24000,0,37,48180,4,18,1,1,1,0,0
5300,0,37,54621,4,18,1,1,0,0,0
-400,0,43,5766,3,14,0,0,0,0,0
826,0,47,16956,2,12,0,1,1,0,0
100,0,26,24309,3,12,0,0,1,0,0
400,0,31,19140,1,12,0,1,0,1,0
76678,0,49,37458,2,12,0,1,0,1,0
29599,0,51,28659,1,14,0,0,0,1,0
-5396,0,27,10401,1,15,0,0,0,0,0
0,0,38,12750,2,4,0,1,0,0,0
334576,0,49,110760,4,18,1,1,1,0,1
-4450,0,55,15150,4,9,0,1,1,0,0
-108,0,52,11115,1,6,0,0,0,0,0
48486,0,64,34881,2,8,1,1,1,0,0
330,0,54,53475,2,12,0,1,1,0,1
500,0,35,8700,2,12,0,1,0,0,0
-550,0,30,15822,4,15,0,1,1,0,0
1490,0,38,12816,4,10,0,1,1,0,0
6249,0,34,45045,4,16,1,1,1,0,0
-9988,0,40,22689,8,14,0,0,0,0,0
-740,0,63,21630,2,15,0,1,0,0,0
-2025,0,62,9894,3,8,0,1,0,0,0
27500,0,44,44205,4,12,0,0,1,0,1
15325,0,46,87150,2,15,1,1,1,0,1
6300,0,26,35820,1,13,0,0,0,0,0
9130,0,39,16692,2,12,1,1,1,0,1
0,0,31,11451,4,10,0,0,0,0,0
750,0,28,24690,1,18,0,1,0,0,0
0,0,35,9102,2,15,0,0,0,0,0
14700,0,46,35709,2,17,1,1,1,0,0
-9764,0,43,11454,5,12,0,1,1,0,0
1399,0,32,24108,1,18,1,0,0,0,0
2905,0,51,19956,3,12,0,1,1,0,0
1600,0,32,12885,2,12,0,1,1,0,0
75,0,34,33105,5,11,0,1,1,0,0
-400,0,28,921,1,13,0,0,0,0,0
111700,0,50,70902,4,15,1,1,1,0,1
17000,0,39,42009,1,18,1,1,0,1,0
300,0,26,16095,3,12,0,0,1,0,0
3400,0,41,26148,3,12,1,0,0,1,0
-6875,0,44,27411,6,12,0,1,1,0,1
-2040,0,46,14424,4,8,0,1,1,0,0
120500,0,59,84159,2,14,0,1,1,0,0
21000,0,43,37776,4,12,0,1,1,1,1
47488,0,48,26916,1,16,1,0,0,1,0
-2000,0,39,62130,5,18,0,1,1,0,0
5424,0,46,38997,3,12,1,1,1,0,0
28499,0,43,52260,5,14,1,0,1,0,0
2150,0,28,14877,2,16,0,0,1,0,0
-600,0,32,11475,4,12,0,1,1,0,0
0,0,27,11454,5,10,0,0,1,0,0
0,0,30,5214,3,12,0,0,0,0,0
27400,0,50,60300,2,12,1,1,1,0,1
-2700,0,52,25020,1,12,0,0,0,1,0
-18051,0,36,10212,4,14,0,1,1,0,0
57996,0,46,81162,4,18,1,1,1,0,1
-800,0,55,12780,3,8,0,1,1,0,0
54719,0,61,27654,1,14,1,1,0,0,0
1450,0,40,40620,4,11,0,1,1,0,1
-9456,0,41,24012,3,15,0,1,0,0,0
15,0,34,17136,3,14,0,0,0,1,0
-5400,0,43,19563,1,16,0,0,0,0,0
-20,0,56,18402,4,12,0,1,1,0,1
1200,0,27,30162,5,8,0,0,1,0,0
500,0,40,35670,8,6,0,1,1,0,0
-12500,0,27,39408,4,16,0,1,1,0,1
57,0,33,19767,3,13,0,0,1,0,1
-6850,0,45,22506,4,12,1,1,1,0,0
-3050,0,42,29076,3,12,0,1,1,0,1
-1600,0,38,12312,1,12,0,0,0,0,0
18000,0,41,44760,4,18,0,1,1,0,1
-4631,0,33,31536,6,14,0,0,1,0,1
-315701,0,35,89118,3,16,0,0,1,0,0
24100,0,61,28500,2,13,1,1,1,0,1
2001,0,54,32520,2,12,0,1,1,0,1
2000,0,34,16395,4,16,0,0,1,0,0
-3000,0,50,19920,5,12,0,1,1,0,1
-4900,0,38,18927,2,12,0,0,0,0,0
-5590,0,42,23004,4,12,0,0,1,0,0
-400,0,42,24408,1,12,0,0,0,0,0
12000,0,35,51360,1,16,1,1,0,0,0
0,0,58,20016,2,5,0,0,1,0,0
0,0,40,12240,4,4,0,0,1,0,0
-2400,0,54,18255,3,12,0,1,0,1,0
21300,0,45,33822,3,14,1,1,0,0,0
-1000,0,29,10350,6,16,0,0,1,0,0
300,0,38,10245,3,7,0,0,1,0,0
-200,0,49,8535,1,10,0,0,0,0,0
0,0,46,28800,2,12,0,1,0,1,0
-500,0,29,89280,1,13,0,0,0,1,0
59000,0,50,22824,1,12,1,1,0,1,0
-3850,0,60,8850,1,11,0,1,0,0,0
-1450,0,31,22572,2,14,0,0,0,0,0
4107,0,48,28017,1,12,0,0,0,0,0
-3351,0,32,24045,1,13,0,1,0,1,0
5000,0,34,37533,2,11,0,1,1,0,1
15299,0,50,14391,1,12,0,1,0,0,0
2648,0,41,28551,4,12,1,1,1,0,0
20,0,36,8976,1,12,0,0,0,0,0
79700,0,57,43350,2,12,1,1,1,0,0
0,0,32,18750,3,9,0,0,0,0,0
14699,0,25,26400,1,9,0,0,0,0,0
-1346,0,55,29634,2,16,0,1,0,0,0
23000,0,57,16500,2,13,0,1,1,0,1
-2069,0,26,5919,3,12,0,0,0,0,0
128350,0,45,95184,5,16,1,1,1,0,1
-600,0,51,13479,1,13,0,0,0,0,0
-550,0,43,14292,3,12,0,1,1,0,0
-784,0,41,22800,1,12,0,0,0,0,0
-1501,0,57,27927,4,7,0,1,1,0,1
-400,0,56,19434,5,14,0,0,1,0,0
-1000,0,27,15300,1,12,0,0,0,0,0
-6397,0,43,11103,4,14,0,0,0,0,0
1549,0,54,36996,5,13,0,1,1,0,1
0,0,51,16500,5,12,0,0,1,0,0
7199,0,28,41232,2,12,0,0,1,0,1
17398,0,46,12927,4,12,1,1,1,0,0
-2000,0,62,17340,1,12,0,0,0,1,0
0,0,64,4779,6,10,0,1,0,0,0
-1800,0,25,27726,5,12,0,0,1,0,0
-17500,0,48,72810,3,12,0,0,1,0,1
4199,0,38,42906,4,12,0,1,1,0,0
13499,0,48,65370,4,14,0,1,1,0,1
3200,0,42,116262,4,18,0,0,1,0,1
0,0,59,9705,1,1,0,0,0,0,0
0,0,54,27732,2,11,0,1,1,1,0
2700,0,31,16527,1,12,0,0,0,0,0
21299,0,49,56646,2,12,0,1,1,1,1
100000,0,59,100941,2,12,1,1,1,0,1
17900,0,58,58959,2,12,0,1,1,0,0
-7000,0,43,21792,1,12,0,0,0,1,0
17,0,48,16665,3,12,0,1,1,0,0
-100,0,25,14895,1,14,0,0,0,0,0
8999,0,58,13404,1,11,1,1,0,0,0
200,0,41,10200,2,12,0,0,0,0,0
300,0,34,13818,3,12,0,1,1,0,0
-1400,0,34,16686,4,10,0,0,1,0,1
17299,0,57,43968,2,14,0,0,1,0,0
4200,0,57,27366,2,12,0,1,1,0,0
-1000,0,34,16320,1,14,0,0,0,0,0
1499,0,49,41658,1,16,0,0,0,0,0
1299,0,55,4359,1,12,0,0,0,0,0
-5872,0,29,28005,5,12,0,0,1,0,0
2500,0,37,30540,3,14,0,1,1,0,1
0,0,64,13122,2,12,0,1,1,0,0
214300,0,43,84900,3,18,1,1,1,1,1
67000,0,52,27780,1,15,0,0,0,0,0
3550,0,28,21267,1,12,0,0,0,0,0
100,0,54,23358,4,13,0,1,0,0,0
400,0,41,25272,3,12,0,1,0,0,0
2280,0,30,23268,3,12,0,0,1,0,1
-3000,0,25,33750,1,16,0,0,0,0,0
92800,0,52,100596,2,18,0,1,0,0,0
-900,0,28,39618,3,13,0,1,0,0,0
8420,0,42,66111,4,17,0,1,1,0,1
33700,0,47,38946,4,12,1,1,1,0,1
99,0,42,15306,1,10,0,0,1,0,0
1140,0,36,34488,5,11,0,1,1,0,1
-29050,0,48,16560,2,18,0,0,0,0,0
-4537,0,41,95706,5,16,1,0,1,0,0
14800,0,53,37482,3,12,1,1,1,0,1
360,0,26,30720,1,16,0,1,0,0,0
3999,0,59,15450,1,12,0,1,0,0,0
79966,0,47,20910,4,12,1,1,1,0,1
-400,0,36,6411,2,13,0,0,0,0,0
-1596,0,27,6780,5,12,0,1,1,0,0
13497,0,59,13776,1,7,0,1,0,0,0
0,0,38,8670,7,12,0,0,0,0,0
15,0,46,7638,4,13,0,0,0,0,0
5050,0,32,95961,2,17,1,0,1,1,1
-2501,0,52,11910,1,12,0,1,0,1,0
-10002,0,64,49365,2,14,1,1,1,1,0
-5559,0,29,31740,5,12,0,1,1,0,0
10,0,34,15390,1,10,0,0,0,0,0
8000,0,28,71259,2,16,0,1,1,0,1
30999,0,42,43500,4,14,1,1,1,0,0
-890,0,52,10806,4,13,0,0,1,0,0
-900,0,62,69960,9,16,0,1,1,1,0
4999,0,53,13110,3,12,0,1,0,0,0
0,0,43,4836,5,11,0,1,1,0,0
294,0,47,14040,1,12,0,0,0,0,0
8249,0,63,17733,2,10,0,1,1,0,0
499,0,60,13290,1,7,0,1,0,0,0
-450,0,59,25785,2,12,0,1,1,0,0
1999,0,26,20724,1,12,0,0,0,0,0
0,0,64,7674,1,2,0,0,0,0,0
-2210,0,28,21300,3,11,0,0,1,0,1
40,0,51,23460,3,12,0,0,1,0,1
75,0,30,25500,2,12,0,0,0,0,0
3600,0,45,29400,2,16,0,0,0,0,0
1340,0,41,29715,1,15,0,1,0,1,0
-7800,0,28,42051,2,14,0,1,0,0,0
19600,0,27,6096,1,12,0,1,0,1,0
200,0,61,18360,1,9,0,0,0,0,0
230500,0,45,76428,2,18,1,1,1,1,1
1120,0,44,20505,1,12,0,0,0,1,0
0,0,43,25245,1,10,0,0,0,0,0
0,0,29,10080,2,12,0,0,0,0,0
29000,0,58,20067,3,17,0,1,0,0,0
-300,0,55,22188,5,11,0,1,1,1,1
-8195,0,28,27246,4,14,0,0,1,0,1
79757,0,55,38679,1,12,1,1,0,1,0
-2000,0,37,69120,3,16,0,0,1,0,1
0,0,46,24126,8,12,0,0,1,0,0
0,0,29,7290,3,12,0,0,1,0,0
-12750,0,32,30927,1,16,0,0,0,0,0
90930,0,36,93648,2,18,1,0,1,0,1
-545,0,56,32436,2,8,0,1,1,0,0
-9300,0,27,97950,1,12,0,0,0,1,0
9999,0,25,5700,2,15,0,0,0,0,0
62800,0,57,61500,3,13,1,1,1,0,0
-2300,0,50,18450,1,14,0,1,0,0,0
-1455,0,34,24048,7,11,0,1,1,0,1
27299,0,51,75162,2,13,1,1,1,0,1
465,0,37,15003,1,14,0,0,0,0,0
-900,0,29,23172,1,16,0,0,0,0,0
0,0,33,12360,3,11,0,0,0,0,0
0,0,32,12960,3,12,0,1,1,0,0
41710,0,47,22092,3,14,0,1,0,0,0
-600,0,30,36066,2,10,0,1,1,0,1
-1251,0,60,5472,1,12,0,0,0,0,0
850,0,41,27045,1,15,0,0,0,0,0
5899,0,43,34608,4,12,0,0,1,0,0
24612,0,60,62700,3,16,1,1,1,0,0
231759,0,57,27696,1,13,1,0,0,1,0
32000,0,37,21000,2,17,0,1,0,0,0
-3370,0,63,28908,1,16,0,0,0,1,0
17396,0,61,33090,2,12,1,1,1,0,0
-251,0,28,4869,1,14,0,0,0,0,0
0,0,40,19125,2,12,0,0,0,0,0
7500,0,48,29496,2,18,1,1,0,0,0
-11650,0,43,56589,4,12,1,1,1,0,1
799,0,49,9228,1,7,0,0,0,0,0
15,0,31,16029,1,13,0,0,0,0,0
0,0,40,40662,3,16,0,0,0,1,0
200,0,37,17850,4,12,0,1,1,0,0
7500,0,47,33930,4,12,0,1,1,0,0
225,0,38,29028,1,17,0,1,0,1,0
17407,0,38,99330,3,18,1,1,1,1,1
18600,0,41,42060,4,16,1,1,1,1,1
500,0,35,23091,3,16,0,0,0,0,0
-130,0,51,4137,3,6,0,1,1,0,0
600,0,47,13800,1,12,0,0,0,0,0
0,0,44,13005,1,12,0,0,0,0,0
11500,0,26,37350,1,16,0,1,0,1,0
250,0,39,7665,3,17,0,0,0,0,0
4000,0,63,37320,2,8,0,1,1,0,0
16800,0,61,48582,2,12,0,1,1,1,1
60840,0,39,27546,1,12,1,1,0,0,0
-3288,0,26,1275,1,16,0,0,0,0,0
0,0,42,18000,1,1,0,1,0,0,0
12821,0,42,56550,4,16,1,1,1,0,0
21800,0,44,98880,2,15,0,1,1,0,1
-62000,0,58,16800,2,6,1,1,1,0,0
-11000,0,44,48135,1,18,0,0,0,0,0
-96,0,34,20880,3,12,0,0,1,0,1
0,0,27,11631,5,11,0,0,1,0,0
0,0,25,3600,5,8,0,1,1,0,0
-2100,0,38,31896,5,15,0,1,1,1,1
9500,0,41,30000,3,12,1,0,0,1,0
-80,0,31,12036,6,6,0,1,1,0,0
-355,0,41,70671,4,14,0,1,1,1,1
16,0,37,35739,2,17,0,1,1,1,1
12192,0,27,31830,3,15,1,1,1,0,1
-3200,0,38,32805,4,12,0,0,1,0,1
29338,0,47,51654,4,13,1,1,1,0,0
19000,0,63,18549,2,3,0,1,1,0,0
100,0,25,14790,1,12,0,1,0,0,0
2000,0,38,20478,3,12,0,0,0,0,0
145720,0,63,41790,2,13,1,1,1,0,0
85,0,31,8088,1,17,0,0,0,1,0
0,0,29,29355,5,12,0,0,1,0,1
0,0,32,66897,3,16,0,1,1,0,0
-801,0,32,34938,4,14,0,0,1,0,0
-1031,0,29,25668,3,12,0,0,1,0,1
41900,0,47,123690,2,14,0,1,1,0,1
24999,0,46,43896,3,17,0,0,1,1,1
-2961,0,32,40104,4,12,0,1,1,0,1
300,0,36,57624,1,12,0,1,0,0,0
12000,0,30,22074,1,12,0,1,0,0,0
25618,0,59,40854,2,12,1,1,1,0,1
0,0,32,14664,2,14,0,0,0,0,0
-2450,0,31,47676,3,14,0,0,1,1,1
1780,0,36,47733,2,14,0,1,1,0,1
-7900,0,63,20724,4,12,0,0,1,0,0
-500,0,40,6774,3,10,0,0,0,0,0
4999,0,32,4890,1,10,0,0,0,0,0
-100,0,33,42183,1,14,0,0,0,0,0
-2400,0,38,22776,4,12,0,1,1,0,0
2499,0,59,16650,2,12,0,0,0,1,0
-3000,0,46,11592,3,12,0,1,0,0,0
10499,0,35,15144,4,15,1,0,1,0,0
550,0,28,45045,1,16,0,0,0,0,0
11700,0,41,52089,4,16,0,1,1,0,1
1907,0,31,58980,4,1,1,1,1,0,1
-1240,0,40,61398,4,14,0,1,1,0,0
-1067,0,59,6684,5,12,0,0,1,0,1
-369,0,49,25704,1,13,0,1,0,1,0
3749,0,51,45102,2,13,0,1,1,0,0
-5000,0,56,41466,4,12,0,1,1,0,1
-376,0,38,13080,1,15,0,0,0,0,0
-6983,0,37,15882,4,15,0,1,0,0,0
-409000,0,40,115584,2,14,0,1,1,0,1
250,0,30,16500,1,9,0,1,0,0,0
9998,0,33,40470,3,14,0,1,1,0,0
700,0,29,25614,1,18,0,0,0,1,0
0,0,41,20928,1,10,0,0,0,1,0
1130,0,26,26409,1,13,0,0,0,0,0
2691,0,36,36045,4,12,1,1,1,0,0
0,0,48,9600,2,9,0,0,1,0,0
1999,0,30,28356,4,12,0,0,1,0,0
9400,0,31,32202,3,11,0,0,1,0,1
-5100,0,35,38244,3,16,0,0,1,0,1
2132,0,64,12171,1,12,1,1,0,0,0
0,0,37,15720,4,10,0,0,0,0,0
-929,0,40,30936,4,13,0,1,0,1,0
-12007,0,27,23850,3,14,0,0,1,0,1
2050,0,37,25920,1,18,0,0,0,0,0
13493,0,34,53562,1,17,0,0,0,0,0
0,0,61,25092,4,12,0,1,0,0,0
-1607,0,30,27093,4,13,0,1,1,0,1
-121472,0,33,40902,4,12,0,0,1,0,0
1174,0,25,30219,4,14,0,1,1,0,1
-180,0,59,10788,1,10,0,0,0,1,0
3000,0,56,21600,4,6,0,0,1,0,1
11100,0,36,18750,1,15,1,1,0,0,0
40800,0,42,32025,1,14,1,0,0,0,0
-3300,0,32,27960,1,12,0,0,0,0,0
-2950,0,50,53940,3,11,0,1,1,0,1
-13000,0,27,19962,2,12,0,0,0,0,0
17300,0,61,58680,2,12,1,1,1,1,1
-1800,0,57,19440,5,12,0,1,0,1,0
-370,0,46,57513,4,12,0,1,1,0,1
-3250,0,29,14556,1,14,0,0,0,0,0
10398,0,42,51492,4,16,0,1,1,0,1
9885,0,53,22872,6,12,0,1,1,0,1
0,0,44,30600,1,14,0,0,0,0,0
-425,0,28,20148,5,12,0,0,1,1,1
100,0,30,11820,3,12,0,0,0,0,0
15350,0,42,56046,2,16,0,1,1,1,1
24999,0,48,44376,1,12,0,1,0,0,0
18900,0,62,25920,2,13,1,1,1,0,1
-6400,0,45,50025,2,12,0,1,1,0,1
79400,0,55,68760,2,9,0,0,1,0,0
-200,0,28,17859,3,13,0,1,0,0,0
43099,0,57,89514,3,16,1,1,1,0,0
425,0,32,18294,2,12,0,0,0,1,0
-6451,0,33,34269,4,13,0,1,1,0,1
8724,0,33,77007,2,18,0,1,1,1,1
9499,0,50,41775,1,12,1,1,0,1,0
28,0,40,14283,1,12,0,0,0,0,0
0,0,25,8670,10,3,0,0,0,0,0
0,0,39,8700,2,10,0,0,0,0,0
14900,0,44,78099,5,17,1,1,1,1,1
600,0,38,24462,4,14,0,0,1,1,1
-4242,0,46,30600,4,6,0,1,1,0,0
75,0,42,6801,3,12,0,0,0,0,0
16700,0,59,27942,2,12,0,1,1,0,0
949,0,48,13215,3,12,0,1,0,1,0
1200,0,32,34788,2,12,0,1,1,0,0
11243,0,41,63939,4,17,0,1,1,1,1
-1008,0,29,15312,3,12,0,1,1,0,0
6500,0,40,38400,4,12,0,1,1,0,0
4999,0,61,16014,6,11,1,1,0,0,0
0,0,39,15504,5,12,0,0,0,1,0
-5950,0,45,22812,5,12,0,0,1,0,0
800,0,31,25158,3,13,0,1,1,0,0
-320,0,27,25953,4,6,0,0,1,0,1
0,0,34,15558,1,17,0,0,0,0,0
-15141,0,49,69555,4,18,0,1,1,1,1
46298,0,61,8739,2,10,1,1,1,0,0
-2850,0,27,22200,1,16,0,0,0,0,0
-1500,0,27,14430,2,16,0,0,1,0,0
0,0,35,33843,2,10,0,0,0,1,0
6500,0,31,26058,1,12,0,0,0,0,0
1035,0,46,30600,3,13,0,1,0,0,0
59100,0,57,74718,3,12,1,1,1,0,1
49,0,63,26823,1,11,0,0,0,1,0
6799,0,34,12360,1,16,0,0,0,0,0
200,0,48,5568,3,12,1,0,0,0,0
1600,0,39,77919,6,17,0,1,1,0,1
950,0,29,18450,3,16,0,1,1,0,0
-12465,0,50,41217,4,7,0,1,1,0,1
2549,0,38,18438,6,11,0,0,1,0,0
-4915,0,33,20736,1,13,0,0,0,1,0
1700,0,38,20577,5,12,0,0,1,0,0
200,0,60,24432,2,15,0,1,1,0,1
223075,0,30,63750,1,16,1,0,0,1,0
4591,0,26,28356,2,16,0,0,1,0,1
-9400,0,38,36648,4,12,0,1,1,0,1
-900,0,29,40074,2,13,0,0,1,0,0
400,0,33,12264,5,6,0,0,1,0,0
33800,0,49,30063,1,14,1,1,0,1,0
0,0,32,14529,4,12,0,0,0,0,0
7768,0,31,32256,3,12,0,0,1,0,0
-6700,0,40,22752,4,12,0,1,0,1,0
8550,0,59,31350,1,12,1,0,0,0,0
-40,0,35,15690,3,12,0,1,0,0,0
15600,0,25,17793,1,18,0,0,0,0,0
0,0,59,13020,6,9,0,1,1,0,0
-5000,0,36,22152,5,14,0,0,1,0,1
-10700,0,35,36000,1,18,0,0,0,0,0
0,0,48,7113,1,16,0,0,0,0,0
19599,0,47,28182,1,18,0,0,0,0,0
29715,0,35,74178,4,14,0,1,1,0,0
12898,0,41,84495,6,18,0,1,1,1,1
4199,0,64,21102,2,12,0,1,1,1,0
113595,0,58,59952,2,12,1,1,1,0,1
0,0,41,10200,4,10,0,1,0,0,0
-4577,0,48,9354,3,16,0,0,0,0,0
11500,0,44,46800,3,18,1,1,1,0,1
300,0,49,45150,4,12,1,1,1,0,0
-10300,0,25,19926,1,18,0,0,0,0,0
4500,0,40,26073,1,12,0,1,0,1,0
-5600,0,52,38610,2,12,0,1,0,0,0
1020,0,31,21630,1,12,0,0,0,0,0
-2450,0,36,25812,3,16,0,0,1,0,0
-25,0,44,5760,5,12,0,1,0,0,0
6435,0,44,46740,1,18,0,0,0,1,0
16550,0,45,25728,5,18,1,1,1,1,1
-250,0,47,41670,6,10,0,1,1,0,0
-8000,0,35,29925,2,12,0,1,1,0,1
-150,0,35,14610,1,12,0,0,0,0,0
10600,0,46,41622,5,11,1,1,1,0,0
48599,0,37,42459,5,12,0,1,1,0,1
399,0,49,36336,6,11,0,1,1,0,1
950,0,35,27624,5,12,0,1,1,0,0
-960,0,42,23313,3,12,0,0,0,0,0
0,0,43,19074,1,14,0,0,0,0,0
16975,0,33,33225,5,16,0,1,1,0,1
-11100,0,40,59685,3,14,0,1,1,0,1
80,0,41,10830,5,6,0,0,1,0,0
15050,0,39,61863,6,16,1,0,1,0,0
0,0,46,19371,6,6,0,0,1,0,0
-1250,0,33,17100,3,15,0,0,0,0,0
-569,0,39,9000,1,12,0,0,0,0,0
29200,0,61,42744,3,12,1,1,1,0,0
0,0,29,12000,1,18,0,0,0,0,0
0,0,41,13260,2,13,0,1,0,0,0
8000,0,45,36495,3,12,0,0,0,1,0
525,0,46,22170,2,18,0,1,0,0,0
0,0,26,22080,3,12,0,0,0,1,0
10700,0,39,42120,4,15,1,1,1,0,1
14264,0,25,9660,1,12,0,0,0,0,0
0,0,39,13338,6,12,0,0,0,0,0
550,0,32,36945,4,14,0,0,1,0,0
700,0,52,22791,4,6,0,0,1,0,0
-21751,0,28,3765,3,16,0,0,0,0,0
-5800,0,45,17685,1,12,0,0,0,0,0
-4751,0,45,50397,2,13,0,1,1,0,0
2999,0,41,18660,5,6,0,1,1,0,0
-300,0,43,3825,5,9,0,0,1,0,0
86,0,36,32073,4,12,0,0,1,0,1
300,0,34,16845,1,11,0,1,0,1,0
-1200,0,31,21969,10,6,0,0,1,0,1
-2088,0,61,6132,2,11,0,0,0,0,0
-331,0,27,16056,4,11,0,1,1,0,0
8000,0,29,102996,4,12,0,1,1,0,0
-25100,0,38,36924,3,10,0,1,1,0,1
21900,0,63,51528,2,12,0,1,1,0,1
1142,0,27,38442,2,17,0,0,1,1,1
12899,0,46,47520,4,15,1,1,1,1,1
600,0,26,14310,1,18,0,0,0,0,0
500,0,28,19131,3,13,0,1,1,0,0
5855,0,59,26664,1,12,0,1,0,1,0
5583,0,43,29280,4,12,0,0,1,0,0
-3000,0,42,13203,1,13,0,1,0,0,0
876,0,47,10848,5,12,0,1,0,0,0
695,0,48,34941,3,12,0,1,1,0,1
1249,0,58,8745,6,8,0,1,1,0,0
4600,0,31,33036,1,16,1,1,0,0,0
0,0,38,15300,1,17,0,1,0,0,0
-9168,0,41,14484,3,12,0,1,1,0,0
2249,0,42,33015,2,14,0,1,1,1,1
96354,0,40,63204,1,18,1,0,0,1,0
-2840,0,40,15306,2,12,0,0,0,0,0
749,0,53,34185,1,12,0,1,0,1,0
-4000,0,57,92160,2,12,0,0,1,0,1
-1200,0,25,28830,1,13,0,0,0,0,0
6,0,37,29868,3,11,0,0,1,0,1
0,0,28,16320,1,11,0,1,0,0,0
1725,0,35,16749,3,13,0,1,1,0,0
-1100,0,54,18288,2,9,0,1,0,0,0
100,0,31,25308,2,12,0,0,1,0,1
86000,0,45,60654,2,10,1,1,1,1,1
-150,0,28,19500,1,12,0,0,0,0,0
-3450,0,31,22575,3,10,0,1,1,0,1
-330,0,33,17745,5,12,1,0,1,0,1
-2000,0,50,49164,4,14,0,1,1,0,0
1820,0,54,7923,1,11,0,1,0,0,0
1500,0,30,24912,1,14,1,1,0,1,0
-2050,0,27,35310,2,14,0,0,1,1,1
-6301,0,39,37569,4,12,0,0,1,0,1
77000,0,35,31398,4,17,1,1,1,0,0
-1740,0,50,23148,3,14,0,1,1,0,1
9000,0,40,32676,3,18,0,1,0,1,0
-1650,0,52,12912,4,8,0,1,1,0,0
-980,0,40,22500,1,15,0,0,0,0,0
0,0,42,18000,2,14,0,0,0,0,0
1600,0,28,29427,6,16,0,1,1,0,1
-500,0,57,30303,2,15,0,1,1,0,0
0,0,26,5694,4,12,0,0,1,0,0
0,0,31,21129,7,11,0,0,1,0,0
-960,0,33,19200,6,6,0,0,1,0,0
-1100,0,36,7536,1,14,0,0,0,0,0
1000,0,34,18975,3,16,0,0,1,0,1
0,0,33,1560,5,8,0,0,1,0,0
1000,0,32,15840,1,12,0,0,0,0,0
0,0,37,8694,7,12,0,0,0,0,0
0,0,26,47016,1,16,0,0,0,0,0
-980,0,32,24000,3,14,0,0,0,0,0
15100,0,34,15459,3,15,0,1,0,0,0
-4490,0,26,32460,1,12,0,1,0,0,0
0,0,46,35100,3,15,0,0,1,1,1
0,0,33,12240,6,10,0,0,1,0,0
-2000,0,32,47391,3,13,0,1,1,0,1
999,0,44,12960,8,10,0,0,1,0,0
4249,0,26,35325,2,12,0,1,0,0,0
-1000,0,49,36720,2,16,0,1,1,0,0
0,0,26,9801,3,12,0,0,0,0,0
-2250,0,35,40164,4,14,0,1,1,0,1
22700,0,37,54324,3,12,0,1,1,1,1
160,0,50,22137,1,12,0,0,0,0,0
-400,0,32,16215,8,8,0,1,1,0,1
0,0,35,16917,6,12,0,0,0,0,0
-1600,0,28,29922,6,11,0,1,1,0,1
30180,0,33,26448,3,16,0,0,1,0,1
210,0,49,10674,1,15,0,0,0,0,0
4500,0,42,94455,5,18,1,1,1,1,1
0,0,36,16506,5,11,0,0,1,0,0
250,0,42,15315,4,12,0,0,0,0,0
180,0,44,26415,2,14,0,0,0,0,0
119688,0,59,66288,2,12,1,1,1,0,0
36500,0,61,38940,3,12,1,1,1,0,0
-3000,0,40,10386,3,12,0,1,0,0,0
-2000,0,29,12000,2,13,0,0,0,0,0
23820,0,48,23640,1,15,1,0,0,1,0
-810,0,36,38061,4,14,0,1,1,0,1
0,0,29,10176,2,11,0,0,0,0,0
8200,0,45,29262,1,12,1,1,0,1,0
19249,0,35,47421,4,10,0,0,1,0,1
-7100,0,31,58122,2,16,0,0,1,1,1
-700,0,42,16608,2,12,0,1,0,1,0
184500,0,36,118401,4,16,1,1,1,0,0
-4800,0,42,23400,2,13,0,0,0,0,0
-24400,0,30,45180,1,18,0,1,0,1,0
0,0,45,19848,5,12,0,0,1,0,1
75,0,52,33624,3,12,0,1,1,0,0
0,0,56,4080,7,3,0,1,1,0,0
1600,0,29,45975,4,14,0,0,1,0,1
-2300,0,30,31785,3,12,0,0,1,0,1
649,0,26,15981,4,12,0,1,0,1,0
1200,0,28,12672,2,16,0,0,0,1,0
232600,0,40,48402,4,16,1,1,1,0,0
-500,0,52,26010,1,12,0,1,0,1,0
11800,0,31,26028,5,12,0,0,1,0,0
34000,0,39,45420,1,13,0,0,0,0,0
1351,0,57,14676,2,12,1,1,1,0,1
0,0,40,4107,2,9,0,0,0,0,0
350,0,25,7680,1,16,0,0,0,0,0
-24800,0,47,24996,1,18,0,0,0,1,0
3116,0,46,12945,3,13,1,1,1,0,0
0,0,48,9966,2,12,0,0,0,1,0
-9151,0,45,114048,4,12,0,1,1,0,1
-825,0,30,17427,2,13,0,1,1,0,1
800,0,54,24654,2,13,0,1,0,1,0
-17000,0,52,23760,1,13,0,0,0,1,0
29700,0,45,17400,3,10,0,1,1,0,0
499,0,30,15330,2,15,0,0,0,0,0
0,0,33,10464,1,11,0,0,0,0,0
0,0,38,10800,4,12,0,0,0,0,0
-17710,0,38,42054,4,14,0,1,1,0,1
100,0,26,9366,1,14,0,0,0,0,0
1258,0,34,60615,4,14,1,1,1,0,1
-360,0,34,72375,4,12,0,1,1,0,1
0,0,25,14013,1,13,0,0,0,0,0
5071,0,62,29616,2,12,1,1,0,0,0
-8752,0,39,55191,2,12,0,0,1,1,1
-15900,0,45,53010,4,16,0,0,1,1,1
154825,0,46,43086,3,18,0,1,0,1,0
11489,0,61,42246,2,12,1,1,1,1,1
25437,0,62,22974,2,12,0,1,1,0,1
29700,0,34,22410,1,17,1,0,0,0,0
2199,0,53,26295,1,18,0,1,0,1,0
10011,0,43,26463,1,14,1,1,0,1,0
849,0,25,20448,1,13,0,0,0,1,0
20700,0,61,49050,4,12,0,1,1,0,0
-300,0,43,11400,4,12,0,1,0,1,0
137000,0,46,90141,1,18,1,0,0,0,0
0,0,31,13770,1,12,0,1,0,0,0
-400,0,35,7860,2,14,0,0,0,0,0
18613,0,34,56574,4,17,1,1,1,1,1
25200,0,30,40950,1,18,0,0,0,0,0
3000,0,53,43521,2,14,1,1,1,0,1
27209,0,44,34794,2,12,0,1,1,0,0
31700,0,35,51372,3,15,1,1,1,0,1
100,0,26,21216,1,16,0,0,0,1,0
-350,0,31,59544,4,16,0,1,1,1,1
-193,0,31,16128,2,12,0,0,0,0,0
4599,0,37,47643,3,12,1,1,1,0,1
-53640,0,43,12750,6,16,0,0,1,0,0
400,0,61,10032,1,12,0,0,0,0,0
-250,0,46,26172,4,12,0,0,1,0,1
-6685,0,45,8067,1,15,0,1,0,0,0
-14523,0,29,45612,2,15,0,0,1,0,1
-3900,0,26,57975,1,16,0,1,0,0,0
21600,0,58,36900,2,12,0,1,1,0,0
1100,0,34,36474,1,16,0,1,0,1,0
5800,0,33,84621,4,18,0,1,1,0,1
-40,0,27,8928,3,12,0,0,0,0,0
230,0,36,17274,4,14,0,1,1,0,0
30592,0,63,35547,3,15,1,1,1,0,1
73000,0,48,66450,2,12,1,1,1,1,1
28599,0,38,90045,4,18,1,1,1,0,0
-1622,0,53,8166,1,8,0,1,0,1,0
5900,0,47,64500,3,15,0,1,1,0,1
-900,0,49,4218,1,12,0,1,0,0,0
2800,0,62,20526,3,8,0,0,1,0,0
12877,0,31,37461,4,12,0,1,1,0,1
-3900,0,36,23700,4,12,0,1,1,0,1
7799,0,25,46506,2,14,0,0,1,0,1
29200,0,28,49125,3,17,1,1,1,0,1
-4751,0,32,39465,5,14,0,0,1,1,1
-3100,0,48,24090,3,8,0,1,1,0,1
3999,0,34,14976,1,12,0,0,0,0,0
-1600,0,36,24792,6,12,0,0,1,0,1
-5000,0,47,42150,4,13,0,1,1,0,0
19,0,45,27033,4,12,0,1,1,1,0
10181,0,45,54150,3,14,1,1,1,0,1
4400,0,37,19140,4,16,0,1,1,0,1
89500,0,40,67128,2,14,1,1,1,0,0
70335,0,54,23832,3,13,0,1,1,1,0
130,0,42,27000,1,13,0,1,0,1,0
28700,0,36,55152,4,12,1,1,1,0,1
-5000,0,51,26106,2,13,0,1,1,1,1
-9100,0,46,34455,4,12,0,1,1,1,1
-3188,0,28,19542,4,12,0,1,1,1,1
0,0,33,19347,3,13,0,0,1,0,1
0,0,29,6375,2,16,0,0,1,0,0
52850,0,52,51030,3,13,1,1,1,1,0
0,0,49,9051,1,12,0,1,0,0,0
110,0,52,39219,2,12,0,1,1,0,0
499,0,29,20430,1,12,0,0,0,0,0
-7795,0,28,23883,3,12,0,1,1,0,1
10900,0,35,71700,3,16,0,1,1,0,1
-6551,0,59,33051,3,10,0,1,1,0,1
7620,0,27,13410,2,16,0,0,0,0,0
0,0,42,24600,7,10,0,1,1,0,0
2245,0,32,4608,4,12,0,0,0,0,0
-500,0,54,9072,1,10,0,1,0,0,0
-3610,0,31,9369,3,12,0,0,0,0,0
0,0,40,24687,1,18,0,0,0,0,0
2600,0,39,27354,3,18,1,1,0,1,0
1509,0,39,29151,5,13,0,1,1,0,1
50020,0,52,43341,2,16,1,1,1,0,0
0,0,28,8088,3,12,0,0,0,0,0
25648,0,37,40404,5,14,0,1,1,0,1
900,0,50,13443,4,12,0,0,1,0,0
700,0,25,25395,1,15,0,1,0,0,0
39000,0,45,15936,2,12,1,1,0,0,0
900,0,36,17820,4,12,0,1,1,0,0
9279,0,37,32370,4,16,0,1,1,0,1
599,0,41,8760,3,12,0,1,0,0,0
1500,0,28,32430,3,12,0,0,1,0,0
39411,0,44,104460,4,18,1,1,1,0,0
500,0,37,12630,3,12,0,0,0,0,0
349,0,43,25872,5,12,0,1,1,0,0
-50,0,60,15801,2,12,0,1,1,0,0
0,0,51,13500,2,12,0,0,0,0,0
4350,0,39,46104,3,14,0,1,1,0,1
-595,0,32,14790,1,12,0,0,0,0,0
-2890,0,38,50550,6,12,0,0,1,1,1
0,0,62,12036,1,10,0,0,0,0,0
4000,0,58,19890,2,8,0,1,1,0,0
-7290,0,32,34263,3,12,0,0,1,0,1
0,0,35,17244,6,15,0,1,1,1,1
800,0,62,26034,6,10,0,0,1,0,1
95299,0,59,79323,2,18,1,1,1,0,0
7000,0,26,21975,2,16,0,0,1,0,0
0,0,29,16203,4,12,0,0,1,1,1
0,0,39,8700,3,16,0,0,0,0,0
100099,0,57,30840,2,12,0,1,1,0,0
0,0,31,27225,1,12,0,1,0,0,0
24999,0,47,35814,3,12,1,1,1,0,1
2999,0,53,52008,2,12,0,1,1,0,1
4144,0,44,47769,6,12,0,1,1,0,0
21991,0,59,41934,2,12,1,1,1,0,1
950,0,27,34704,5,14,0,1,1,0,1
-1093,0,31,13317,4,15,0,1,1,0,1
99,0,30,19386,2,14,0,0,0,0,0
13500,0,56,29301,2,16,0,1,0,1,0
1163,0,32,55680,5,12,0,1,1,0,1
100,0,31,12234,3,13,0,0,1,0,0
0,0,39,19635,5,12,0,1,1,0,0
9613,0,40,70602,4,16,0,1,1,1,1
-730,0,41,27012,4,16,0,1,1,0,1
-100,0,37,26052,8,11,0,1,1,0,1
-3750,0,31,24486,5,12,0,0,1,0,1
9514,0,29,36666,3,14,1,0,1,0,1
-4015,0,40,44610,6,12,0,0,1,0,1
0,0,32,12240,2,12,0,0,0,0,0
2250,0,25,3150,1,16,0,0,0,0,0
0,0,61,10200,1,5,0,0,0,1,0
0,0,48,9180,1,13,0,1,0,0,0
10600,0,39,70650,2,12,1,1,1,1,1
0,0,60,15000,3,10,0,1,1,0,0
-920,0,31,44241,3,12,0,1,0,0,1
4140,0,46,33288,2,13,0,0,1,0,0
89328,0,43,96336,4,18,1,1,1,0,1
4999,0,34,60108,2,18,0,0,1,0,1
6350,0,33,41715,4,18,1,1,1,0,1
0,0,59,10422,6,12,0,0,1,0,0
4500,0,28,21675,2,12,0,0,0,0,0
-3150,0,26,23556,4,16,0,0,1,0,0
17265,0,28,70323,2,17,1,1,1,0,1
1860,0,26,15609,1,15,0,0,0,0,0
-3800,0,28,39609,3,14,0,1,1,0,1
1800,0,32,29520,3,13,0,0,1,0,1
3500,0,37,41514,4,12,0,1,1,0,1
0,0,32,12264,2,11,0,0,0,0,0
1006499,0,40,82251,5,18,0,1,1,0,0
-2100,0,29,31569,4,17,0,1,1,0,0
-1570,0,38,5607,3,12,0,1,0,0,0
-3300,0,27,22296,1,16,0,0,0,0,0
-1184,0,44,34890,5,13,0,1,1,0,1
1000,0,40,17106,2,12,0,1,1,0,0
14583,0,60,15894,2,12,1,1,1,0,0
2398,0,31,19284,1,14,0,0,0,1,0
14299,0,32,23718,1,16,1,0,0,0,0
200,0,28,17370,1,12,0,0,0,0,0
0,0,28,6984,3,12,0,0,0,0,0
3174,0,38,55854,4,16,0,1,1,0,1
20000,0,51,53670,2,13,1,1,1,0,1
5000,0,58,24300,4,14,0,1,0,1,0
-350,0,25,17418,5,12,0,1,1,0,0
3684,0,26,24621,5,12,0,0,1,0,1
88999,0,58,73686,3,12,1,1,1,0,1
-400,0,42,19848,4,10,0,1,1,0,1
-9100,0,29,49200,2,17,0,1,1,0,1
2000,0,33,63969,4,13,0,1,1,0,1
-995,0,32,9690,2,10,0,1,0,0,0
80000,0,60,26400,2,16,0,1,0,0,0
12500,0,61,37452,3,12,0,1,1,0,0
-13486,0,53,27336,6,6,0,1,1,0,1
14900,0,42,92775,5,16,0,1,1,0,0
78599,0,62,29694,2,12,1,1,1,0,0
10100,0,26,30342,1,15,1,0,0,0,0
25650,0,33,46140,5,12,1,1,1,0,0
7751,0,63,36633,6,11,1,1,1,1,1
-1145,0,52,10584,3,12,0,0,1,0,0
102981,0,40,36177,2,12,1,1,1,0,1
-8593,0,29,30495,6,15,0,1,1,0,0
-888,0,40,24645,5,12,0,1,1,0,1
300,0,44,72975,3,10,0,1,1,1,1
0,0,28,7920,1,13,0,0,0,0,0
50,0,39,10500,3,12,0,0,1,0,0
-600,0,42,36075,5,12,0,1,1,0,1
7492,0,35,77628,2,13,0,1,1,0,1
-57,0,28,18144,5,10,0,1,1,0,0
-3100,0,32,53976,3,10,0,0,1,0,1
32648,0,41,82524,2,12,1,1,1,0,0
22058,0,30,62886,2,15,0,1,1,0,1
1744,0,64,30108,2,12,0,1,1,1,1
17600,0,37,59580,3,12,1,1,1,0,1
13750,0,38,113508,3,18,1,1,1,0,1
3500,0,35,44856,5,14,0,1,1,1,1
385000,0,43,50484,3,12,1,1,0,0,0
0,0,50,16728,1,11,0,1,0,0,0
-3490,0,50,15360,3,12,0,1,0,1,0
84400,0,59,25248,2,12,1,1,0,0,0
349,0,39,35295,3,14,0,1,0,0,0
0,0,30,18399,2,13,0,0,0,1,0
-30500,0,31,14877,5,12,0,1,1,0,0
4200,0,31,21546,1,16,1,0,0,0,0
-300,0,31,21240,4,12,0,0,1,0,0
800,0,30,18000,4,15,0,1,0,0,0
-17000,0,47,4860,1,16,0,1,0,0,0
6500,0,60,10368,1,12,0,0,0,0,0
27800,0,34,34680,1,16,1,1,0,0,0
-3495,0,29,44472,4,12,0,1,1,1,1
2499,0,47,23883,3,11,0,0,0,1,0
52900,0,41,69693,4,16,1,1,1,0,1
2000,0,33,79713,1,18,0,0,0,0,0
-8540,0,27,48042,2,18,0,0,1,0,0
10560,0,46,45531,3,12,1,1,1,0,1
-2000,0,47,7800,1,12,0,0,0,0,0
28000,0,34,105246,2,14,1,1,1,0,1
-12300,0,36,67005,5,14,0,1,1,0,0
-112,0,52,37830,2,12,0,1,1,1,1
16000,0,46,51960,12,12,0,1,1,0,0
199,0,42,32130,4,17,0,1,1,1,1
1089619,0,38,135405,3,17,1,1,1,0,1
1704,0,64,28830,1,18,0,1,0,0,0
450,0,44,37260,4,16,0,1,1,0,0
29000,0,31,48420,2,14,0,1,1,0,1
-5122,0,38,37197,4,12,0,1,1,1,1
0,0,35,1920,4,12,0,0,1,0,0
-9998,0,36,56190,4,12,1,1,1,0,1
300,0,27,19800,1,12,0,0,0,0,0
16610,0,61,25233,1,12,1,1,0,0,0
-47080,0,44,41961,4,13,0,0,1,0,0
72,0,29,51879,3,16,0,1,1,1,1
1746,0,44,31527,4,16,0,1,1,0,0
-19175,0,30,28716,4,15,0,0,1,0,0
611,0,35,23268,2,12,0,0,0,0,0
200,0,46,19440,4,12,0,1,0,0,0
-3146,0,38,36654,4,11,0,1,1,0,1
1599,0,47,12336,2,12,0,1,0,0,0
-4000,0,30,34041,2,12,0,1,1,0,1
-2000,0,29,35643,5,12,0,0,1,0,1
-1889,0,48,41007,2,12,0,1,1,1,1
33199,0,49,53919,1,18,0,0,0,0,0
-917,0,25,37692,3,12,0,1,1,0,1
1080,0,49,19392,3,13,0,1,1,1,1
44500,0,42,83616,1,12,1,0,0,1,0
-150,0,53,10200,1,12,0,0,0,0,0
-1078,0,30,13350,4,12,0,1,1,0,0
355,0,32,10512,4,12,0,0,0,0,0
-3197,0,37,18429,3,12,0,1,0,0,0
6263,0,35,16113,5,12,1,1,1,0,0
300,0,57,16830,2,16,0,0,0,0,0
2151,0,36,20310,4,16,1,0,1,0,1
0,0,25,34953,2,12,0,1,1,0,1
0,0,25,30651,1,15,0,1,0,0,0
-2160,0,35,23073,3,12,1,1,0,0,0
-800,0,28,21600,4,12,0,0,1,0,0
-2065,0,43,25068,4,14,0,0,0,1,0
19600,0,37,94929,4,16,1,1,1,1,1
2223,0,50,10362,1,12,0,0,0,0,0
0,0,47,8316,2,10,0,0,0,0,0
499,0,29,17280,1,16,0,0,0,1,0
-5763,0,29,10800,2,12,0,0,1,0,1
0,0,25,18150,5,9,0,0,1,0,0
225,0,27,7332,1,12,0,0,0,0,0
1000,0,27,17520,4,12,0,1,1,0,0
-201,0,27,15330,1,14,0,0,0,0,0
14948,0,47,16980,1,14,1,1,0,0,0
-1125,0,25,16800,1,16,0,0,0,0,0
900,0,64,12642,2,10,0,1,0,0,0
3200,0,40,27150,6,12,1,1,1,0,0
24654,0,52,40041,3,14,0,1,0,0,0
0,0,25,20400,1,12,0,0,0,0,0
21417,0,55,54360,2,16,1,1,1,0,1
500,0,25,7164,2,11,0,0,0,0,0
0,0,49,11730,6,4,0,0,1,0,0
0,0,34,4548,2,12,0,0,0,0,0
2100,0,32,26973,5,12,0,1,1,0,0
0,0,33,24993,1,14,0,0,0,1,0
600,0,47,24015,5,12,0,1,1,0,0
1340,0,27,21690,1,15,0,1,0,0,0
1000,0,28,14460,3,16,0,0,0,0,0
-301,0,54,21462,2,6,0,1,1,0,1
500,0,34,15330,1,10,0,0,0,0,0
-1300,0,40,20400,4,12,0,0,1,0,0
0,0,40,9300,9,5,0,0,1,0,0
7300,0,38,13740,3,18,0,0,0,0,0
-6656,0,44,37644,3,14,0,1,1,0,1
-3798,0,35,26319,3,12,0,0,1,0,1
20262,0,27,15291,1,14,0,0,0,0,0
-700,0,35,43233,4,12,0,1,1,0,1
-3800,0,36,53460,3,16,0,1,1,1,1
100,0,38,27852,4,9,0,0,1,0,0
29771,0,33,30966,3,13,0,1,1,0,0
11000,0,42,52884,4,18,1,1,1,0,1
-600,0,60,7650,2,3,0,0,0,0,0
25398,0,61,18204,1,12,1,1,0,1,0
1799,0,25,13506,1,12,0,0,0,0,0
11675,0,62,16845,1,12,1,1,0,0,0
0,0,49,4632,7,12,0,0,0,0,0
10399,0,40,29622,2,12,1,1,0,1,0
37894,0,48,27660,1,12,1,1,0,0,0
-1100,0,33,15618,1,16,0,0,0,1,0
-425,0,37,48000,3,17,0,0,0,0,0
-996,0,32,46401,3,12,0,1,1,0,1
-200,0,31,49434,2,16,0,0,1,0,1
999,0,45,44940,3,12,0,1,1,0,1
2999,0,33,19800,4,6,0,0,1,0,0
0,0,54,9180,5,6,0,1,1,0,1
17075,0,35,30300,2,18,0,1,0,0,0
15400,0,39,50400,2,16,1,0,1,0,1
-10900,0,38,54765,4,14,0,1,1,0,0
14060,0,38,94503,5,18,0,1,1,0,1
0,0,50,5610,1,14,0,0,0,0,0
-8000,0,34,35625,5,12,0,1,1,0,1
-710,0,37,10566,6,11,0,1,1,0,0
700,0,38,18900,2,12,0,1,0,0,0
18200,0,47,49086,3,12,1,1,1,0,1
6900,0,37,69009,4,16,1,1,1,1,1
0,0,34,4815,1,12,0,0,0,0,0
-1334,0,31,36153,5,14,0,1,1,0,0
9999,0,45,63366,4,12,0,1,1,0,1
-2400,0,46,56388,5,18,0,1,1,1,1
469400,0,61,172092,2,12,1,1,1,0,0
35599,0,35,114300,2,14,1,1,1,0,1
38800,0,44,61455,4,12,1,1,1,1,1
4272,0,43,21168,2,11,0,1,1,0,1
-1200,0,52,5742,1,12,0,1,0,0,0
0,0,31,21828,4,12,0,0,1,0,0
1003126,0,64,43272,2,12,1,1,1,0,0
0,0,33,16062,3,12,0,0,0,0,0
-4400,0,25,21879,1,16,0,0,0,0,0
79998,0,57,38040,1,12,1,1,0,0,0
4500,0,34,48078,1,18,1,1,0,1,0
85500,0,34,102009,1,18,1,1,0,0,0
17750,0,30,53400,3,12,1,0,1,1,1
200,0,47,14412,6,9,0,1,1,0,0
12000,0,56,77430,5,16,1,1,1,0,1
8900,0,36,43260,8,8,0,1,1,0,1
-500,0,44,30840,3,8,1,1,1,0,1
76550,0,45,79317,3,12,1,1,1,0,1
76850,0,50,38400,2,12,1,1,1,0,1
10199,0,57,17988,3,11,0,1,1,0,1
1000,0,54,13797,1,9,0,1,0,1,0
3899,0,33,32160,4,10,0,0,1,0,1
-1000,0,30,7650,4,12,0,0,1,0,0
3870,0,35,23037,1,17,1,0,0,0,0
-1490,0,26,11460,4,9,0,0,1,0,1
-8680,0,26,19785,4,12,0,0,1,0,0
-3016,0,59,12906,1,13,0,0,0,0,0
2200,0,41,15432,1,16,0,0,0,0,0
10,0,29,16194,3,12,0,1,0,0,0
-7000,0,34,17445,4,12,0,1,1,0,1
300,0,32,21420,4,11,0,1,1,0,0
20200,0,27,9240,1,16,1,1,0,0,0
3000,0,28,32034,2,12,0,1,1,0,0
350,0,59,32856,2,12,0,0,1,0,0
-2500,0,57,26832,2,12,0,1,1,1,0
-13950,0,37,27330,4,13,0,0,1,0,0
-1440,0,37,22482,1,14,0,0,0,0,0
-1500,0,28,33849,1,13,0,0,0,0,0
5795,0,27,45219,1,18,0,0,0,0,0
-2900,0,46,28605,2,15,0,0,1,0,1
84000,0,62,25020,2,12,1,0,0,1,0
4550,0,26,13320,1,18,0,0,0,0,0
850,0,59,14415,2,5,0,1,1,0,1
-600,0,60,3888,2,12,0,1,1,0,0
-2400,0,28,28887,2,18,0,0,1,0,1
80,0,29,39606,2,14,0,0,1,0,1
11999,0,46,26964,1,12,0,0,0,1,0
-700,0,35,18903,5,12,0,1,1,0,0
-5400,0,33,15708,2,12,0,1,0,0,0
750,0,26,18360,1,15,0,0,0,0,0
-1000,0,32,53796,5,17,0,0,1,0,0
20600,0,59,33360,2,17,1,1,1,0,1
2500,0,62,17919,2,12,0,0,0,1,0
0,0,42,7668,3,6,0,0,1,0,0
350,0,27,27810,2,14,0,1,1,0,1
-3200,0,60,15810,3,12,0,0,1,0,0
27800,0,43,44016,1,13,1,1,0,0,0
41649,0,60,47040,4,12,0,1,1,0,1
1600,0,45,25320,2,12,0,1,0,0,0
-6900,0,41,19170,1,16,0,1,0,1,0
59500,0,61,22659,2,12,1,1,1,0,1
0,0,40,25536,3,12,0,0,0,0,0
51,0,43,39120,4,12,0,1,0,1,0
9,0,48,2427,3,8,0,1,1,1,0
0,0,61,11844,3,15,0,0,1,0,0
-600,0,34,8322,2,12,0,0,1,0,0
-12900,0,34,29250,1,18,0,1,0,0,0
-1450,0,25,17361,2,14,0,0,1,1,1
-2350,0,40,6783,1,9,0,1,0,0,0
-5000,0,36,28527,3,15,0,1,1,0,1
13000,0,57,4875,1,12,0,0,0,0,0
-17051,0,64,39339,2,12,1,1,1,1,1
-50,0,31,43476,4,9,0,1,1,0,1
10950,0,48,30870,3,12,1,1,0,0,0
-600,0,30,17430,1,12,0,0,0,0,0
3335,0,51,27888,5,13,1,1,1,1,1
43599,0,42,28515,6,12,0,1,1,0,0
23499,0,55,8460,1,16,1,1,1,0,0
11900,0,55,56598,4,17,0,1,1,0,1
700,0,37,19467,3,16,0,0,1,0,0
2550,0,64,8172,3,8,1,0,0,1,0
-4000,0,46,14400,4,11,0,1,1,0,0
310,0,40,25194,3,13,0,0,0,0,0
0,0,31,8031,1,10,0,0,0,0,0
-143500,0,34,63600,1,17,0,0,0,0,0
8250,0,62,39648,2,17,1,1,1,0,1
249,0,41,34794,1,16,0,0,0,1,0
-101436,0,31,42555,3,13,0,0,1,0,1
1800,0,56,24672,1,12,0,0,0,0,0
13,0,39,7023,5,8,0,0,0,1,0
16549,0,26,11118,3,13,0,0,0,0,0
40,0,33,18834,6,12,0,0,1,0,0
-5919,0,35,22473,4,15,0,1,1,0,1
55300,0,57,74856,2,18,0,1,1,1,1
50,0,49,15741,2,12,0,1,0,0,0
2000,0,41,48000,3,13,0,1,1,0,1
-8597,0,34,31833,4,12,1,0,1,0,1
-397,0,35,21177,4,12,0,0,0,0,0
-1100,0,46,9120,5,10,0,0,1,0,0
500,0,25,18390,2,9,0,1,0,0,0
300,0,36,8964,3,12,1,1,0,0,0
6940,0,48,61665,3,12,1,1,1,0,1
-5490,0,40,28044,4,13,0,1,1,1,1
-1500,0,39,13104,1,12,0,1,0,1,0
0,0,28,5550,1,12,0,0,0,0,0
-5996,0,31,8085,4,12,0,0,1,0,0
20800,0,43,47358,4,13,1,1,1,0,1
0,0,35,12624,5,6,0,0,1,0,1
-1000,0,52,28191,3,11,0,1,1,1,0
-158,0,32,29244,1,18,0,1,0,0,0
-4325,0,38,31956,3,12,0,0,0,0,0
-19600,0,46,48000,4,13,0,0,1,0,0
50,0,54,20580,4,14,0,1,1,0,0
68100,0,53,35016,2,14,1,1,0,0,0
22498,0,43,26367,2,16,1,1,0,0,0
1791,0,28,30936,4,12,1,1,1,0,1
45,0,38,11082,4,17,0,0,0,0,0
33458,0,63,33951,5,12,1,1,1,0,0
10,0,29,18480,2,12,0,0,0,0,0
0,0,44,17505,2,10,0,0,0,0,0
499,0,31,2736,1,12,0,0,0,0,0
494,0,38,18468,4,13,0,0,1,0,1
41699,0,61,17508,1,14,1,0,0,1,0
8300,0,44,16797,4,13,0,1,1,1,1
1339,0,52,14460,3,1,0,1,1,0,0
6930,0,60,36966,2,13,0,1,1,0,1
37000,0,59,24660,2,12,1,1,0,0,0
500,0,34,44688,4,15,0,1,1,0,0
0,0,35,12114,3,12,0,1,0,0,0
-6700,0,64,17040,1,8,0,1,0,0,0
-2600,0,41,48615,4,15,0,1,0,1,0
2084,0,38,12384,4,13,0,1,1,0,0
19798,0,36,24297,2,12,0,1,1,0,1
-6890,0,29,22362,3,13,0,1,1,0,0
-700,0,29,9120,4,12,0,1,1,0,0
8700,0,53,14124,3,10,1,0,0,1,0
4300,0,42,3579,2,16,1,1,0,0,0
-2905,0,31,17238,3,1,0,1,0,0,0
-1340,0,37,26553,2,12,0,1,0,1,0
-9700,0,56,37869,3,11,0,1,1,0,1
37173,0,51,37971,2,15,1,1,1,0,0
39800,0,40,132057,4,16,1,0,1,1,1
-9500,0,27,28800,1,12,0,0,0,0,0
-1360,0,40,15045,1,15,0,1,0,0,0
-3800,0,64,26946,2,14,0,1,0,0,0
39400,0,59,33921,2,12,1,1,1,0,0
900,0,48,13050,1,13,0,0,0,1,0
-3000,0,27,39600,1,18,0,0,0,0,0
-450,0,30,16413,3,14,0,0,1,0,1
59061,0,63,71184,2,12,1,1,1,0,1
-10060,0,28,54894,2,16,0,0,1,0,1
-246,0,29,9849,1,12,0,0,0,0,0
16209,0,55,23346,3,12,0,1,1,0,0
0,0,30,11550,2,14,0,0,0,0,0
875,0,59,18204,1,14,0,1,0,1,0
17212,0,31,28974,3,17,0,1,0,1,0
-2800,0,40,18696,2,12,0,0,0,0,0
6215,0,25,16938,3,12,0,1,1,0,0
0,0,36,25500,5,9,0,0,1,0,1
108498,0,62,35550,2,12,1,1,1,0,0
300,0,52,22848,1,12,0,0,0,0,0
0,0,29,4872,2,12,0,0,0,0,0
-7953,0,59,42948,2,12,0,1,1,0,1
-700,0,31,8400,4,12,0,0,0,0,0
-3200,0,32,30630,4,10,0,0,1,0,1
1050,0,40,56505,4,14,0,1,1,0,1
1500,0,42,36666,3,18,0,1,1,0,1
-12600,0,43,7050,4,9,0,0,1,0,0
968999,0,58,33915,2,1,1,1,1,0,0
10,0,26,8049,5,9,0,0,0,0,0
0,0,42,2952,3,4,0,0,0,0,0
4050,0,33,52800,3,12,1,0,1,1,1
13569,0,64,13737,1,11,0,1,0,0,0
1414,0,38,36150,5,14,0,1,1,0,0
800,0,48,37080,4,12,0,1,1,0,1
-1345,0,63,16575,2,11,0,0,1,0,1
32700,0,60,45471,2,16,1,1,0,0,0
5849,0,40,35157,4,12,0,1,1,1,1
-3000,0,43,8880,4,14,0,0,0,0,0
15630,0,58,49170,2,14,1,1,1,0,0
1100,0,26,26475,1,16,0,0,0,0,0
-10000,0,30,58413,4,18,0,0,1,0,1
-24500,0,55,23208,3,12,0,0,1,0,0
42000,0,32,67590,4,18,1,0,1,0,0
994,0,38,29640,4,13,0,1,1,1,1
1799,0,34,73764,1,18,0,1,0,0,0
200,0,37,11040,4,13,0,0,1,0,0
-643,0,44,27675,2,14,0,1,0,1,0
-550,0,30,17349,1,18,0,0,0,0,0
0,0,54,8478,5,5,0,0,0,0,0
-351,0,28,15315,1,16,0,0,0,0,0
41499,0,58,20976,1,13,0,1,0,0,0
500,0,27,18006,1,13,0,0,0,0,0
6799,0,57,23850,1,13,1,0,0,0,0
38149,0,29,44748,2,16,0,1,1,0,1
100,0,58,16947,1,12,0,0,0,1,0
1800,0,60,16149,2,12,0,1,0,1,0
-16225,0,35,31191,2,14,0,1,0,0,0
-1501,0,25,36168,3,12,0,1,1,1,1
35000,0,34,92097,4,18,0,1,1,0,0
800,0,27,18000,1,18,1,0,0,0,0
400,0,27,13464,2,12,0,0,0,0,0
-13901,0,42,34227,4,16,0,0,1,0,0
-256,0,37,12633,4,12,0,1,0,1,0
-6900,0,63,33432,7,12,0,0,1,1,0
41445,0,50,60426,2,13,1,1,1,1,1
-3300,0,39,60030,5,15,0,1,1,0,0
-9300,0,59,31959,1,12,0,0,0,0,0
69870,0,61,52806,3,12,1,1,1,0,0
5500,0,51,43590,2,17,1,1,0,0,0
0,0,26,6168,4,14,0,0,1,0,1
200,0,39,24840,2,12,0,0,0,0,0
150,0,53,14343,2,11,0,1,0,0,0
0,0,36,5103,2,12,0,0,0,0,0
24200,0,32,22392,1,16,1,0,0,0,0
7000,0,33,76050,4,15,0,1,1,1,1
-14958,0,25,19680,4,11,0,1,1,0,0
-2000,0,30,40389,5,14,0,1,1,1,1
-1851,0,33,28203,4,12,0,1,1,0,1
161626,0,48,107922,4,15,1,1,1,0,0
-40000,0,46,40224,1,12,0,0,0,1,0
-5154,0,41,79434,4,16,0,1,1,0,0
5800,0,55,38613,4,10,0,0,1,0,1
400,0,28,25014,1,12,0,0,0,0,0
-30910,0,29,24384,2,16,0,0,1,0,1
-9400,0,31,19200,3,12,0,0,0,0,0
850,0,32,16575,3,12,0,1,0,0,0
61366,0,44,61581,4,15,1,1,1,0,1
102710,0,54,24900,3,12,1,1,0,0,0
400,0,28,11481,1,14,0,0,0,0,0
-5000,0,29,8058,2,14,0,0,0,0,0
23850,0,30,21720,2,14,0,0,1,0,1
53700,0,26,36309,4,16,0,0,1,0,1
-800,0,38,19125,7,12,0,0,1,0,0
40411,0,60,35859,2,16,1,1,0,0,0
-2600,0,46,13956,3,12,0,1,0,0,0
75,0,43,18366,4,12,0,1,1,0,0
1499,0,41,25761,1,17,0,1,0,1,0
0,0,25,17850,1,12,0,0,0,0,0
270,0,64,12576,2,11,0,1,1,0,0
82650,0,53,121836,3,12,1,1,1,0,1
26549,0,60,27420,2,11,1,1,1,0,0
-10515,0,37,20406,4,18,1,0,1,0,0
5330,0,27,25284,1,16,1,0,0,0,0
249,0,32,32451,6,4,0,0,1,0,1
0,0,28,17700,1,10,0,0,0,0,0
24292,0,47,25926,3,12,0,1,1,0,1
11400,0,26,15822,2,17,0,0,1,1,1
-1250,0,32,45780,3,14,0,1,1,0,1
-100,0,26,32016,3,12,0,1,1,0,1
0,0,48,18696,2,12,0,0,0,0,0
-2280,0,42,35280,3,12,0,1,1,0,1
0,0,55,12240,1,11,0,0,0,0,0
50,0,46,19233,5,12,0,1,1,0,0
-9700,0,34,26985,2,13,0,1,0,1,0
125,0,31,17145,1,14,0,0,0,0,0
-40650,0,38,6750,2,14,1,0,0,0,0
4950,0,28,19587,1,13,0,0,0,1,0
10450,0,52,41697,2,12,0,1,1,1,1
150,0,39,20517,2,12,0,1,1,0,1
-611,0,41,37440,3,12,0,1,1,0,1
-940,0,34,5106,3,12,0,0,0,0,0
17529,0,31,65259,2,18,1,1,1,0,1
3344,0,47,51972,4,13,1,1,1,0,0
0,0,43,13743,1,12,0,0,0,0,0
-9001,0,25,33729,1,18,0,0,0,0,0
-351,0,36,48351,4,12,0,0,1,0,1
0,0,64,10200,2,8,0,0,0,0,0
61999,0,61,28650,2,12,1,1,0,0,0
400,0,41,13632,2,12,0,0,0,0,0
46800,0,58,24804,2,12,1,1,0,0,0
182749,0,55,51606,3,16,1,1,1,0,0
920,0,45,30240,3,14,0,1,0,0,0
0,0,30,31200,5,13,0,1,1,0,1
10948,0,30,59253,2,14,0,1,1,0,1
-5650,0,49,16092,3,11,0,1,1,0,0
-5000,0,28,36060,1,14,0,0,0,1,0
0,0,61,16320,2,11,0,0,1,0,0
-235,0,62,7338,1,16,0,0,0,0,0
72907,0,30,58080,4,18,0,1,1,0,1
-1750,0,27,71598,2,15,0,1,1,0,1
-3000,0,58,36975,4,12,0,0,1,0,1
2900,0,50,26640,4,5,0,1,1,0,0
-3800,0,25,51207,2,15,0,0,1,0,1
17498,0,41,161550,2,18,1,1,1,1,1
7000,0,25,41856,3,12,0,0,1,0,1
2500,0,30,18639,2,12,0,0,0,0,0
86030,0,40,43203,4,12,1,1,1,0,1
-1267,0,38,20340,4,14,0,1,1,0,0
134584,0,47,106620,2,12,1,1,1,1,1
-2000,0,28,37296,3,15,0,0,1,0,1
500,0,26,26736,4,12,0,1,1,0,1
-200,0,30,21660,2,12,0,0,0,0,0
420,0,41,16740,2,11,0,0,0,1,0
0,0,35,9063,7,11,0,0,0,0,0
4800,0,40,26208,1,12,0,0,0,1,0
-4000,0,45,42576,1,16,0,0,0,1,0
400,0,48,8916,1,14,0,1,0,0,0
0,0,63,16500,3,12,0,0,1,0,1
0,0,33,9396,2,12,0,0,0,0,0
8460,0,26,24300,1,12,0,1,0,0,0
-16747,0,39,23703,5,12,0,1,1,0,1
0,0,40,10260,1,12,0,0,0,0,0
-2854,0,54,28059,5,16,1,0,1,0,1
-20800,0,30,41412,3,14,0,1,1,0,1
50513,0,51,8082,2,12,1,1,1,0,1
-2450,0,29,23274,3,12,0,0,0,0,0
-14361,0,31,52185,4,16,0,1,1,0,1
250,0,54,24714,3,6,0,1,1,0,1
-2500,0,33,10200,10,12,0,0,1,0,0
3000,0,38,19227,3,15,0,0,0,1,0
-8000,0,29,9000,5,12,0,0,1,0,1
0,0,33,12000,2,16,0,1,0,1,0
2470,0,52,39186,2,12,0,1,1,0,1
2900,0,29,29670,3,16,0,0,1,1,1
88868,0,61,59940,2,10,1,1,1,0,0
-11270,0,36,78549,2,18,0,1,1,0,1
-1855,0,34,47754,4,12,0,1,1,0,1
20270,0,33,56808,1,18,1,1,0,1,0
14984,0,26,23787,3,14,0,1,1,0,0
-3980,0,54,27870,4,12,0,1,1,0,0
-625,0,57,25227,4,12,0,1,1,0,0
13498,0,40,48240,6,17,0,1,1,1,0
9249,0,29,16827,3,16,1,1,1,0,0
-12251,0,43,51663,3,12,0,0,1,1,1
305,0,32,28122,4,12,0,1,0,0,0
1098,0,48,28296,2,15,0,1,1,1,0
100,0,58,12255,1,7,0,0,0,0,0
4999,0,56,36420,1,18,0,1,0,1,0
-650,0,40,19209,2,15,0,1,0,0,0
-2500,0,62,17805,3,12,0,1,1,0,0
-350,0,62,23310,1,12,0,1,0,0,0
-3413,0,45,8880,3,6,0,0,1,0,0
115500,0,38,117651,4,17,1,1,1,0,1
15,0,47,12240,1,11,0,0,0,0,0
1700,0,25,13266,2,14,0,0,1,0,0
255,0,26,24900,2,18,0,1,0,0,0
-33900,0,43,42024,2,16,0,0,1,0,1
-700,0,36,23595,2,13,0,0,0,1,0
1800,0,32,19224,1,14,0,0,0,1,0
0,0,48,8670,1,10,0,0,0,0,0
5949,0,31,39627,5,12,1,1,1,0,0
0,0,45,19677,4,10,0,0,1,0,0
0,0,56,25500,2,6,0,0,1,0,0
20000,0,54,40902,2,12,1,1,0,0,0
10900,0,41,14064,1,12,1,1,0,0,0
32055,0,61,48033,2,18,1,1,0,1,0
-3000,0,31,20229,4,12,0,1,1,0,1
15500,0,39,52077,5,12,1,1,1,0,1
-32400,0,30,66000,5,13,0,1,1,0,0
2400,0,40,21420,1,12,0,1,0,0,0
5350,0,43,52803,4,14,0,1,1,1,1
26000,0,64,28908,1,18,1,1,0,0,0
6848,0,64,32817,2,13,0,1,1,0,1
63000,0,27,15660,3,12,1,1,1,0,0
-7195,0,31,47904,3,12,0,0,1,0,1
50,0,28,13770,1,14,0,1,0,0,0
0,0,51,12324,7,12,0,1,1,0,1
-7920,0,41,19641,3,12,0,1,0,0,0
100,0,38,6879,1,12,0,0,0,0,0
26564,0,45,70035,2,10,0,0,0,0,0
1609,0,59,20430,1,6,1,0,0,1,0
7179,0,28,13428,2,12,0,0,1,0,0
358400,0,61,179373,2,12,1,1,1,0,0
75,0,47,33933,5,12,0,1,1,0,1
0,0,35,5085,4,12,0,0,0,0,0
41899,0,45,28500,4,18,1,0,1,0,0
0,0,31,20565,3,15,0,1,0,0,0
-4968,0,29,19140,2,12,0,0,0,0,0
-850,0,28,30015,6,12,0,0,1,0,0
129120,0,49,47019,3,18,0,1,0,1,0
5200,0,59,6876,1,12,0,0,0,0,0
-875,0,43,23892,6,12,0,0,1,1,1
-4975,0,27,26259,1,15,0,0,0,0,0
0,0,38,15321,1,12,0,0,0,0,0
-14000,0,49,89100,4,18,0,1,1,1,1
10325,0,56,1188,1,8,1,0,0,0,0
2600,0,61,16056,5,8,0,1,0,0,0
50700,0,50,76260,3,17,1,1,1,1,1
0,0,26,2805,5,6,0,0,1,0,0
2610,0,43,25200,1,15,0,0,0,0,0
3600,0,31,31800,4,16,0,1,1,0,0
0,0,57,13362,1,6,0,1,0,0,0
4959,0,36,26640,4,12,1,1,1,0,0
-270,0,32,42987,3,16,1,1,0,1,0
12000,0,30,37101,4,12,0,1,1,0,0
-128,0,32,22080,3,10,0,0,1,0,1
44999,0,51,17700,2,12,1,1,0,0,0
500,0,28,10500,1,12,0,0,0,0,0
-11566,0,34,45288,2,14,0,0,1,1,0
-5150,0,43,17520,2,12,0,0,0,0,0
6672,0,57,27180,2,14,0,1,0,0,0
88900,0,61,83301,2,18,1,1,1,1,1
75000,0,55,60705,2,16,0,1,1,1,0
-10946,0,64,33651,1,12,0,1,0,1,0
-900,0,35,28755,7,12,0,1,1,1,1
0,0,31,25845,1,11,0,0,0,0,0
500,0,49,20430,1,13,0,0,0,0,0
276150,0,60,53277,2,13,1,1,1,0,0
-500,0,29,13272,1,14,0,0,0,0,0
-601,0,46,22410,3,12,0,1,0,0,0
54849,0,55,26193,2,10,1,1,1,0,0
384,0,29,7977,4,12,0,1,0,0,0
1600,0,36,31869,1,16,1,0,0,0,0
5599,0,64,21372,3,12,0,1,1,0,0
31799,0,60,23568,3,11,1,1,0,1,0
0,0,27,16200,1,12,0,0,0,0,0
7529,0,38,9480,1,8,1,1,0,0,0
1249,0,27,28575,1,12,0,0,0,0,0
9249,0,57,16305,3,13,0,1,1,1,0
13500,0,44,48300,3,16,1,1,1,0,0
5800,0,38,13449,2,12,0,1,1,0,0
0,0,33,23601,4,10,0,0,0,1,0
300,0,28,28806,3,15,0,0,1,0,1
26900,0,32,38808,2,12,0,0,1,0,1
-26,0,62,11394,1,14,0,1,0,1,0
31402,0,38,55419,5,13,1,1,1,0,1
-11900,0,32,69720,3,15,0,0,1,1,1
-2300,0,29,46839,3,16,0,1,1,0,1
0,0,49,15300,1,15,0,0,0,0,0
0,0,26,37476,2,13,0,0,1,1,1
6125,0,47,58407,4,12,1,1,1,0,1
-3800,0,32,25224,4,12,0,1,1,0,1
-2700,0,37,32385,4,10,0,0,1,0,1
-200,0,30,30342,5,12,0,0,1,0,1
-5850,0,40,36015,1,18,0,0,0,1,0
0,0,43,10500,5,8,0,0,1,0,0
7500,0,34,48786,4,13,1,1,1,0,1
76840,0,61,52854,2,13,1,1,1,0,1
0,0,38,99996,4,12,0,1,1,0,0
3499,0,56,14748,1,12,0,1,0,0,0
2259,0,48,44361,6,14,0,1,1,0,0
0,0,53,14994,1,2,0,0,0,1,0
97500,0,41,57657,3,3,1,1,1,0,0
210,0,29,20313,3,12,0,0,1,0,0
-80,0,30,13980,3,12,0,0,0,0,0
49,0,48,26958,3,13,0,0,1,0,0
398,0,41,38844,4,12,0,0,1,0,1
-1450,0,38,30396,3,12,0,1,0,0,0
-170,0,43,15330,5,10,0,0,1,0,0
-3880,0,25,31803,1,13,0,0,0,0,0
-1950,0,63,14400,4,15,0,1,0,0,0
12633,0,25,49026,3,12,0,1,1,0,1
-1850,0,37,28065,4,14,0,1,1,0,1
0,0,41,48000,1,18,0,0,0,0,0
0,0,57,20091,3,13,0,1,1,0,0
-30,0,42,43350,5,15,0,1,1,0,0
28300,0,55,55752,2,18,1,1,0,1,0
-3200,0,29,21840,4,9,0,1,1,0,0
-1900,0,38,25164,6,12,0,0,1,0,1
11234,0,54,8580,1,10,0,1,0,0,0
0,0,45,7500,1,18,0,0,0,0,0
700,0,37,27072,5,9,0,0,1,0,1
100,0,60,17328,2,14,0,1,0,0,0
-3244,0,25,16266,2,13,0,0,1,0,1
-2600,0,39,16200,4,13,1,0,1,0,1
-8900,0,28,22500,1,16,0,0,0,0,0
-12425,0,30,37800,5,12,0,1,1,0,0
-122,0,44,66579,3,15,0,1,0,0,0
25699,0,52,30870,3,13,0,1,1,0,1
-18000,0,26,37608,1,18,0,0,0,0,0
-3720,0,34,28935,3,12,0,1,1,0,0
4922,0,52,32826,6,14,1,1,1,0,0
0,0,33,6375,1,12,0,1,0,0,0
12000,0,34,19110,1,17,0,0,0,0,0
964,0,26,22305,4,12,0,0,1,0,1
-8005,0,39,74649,4,18,0,1,1,1,1
-5000,0,48,45165,3,12,0,1,1,0,1
0,0,38,17694,1,12,0,0,0,0,0
1580,0,40,15594,2,16,0,1,0,0,0
800,0,37,18048,1,14,0,0,0,0,0
0,0,33,6900,4,3,0,0,1,0,0
2049,0,38,30003,4,13,1,1,1,0,1
-1100,0,37,14850,1,16,0,0,0,0,0
11400,0,28,44376,4,15,0,1,1,1,1
4299,0,55,36600,2,14,0,0,1,0,0
91230,0,56,28260,1,16,1,0,0,0,0
0,0,42,18423,4,8,0,0,1,0,1
9770,0,33,50862,4,10,1,1,1,0,0
22500,0,61,64050,2,12,1,1,1,1,1
1000,0,33,11196,3,12,0,0,0,0,0
15800,0,35,21606,2,13,1,1,1,1,1
0,0,26,10626,1,9,0,0,0,0,0
686,0,36,19200,3,14,0,1,0,0,0
23700,0,39,32100,1,16,1,1,0,1,0
-700,0,27,25500,1,14,0,0,0,0,0
76000,0,64,30432,2,13,1,0,1,0,0
62000,0,57,82290,2,14,1,1,1,0,0
0,0,40,53091,3,12,0,1,1,0,1
14813,0,64,6450,3,11,0,1,0,0,0
6000,0,46,58992,1,18,1,1,0,1,0
112,0,33,17796,3,12,0,0,0,0,0
1200,0,27,30195,3,12,0,0,1,0,1
-450,0,36,10200,2,13,0,0,0,0,0
-9176,0,37,35730,3,13,0,1,1,0,1
0,0,28,23970,4,15,0,0,1,0,1
-57200,0,47,10542,2,12,0,1,1,0,0
-3500,0,41,18675,2,14,0,1,0,0,0
-3050,0,25,18999,2,13,0,0,0,0,0
-790,0,49,40512,3,12,0,0,1,0,0
6,0,26,15219,2,12,0,0,0,0,0
35000,0,43,38490,3,12,0,1,1,1,1
-800,0,58,4242,1,12,0,0,0,0,0
26000,0,40,52998,1,18,0,1,0,1,0
4400,0,32,34233,4,15,0,0,1,0,1
1709,0,27,17706,1,12,0,0,0,0,0
-2500,0,31,5358,5,12,0,0,1,0,0
6649,0,61,14760,2,15,0,1,0,1,0
154,0,25,28728,4,9,0,0,1,0,1
-5951,0,47,16407,2,11,0,1,1,0,1
21862,0,46,44220,3,12,1,1,1,0,1
3000,0,51,21969,1,14,0,0,0,0,0
0,0,46,18000,3,12,0,0,1,0,0
499,0,30,19446,4,13,0,0,1,0,0
-40300,0,28,51660,1,18,0,1,0,0,0
25,0,34,12291,1,12,0,0,0,0,0
800,0,29,17595,1,14,1,0,0,0,0
-9362,0,30,39948,3,13,0,1,1,1,1
500,0,38,28050,4,12,0,1,1,0,0
12000,0,35,13704,6,12,1,1,1,0,0
1152,0,61,23562,1,15,0,1,0,0,0
600,0,26,20430,1,16,0,0,0,0,0
60015,0,37,26550,2,15,0,1,1,0,1
23750,0,63,80796,2,12,1,1,1,0,1
2600,0,34,4350,1,14,1,1,0,0,0
-1208,0,60,10665,2,16,0,1,0,1,0
2999,0,60,18402,5,8,0,1,0,1,0
-4000,0,40,50076,2,18,0,1,1,1,1
1000,0,35,27792,5,14,0,0,1,1,1
15000,0,40,41535,4,12,1,1,1,0,0
0,0,37,17580,5,10,0,1,0,0,0
0,0,36,3246,3,4,0,1,0,0,0
-2400,0,36,30837,3,12,0,0,1,0,1
150,0,29,25209,5,2,0,0,1,0,1
0,0,42,10200,1,9,0,1,0,0,0
5,0,31,16560,1,12,0,0,0,0,0
1152,0,48,26349,3,6,0,1,1,1,1
300,0,30,22722,1,16,0,0,0,0,0
-1370,0,27,12093,1,14,0,0,0,0,0
-120,0,26,15450,3,12,0,1,0,0,0
-19450,0,28,68229,1,18,0,1,0,0,0
-1600,0,45,33840,1,12,0,0,0,0,0
-6298,0,56,29856,1,12,0,1,0,1,0
10378,0,39,21996,1,14,0,1,0,0,0
-11312,0,29,26418,1,16,0,0,0,0,0
82500,0,58,34800,1,18,1,1,0,1,0
0,0,39,12132,4,12,0,1,1,0,0
2029,0,53,19956,1,16,0,0,0,0,0
18450,0,53,22614,1,16,0,1,0,0,0
-200,0,30,8247,4,5,0,0,0,0,0
58100,0,63,74199,2,17,0,1,1,1,0
200,0,47,20400,6,12,0,1,1,0,0
-1100,0,53,4950,2,10,0,1,1,0,0
6548,0,51,45003,4,12,0,1,1,0,1
0,0,31,26862,3,12,0,0,0,0,0
4600,0,48,70368,3,12,0,1,1,0,1
-14850,0,46,25500,6,12,0,1,1,0,0
-15600,0,30,57996,2,12,0,1,1,0,1
4800,0,60,16140,6,12,0,1,1,0,0
13300,0,49,9660,1,18,1,0,0,1,0
4575,0,40,13170,1,12,1,0,0,0,0
-600,0,44,47250,1,14,0,1,0,0,0
-3400,0,27,21900,1,14,0,0,0,0,0
0,0,50,18729,3,12,0,1,0,1,0
69100,0,52,62526,2,14,1,1,1,1,1
16199,0,39,50250,4,18,0,1,0,0,0
1825,0,28,30900,4,12,1,1,1,0,1
4500,0,53,50700,5,16,0,1,1,0,1
29498,0,39,54315,5,16,1,1,1,0,1
24999,0,49,63396,3,16,0,1,1,0,0
0,0,38,11340,2,12,0,0,0,0,0
-8800,0,33,30828,5,12,0,1,1,0,0
-380,0,33,28575,2,12,0,1,1,0,1
-735,0,25,17853,3,10,0,0,0,0,0
42245,0,39,57201,5,16,1,0,1,0,0
28649,0,60,28875,3,12,0,1,0,0,0
5748,0,51,20193,2,13,0,1,1,1,0
9199,0,49,101946,6,12,0,1,1,0,1
93970,0,45,34644,3,8,1,1,1,0,0
-112,0,52,11751,1,12,0,0,0,0,0
-3592,0,31,16020,1,16,0,0,0,0,0
-3070,0,34,13707,3,15,0,1,0,0,0
1100,0,60,30639,3,13,0,1,1,1,0
-2650,0,38,29481,5,14,0,1,1,0,1
39574,0,60,30780,5,13,1,1,1,0,1
30799,0,53,35340,3,12,0,1,1,0,0
77098,0,49,21396,6,12,0,1,1,0,0
-4500,0,39,24375,3,12,0,1,0,0,0
-11300,0,34,50400,5,12,0,0,1,0,1
13697,0,33,32442,3,12,0,0,1,0,1
0,0,46,43200,1,12,0,0,0,0,0
8,0,27,15615,2,12,0,0,0,0,0
-14500,0,26,14670,2,12,0,0,1,0,0
0,0,30,19380,1,10,0,0,0,0,0
3800,0,36,21402,1,12,0,0,0,1,0
250,0,44,7962,6,3,0,0,1,0,0
7455,0,40,68850,2,15,0,1,1,1,1
4310,0,50,22263,2,13,1,0,0,0,0
-8800,0,35,23880,3,12,0,0,1,0,1
-1800,0,33,49428,4,16,0,1,1,0,1
270,0,41,36162,1,16,0,0,0,1,0
-9000,0,37,28320,3,14,0,0,0,0,0
0,0,34,6480,3,12,0,0,0,0,0
3955,0,31,23562,1,12,0,0,0,0,0
11983,0,62,20970,1,15,0,1,0,1,0
0,0,42,26400,3,12,0,0,1,0,0
1200,0,37,18000,4,12,0,0,0,0,0
19513,0,54,36636,3,11,1,1,1,1,1
0,0,26,17850,1,12,0,0,0,0,0
-336789,0,55,46221,3,12,1,1,1,0,1
18200,0,53,34920,2,12,0,1,1,0,0
45999,0,34,51162,3,17,1,1,0,1,0
0,0,52,20574,1,9,0,0,0,0,0
100,0,42,25710,4,11,0,1,1,0,1
2000,0,42,17034,1,12,1,0,1,0,0
12923,0,33,30552,4,16,0,1,1,0,1
47280,0,41,35166,1,12,0,1,0,1,0
0,0,45,10890,2,12,0,0,0,1,0
0,0,48,17088,3,6,0,0,0,1,0
0,0,35,9600,3,10,0,0,0,1,0
9635,0,56,23952,2,15,1,1,1,0,0
-1300,0,30,2520,3,15,0,1,1,0,0
2607,0,26,16557,2,12,0,0,0,0,0
20840,0,48,91230,3,12,1,1,1,1,1
8798,0,44,83499,3,17,1,1,0,0,0
4500,0,29,23100,1,16,0,0,0,0,0
-1150,0,36,26094,5,9,0,1,1,0,1
56500,0,39,100692,6,16,0,1,1,0,0
30499,0,26,46431,1,17,0,0,0,0,0
12499,0,54,39150,1,16,0,1,0,1,0
-7524,0,37,50304,4,13,0,0,1,0,0
-16000,0,54,27858,4,6,0,1,1,0,0
2500,0,27,54300,1,18,0,1,0,1,0
-3500,0,42,71046,6,13,0,0,1,0,1
8050,0,41,22335,3,13,1,1,0,0,0
-24900,0,35,40005,1,17,0,0,0,0,0
27400,0,44,43200,1,18,1,1,0,1,0
50,0,45,28560,6,12,0,1,1,0,0
-57000,0,45,34680,4,10,0,1,1,0,0
-1500,0,39,17097,1,11,0,0,0,1,0
-10843,0,42,54963,4,14,0,1,1,0,1
0,0,56,8670,3,9,0,1,0,0,0
15349,0,47,30435,7,8,0,1,1,0,0
4999,0,43,5400,3,13,0,0,1,0,0
2049,0,40,59523,3,14,0,1,1,0,1
-4928,0,33,33180,5,13,0,1,1,0,1
6107,0,52,26412,2,12,1,1,1,0,0
6299,0,48,30450,1,16,0,0,1,0,0
3800,0,43,44934,3,12,0,1,1,0,1
-29980,0,49,22980,2,16,0,0,0,0,0
-7606,0,49,26400,2,10,1,1,1,0,0
29880,0,49,95460,5,17,0,1,1,0,1
21395,0,54,29781,6,12,1,1,1,0,0
1800,0,45,14850,2,12,0,1,0,0,0
1319,0,56,4398,1,10,0,1,0,0,0
3137,0,37,14085,2,14,0,0,1,0,1
-200,0,43,89175,3,18,0,1,1,1,1
-6901,0,38,55434,4,12,0,1,1,0,1
200,0,31,16560,1,13,0,0,0,0,0
4000,0,41,46719,5,18,0,1,1,0,1
-8250,0,40,23370,5,12,0,0,1,0,1
7322,0,37,20142,1,14,0,0,0,0,0
0,0,60,6312,1,1,0,0,0,0,0
-4250,0,52,12966,2,12,0,1,0,0,0
-100,0,31,25803,5,13,0,1,1,0,1
1500,0,38,108054,5,16,1,1,1,0,0
7765,0,37,58143,2,14,1,1,1,0,1
-285,0,37,13464,5,12,0,1,1,0,0
2186,0,40,33696,4,13,0,1,1,0,0
-12000,0,32,25305,3,12,0,1,1,0,1
14999,0,44,27411,4,16,1,1,1,0,1
-6400,0,31,26235,5,14,0,0,1,0,1
34418,0,32,169404,2,17,1,1,1,0,1
1700,0,42,29475,5,18,0,1,0,0,0
50,0,45,24300,1,18,0,1,0,1,0
0,0,46,17490,3,6,0,1,1,0,1
-1150,0,44,16806,3,12,0,1,1,0,0
6368,0,31,62730,3,16,1,1,1,0,0
300,0,41,10044,6,8,0,0,1,0,0
-2450,0,30,15300,4,6,0,1,1,0,0
-1050,0,33,9288,3,10,0,1,0,0,0
6000,0,35,15336,5,14,0,1,0,0,0
1295,0,36,56160,3,14,0,0,0,0,0
2998,0,36,46422,3,13,0,0,1,0,1
19,0,34,11091,4,10,0,0,0,0,0
33649,0,53,42900,1,12,1,1,0,1,0
1300,0,40,25035,5,12,0,1,1,0,0
-20050,0,43,74955,4,14,0,1,1,1,1
100,0,52,8208,1,10,0,1,0,1,0
-3450,0,39,29001,3,12,0,1,0,1,0
71000,0,47,35334,1,12,1,1,0,0,0
2248,0,31,108135,4,12,0,0,1,0,1
-775,0,44,23100,1,12,0,0,0,0,0
-1500,0,53,21150,2,12,0,1,0,1,0
7360,0,42,30417,4,16,1,1,1,0,1
10400,0,28,13410,1,14,0,0,0,0,0
7,0,33,27303,3,12,0,0,1,0,1
0,0,47,28200,4,12,0,1,1,0,0
-4700,0,26,45900,5,13,0,1,1,0,1
0,0,31,14400,1,12,0,0,0,0,0
-500,0,36,12444,4,8,0,0,1,0,0
-15800,0,37,60225,1,16,0,1,0,0,0
156100,0,38,107172,4,14,0,1,1,1,1
-8000,0,41,7200,1,12,0,0,0,0,0
81798,0,53,100596,2,14,1,0,1,0,0
12211,0,39,65172,2,16,1,1,1,0,1
-6376,0,27,29598,1,18,0,0,0,0,0
-6200,0,30,26751,4,10,0,0,1,0,1
-1500,0,42,11253,5,12,0,1,0,1,0
2750,0,35,13200,4,16,0,1,1,0,0
1059,0,41,38538,4,12,0,1,1,0,1
0,0,38,19365,3,10,0,0,0,0,0
0,0,26,2700,4,11,0,0,1,0,0
24999,0,58,22620,2,12,1,1,0,0,0
0,0,25,11112,4,12,0,0,1,0,0
3599,0,54,19020,1,9,0,0,0,1,0
-5150,0,47,23010,4,12,0,0,1,0,0
7749,0,26,31395,2,16,0,1,1,0,1
-4600,0,26,37500,1,17,0,0,0,0,0
-5400,0,47,51960,3,10,0,1,1,0,1
-1500,0,28,16380,3,14,0,0,0,0,0
4250,0,26,30255,1,18,1,0,0,0,0
14071,0,32,28572,1,14,1,1,0,1,0
2000,0,29,57870,4,13,0,1,1,0,0
7300,0,25,12114,1,16,1,0,0,0,0
0,0,31,7962,2,12,0,0,0,0,0
-3400,0,32,21585,2,12,0,1,1,0,1
-3416,0,42,17172,1,10,0,1,0,1,0
-1000,0,33,31440,1,16,0,0,0,1,0
-2000,0,37,3300,6,12,0,0,0,1,0
103200,0,39,88200,1,14,1,0,0,1,0
-980,0,55,10590,3,12,0,1,0,1,0
72450,0,29,67575,2,18,1,0,1,0,1
-385,0,26,10200,1,12,0,0,0,0,0
1400,0,58,14400,5,4,0,1,1,0,0
5000,0,32,11100,5,1,0,0,1,0,0
2,0,31,8589,4,12,0,0,1,0,0
-4300,0,28,45090,2,12,0,1,1,0,1
-2801,0,29,13890,2,15,0,0,0,0,0
-2900,0,51,35487,1,16,0,1,0,1,0
2117,0,57,50916,2,14,1,1,1,0,1
-4750,0,50,17490,2,13,0,1,0,0,0
3483,0,49,37155,5,12,1,1,1,0,1
-2200,0,37,28050,6,13,0,0,1,0,0
13139,0,42,32142,5,14,1,1,1,0,1
-4880,0,31,27729,6,6,0,1,1,0,1
-2100,0,32,29172,5,12,0,0,1,0,1
-870,0,31,27720,2,13,0,1,1,0,1
11658,0,38,4584,3,12,1,1,0,0,0
346749,0,57,128550,2,16,1,1,1,0,0
81668,0,40,34563,2,18,1,1,1,0,0
6750,0,55,55320,3,12,1,1,1,1,1
8048,0,25,34893,1,12,0,0,0,1,0
46500,0,48,78918,2,17,1,0,1,0,1
61898,0,59,37920,3,12,1,1,1,0,0
14500,0,44,51078,5,12,0,1,1,1,1
15575,0,59,15588,1,9,0,1,0,0,0
-2047,0,38,29838,4,16,0,1,1,0,1
55000,0,46,80220,5,18,1,1,1,1,1
-2000,0,30,17967,4,11,0,1,0,0,0
0,0,33,24300,3,12,0,0,1,0,1
-3887,0,42,33021,1,18,0,0,0,1,0
14282,0,33,45831,3,18,1,1,1,0,0
18800,0,43,50550,1,18,0,1,0,1,0
0,0,41,24864,5,12,0,1,1,0,1
-500,0,43,16959,7,6,0,0,1,0,0
7700,0,33,32514,4,18,1,1,1,0,1
829,0,39,26445,4,14,0,1,1,0,0
81698,0,55,81840,2,16,1,1,1,0,1
10000,0,61,34920,2,12,0,0,1,0,0
12999,0,27,26724,1,12,0,1,0,1,0
13425,0,64,59010,2,15,0,1,1,0,0
29000,0,30,29400,1,12,0,1,0,0,0
-15100,0,42,30000,2,16,0,0,1,1,0
-2500,0,32,12240,2,13,1,1,0,0,0
6973,0,44,84993,3,14,0,1,1,0,1
499,0,33,36030,1,14,0,1,0,0,0
19700,0,41,49194,3,18,1,1,0,1,0
12200,0,32,17580,2,12,1,0,1,0,0
-9500,0,25,26940,4,12,0,0,1,0,0
-4199,0,27,44508,3,12,0,0,1,0,1
-13375,0,39,15600,4,13,0,0,1,0,0
48250,0,38,44754,4,12,1,1,1,0,1
31791,0,53,23721,1,13,1,1,0,1,0
59115,0,46,80079,3,16,1,1,1,0,1
0,0,59,6843,2,12,0,0,0,0,0
29600,0,62,23532,3,12,1,0,1,0,0
-700,0,38,80025,4,16,0,1,1,1,1
6048,0,49,39123,3,12,0,1,1,0,1
257,0,46,11901,7,6,0,1,1,0,1
-850,0,35,18027,1,15,0,0,0,1,0
11899,0,49,39681,3,13,0,0,0,0,0
-3000,0,41,20400,3,11,0,1,1,0,0
-5400,0,31,39567,4,12,0,0,1,1,1
1600,0,36,23466,5,12,0,1,1,0,1
-84151,0,58,13074,1,11,0,1,0,0,0
750,0,31,18642,4,6,0,0,1,0,0
110000,0,45,94776,1,18,0,1,0,0,0
-19950,0,34,25191,1,18,0,1,0,0,0
1208,0,46,34131,7,15,0,1,1,0,1
0,0,43,25050,3,16,0,1,0,0,0
0,0,57,9180,1,12,0,0,0,0,0
2000,0,36,24441,2,14,0,0,0,1,0
420,0,32,16380,5,11,0,1,1,0,1
-1229,0,34,6204,4,12,0,0,0,0,0
-16700,0,35,65010,4,14,0,0,1,0,1
4200,0,38,42036,5,16,0,1,1,1,1
500,0,48,53412,2,12,0,1,1,1,1
2220,0,59,7164,1,11,1,1,0,1,0
2000,0,54,59346,2,11,0,1,1,0,0
-6000,0,26,36000,1,15,0,0,0,0,0
136100,0,55,63972,2,15,1,1,1,0,1
-4200,0,64,10947,2,13,0,1,1,0,0
4700,0,31,45408,3,12,0,1,1,1,1
4050,0,31,17715,1,13,0,1,0,0,0
100,0,47,32043,1,14,0,0,0,0,0
0,0,38,16344,4,12,0,1,1,0,0
-150,0,33,13326,5,10,0,1,1,0,1
-7751,0,55,56103,5,12,1,1,1,0,1
45700,0,55,27390,2,12,1,1,1,0,0
-1000,0,37,14172,6,12,0,0,1,0,0
-2462,0,28,48558,4,12,0,0,1,1,1
-701,0,28,24192,2,16,0,1,0,0,0
6834,0,47,42951,3,6,0,1,1,0,0
1746,0,40,46605,5,12,0,1,1,0,0
12800,0,31,25680,3,12,0,0,1,0,0
0,0,37,11313,3,12,0,1,0,0,0
0,0,38,6120,3,9,0,0,0,0,0
0,0,30,28629,3,12,0,1,1,0,1
-4850,0,39,28125,4,14,0,0,1,1,1
21000,0,35,92277,4,12,0,1,1,0,1
-780,0,31,18813,3,14,0,0,1,0,1
500,0,61,23640,2,10,0,1,1,0,1
-5365,0,42,72039,3,16,0,1,0,1,0
2510,0,37,38340,5,13,1,1,1,0,0
-1800,0,58,44925,2,12,0,0,1,0,1
-2815,0,26,13110,1,13,0,1,0,0,0
-300,0,33,13755,3,12,0,0,0,1,0
-3150,0,36,24975,2,14,0,0,0,1,0
1015,0,36,28452,1,16,0,1,0,0,0
0,0,33,31749,6,12,0,1,1,0,0
-12918,0,29,30249,3,12,0,1,1,0,1
12115,0,47,46983,4,12,0,1,1,0,1
1778,0,49,48585,3,12,0,1,1,1,1
-8538,0,31,57786,2,18,0,0,1,0,1
0,0,37,12666,3,12,0,0,1,0,0
20299,0,55,31098,1,13,0,1,0,0,0
-13947,0,51,16200,7,9,0,0,1,0,0
-5900,0,44,106086,4,15,1,1,1,0,0
29820,0,45,51327,2,18,1,1,1,1,0
500,0,51,13473,2,10,0,1,0,0,0
-1640,0,31,8868,4,12,0,0,0,0,0
-6000,0,30,60870,4,12,0,1,1,0,1
4600,0,38,50817,3,14,1,1,1,0,0
0,0,46,61110,3,12,0,1,1,0,1
4100,0,33,23661,1,16,0,0,0,0,0
0,0,40,24000,1,12,0,0,0,0,0
-21,0,35,13128,4,12,0,0,0,0,0
15100,0,53,73218,4,18,1,1,1,0,1
33300,0,47,60180,2,13,1,1,1,0,1
12350,0,58,71646,2,14,1,1,1,0,1
-440,0,33,24516,5,11,0,0,1,0,1
2800,0,36,81510,5,14,1,1,1,0,1
17556,0,26,5004,3,12,0,1,0,1,0
0,0,46,3690,5,6,0,1,1,0,0
44750,0,31,68040,5,17,1,1,1,0,1
-4000,0,36,17136,3,12,0,0,1,0,0
20649,0,58,20235,2,10,1,1,1,0,0
-4500,0,33,21060,1,12,1,1,0,1,0
-574,0,32,6678,3,13,0,0,0,0,0
-3875,0,41,56334,3,17,0,1,1,1,1
-7751,0,34,36051,5,12,0,0,1,0,0
-12276,0,39,22956,4,12,0,1,1,0,1
1965,0,27,40209,1,14,0,0,0,0,0
1459,0,34,36090,4,12,0,1,1,0,0
-7575,0,40,35688,4,12,0,0,1,0,1
-6001,0,26,23640,5,12,0,0,1,0,0
800,0,51,21969,2,12,0,1,1,0,0
400,0,56,14310,6,12,0,1,0,0,0
37100,0,48,29067,5,17,1,1,1,0,1
0,0,41,25674,7,12,0,0,1,0,0
-1450,0,25,24510,4,12,0,0,1,0,1
4876,0,46,55818,4,12,0,1,1,1,1
1000,0,35,24150,2,12,0,1,1,0,0
69200,0,49,16968,1,12,1,1,0,1,0
7723,0,34,64347,4,14,0,1,1,0,1
350,0,44,49656,6,13,0,1,1,0,0
-30,0,48,19176,4,12,0,1,1,0,0
2000,0,37,24546,3,12,0,0,0,0,0
-453,0,33,15000,7,12,0,1,1,0,0
0,0,46,18000,2,14,1,1,0,0,0
55000,0,64,34932,3,15,0,1,1,0,1
-2150,0,48,14025,2,14,0,1,0,0,0
1800,0,49,25608,1,3,0,0,0,0,0
-2950,0,49,16920,3,12,0,1,1,0,1
46249,0,61,42528,2,12,0,1,1,0,0
-1000,0,45,8586,1,12,0,0,0,0,0
0,0,39,17850,6,4,0,0,1,0,0
63,0,27,17832,4,13,0,1,1,0,0
350,0,29,18000,2,15,0,0,0,1,0
3400,0,28,17070,4,10,0,1,1,0,1
3000,0,33,11898,2,12,0,1,0,1,0
1970,0,39,41088,5,18,0,1,1,0,1
-1700,0,36,41694,2,14,0,1,1,1,1
-9000,0,40,14241,5,14,0,0,0,0,0
-5371,0,60,5436,2,6,0,0,0,0,0
65897,0,56,39546,1,12,1,1,0,0,0
2000,0,58,14460,2,12,0,1,1,0,0
-3050,0,34,16977,5,14,0,1,1,0,0
6899,0,26,28830,1,12,1,0,0,1,0
2000,0,60,14541,3,8,0,0,1,0,0
300,0,41,49980,5,12,0,0,1,0,1
13400,0,26,32070,2,16,1,0,1,0,1
-2238,0,55,60528,2,12,0,1,1,0,0
1800,0,45,24426,1,12,0,1,0,1,0
8599,0,31,42330,4,12,0,0,1,0,1
-1715,0,31,14400,3,14,0,0,0,1,0
600,0,51,20496,1,12,0,0,0,1,0
67600,0,44,34755,4,1,0,1,1,0,0
-4200,0,40,60846,3,16,0,0,1,0,0
749,0,37,44475,2,12,0,1,1,0,1
-10600,0,39,97722,6,12,0,1,1,0,1
-750,0,35,69696,5,18,0,1,1,1,1
-2364,0,46,12954,5,12,0,1,0,0,0
0,0,40,15402,5,7,0,0,1,0,0
-6700,0,25,60495,2,13,0,0,1,0,1
750,0,63,26580,2,11,0,0,0,0,0
32500,0,53,101949,3,12,1,1,1,0,0
-843,0,32,12207,1,12,0,0,0,0,0
-950,0,38,15360,4,12,0,1,1,0,0
3000,0,53,28980,1,12,0,1,0,0,0
500,0,29,24510,4,12,0,0,1,0,1
-650,0,32,9069,4,13,0,1,0,0,0
-3332,0,49,59256,2,13,0,1,1,0,1
-1500,0,28,9240,4,12,0,1,1,0,0
112000,0,44,22416,1,18,1,0,0,0,0
2400,0,30,25650,1,12,0,0,0,0,0
840,0,50,27561,4,12,0,1,1,0,1
-900,0,36,47385,6,12,0,1,1,0,1
-18000,0,40,18900,6,9,0,0,1,0,0
-11601,0,33,16590,5,12,0,0,1,0,1
3199,0,42,26985,4,14,0,1,1,0,1
-1494,0,30,29478,5,13,0,0,1,0,1
-2240,0,44,31530,2,14,0,1,0,0,0
-2551,0,41,48273,3,14,0,1,0,1,0
19550,0,29,37650,2,16,1,1,1,0,1
0,0,32,24960,4,13,0,0,1,0,1
-704,0,33,45039,5,12,0,1,1,0,1
-10250,0,49,29898,5,12,0,0,1,0,1
199,0,40,3618,1,18,0,1,0,1,0
999,0,55,12300,4,3,0,0,1,0,0
-190,0,43,47400,3,18,0,1,0,1,0
-2000,0,46,70830,4,12,0,1,1,0,1
1305500,0,59,199041,3,16,1,1,1,0,0
-29,0,39,21621,2,15,0,1,0,1,0
0,0,28,10200,2,11,0,0,0,0,0
-8500,0,31,30315,4,13,0,1,1,0,0
50,0,40,12120,4,12,0,1,0,1,0
29319,0,47,87720,2,12,1,1,1,0,0
0,0,57,4140,3,4,0,1,0,0,0
44159,0,52,33489,2,13,1,1,1,0,1
-30000,0,27,1419,5,10,0,1,1,0,0
-6600,0,32,52041,1,16,0,1,1,1,0
2647,0,36,34839,1,18,1,0,0,1,0
-2550,0,47,21612,3,14,0,1,0,0,0
44000,0,30,45948,2,17,1,1,1,1,1
-4800,0,52,26400,4,12,0,1,1,0,1
-300,0,25,24300,3,7,0,0,1,0,1
-17275,0,26,34830,1,18,0,0,0,0,0
13200,0,51,26280,1,16,0,0,0,0,0
259,0,62,20622,1,16,0,1,0,0,0
-1422,0,27,16488,6,11,0,1,1,0,1
-4693,0,29,29532,4,16,0,1,1,0,1
0,0,27,8400,3,12,0,0,0,0,0
-7900,0,52,22500,5,14,0,1,1,0,0
8000,0,40,24360,1,14,0,0,0,0,0
0,0,40,9630,5,12,0,1,0,0,0
0,0,25,14439,3,9,0,0,1,0,0
-3158,0,41,14040,2,12,0,1,0,0,0
-4400,0,31,21180,3,12,0,1,0,0,0
10560,0,36,21021,1,11,0,0,0,0,0
374,0,33,17229,2,9,0,1,0,0,0
783,0,52,15306,3,12,0,1,1,0,0
17704,0,60,14442,4,14,0,1,1,0,1
-3605,0,31,17127,2,12,0,1,1,0,0
8600,0,31,37089,3,16,0,1,1,0,0
0,0,37,17571,4,12,0,0,1,0,0
0,0,40,28095,5,3,0,1,1,0,1
-366,0,48,12165,5,6,0,1,1,1,1
-10300,0,30,18042,5,12,1,1,1,0,0
39600,0,60,13245,1,12,0,1,0,0,0
9200,0,39,55716,1,17,0,0,0,0,0
30600,0,41,49758,3,12,1,0,1,0,1
1368,0,29,43281,3,12,1,0,1,0,1
0,0,25,15456,1,6,0,0,0,0,0
0,0,35,10710,1,12,0,0,0,0,0
-16431,0,33,26880,3,17,0,0,1,0,1
-501,0,38,60096,4,12,0,1,1,0,0
200,0,39,14586,2,16,0,0,0,0,0
-3001,0,29,39882,4,16,0,1,1,0,0
1300,0,55,8520,5,5,0,1,1,0,0
0,0,42,13440,4,13,0,1,0,0,0
0,0,44,7182,5,5,0,0,0,0,0
13400,0,34,55986,6,13,0,1,1,0,0
-3500,0,42,38817,2,12,0,1,1,0,1
62399,0,56,38766,2,12,1,1,1,0,0
11700,0,33,47802,6,14,0,0,1,1,1
270,0,55,21765,1,12,0,0,0,0,0
1450,0,29,21660,4,12,0,0,1,0,0
300,0,29,5283,1,12,0,1,0,0,0
18973,0,37,20616,5,16,0,1,1,0,1
200,0,25,22680,1,12,0,0,0,0,0
-9720,0,41,40467,2,14,0,0,0,1,0
-17300,0,42,73362,5,14,0,1,1,0,1
-900,0,51,22500,4,10,0,1,1,0,0
0,0,46,36072,5,12,0,1,1,0,1
0,0,47,17904,5,12,0,0,1,0,1
73351,0,41,51591,4,14,1,1,1,0,0
-4625,0,58,11520,3,11,0,0,0,0,0
0,0,43,16080,1,14,0,0,0,0,0
-2200,0,29,22680,6,12,0,0,1,0,0
-148,0,60,7650,1,6,0,1,0,0,0
0,0,47,6765,2,8,0,1,0,0,0
-4900,0,29,19374,3,14,0,0,0,0,0
-1245,0,52,21420,5,11,0,0,1,0,0
-3800,0,25,24630,1,15,0,0,0,0,0
174999,0,52,16509,1,18,1,1,0,1,0
699,0,27,38616,1,14,0,0,0,0,0
-1435,0,33,18600,3,15,0,0,0,0,0
-14000,0,35,33120,4,10,0,0,1,0,1
36799,0,63,40824,2,15,1,1,1,0,0
-6000,0,34,19890,4,9,0,1,1,0,1
0,0,42,8937,8,11,0,1,0,0,0
-14201,0,50,66360,4,18,0,0,1,0,1
300,0,62,26808,2,17,0,1,1,0,0
345,0,25,19380,3,12,0,1,1,0,1
0,0,35,1560,4,6,0,0,1,0,0
0,0,32,21804,1,11,0,1,0,0,0
-5450,0,28,30210,1,12,0,0,0,0,0
0,0,25,11865,5,12,0,0,1,0,1
0,0,43,11250,5,11,0,0,0,0,0
0,0,51,8160,5,9,0,0,1,0,0
-2600,0,30,8280,3,12,0,0,1,0,0
0,0,43,3420,2,9,0,0,0,0,0
634,0,32,17940,1,12,0,0,0,0,0
33000,0,47,33687,4,16,1,1,1,0,0
13100,0,54,13296,1,12,0,1,0,0,0
7100,0,32,34059,3,12,0,0,1,0,1
30849,0,31,22722,2,18,1,1,1,0,0
-2900,0,30,31875,1,12,0,0,0,0,0
3400,0,34,40161,4,12,0,1,1,1,1
-1800,0,59,14280,1,12,0,1,0,1,0
20399,0,36,24867,2,16,1,1,1,0,0
-5177,0,45,26700,2,12,0,0,0,1,0
250,0,30,6450,1,13,0,0,0,0,0
0,0,26,12750,1,3,0,0,0,0,0
300,0,46,12018,1,11,0,0,0,0,0
555,0,54,25500,6,10,0,0,1,0,0
7599,0,57,21024,3,12,0,1,1,0,0
-4000,0,30,53040,4,15,0,1,1,1,1
249,0,44,31635,1,12,0,1,0,1,0
0,0,39,25416,6,8,0,0,1,0,0
11937,0,47,23772,4,18,1,1,1,0,1
-7551,0,42,13200,1,14,0,1,0,0,0
-3350,0,36,28800,1,18,0,0,0,0,0
300,0,34,14304,1,12,0,0,0,1,0
72225,0,63,36072,3,13,1,1,1,0,0
-1450,0,63,31209,5,12,0,1,1,0,0
-6400,0,37,16788,4,12,0,1,1,0,1
5419,0,46,39582,2,18,0,1,0,1,0
0,0,40,12960,1,10,0,0,0,0,0
-1400,0,29,25308,4,12,1,1,1,0,0
-2710,0,25,21813,4,14,0,0,1,0,1
-3200,0,28,55830,2,14,0,1,1,0,1
-4750,0,33,38073,3,12,0,1,1,1,1
287746,0,62,57159,2,12,1,1,1,0,0
4500,0,46,32184,3,16,0,1,0,0,0
0,0,59,18696,1,12,0,0,0,1,0
-1200,0,31,16386,3,12,0,0,1,0,1
2200,0,29,26223,2,13,0,0,0,0,0
600,0,32,17646,3,14,0,1,1,0,0
-4095,0,41,19413,4,12,0,1,0,0,0
-6569,0,25,14484,4,11,0,1,1,0,0
19000,0,56,77979,2,12,1,1,1,0,0
-1200,0,25,10200,1,15,0,0,0,0,0
-2168,0,29,29994,4,12,0,0,1,0,1
14399,0,61,44331,3,14,0,1,1,1,0
53,0,43,7569,3,9,0,1,0,0,0
-9500,0,46,25773,2,12,0,1,1,0,1
-671,0,28,24990,4,12,0,0,1,0,1
110100,0,51,58959,1,14,1,0,0,0,0
75,0,42,19512,1,14,0,0,0,0,0
138100,0,61,59946,2,18,1,1,1,1,0
-2970,0,25,31698,1,17,0,0,0,0,0
0,0,31,20028,1,12,0,0,0,0,0
-2000,0,31,55554,5,14,0,1,1,0,1
0,0,36,6240,4,7,0,1,0,0,0
-6900,0,43,16326,4,14,0,1,0,0,0
-2500,0,27,6606,1,12,0,0,0,0,0
0,0,40,27840,2,12,0,0,0,0,0
-800,0,41,37584,4,12,0,1,1,0,1
100,0,41,19215,3,14,0,0,0,0,0
549,0,30,24627,2,18,0,0,0,0,0
6000,0,32,21930,1,14,0,0,0,0,0
-2400,0,27,28200,2,13,0,0,1,1,1
-500,0,50,8454,1,12,0,0,0,1,0
12700,0,47,71316,3,16,0,1,1,1,1
-2200,0,29,3840,5,6,0,0,1,0,0
455,0,52,33291,3,16,1,0,1,1,1
-1451,0,39,18990,1,18,0,1,0,0,0
-1500,0,34,30255,4,14,0,0,0,0,0
-1900,0,26,19251,2,16,0,0,1,0,1
1000,0,34,24465,3,11,0,0,1,0,1
-900,0,45,11868,3,5,0,1,0,0,0
31889,0,39,30690,5,12,1,1,1,0,1
-3000,0,39,1950,3,14,1,0,1,0,1
-1601,0,38,48021,5,12,0,1,1,0,0
-800,0,53,20910,5,12,0,1,1,0,1
0,0,40,8262,5,4,0,1,1,0,0
28000,0,53,39978,1,15,1,0,0,0,0
800,0,36,4458,3,12,0,0,1,0,1
5000,0,47,76338,4,13,0,1,1,0,1
-1861,0,41,7650,1,12,0,0,0,0,0
30,0,29,12756,1,12,0,0,0,0,0
0,0,41,26520,4,7,0,0,0,1,0
4500,0,59,22119,1,14,1,1,0,0,0
1205,0,30,25122,4,12,0,0,1,0,1
294,0,61,19545,3,12,0,1,1,0,1
1000,0,32,27570,3,13,0,0,1,0,0
3199,0,39,16167,4,12,0,1,1,0,0
4638,0,27,18075,3,13,1,1,0,0,0
1449,0,42,25068,7,12,0,1,1,0,0
12618,0,59,21843,2,11,0,1,0,0,0
-4100,0,34,37428,4,10,0,0,1,0,1
63800,0,29,44559,2,12,0,0,1,1,1
10175,0,31,65334,4,12,0,1,1,0,1
-19706,0,48,32349,4,11,0,0,1,0,1
0,0,36,21405,4,12,0,0,1,0,1
-1000,0,33,22161,2,15,0,0,0,1,0
-3650,0,43,18240,2,13,0,0,0,0,0
0,0,59,58896,1,18,0,0,0,1,0
0,0,35,17226,6,16,0,0,1,0,1
12300,0,33,36894,4,16,0,1,1,0,0
100000,0,55,93336,4,18,0,1,1,1,1
0,0,50,20400,2,12,0,1,1,0,0
0,0,64,11475,1,8,0,1,0,1,0
397000,0,46,94380,4,12,1,1,1,0,0
-50,0,59,4320,6,12,0,1,1,0,0
100,0,35,28998,3,12,0,0,0,1,0
142500,0,46,83085,2,18,1,1,0,0,0
0,0,46,12750,4,6,0,0,1,0,0
160,0,41,16287,7,6,0,1,1,0,0
-4165,0,28,26931,2,12,0,1,1,0,1
47384,0,48,30543,1,16,0,0,0,0,0
-2490,0,40,20220,1,12,0,0,0,0,0
-1775,0,25,32409,3,12,0,0,1,0,1
-4500,0,27,28560,1,12,0,0,0,0,0
-3665,0,38,24879,5,12,0,1,1,1,1
5248,0,51,105843,3,14,1,0,1,0,1
-90,0,50,15000,4,13,0,1,0,0,0
40000,0,30,45960,2,18,0,0,1,0,1
440,0,41,32472,2,14,0,0,0,1,0
51740,0,38,50016,3,18,1,1,1,0,1
54500,0,50,27516,2,13,1,1,1,0,0
-5141,0,26,22854,3,12,0,0,1,0,1
2760,0,32,28560,4,18,1,1,1,0,0
3500,0,27,42291,2,16,0,0,1,0,1
-8900,0,30,24540,4,13,0,1,1,0,0
-7151,0,33,76080,4,15,1,1,1,0,1
0,0,26,12084,2,12,0,0,0,0,0
-4700,0,37,28134,3,13,0,0,1,0,0
-2249,0,38,10614,3,13,0,1,0,0,0
-5007,0,31,14763,4,14,0,1,1,0,0
2900,0,35,37380,4,12,0,0,1,0,1
3200,0,25,46506,3,11,0,1,0,0,0
1500,0,50,57132,2,13,0,0,0,0,0
-399,0,25,17646,3,12,0,0,1,0,0
50,0,38,53658,3,14,0,0,1,0,1
-7350,0,30,19950,3,14,0,0,1,0,0
-3701,0,27,56322,8,12,0,0,1,0,1
189000,0,53,56997,3,18,1,1,1,0,0
-10900,0,30,16500,3,11,0,0,1,0,0
51000,0,63,22422,2,13,1,1,1,1,0
-1822,0,30,35550,4,12,0,1,1,0,0
-7500,0,33,31260,4,12,0,0,1,0,1
30000,0,43,110820,5,12,1,1,1,0,1
-4600,0,47,46485,4,12,0,1,1,0,1
3900,0,28,26850,2,17,1,0,1,0,0
65330,0,42,61857,5,14,1,1,1,1,1
-750,0,56,15006,3,12,0,1,0,0,0
2500,0,32,28629,1,15,0,0,0,0,0
55,0,34,10767,2,10,0,0,1,0,0
499,0,29,20670,1,14,0,0,0,0,0
59160,0,45,43131,2,18,1,1,1,0,1
750,0,32,22500,2,6,0,0,0,0,0
-2300,0,36,19284,5,12,0,0,1,0,1
-3890,0,46,11640,2,12,0,0,0,0,0
3500,0,29,130296,2,18,0,1,1,0,1
-595,0,31,31536,4,12,0,1,1,1,1
3200,0,45,15654,4,12,0,0,0,1,0
33600,0,37,32394,3,12,0,0,0,0,0
0,0,35,17640,4,15,0,0,0,1,0
24,0,25,14661,1,10,0,0,0,0,0
1960,0,31,17649,1,16,0,0,0,0,0
-500,0,47,38760,3,10,0,1,1,0,1
454,0,46,80862,5,17,0,1,1,1,1
57800,0,57,30675,1,18,1,0,0,0,0
7,0,32,9228,1,12,0,0,0,0,0
3000,0,32,14580,2,12,0,0,1,0,0
89900,0,49,23250,1,12,1,1,0,0,0
16600,0,25,27492,5,12,1,1,1,0,1
-9100,0,30,29364,1,18,0,0,0,0,0
0,0,34,29700,9,6,0,0,1,0,1
7650,0,37,30996,4,16,0,1,1,0,0
20,0,44,55800,4,12,0,1,0,0,0
-1950,0,32,21150,2,14,0,1,1,0,1
-1005,0,38,38313,4,16,0,1,1,0,1
4499,0,30,69750,3,16,1,1,1,0,1
300,0,46,21936,6,2,0,1,1,0,1
-1203,0,51,9720,6,3,0,0,1,0,0
5290,0,52,47295,2,13,1,1,1,1,1
-134,0,30,29526,4,14,0,0,1,0,0
-11600,0,26,25980,5,10,0,0,1,0,0
23149,0,60,22512,1,12,0,1,0,0,0
0,0,33,6900,2,10,0,0,0,0,0
19249,0,58,13065,1,14,1,0,0,0,0
-2700,0,30,45810,1,16,0,1,0,0,0
-1300,0,62,25500,3,9,0,1,1,0,0
-1300,0,49,19734,7,9,0,1,1,0,1
-1875,0,54,26136,4,12,0,0,1,0,1
-3000,0,54,14871,2,12,0,0,0,0,0
16600,0,30,27192,3,14,0,1,1,0,0
4210,0,42,57180,4,18,0,1,1,0,1
-3601,0,36,26370,6,14,0,1,1,0,1
4924,0,48,11244,1,14,0,0,0,0,0
-6001,0,45,58578,2,13,1,1,1,0,1
-1502,0,29,21021,3,16,0,0,1,0,1
500,0,61,11424,1,11,0,1,0,0,0
16400,0,44,36060,4,18,1,1,1,0,0
-1564,0,49,22395,5,12,0,1,1,1,1
0,0,36,20400,5,8,0,0,1,0,1
3975,0,61,57060,2,12,0,1,1,1,1
1200,0,50,28254,5,9,0,0,1,0,1
0,0,28,10506,5,4,0,0,1,0,0
0,0,29,21807,1,12,0,0,0,0,0
-1345,0,31,15990,3,14,0,1,0,1,0
-300,0,39,43230,3,12,0,1,1,0,1
13000,0,51,34656,3,16,0,0,0,0,0
2200,0,48,28812,2,16,1,1,0,1,0
1150,0,37,12852,2,12,0,1,0,0,0
-800,0,35,23520,5,12,0,1,1,0,1
-150,0,27,15888,2,12,0,1,0,0,0
86999,0,61,33636,2,12,1,1,1,0,0
200,0,45,26340,5,13,0,1,1,1,1
15042,0,31,13029,1,18,0,0,0,0,0
5649,0,45,35580,3,12,1,1,1,0,1
500,0,31,13116,7,14,0,0,1,0,0
-1801,0,27,14286,2,10,0,0,0,0,0
3129,0,25,18162,1,13,0,1,0,0,0
6499,0,37,18696,3,17,0,1,1,0,1
11400,0,37,35226,6,15,0,1,1,0,1
18500,0,58,22443,2,12,1,1,1,0,0
-2681,0,39,21459,2,14,0,1,0,1,0
0,0,55,16710,1,12,0,1,0,0,0
-3500,0,31,35739,3,12,0,0,0,0,0
32097,0,59,46926,2,12,1,1,1,1,1
25000,0,30,49200,2,13,0,0,1,0,0
1500,0,31,22959,4,12,0,1,1,0,1
-17550,0,45,48000,4,14,0,0,1,0,1
0,0,27,39000,4,12,0,0,0,1,0
0,0,44,18600,5,9,0,1,1,0,0
16699,0,26,29700,1,16,0,0,1,1,0
0,0,27,2649,3,12,0,0,1,0,0
39800,0,49,77466,2,12,1,1,1,1,1
100,0,38,21978,1,12,0,1,0,1,0
11350,0,32,24807,4,13,0,1,1,1,1
-3300,0,58,27639,2,10,0,1,1,0,0
-3099,0,32,16758,3,12,0,0,0,1,0
249,0,52,22047,4,12,0,1,1,0,1
1400,0,28,43230,1,12,0,0,0,1,0
-4000,0,39,11205,5,14,0,1,0,0,0
200,0,28,2970,1,15,0,0,0,0,0
10400,0,52,44271,6,15,1,1,1,0,1
1930,0,25,16032,2,14,0,0,0,0,0
2700,0,34,21387,1,18,0,0,0,0,0
2056,0,40,32205,2,15,0,1,1,1,1
-4152,0,35,24159,4,12,0,1,1,0,1
0,0,60,15723,1,7,0,1,0,0,0
47998,0,62,23100,2,12,0,1,1,0,0
2999,0,39,28740,2,14,0,1,0,1,0
24100,0,49,45600,2,15,0,0,0,1,0
-1000,0,29,14580,3,12,0,0,0,0,0
0,0,36,24000,1,14,0,1,0,0,0
0,0,44,17214,1,14,0,0,0,0,0
2608,0,53,20406,3,12,1,1,1,0,0
11599,0,37,38697,1,16,0,0,0,1,0
7300,0,37,37920,3,14,0,1,1,1,1
10999,0,47,56976,3,12,0,1,1,1,1
90349,0,35,54960,4,12,0,1,1,0,1
-10430,0,27,47340,2,12,0,1,0,1,0
0,0,60,5520,1,13,0,0,0,0,0
-38890,0,52,15909,5,12,0,1,1,0,0
-500,0,64,26424,3,10,0,1,1,0,0
850,0,59,18564,4,16,0,1,0,1,0
10700,0,42,40500,4,16,0,1,1,0,0
8,0,50,3684,3,12,0,0,0,0,0
-750,0,59,21366,1,12,0,1,0,0,0
0,0,29,10200,3,12,0,1,0,0,0
-551,0,52,37320,1,16,0,0,0,0,0
-3900,0,26,28320,4,12,0,1,1,0,1
18300,0,54,45225,1,12,1,1,0,0,0
892,0,26,22338,1,14,0,0,0,0,0
7800,0,56,32148,2,12,1,1,1,0,1
-500,0,32,30669,1,13,1,0,0,0,0
-5851,0,36,15045,7,12,0,1,1,0,0
-1694,0,38,51432,3,14,0,1,0,1,0
-6072,0,30,39957,4,12,0,1,1,0,1
132671,0,52,38832,2,17,1,1,0,0,0
-18880,0,35,42930,3,16,0,1,1,0,1
4629,0,28,48900,3,14,0,1,1,0,0
300,0,42,35700,2,12,0,0,0,0,0
-11501,0,46,33726,4,6,0,1,1,0,1
-2551,0,64,12069,4,12,0,1,1,0,0
250999,0,50,162597,4,18,1,1,1,0,0
-8300,0,36,26772,1,15,0,1,0,0,0
5399,0,48,30831,4,12,0,1,1,0,1
207750,0,62,49788,2,12,1,0,1,0,0
-6600,0,50,19965,1,13,1,0,0,0,0
499,0,32,43146,3,9,0,1,1,0,1
0,0,39,9600,5,12,0,0,1,0,0
2200,0,29,8379,2,12,0,1,0,0,0
-2400,0,54,61692,3,12,1,1,1,0,1
-4609,0,36,72069,4,15,0,0,1,0,1
-3345,0,41,7797,5,12,0,0,1,0,0
-3088,0,45,28944,3,12,0,0,1,0,0
600,0,60,3825,1,11,0,0,0,0,0
22100,0,35,53010,2,18,1,1,0,0,0
100,0,31,10755,1,12,0,0,0,0,0
540,0,27,24840,4,12,0,1,1,0,0
-2085,0,40,9000,6,13,0,1,1,0,0
26200,0,59,28284,2,12,0,1,1,0,0
799,0,37,13185,2,12,0,0,0,0,0
-5850,0,36,19170,4,6,0,1,1,0,1
-1000,0,31,18819,1,14,0,0,0,0,0
-11179,0,46,6900,1,6,0,0,0,0,0
100,0,45,34731,3,12,0,1,1,0,0
-2350,0,36,14646,2,11,0,0,0,0,0
19650,0,61,17253,1,12,0,0,0,1,0
74000,0,31,105567,1,16,1,1,0,0,0
449,0,43,27792,3,12,1,1,1,0,0
-5390,0,43,58599,5,12,0,1,1,0,1
3700,0,29,42510,2,14,0,1,1,0,1
-5475,0,60,25650,2,13,0,1,1,0,1
-8840,0,45,21150,2,16,0,0,0,1,0
0,0,37,9450,8,12,0,1,1,0,0
-5700,0,41,6741,2,15,0,1,0,0,0
7450,0,34,20199,4,15,0,1,1,0,0
0,0,32,15834,5,12,0,0,1,0,0
-700,0,32,24000,3,15,0,1,1,0,0
-3500,0,43,14700,2,12,0,1,0,1,0
0,0,47,8694,1,8,0,1,0,0,0
0,0,30,10932,4,12,0,0,1,0,0
11199,0,37,43968,4,12,1,1,1,1,1
-1195,0,30,19239,6,12,0,1,1,0,0
-16270,0,25,19131,1,14,0,0,0,0,0
81700,0,51,56883,2,13,1,1,0,0,0
4200,0,28,48060,4,15,1,1,1,0,1
13409,0,35,35283,5,12,0,1,1,0,0
24352,0,25,43050,1,18,1,0,0,0,0
0,0,33,12837,2,13,0,1,0,0,0
875,0,34,15300,1,11,0,1,0,0,0
5073,0,39,68712,4,16,1,0,1,0,1
-612,0,28,15045,3,13,0,0,0,0,0
-7996,0,51,25200,2,14,0,0,1,0,0
41549,0,39,84111,1,18,1,1,0,1,0
-101,0,29,29424,2,18,0,0,1,1,1
-3200,0,31,51615,4,18,0,0,1,0,1
699,0,35,22113,1,13,1,1,0,1,0
0,0,48,23634,2,14,0,1,0,1,0
-1450,0,56,8160,1,12,0,0,0,0,0
25,0,56,24744,2,1,0,0,1,0,0
-1100,0,45,28524,3,12,0,0,0,0,0
0,0,34,39900,5,13,0,0,1,0,1
39189,0,38,45336,1,17,1,0,0,0,0
15000,0,34,62436,1,18,0,1,0,0,0
41499,0,61,22893,1,18,1,0,0,0,0
3000,0,38,18540,5,12,0,0,1,0,0
15999,0,55,22740,7,4,0,1,1,0,0
10000,0,35,46278,4,12,0,0,1,0,1
16000,0,42,36600,1,18,0,1,0,0,0
9600,0,59,23445,2,12,1,1,1,0,0
-1431,0,25,26796,6,10,0,0,1,0,1
-1030,0,46,17652,4,12,0,1,1,0,0
2500,0,32,13452,1,12,1,0,0,0,0
53500,0,32,69630,1,16,1,1,0,0,0
50,0,30,18360,3,13,0,1,0,0,0
1000,0,41,46791,3,18,0,1,1,1,1
-9123,0,43,47457,4,13,0,1,1,0,0
-11000,0,51,18264,2,14,0,1,0,1,0
13500,0,37,25800,1,14,1,1,0,0,0
-13300,0,38,62703,5,12,0,1,1,0,1
17700,0,41,61953,4,14,0,1,1,1,1
10690,0,48,43050,4,18,0,1,1,0,1
24999,0,28,33900,1,15,0,0,0,0,0
20000,0,25,33360,7,13,0,1,0,0,0
47000,0,56,91692,2,12,0,1,1,0,1
78300,0,32,83652,4,12,1,1,1,0,1
204000,0,35,54300,2,16,1,1,1,0,0
-1400,0,31,32082,1,16,0,0,0,0,0
-4900,0,28,20460,1,12,0,0,0,0,0
-100,0,40,58320,3,12,0,1,1,0,1
-20850,0,31,7650,1,18,0,0,0,0,0
-4050,0,40,35475,3,18,0,0,0,0,0
5756,0,53,70374,2,18,0,1,1,1,1
7000,0,25,24480,1,12,0,0,0,0,0
5158,0,30,47046,3,16,0,0,1,0,1
53258,0,37,85926,3,15,1,1,1,0,1
25550,0,60,3555,2,14,1,1,1,0,0
-1900,0,25,31956,1,13,0,0,0,0,0
0,0,57,18630,1,4,0,1,0,0,0
0,0,33,9855,5,9,0,0,1,0,0
-1500,0,30,11256,1,13,0,0,0,0,0
6350,0,35,43050,2,14,0,1,0,0,0
-1800,0,47,6435,7,6,0,1,1,0,1
15970,0,37,7182,1,18,0,1,0,0,0
-1847,0,54,4917,1,11,0,0,0,0,0
0,0,55,22656,4,16,0,1,0,0,0
-1102,0,37,31200,3,12,0,1,1,1,1
-10491,0,36,36267,4,15,0,1,1,0,1
38678,0,32,93954,4,16,1,0,1,0,1
-5300,0,54,40320,6,12,0,1,1,1,1
43198,0,47,84378,3,13,0,0,1,0,1
200,0,44,34539,7,12,0,1,1,0,1
-450,0,31,12816,4,12,0,0,0,0,0
87600,0,60,42288,1,12,1,1,0,0,0
350,0,35,17913,1,17,0,0,0,0,0
38400,0,41,54210,3,16,1,1,1,0,1
-22663,0,43,27489,5,12,0,1,1,0,0
1650,0,34,21348,4,2,0,1,1,0,1
-1401,0,28,54456,2,12,0,1,1,0,1
-16826,0,34,15120,5,10,0,1,1,0,0
-2719,0,27,25971,3,14,0,1,1,0,1
1000,0,63,19764,6,12,0,1,0,1,0
6030,0,33,16452,1,13,0,0,1,0,0
50,0,52,21240,3,14,0,1,0,1,0
1000,0,32,9774,1,14,0,0,0,0,0
19900,0,54,26760,3,14,1,1,1,0,0
12000,0,62,68076,5,16,0,1,1,0,0
4000,0,43,45510,4,18,1,1,1,1,0
200,0,33,37146,4,14,0,1,1,0,1
15199,0,44,18390,2,12,1,1,1,0,0
-11980,0,40,24000,4,16,0,1,1,0,0
11030,0,54,13872,2,16,0,0,0,1,0
-5626,0,38,9303,3,14,0,0,0,0,0
-9500,0,32,28890,5,16,0,1,1,0,0
11347,0,48,141315,2,18,0,0,1,1,1
634,0,26,12660,1,12,0,0,0,0,0
8897,0,36,44400,5,13,1,1,1,0,1
0,0,26,6000,4,12,0,0,1,0,0
2740,0,55,10296,2,9,0,1,0,0,0
-7000,0,30,45150,1,18,1,1,0,0,0
0,0,38,21600,1,14,0,0,0,0,0
15300,0,29,34620,4,16,0,1,1,0,0
4029,0,47,27414,2,12,1,1,1,0,1
1350,0,38,55350,4,16,0,0,1,0,1
-2550,0,38,27930,4,13,0,1,1,0,0
-1140,0,26,32001,1,17,0,0,0,1,0
39354,0,61,70557,2,12,1,1,1,0,0
6100,0,60,21720,1,12,0,0,0,0,0
-2745,0,35,36000,5,13,0,1,1,0,0
-2293,0,29,37053,4,12,0,1,1,0,1
37240,0,46,55074,6,13,0,1,1,1,1
5092,0,29,36744,1,12,1,1,0,0,0
2099,0,49,14970,4,12,0,1,1,0,0
0,0,30,12360,3,10,0,1,0,0,0
-3899,0,25,65262,2,14,0,1,1,0,1
-2850,0,27,30015,1,16,0,0,0,0,0
22705,0,37,15246,3,12,0,1,1,0,0
2130,0,36,14340,1,12,0,0,1,0,0
43320,0,53,55266,3,14,1,0,1,0,0
0,0,47,48954,1,18,0,0,0,1,0
440,0,37,40647,5,12,0,1,1,0,1
-1170,0,27,24564,1,16,0,0,0,0,0
0,0,43,17844,3,8,0,0,0,1,0
200,0,53,24000,2,12,0,1,1,0,0
0,0,53,16830,1,11,0,1,0,0,0
16597,0,51,85980,2,18,1,1,1,0,0
93501,0,48,79053,2,12,1,1,1,0,0
-2200,0,26,17880,1,12,0,1,0,0,0
-600,0,35,21063,5,12,0,1,1,0,0
7900,0,34,56787,3,16,0,1,1,0,1
13099,0,64,15696,3,9,0,1,1,0,0
71399,0,59,46956,1,11,1,1,0,1,0
11800,0,63,26736,3,11,0,1,1,0,0
5100,0,37,47850,3,12,1,1,1,0,1
2750,0,44,10446,5,12,0,1,1,0,0
0,0,25,11220,4,6,0,0,1,0,0
-1690,0,41,20592,3,14,0,0,0,0,0
21199,0,29,25803,1,12,0,0,0,0,0
57500,0,64,85080,2,14,1,1,1,0,0
2573,0,26,22830,1,13,0,0,0,0,0
-7299,0,44,46113,5,12,0,1,1,0,1
30,0,26,39846,4,16,0,0,1,0,1
0,0,47,29100,1,18,0,0,0,0,0
1000,0,29,19254,3,14,0,1,0,0,0
-5000,0,58,51489,2,18,0,1,1,1,0
13259,0,35,60897,1,12,0,1,0,0,0
3399,0,31,37509,1,16,0,0,0,0,0
-400,0,34,28050,1,12,0,0,0,0,0
300,0,36,40050,5,12,0,1,1,0,1
-3995,0,37,36564,4,12,0,1,1,0,1
28150,0,43,117342,5,16,0,1,1,1,1
7399,0,26,32844,3,12,0,0,1,0,0
1400,0,25,14850,1,12,0,0,0,0,0
39400,0,56,76500,3,14,1,1,1,0,1
36699,0,47,47178,5,14,1,1,1,1,1
-8952,0,29,21405,3,14,0,0,0,0,0
0,0,62,15387,3,12,0,0,1,0,0
-900,0,53,13029,5,8,0,1,0,0,0
-8500,0,28,33450,1,16,0,0,0,0,0
0,0,55,7644,2,11,0,1,0,1,0
591,0,37,35889,4,14,0,1,1,0,0
6409,0,28,25464,3,12,0,1,1,0,1
-3001,0,25,19230,1,13,0,0,0,0,0
2672,0,43,94476,3,16,1,1,0,0,0
2840,0,53,13500,2,10,0,1,1,0,0
-7955,0,34,33954,5,14,0,1,1,0,1
1400,0,43,28005,3,16,1,1,0,1,0
8260,0,47,37932,2,12,1,1,1,1,1
0,0,48,6564,10,12,0,0,0,0,0
3899,0,34,19713,3,12,0,0,1,0,0
-300,0,41,18090,2,8,0,0,1,0,0
500,0,40,62745,7,11,0,1,1,1,1
1200,0,41,33600,5,18,0,1,1,1,1
19747,0,36,1137,5,16,1,1,1,0,0
-721,0,27,21528,2,10,0,0,1,0,1
47749,0,36,82656,4,14,1,1,1,0,0
400,0,25,14400,5,17,0,0,1,0,0
-11495,0,32,43272,3,12,0,0,1,0,0
-2881,0,29,25899,1,18,0,1,0,0,0
5800,0,51,15450,2,8,0,1,1,0,0
2000,0,44,43470,3,17,0,0,1,0,0
200,0,30,36450,5,13,0,1,1,1,1
24,0,50,7923,1,9,0,1,0,0,0
15200,0,42,72105,4,14,0,1,1,0,1
49999,0,52,13818,1,16,0,1,0,1,0
45400,0,57,100620,3,16,1,1,1,0,0
0,0,60,7830,1,12,0,1,0,0,0
12199,0,27,25386,1,16,1,0,0,0,0
2599,0,61,10728,2,12,0,1,0,0,0
3000,0,31,60810,4,16,0,1,1,0,0
0,0,29,840,1,12,0,0,0,0,0
34420,0,42,90000,5,18,1,1,1,0,1
80154,0,63,30639,4,12,0,1,1,0,0
-4000,0,28,48120,3,14,0,0,1,0,1
11750,0,50,76404,3,13,1,1,1,0,1
34999,0,55,35169,2,14,1,1,1,0,1
0,0,61,0,3,16,0,1,1,0,0
-1305,0,33,32010,4,13,0,1,1,0,1
23200,0,33,27060,1,16,0,0,0,0,0
0,0,40,7461,6,12,0,0,0,0,0
3550,0,52,20838,1,17,0,0,0,1,0
0,0,47,17850,6,7,0,1,1,0,0
0,0,30,4200,6,11,0,0,0,1,0
0,0,58,16500,1,18,0,0,0,0,0
84248,0,62,92598,2,18,1,1,1,1,1
-500,0,46,35730,1,12,0,0,0,0,0
-1400,0,52,28344,2,12,0,0,0,1,0
-2500,0,28,24600,3,12,0,1,0,1,0
-7075,0,36,8574,1,16,0,0,0,0,0
749,0,48,26055,7,11,0,1,1,0,1
17149,0,54,50409,1,18,1,0,0,0,0
9750,0,43,22578,2,14,1,0,1,1,1
-734,0,42,17814,3,13,0,0,1,0,0
9800,0,32,21837,1,14,0,0,0,0,0
23000,0,51,16800,1,16,0,1,0,0,0
5190,0,42,43173,3,13,0,0,1,0,0
0,0,30,10200,4,14,0,1,1,0,0
18300,0,62,29700,2,12,0,1,1,0,0
-3000,0,34,49500,3,16,0,1,0,0,0
225,0,35,38550,2,16,0,0,1,0,1
281,0,45,57675,4,18,0,1,1,1,1
5430,0,55,20547,2,12,1,1,0,0,0
-1246,0,42,14307,6,12,0,0,1,0,0
-2200,0,34,43716,3,12,0,0,1,1,1
3299,0,33,47823,1,18,1,1,0,0,0
-3230,0,29,39000,1,16,0,0,0,0,0
-437,0,28,22623,1,16,0,1,0,1,0
35000,0,53,17244,3,15,1,1,1,0,0
-1600,0,36,36000,4,12,0,1,1,0,0
1444,0,31,27162,2,13,0,0,1,0,1
-2282,0,58,10611,2,13,0,1,0,0,0
0,0,26,4320,1,13,0,1,0,0,0
10150,0,45,49551,3,12,1,1,1,0,0
-6401,0,44,25188,2,13,0,0,0,1,0
-2948,0,32,20712,4,14,0,1,1,0,0
499,0,47,15330,2,9,0,1,0,0,0
157350,0,46,73620,3,16,1,1,1,0,0
93300,0,45,105300,2,14,1,1,1,0,1
-1630,0,42,44526,6,18,0,1,1,1,1
100,0,33,19200,1,17,0,0,0,0,0
12759,0,60,13788,1,12,0,1,0,1,0
400,0,48,33921,2,12,0,1,0,0,0
300,0,34,26490,1,12,0,1,0,1,0
42935,0,42,36093,4,12,0,1,1,0,0
-980,0,39,22800,3,15,0,1,0,0,0
8400,0,38,78396,4,16,1,1,1,0,1
-2400,0,39,30750,4,12,0,1,1,0,1
-3000,0,53,9705,6,12,0,1,0,0,0
0,0,27,10497,4,12,0,0,1,0,0
0,0,51,12750,2,11,0,0,0,0,0
-1300,0,26,12240,6,4,0,0,1,0,0
727,0,47,15540,2,14,0,1,1,0,1
0,0,29,1530,1,11,0,0,0,0,0
-633,0,56,17724,3,13,0,1,1,0,0
999,0,31,55200,3,16,0,1,1,0,1
0,0,45,17403,8,10,0,0,0,0,0
27600,0,63,12804,5,12,0,1,0,1,0
1999,0,29,15420,1,14,0,0,0,0,0
-4950,0,45,30246,3,14,0,0,0,1,0
-9700,0,54,53961,4,12,0,1,1,0,1
1200,0,62,16620,1,12,1,1,0,0,0
85300,0,45,41352,4,16,0,1,1,0,0
22349,0,60,42396,3,14,1,1,1,0,0
-1160,0,31,24300,3,16,0,0,1,0,0
2900,0,39,50064,3,13,0,1,1,0,1
1207,0,56,28797,2,12,0,1,1,0,0
208842,0,37,32628,3,16,1,1,1,0,1
4200,0,54,37980,8,6,1,1,1,1,1
-10030,0,32,22140,3,13,0,0,1,1,0
-500,0,55,18468,1,9,0,0,0,1,0
-6127,0,41,35478,2,7,0,1,1,1,1
0,0,40,8394,1,16,0,0,0,0,0
8400,0,29,39321,2,12,1,1,1,1,1
0,0,52,10599,5,10,0,0,1,0,1
-200,0,35,12960,4,14,0,0,1,0,0
0,0,40,12150,1,12,0,0,0,0,0
-1400,0,37,24231,4,13,0,1,1,0,1
100,0,39,5265,1,14,0,1,0,1,0
4570,0,45,86403,3,12,0,1,1,0,1
-4340,0,29,24936,4,12,0,1,1,1,0
20399,0,31,38196,2,16,0,1,1,0,1
4000,0,31,23529,1,16,0,0,0,1,0
19698,0,56,40530,2,18,0,1,0,1,0
-1100,0,28,19254,1,12,0,0,0,0,0
16500,0,33,108300,4,16,1,1,1,0,1
-700,0,47,5106,1,12,0,1,0,0,0
500,0,37,29430,1,12,0,0,0,0,0
-3175,0,43,56133,4,14,0,1,1,0,1
-4600,0,47,13350,4,12,0,1,1,0,0
13800,0,32,54411,4,13,1,1,1,0,1
50,0,63,12810,2,12,0,1,1,0,0
2349,0,46,59631,2,13,0,1,0,0,0
999,0,41,3180,3,12,0,0,0,0,0
20700,0,38,33576,4,10,0,1,1,0,0
2078,0,42,40245,6,12,0,1,1,0,1
18000,0,52,21435,1,12,1,1,0,1,0
-3752,0,34,22044,6,12,0,0,1,1,1
-8000,0,40,37368,6,12,0,1,1,0,1
115190,0,62,57345,2,15,1,1,1,0,1
-2731,0,37,20004,4,12,0,1,1,0,1
2600,0,53,58155,1,12,1,1,0,0,0
-440,0,44,41556,4,16,0,1,1,1,1
34000,0,54,17400,1,16,1,1,0,1,0
82460,0,43,46176,3,15,1,1,1,0,1
-130090,0,59,126576,3,12,1,1,1,0,0
0,0,33,5775,1,6,0,0,0,0,0
-14160,0,31,16560,2,12,0,0,1,0,1
-1500,0,34,40800,4,12,0,0,1,0,1
-720,0,33,6090,4,12,0,0,1,0,1
6240,0,28,12747,1,14,0,0,0,0,0
8700,0,36,60702,4,12,0,1,1,1,1
33199,0,52,75126,2,13,0,1,1,0,1
-1915,0,60,25134,5,12,0,1,1,0,0
108000,0,56,14970,2,12,1,1,1,0,0
17517,0,42,49509,3,18,0,1,0,1,0
0,0,53,30000,3,12,0,1,1,0,0
0,0,61,19176,4,12,0,1,1,0,0
10000,0,58,43020,4,13,1,1,1,1,1
0,0,33,17760,11,6,0,0,1,0,0
0,0,46,6000,2,14,0,0,0,0,0
-12001,0,25,50649,2,12,0,1,1,0,1
125,0,43,13896,2,12,0,1,0,0,0
0,0,60,7452,4,9,0,1,0,0,0
50,0,29,15660,2,12,0,0,0,0,0
7499,0,55,-2652,4,12,0,1,0,0,0
201500,0,61,45135,3,12,0,1,1,1,0
18449,0,31,37398,3,16,1,1,1,0,1
5300,0,42,33075,3,16,1,1,0,1,0
0,0,43,2166,1,10,0,0,0,0,0
70010,0,61,121722,2,16,0,1,1,0,0
2295,0,54,20226,3,12,0,1,1,0,1
-700,0,51,20691,3,12,0,0,1,0,0
-700,0,42,26190,4,12,0,1,1,0,1
11700,0,38,77124,1,17,1,1,0,0,0
70,0,26,20418,1,10,0,0,0,0,0
0,0,27,26400,4,14,0,1,1,0,1
26,0,42,7497,4,5,0,0,1,0,0
-51,0,51,24063,2,13,0,1,0,0,0
371,0,43,20697,4,12,0,0,1,0,1
8499,0,48,40410,4,9,0,1,1,0,1
23310,0,30,74217,3,16,1,1,1,0,1
-17039,0,39,41298,4,13,0,1,1,0,0
54303,0,60,41118,1,15,1,1,0,0,0
56388,0,48,14400,4,12,0,1,1,0,0
40450,0,31,33948,1,16,1,0,0,1,0
3600,0,58,18825,2,13,0,1,0,0,0
450,0,54,14310,2,10,0,0,1,0,0
0,0,28,16320,2,12,0,0,1,0,0
100,0,27,10050,2,12,0,0,0,0,0
99899,0,56,53847,2,12,1,1,1,0,0
-39915,0,44,34686,5,15,0,1,1,0,0
-7970,0,33,47001,2,16,0,0,1,1,1
2600,0,30,40800,2,11,0,1,1,0,1
45060,0,54,90234,2,14,1,1,1,0,1
-2200,0,30,14787,3,16,0,0,0,0,0
-86500,0,57,47193,2,12,0,0,1,0,1
35699,0,55,21390,2,18,1,1,0,0,0
3600,0,64,12492,1,14,0,0,0,0,0
-5150,0,48,41190,3,18,0,1,1,0,0
450,0,57,49290,4,12,0,0,1,0,1
-6500,0,26,14010,1,16,0,0,0,1,0
749,0,42,20469,2,12,0,0,0,0,0
1317947,0,40,113199,4,17,1,1,1,0,1
0,0,33,19890,1,10,0,0,0,0,0
-1000,0,45,13260,1,12,0,1,0,0,0
10,0,55,15186,2,12,0,0,0,0,0
0,0,34,11964,1,12,0,0,0,1,0
-200,0,50,33243,2,9,0,1,1,0,1
-200,0,39,19263,3,13,0,1,0,0,0
0,0,30,16116,4,12,0,0,1,0,0
-12400,0,37,33000,2,12,0,1,0,1,0
8249,0,37,52995,4,12,1,0,1,0,1
1200,0,31,12240,1,5,0,1,0,0,0
-2990,0,31,16608,1,16,0,0,0,0,0
-1700,0,37,32964,4,12,0,0,1,1,1
0,0,37,9828,3,12,0,0,0,0,0
0,0,32,6240,2,11,0,0,0,0,0
-2451,0,55,9738,1,12,0,0,0,0,0
0,0,49,14100,2,14,0,0,0,0,0
111200,0,47,60960,2,11,1,1,1,0,1
-800,0,27,28965,5,12,0,1,1,0,1
105000,0,36,85437,5,12,1,1,1,0,0
7200,0,28,36075,2,14,1,0,1,0,1
-1995,0,31,22560,5,14,0,0,1,0,0
300,0,61,12885,2,8,0,1,0,0,0
1200,0,29,41436,3,12,0,1,1,1,1
-400,0,47,13635,7,6,0,1,1,0,1
-8750,0,34,28032,1,12,0,0,0,0,0
866860,0,63,25164,2,14,0,1,0,0,0
955,0,29,23370,1,14,0,0,0,0,0
0,0,48,10581,1,14,0,0,0,0,0
1400,0,45,43197,3,14,0,1,1,0,1
-2195,0,31,69936,4,16,0,1,1,0,1
32900,0,40,54204,3,18,0,1,1,1,1
3800,0,41,46815,3,12,1,0,1,0,1
20000,0,32,28980,1,16,0,0,0,0,0
226048,0,51,63225,3,16,1,1,0,0,0
18750,0,52,29865,2,12,1,0,1,0,0
15671,0,44,60201,3,13,1,1,1,1,1
-1350,0,46,17865,3,12,0,0,1,0,1
-75,0,55,27972,1,10,0,1,0,0,0
15000,0,45,11712,4,12,0,0,0,0,0
1200,0,29,15372,1,12,0,0,0,0,0
41900,0,61,22320,1,8,1,1,0,0,0
8350,0,46,43590,5,17,1,1,1,1,1
0,0,27,12369,2,12,0,0,0,0,0
0,0,38,19800,6,12,0,0,1,0,1
-996,0,29,49725,4,15,0,1,1,0,0
1100,0,25,33270,4,17,0,0,0,0,0
7,0,51,33474,2,12,0,1,1,1,1
-19733,0,32,27261,8,12,0,0,1,0,1
-1240,0,36,7197,4,12,0,0,0,0,0
160,0,38,26520,4,16,0,0,1,1,1
176,0,35,9702,2,13,0,0,0,0,0
-375,0,37,14679,4,14,0,0,1,0,0
-3094,0,27,17010,4,13,0,0,0,0,0
-14000,0,29,16020,4,10,0,1,1,0,1
1513,0,57,42375,2,13,0,1,1,0,1
710,0,26,37641,3,12,0,1,1,0,0
0,0,32,18861,5,10,0,0,1,0,1
3599,0,36,30720,3,15,1,1,1,0,0
-6700,0,32,54000,2,12,0,1,1,0,1
-580,0,36,15615,1,12,0,0,0,0,0
-2425,0,36,31752,5,12,0,1,1,0,1
1500,0,28,83016,3,14,0,1,1,0,1
-9650,0,29,37323,3,16,0,1,1,0,1
-1050,0,28,46332,4,9,0,0,1,0,1
2804,0,42,19413,3,12,1,1,0,0,0
-142,0,53,11523,3,12,0,1,1,0,0
1384,0,30,46398,4,16,0,1,1,0,1
-10525,0,30,35058,2,16,0,0,1,0,1
92129,0,47,95433,5,16,1,1,1,0,0
-1500,0,28,44232,3,15,1,1,1,0,1
-3250,0,29,30750,2,15,0,1,1,0,1
4199,0,29,31350,2,13,1,1,1,0,1
169199,0,59,30000,2,12,1,1,1,0,0
3947,0,47,32544,3,15,0,1,0,1,0
7499,0,54,19170,4,12,0,1,0,1,0
3718,0,31,27900,1,16,0,1,0,0,0
30523,0,63,36429,2,11,1,1,1,1,0
0,0,39,19125,4,13,0,0,0,0,0
-312,0,34,24678,3,14,0,1,1,0,1
931000,0,63,42876,1,17,1,1,0,0,0
0,0,40,10200,1,11,0,0,0,0,0
-4811,0,43,23463,1,16,0,0,0,0,0
-600,0,46,21609,4,11,0,1,0,0,0
0,0,30,15300,3,12,0,0,0,0,0
50,0,30,16800,2,16,1,0,0,0,0
-5004,0,49,36933,4,16,0,1,1,0,0
0,0,39,13212,5,12,0,1,0,0,0
16200,0,52,30099,2,14,1,1,0,1,0
-2901,0,46,31857,3,18,0,1,1,1,1
4399,0,55,33657,2,12,0,1,1,0,1
0,0,36,6600,1,9,0,0,0,0,0
18000,0,39,63135,3,18,0,0,1,0,1
299,0,52,20718,1,9,0,1,0,0,0
9145,0,35,52641,4,18,0,0,1,1,0
915,0,45,25527,2,14,1,1,0,0,0
0,0,40,8850,1,12,0,0,0,0,0
-3200,0,26,52386,3,12,0,0,1,0,1
-400,0,34,52815,1,18,0,0,0,0,0
-5800,0,36,36699,3,18,0,1,0,1,0
80000,0,52,92904,1,18,1,1,1,0,0
25120,0,49,25185,1,12,0,1,0,1,0
11137,0,62,17403,1,12,0,1,0,0,0
0,0,34,20400,3,13,0,0,0,0,0
-15321,0,42,42819,4,15,0,1,1,0,1
-1200,0,52,17040,1,14,0,0,0,0,0
230097,0,48,71928,4,16,1,1,1,0,1
-25037,0,29,12006,1,12,0,0,0,0,0
7299,0,31,43005,2,12,1,1,1,0,1
-494,0,51,29235,2,13,0,1,1,1,1
-10400,0,32,47688,3,15,0,0,1,0,1
-234,0,28,18798,1,12,0,1,1,1,0
0,0,32,8553,3,11,0,0,0,0,0
21199,0,58,17070,4,12,1,1,1,0,0
100,0,50,35496,4,12,0,1,1,0,0
8300,0,61,37911,5,12,0,1,1,0,1
950,0,27,38670,4,12,0,1,1,0,1
2444,0,28,22404,1,14,0,0,0,0,0
3000,0,43,32850,4,12,0,0,1,0,1
-5701,0,49,16950,3,14,0,1,1,0,0
0,0,25,19248,1,12,0,0,0,0,0
4420,0,41,104400,2,12,0,1,1,0,1
-4225,0,39,37890,1,15,0,1,0,0,0
28057,0,39,36522,2,14,1,1,1,0,1
38177,0,60,39393,2,11,1,1,1,0,0
257,0,33,11997,2,9,0,0,0,0,0
0,0,35,21735,4,12,0,0,1,0,1
-2500,0,36,34986,6,11,0,0,1,0,1
-230,0,38,11919,2,10,0,1,0,0,0
800,0,31,28089,1,12,0,0,0,0,0
2399,0,29,68898,4,12,0,1,1,0,1
126098,0,52,103164,6,18,1,1,1,1,1
187500,0,58,62790,1,17,1,1,0,1,0
-5490,0,30,13275,1,12,0,1,0,0,0
399,0,39,25224,3,12,0,0,0,1,0
-1011,0,25,10206,3,13,0,1,1,0,0
-2380,0,32,7284,4,12,0,0,1,0,1
3000,0,38,6966,3,14,0,1,0,1,0
-4980,0,38,33360,5,12,0,1,1,0,1
83999,0,44,20640,3,13,0,1,1,0,0
8225,0,31,48423,2,13,1,1,1,0,1
749,0,40,22254,1,17,0,0,0,0,0
2175,0,49,54063,4,12,0,1,1,1,1
2000,0,31,18015,1,10,0,0,0,0,0
3350,0,26,18090,1,15,0,0,0,0,0
145,0,28,8292,1,13,0,0,0,0,0
1322,0,32,21600,2,12,1,0,0,1,0
0,0,46,9360,1,12,0,0,0,0,0
1499,0,51,27060,4,12,0,0,1,0,1
400,0,58,12090,2,12,0,0,0,0,0
-4900,0,47,41769,1,16,0,1,0,1,0
39600,0,44,115506,5,18,0,1,1,1,1
-5300,0,25,13254,1,15,0,0,0,1,0
130200,0,48,92064,5,16,1,1,1,1,1
-4306,0,52,30639,4,8,1,1,1,0,0
2499,0,56,56940,1,18,1,1,0,1,0
-2000,0,43,19680,1,12,0,1,0,1,0
1849,0,53,29304,2,12,0,1,1,0,1
150,0,59,12975,4,12,0,1,0,0,0
0,0,48,3600,4,12,0,0,0,0,0
477,0,41,14481,4,13,0,0,0,0,0
-5427,0,44,37740,3,12,0,1,1,1,1
1700,0,40,33066,4,8,0,0,1,0,0
4950,0,43,54723,3,16,1,1,1,1,1
7500,0,63,78750,4,18,0,1,1,1,1
8459,0,27,41436,4,14,0,1,1,1,1
-3270,0,31,10695,5,10,0,1,1,1,0
18299,0,38,88200,3,14,1,1,1,0,0
64653,0,42,51492,1,17,1,0,0,0,0
-964,0,48,27429,2,12,0,0,1,0,1
500,0,27,30600,4,12,0,0,1,0,0
6200,0,41,28392,4,12,1,1,1,0,1
5300,0,40,36000,2,13,0,1,0,1,0
12250,0,46,61521,5,12,1,1,0,1,0
23898,0,54,71604,2,13,0,1,1,0,0
-501,0,31,24810,1,17,0,0,0,0,0
0,0,26,24372,1,13,0,0,0,0,0
21900,0,51,37452,2,12,0,1,1,0,0
210800,0,25,50100,1,16,0,1,0,0,0
-160,0,36,9270,4,12,0,0,0,0,0
2600,0,30,24060,6,13,0,1,1,0,0
4000,0,34,20478,2,16,0,0,0,0,0
0,0,28,42780,3,12,0,1,1,1,1
3328,0,30,44613,4,16,0,1,1,1,1
99,0,49,42690,4,12,0,1,1,0,1
549,0,39,39366,2,1,0,1,1,0,1
-830,0,37,29445,4,12,0,1,1,0,0
-10200,0,39,38505,1,18,0,1,0,1,0
-15100,0,30,55359,2,15,0,0,1,0,0
-550,0,43,20529,1,12,0,0,0,1,0
1300,0,31,32589,4,12,0,1,1,0,1
5000,0,41,31635,2,13,0,1,0,0,0
-9732,0,32,12834,6,10,0,0,1,0,0
-750,0,43,26166,1,15,0,0,0,1,0
3999,0,28,25815,3,18,0,0,1,0,0
10699,0,28,19011,3,8,0,1,1,0,0
26255,0,56,20979,2,12,1,1,1,0,0
-170,0,31,12138,2,12,0,0,0,0,0
0,0,62,7011,1,9,0,0,0,0,0
300,0,42,6903,2,5,0,0,0,0,0
22999,0,64,25380,1,10,1,1,0,1,0
0,0,26,38226,6,12,0,0,1,0,1
-2975,0,31,5250,4,8,0,1,1,0,0
500,0,26,4518,1,16,0,0,0,0,0
757,0,26,15615,1,16,0,0,0,0,0
949,0,27,25782,1,12,0,1,0,0,0
250,0,36,18054,6,9,0,0,1,0,0
0,0,27,4275,5,12,0,0,1,0,0
-2645,0,48,34437,3,13,0,1,1,0,0
40872,0,32,2814,1,15,0,1,0,0,0
166113,0,54,92280,3,17,1,1,1,0,0
3949,0,47,25107,2,13,0,1,1,0,1
-451,0,28,13650,5,12,0,1,1,0,1
889,0,56,32007,2,17,0,1,1,1,0
699,0,59,19203,2,12,0,1,1,0,0
100,0,26,20460,4,12,0,0,0,0,0
255,0,38,57609,4,12,0,1,1,0,1
-273,0,46,23856,3,8,0,1,1,0,1
-7451,0,40,17880,3,12,0,0,0,0,0
-3500,0,43,84000,1,16,0,1,0,0,0
10976,0,40,19329,1,13,0,0,0,0,0
16075,0,38,41805,4,14,0,1,1,0,1
4600,0,63,27585,2,16,1,1,1,1,0
-330,0,35,20787,3,12,0,0,1,0,1
1950,0,46,34608,3,18,1,1,1,0,1
0,0,50,16320,6,12,0,0,1,0,0
109500,0,35,49800,1,16,1,1,0,0,0
367,0,60,30990,2,14,0,1,1,0,1
500,0,40,14520,1,13,0,0,0,0,0
-2700,0,61,26652,2,12,0,1,1,0,0
0,0,48,7200,3,12,0,0,1,0,0
15100,0,33,33885,2,16,0,1,1,0,1
499,0,47,49206,4,16,0,1,1,0,1
2700,0,40,58974,5,16,1,1,1,1,1
920,0,31,32370,1,16,0,0,0,0,0
310,0,43,23490,1,14,0,1,0,0,0
-300,0,35,16815,1,13,0,0,0,0,0
0,0,32,12828,5,11,0,0,0,0,0
4572,0,34,20667,4,12,1,0,1,0,1
2999,0,63,20580,2,4,0,1,1,0,0
90500,0,38,101886,2,16,1,1,0,1,0
19900,0,45,31995,4,14,1,0,1,0,0
6807,0,32,19035,4,12,0,1,1,1,0
2000,0,37,16425,1,13,0,0,0,0,0
0,0,47,37800,2,14,0,1,0,0,0
0,0,56,30960,3,12,0,1,1,0,0
-6355,0,25,35700,1,16,0,0,0,0,0
2000,0,37,46767,4,13,1,1,1,0,1
599,0,36,22743,5,14,0,1,1,0,1
66691,0,49,85515,2,18,0,1,1,0,1
28000,0,53,108258,3,16,1,1,1,0,1
-3000,0,57,11628,1,12,0,0,0,0,0
-301750,0,38,54183,4,11,0,0,1,0,1
34271,0,64,24675,4,12,1,1,1,0,0
2500,0,59,19872,1,12,0,1,0,0,0
16000,0,28,21210,3,14,0,1,1,0,1
16055,0,31,47160,2,12,0,1,1,0,1
-151,0,40,49209,1,12,0,0,0,1,0
-5901,0,52,67746,3,18,0,1,1,1,1
5,0,31,10200,1,12,0,0,0,0,0
515,0,31,32871,4,12,0,1,1,0,0
2400,0,42,21600,3,12,0,0,0,1,0
200,0,49,18012,2,12,0,1,0,0,0
-1500,0,40,60699,3,13,0,1,1,0,1
-1100,0,27,6030,3,14,0,0,0,0,0
9370,0,57,55539,2,12,1,1,1,0,1
-3200,0,33,13386,5,13,0,1,0,0,0
0,0,29,17856,9,3,0,0,1,1,1
1000,0,25,18060,5,10,0,0,1,0,0
-8800,0,46,26520,1,12,0,1,0,1,0
999,0,31,27600,4,12,0,1,1,0,0
-1275,0,25,56664,2,15,0,0,0,1,0
-9000,0,39,33600,2,16,0,1,1,1,0
-5400,0,42,16521,1,13,0,1,0,0,0
36741,0,34,56409,5,14,1,1,1,0,0
426,0,60,4038,1,8,0,1,0,0,0
5004,0,51,137160,3,16,1,1,1,1,1
-1691,0,26,23154,2,14,1,1,0,0,0
-1000,0,27,17340,5,5,0,0,1,0,0
25900,0,46,35346,1,18,1,1,0,1,0
0,0,40,19200,2,14,0,0,0,0,0
3800,0,56,29250,2,12,0,1,1,0,1
-1480,0,35,21216,10,14,0,0,1,0,0
0,0,54,44616,3,11,0,1,1,0,1
0,0,31,18525,3,11,0,0,0,1,0
10500,0,62,57330,3,8,0,1,1,0,1
-838,0,49,25641,5,12,0,1,1,0,1
-5500,0,28,13500,1,12,0,0,0,0,0
-1945,0,29,26865,4,12,0,1,1,0,1
0,0,36,8670,2,11,0,0,0,0,0
50,0,29,17850,7,3,0,1,1,0,1
1022,0,46,20988,1,13,0,1,1,1,0
0,0,32,2430,5,12,0,0,1,0,1
35015,0,38,53925,1,18,0,0,0,0,0
59549,0,44,52182,5,12,0,1,1,0,0
60300,0,43,79281,1,17,0,0,0,0,0
1247,0,44,35700,4,13,0,1,1,0,1
7500,0,40,32880,5,12,0,1,1,0,0
2000,0,62,18888,1,12,0,0,0,1,0
-950,0,57,3600,8,9,0,0,1,0,0
-1260,0,34,17007,4,12,0,1,1,0,0
-3395,0,31,55620,4,12,0,1,1,0,1
-234,0,28,3204,1,12,0,0,0,0,0
99,0,30,41112,2,12,0,1,1,0,1
0,0,50,43500,6,13,0,0,1,0,0
21700,0,51,43680,1,16,1,1,0,0,0
7499,0,25,51450,2,12,0,1,0,0,0
21625,0,27,46890,3,14,0,0,1,0,1
8377,0,29,47838,2,14,0,1,1,0,1
18000,0,27,11799,1,18,0,0,0,0,0
33499,0,41,30000,3,16,1,1,0,0,0
340,0,30,29133,4,12,0,1,1,0,0
0,0,45,21048,4,14,0,1,0,1,0
130,0,27,11898,4,13,0,0,0,0,0
-1218,0,46,16374,6,6,0,1,1,0,0
21050,0,37,47109,3,13,0,1,1,0,1
-4135,0,29,19206,5,12,0,0,1,0,0
-36,0,52,17424,3,12,0,1,1,0,1
-5000,0,30,23970,4,13,0,1,1,0,0
-9300,0,41,32646,2,12,0,1,0,0,0
49700,0,27,147996,2,16,0,0,1,0,1
34149,0,42,41232,4,16,1,1,1,0,1
62899,0,60,33885,2,7,1,1,1,0,0
-3151,0,29,46575,2,14,1,1,1,0,1
-3000,0,49,14631,2,14,0,0,0,0,0
0,0,44,7704,2,12,0,1,0,0,0
2999,0,48,22230,6,9,1,1,1,0,0
37650,0,61,13893,1,12,1,1,0,0,0
97759,0,46,68085,2,14,1,1,1,0,0
599,0,46,24996,2,14,0,1,0,0,0
55500,0,37,12483,1,12,0,1,0,0,0
47280,0,55,36198,3,12,1,1,1,1,1
3000,0,38,12930,5,10,0,0,1,0,0
34798,0,55,38730,2,12,1,1,1,0,0
-4500,0,34,24000,2,17,0,0,0,0,0
1699,0,31,13320,4,12,0,1,1,0,0
4256,0,38,55377,4,12,1,1,1,0,1
0,0,35,26217,1,15,0,1,0,0,0
1500,0,49,23271,2,18,0,0,0,1,0
100,0,59,23004,4,16,0,1,1,0,0
29350,0,25,18582,2,12,1,1,0,0,0
2500,0,35,56868,2,13,0,0,1,1,1
110,0,41,22800,4,9,0,1,1,0,0
9000,0,48,61830,3,12,0,1,1,0,0
0,0,40,12597,1,12,0,1,0,0,0
2000,0,55,32340,2,14,0,0,1,0,1
-3496,0,35,50850,4,13,0,1,1,0,1
-10400,0,32,36012,8,12,0,1,1,0,0
54000,0,38,80613,4,18,1,1,1,0,1
-2500,0,26,33093,2,12,0,0,1,0,1
-2425,0,33,5868,3,15,0,0,0,0,0
-1000,0,30,17100,3,16,0,0,1,1,1
57500,0,35,81075,3,14,1,1,1,0,0
9206,0,43,81558,2,18,1,1,1,0,0
-5265,0,39,15759,2,12,0,1,0,0,0
2359,0,36,42969,4,11,0,0,1,1,0
-2650,0,45,31674,1,14,0,0,0,0,0
-450,0,64,17619,5,12,0,1,1,0,0
1800,0,41,23469,3,14,0,1,0,0,0
42400,0,57,33777,3,12,1,1,1,0,0
11000,0,57,26010,4,12,1,1,1,1,1
0,0,53,3156,1,12,0,0,0,0,0
-2800,0,28,17700,3,12,0,0,0,0,0
-928,0,47,5652,1,8,0,0,0,1,0
19242,0,44,45816,3,16,1,1,0,0,0
0,0,51,11880,5,6,0,0,1,0,0
170000,0,62,102744,3,13,1,1,1,0,1
-3490,0,42,24945,3,12,0,1,1,0,0
618,0,34,12240,1,12,0,1,0,0,0
42499,0,42,35616,1,18,1,1,0,0,0
6075,0,33,46209,4,12,1,1,1,0,1
-6050,0,37,28038,6,12,0,1,0,0,0
2899,0,47,33000,1,14,0,1,0,0,0
-7670,0,27,55365,3,14,0,0,1,0,1
500,0,27,7929,1,18,0,0,1,0,0
1400,0,33,54966,3,18,0,1,1,0,1
-1301,0,40,47184,3,12,0,1,1,1,1
-45,0,31,12666,2,15,0,0,0,0,0
750,0,30,47124,1,11,0,0,0,0,0
2725,0,25,15390,1,17,0,0,0,0,0
-4250,0,43,25131,5,15,0,0,1,0,1
25,0,28,11352,1,12,0,0,0,0,0
-994,0,28,22134,1,13,0,0,0,0,0
0,0,25,19200,1,12,0,0,0,0,0
42680,0,46,26100,3,14,1,1,0,0,0
11140,0,32,35331,1,15,0,1,0,1,0
-2480,0,32,61722,3,13,0,1,1,0,1
64,0,29,37245,4,13,0,1,1,0,1
89410,0,51,65865,2,12,1,1,1,0,1
1099,0,42,26406,5,10,0,1,1,0,0
-1550,0,34,33543,4,12,0,1,1,0,1
-1500,0,34,10371,2,12,0,0,0,0,0
65000,0,48,19500,1,18,1,0,0,0,0
-1490,0,30,34443,4,12,0,1,1,0,1
600,0,49,17874,2,12,0,1,0,0,0
-37074,0,30,44184,4,14,0,0,1,0,0
4000,0,36,39594,1,12,0,0,0,1,0
600,0,36,44805,2,13,0,0,1,0,1
5500,0,39,29265,3,10,0,1,1,1,1
59262,0,58,19245,1,12,1,1,0,1,0
-290,0,34,15600,4,13,0,0,1,0,0
-550,0,50,6060,1,12,0,1,0,0,0
4700,0,56,48690,3,12,1,1,1,1,1
-9700,0,55,34200,3,12,0,1,0,0,0
167,0,39,21435,2,12,0,1,0,0,0
170056,0,53,72108,2,12,1,1,1,0,1
-250,0,55,7134,5,10,0,1,1,0,1
-3900,0,25,14307,1,14,0,0,0,0,0
44763,0,62,40500,3,11,1,1,1,0,1
345,0,44,25758,3,11,0,1,1,0,0
3500,0,53,14760,3,12,0,1,1,0,0
-3300,0,46,27000,3,10,0,1,1,0,0
0,0,54,26316,1,12,0,1,0,0,0
8700,0,44,63255,5,17,0,1,1,1,1
1460,0,54,7440,1,8,0,1,0,1,0
-1080,0,36,17544,1,12,0,0,0,0,0
-2750,0,29,19797,2,13,0,0,1,0,1
81500,0,61,129996,2,16,1,1,1,0,0
-1980,0,28,18525,5,12,0,1,1,0,0
-7600,0,36,13824,1,12,0,0,0,0,0
-1200,0,27,28740,1,18,0,0,0,0,0
-1000,0,44,25500,5,12,0,0,1,0,1
119200,0,60,52767,3,18,1,1,1,0,1
153,0,37,20100,1,12,0,0,0,0,0
0,0,25,1560,1,11,0,1,0,0,0
41000,0,40,110160,3,16,1,1,1,1,1
20,0,30,10803,1,11,0,0,0,1,0
3300,0,34,26991,4,13,1,1,1,0,1
4999,0,44,42300,1,13,0,1,0,1,0
300,0,60,7116,1,8,0,0,0,0,0
0,0,46,14040,2,12,0,0,0,1,0
18899,0,35,21702,2,15,0,0,0,1,0
-7800,0,34,38520,2,14,0,1,1,0,0
13900,0,47,47496,3,13,1,1,1,1,1
-5900,0,40,40800,1,18,0,1,0,1,0
5500,0,50,33750,2,12,0,1,1,1,1
-3422,0,29,23127,2,12,0,1,1,1,1
-2060,0,30,17700,1,12,0,0,0,0,0
-19173,0,31,24000,1,12,0,1,0,0,0
0,0,40,28332,2,12,0,0,0,0,0
58386,0,48,30438,3,1,1,0,1,0,0
172600,0,39,49200,1,18,1,1,0,0,0
-1300,0,40,38205,6,13,0,1,1,0,1
-4390,0,27,40830,3,14,0,1,1,0,1
23944,0,32,38376,3,17,1,1,1,0,1
4100,0,49,17631,3,12,0,1,0,0,0
-6159,0,25,630,2,15,0,0,0,0,0
17748,0,41,30927,3,9,1,1,1,0,0
7499,0,63,24708,2,11,1,1,1,0,1
999,0,59,33084,2,12,0,1,1,0,0
3500,0,43,64050,5,15,0,1,1,0,0
-65,0,26,11232,2,15,0,0,0,0,0
12500,0,32,23100,1,16,1,0,0,0,0
-2500,0,56,40710,1,12,1,1,0,0,0
4000,0,33,31200,5,16,0,1,1,0,0
3900,0,55,12600,3,8,0,1,0,0,0
-1804,0,27,23400,3,5,0,0,1,0,1
12500,0,44,21234,1,15,1,1,0,1,0
-14750,0,33,46239,3,18,0,1,1,0,1
999,0,37,22500,1,12,0,0,0,0,0
-11660,0,61,21876,2,12,0,1,1,1,0
0,0,50,13326,2,6,0,1,1,0,1
2237,0,45,37677,3,15,0,1,0,0,0
4499,0,51,40011,2,12,0,0,1,0,0
18300,0,40,32457,1,17,1,1,0,1,0
-712,0,30,9009,4,6,0,0,1,0,0
7234,0,54,98784,3,12,0,1,1,0,1
15100,0,52,26910,1,18,1,0,1,0,0
10000,0,39,32856,4,18,0,1,1,0,0
237950,0,59,25185,1,14,1,1,0,0,0
46669,0,34,86760,4,13,1,0,1,0,0
8616,0,35,18633,2,12,1,0,0,0,0
98,0,37,39468,3,12,0,1,1,0,1
-2602,0,32,52602,4,16,0,1,1,1,1
600,0,26,25737,4,10,1,1,1,0,1
-3000,0,46,62250,2,17,0,1,0,1,0
1150,0,26,37833,3,14,0,0,1,1,1
699,0,42,64176,4,12,0,1,1,0,1
-14350,0,30,27555,1,18,0,0,0,1,0
5968,0,42,55791,4,15,0,1,1,0,1
-4900,0,39,30780,4,12,0,1,0,0,0
-5190,0,45,47178,4,14,0,1,1,0,1
-3650,0,50,12240,2,12,0,0,0,0,0
38200,0,39,109392,5,18,0,1,1,1,1
144500,0,53,104235,2,12,1,1,1,0,1
-47500,0,42,63207,5,12,0,1,1,0,1
1000,0,41,70905,6,14,0,1,1,1,1
24019,0,50,7980,4,16,0,1,1,1,0
6000,0,28,29880,3,12,0,1,1,0,1
-4800,0,47,16818,8,14,0,1,0,0,0
15037,0,64,42864,2,12,1,1,1,0,0
4150,0,47,17010,3,10,0,1,1,0,0
500,0,29,19644,4,12,0,0,0,0,0
-95,0,34,13509,7,3,0,1,1,0,0
-11650,0,33,59172,5,13,1,1,1,1,1
28000,0,41,31254,1,18,0,1,0,1,0
1150,0,31,45420,1,16,0,0,0,1,0
-2400,0,49,19800,1,16,0,1,0,1,0
-10000,0,46,71988,1,18,1,0,1,1,0
-8827,0,32,13242,3,12,0,1,1,0,1
0,0,38,24795,3,14,0,1,1,0,0
10000,0,36,38100,1,16,1,0,0,0,0
800,0,52,26118,3,11,0,1,1,0,1
-3300,0,36,8622,1,16,0,0,0,0,0
-2101,0,32,19638,4,9,0,0,0,0,0
9499,0,29,52200,2,16,0,0,1,0,1
300,0,27,32040,4,12,0,0,1,0,1
-1350,0,27,25200,1,13,0,0,0,0,0
-500,0,48,34074,5,8,0,1,1,0,0
0,0,39,10800,2,12,0,0,0,0,0
-1552,0,54,19371,3,12,0,0,1,1,0
12650,0,32,24624,4,14,1,1,1,0,0
275,0,26,28035,3,12,0,0,0,0,0
299,0,36,12243,2,12,0,0,0,0,0
-1840,0,33,44388,5,12,0,1,1,0,0
0,0,31,9150,2,12,0,0,0,0,0
0,0,40,69120,7,14,0,0,1,0,1
2700,0,44,32460,2,14,0,1,1,1,0
31000,0,59,13170,1,12,1,1,0,1,0
91999,0,40,60360,3,18,1,1,1,0,0
9217,0,50,91704,3,16,0,0,1,0,1
140,0,46,23391,2,12,1,0,1,0,0
74000,0,48,151572,3,18,1,1,1,1,1
-2650,0,36,15639,7,12,0,0,1,0,0
-1235,0,43,36510,7,15,0,1,1,0,1
0,0,48,26604,3,12,0,1,1,0,1
17200,0,56,20310,2,12,0,0,0,0,0
-3248,0,27,25995,5,12,0,0,1,0,1
-5300,0,39,52416,6,12,0,1,1,0,1
24993,0,37,41358,5,16,1,1,1,0,0
13,0,39,17424,6,9,0,1,1,1,1
86399,0,50,18981,2,18,1,1,0,1,0
0,0,35,28647,3,14,0,0,0,0,0
-9505,0,33,54288,4,12,0,1,1,0,1
95,0,26,6663,4,12,0,0,0,0,0
29100,0,35,23904,3,12,0,0,1,0,1
-611,0,26,50400,3,16,0,0,1,0,0
700,0,64,15366,1,11,0,1,0,0,0
14851,0,27,55683,2,17,0,0,1,0,0
100,0,37,10710,1,10,0,0,0,0,0
-1700,0,30,25917,3,12,0,0,0,0,0
-450,0,25,34794,3,12,0,1,1,1,1
-100,0,33,20250,1,12,0,0,0,0,0
40260,0,31,2541,3,12,1,1,1,0,1
850,0,36,26400,2,13,0,0,0,0,0
-11400,0,40,24615,4,12,0,1,1,0,0
-8550,0,30,10560,5,12,0,1,1,0,0
88000,0,40,121404,3,14,0,0,1,0,1
0,0,32,12720,3,8,0,0,1,0,0
2724,0,51,34302,2,18,1,0,0,0,0
-4100,0,39,43089,4,18,0,1,1,1,1
500,0,34,12168,1,12,0,0,0,0,0
5200,0,28,38058,1,12,0,1,0,1,0
-14500,0,35,70290,4,12,0,1,1,0,0
2000,0,58,49290,6,16,0,1,1,1,0
10700,0,52,32511,2,12,1,1,1,0,0
100,0,52,4890,1,10,0,1,0,0,0
-120,0,27,10725,5,12,0,0,1,0,0
26800,0,41,23562,1,17,0,0,0,0,0
-600,0,56,15480,4,10,0,0,0,0,0
0,0,30,15966,1,12,0,0,0,1,0
171450,0,41,51510,4,16,1,1,1,0,0
-9200,0,40,39954,3,16,0,0,1,0,1
200,0,42,30600,4,11,0,1,1,0,0
-4500,0,59,40290,2,13,0,0,1,0,1
0,0,58,14247,4,14,0,0,1,0,0
39499,0,63,12294,2,16,1,1,1,0,0
199,0,48,20418,2,8,0,0,1,0,1
-3730,0,27,19380,3,16,0,1,0,0,0
2000,0,38,12300,7,7,0,0,1,0,0
200,0,36,35997,4,16,0,1,1,0,1
1700,0,47,16260,2,10,0,1,0,0,0
0,0,33,18621,1,12,0,1,0,0,0
0,0,49,13950,6,13,0,0,0,0,0
24000,0,43,104778,3,12,1,1,1,1,1
-10275,0,30,57000,2,14,0,1,1,0,1
-1950,0,51,32526,3,12,0,1,1,1,1
13209,0,46,73785,4,12,1,1,1,1,1
-4800,0,54,12048,2,14,0,1,0,1,0
-2780,0,38,19212,1,17,0,0,0,1,0
-5400,0,40,21975,1,13,0,0,0,1,0
126150,0,50,49830,1,8,1,1,0,0,0
2823,0,40,41568,2,12,0,1,1,0,1
100,0,40,16848,4,8,0,0,1,0,0
-6950,0,25,27606,3,14,0,0,1,0,0
249,0,42,40035,7,12,0,0,1,0,1
3900,0,28,42801,2,13,0,1,1,0,1
0,0,37,18240,3,10,0,0,0,0,0
28420,0,51,14574,1,12,0,1,0,0,0
2600,0,28,29160,1,12,0,0,0,0,0
5000,0,35,17472,3,12,0,0,1,0,0
5150,0,25,24534,3,14,0,0,1,0,0
20,0,34,12000,5,12,0,0,0,0,0
-300,0,49,18975,2,12,0,1,0,1,0
16800,0,55,28893,4,13,0,0,1,0,1
-600,0,45,18600,6,2,0,1,1,0,0
0,0,41,41040,1,14,0,0,0,0,0
97000,0,61,37980,2,13,1,1,0,0,0
551100,0,45,76938,4,17,1,1,1,0,1
899,0,35,42540,5,16,0,0,1,0,0
42632,0,62,44403,2,10,0,1,1,0,0
-900,0,29,30606,2,12,0,1,1,0,1
23699,0,31,43116,1,14,0,1,0,0,0
-959,0,31,20418,4,12,0,0,1,0,0
-2701,0,38,17946,1,12,0,0,0,0,0
130812,0,59,45519,2,12,1,1,1,0,1
450,0,30,32430,4,12,0,1,1,0,0
500,0,28,24258,3,13,0,1,1,0,1
9055,0,39,34908,3,12,1,0,1,0,1
-2700,0,28,510,1,16,0,0,0,0,0
-1120,0,30,18378,4,12,0,0,1,0,0
-5400,0,44,63627,2,18,0,1,1,0,1
3200,0,46,36930,1,13,0,1,0,1,0
-1025,0,46,85065,4,12,0,1,1,0,1
0,0,27,14655,3,12,0,0,0,0,0
8499,0,34,35118,7,15,1,1,1,0,0
700,0,27,28845,2,12,0,0,0,0,0
4200,0,28,11616,1,11,0,0,0,0,0
13000,0,41,15480,4,7,0,1,1,0,1
4415,0,41,26610,4,16,0,0,1,0,0
0,0,29,11721,3,12,0,0,0,0,0
-3400,0,44,24174,1,14,0,0,0,1,0
-7495,0,42,16326,4,15,0,1,1,1,1
17900,0,35,51300,5,15,1,1,1,0,0
800,0,52,46800,4,13,0,0,1,0,1
1500,0,49,16284,1,10,0,0,0,0,0
11535,0,64,26733,2,13,0,0,1,0,0
8220,0,58,27264,3,12,0,0,1,0,1
-250,0,28,21639,2,13,0,1,0,0,0
0,0,54,27240,5,16,0,0,0,1,0
-6500,0,44,19560,1,17,0,0,0,0,0
2499,0,45,39207,3,15,0,1,0,1,0
-5500,0,28,27546,1,16,0,0,0,0,0
-400,0,30,8400,2,12,0,0,0,0,0
-5400,0,38,56115,2,12,0,1,1,0,1
4010,0,37,30438,3,10,1,1,1,0,0
345603,0,52,110952,5,12,1,1,1,0,1
3900,0,25,18846,1,18,0,0,0,0,0
24320,0,31,42336,5,14,0,0,1,0,1
5900,0,31,27906,3,16,1,1,1,0,0
500,0,46,36120,1,14,1,1,0,0,0
-3900,0,37,13839,1,16,0,1,0,0,0
-775,0,36,7317,1,18,0,0,1,0,0
-8700,0,45,61830,3,13,0,1,1,0,1
104766,0,62,45432,3,12,1,1,1,0,0
7600,0,58,33219,4,12,0,1,1,0,0
3000,0,32,13140,2,12,0,0,0,0,0
645,0,43,12240,3,12,0,0,0,1,0
2085,0,46,33408,1,15,0,1,0,1,0
4245,0,36,29160,3,17,0,1,0,1,0
6399,0,39,91980,3,13,1,1,1,0,1
400,0,33,25326,4,10,0,0,1,0,0
-1600,0,37,19446,4,11,0,1,1,0,1
3484,0,38,25290,5,14,0,1,1,0,0
-4456,0,37,30942,3,18,0,1,0,0,0
0,0,30,20400,3,13,0,0,0,0,0
-15001,0,33,31236,6,12,0,1,1,0,1
-500,0,45,9456,1,14,0,1,0,0,0
5000,0,36,48300,4,13,0,1,1,0,0
400,0,44,15135,5,12,0,0,1,0,1
-6000,0,38,31020,4,10,0,1,1,0,1
599,0,60,38949,2,12,0,1,1,0,0
0,0,60,12792,1,9,0,1,0,0,0
2600,0,25,4944,1,18,0,0,0,0,0
499,0,30,20430,1,13,0,0,0,0,0
-2400,0,41,30240,1,14,0,1,0,0,0
-2100,0,57,32592,4,13,0,1,1,0,1
73499,0,44,55344,4,15,0,1,1,0,0
55000,0,63,55500,2,15,1,1,1,0,0
0,0,28,22833,3,12,0,0,0,0,0
0,0,38,41496,1,12,0,1,0,0,0
68,0,28,7779,1,13,0,0,0,0,0
5741,0,29,44670,4,14,0,0,1,0,0
310,0,38,5133,1,15,0,0,1,0,0
-655,0,33,25356,4,1,0,1,1,1,1
0,0,37,7563,5,12,0,0,1,0,1
-29001,0,61,49002,5,12,0,1,1,0,1
-500,0,34,13320,4,10,0,1,1,0,1
432,0,43,14829,3,12,0,1,0,0,0
-995,0,29,15555,2,9,0,0,0,0,0
-3000,0,51,8730,2,12,0,1,1,0,0
-3975,0,46,25332,2,12,0,1,0,0,0
0,0,50,17688,3,9,0,1,1,0,0
-19425,0,34,29430,2,16,0,0,0,0,0
-12188,0,34,39303,1,16,0,0,0,0,0
0,0,58,8607,2,10,0,0,0,0,0
2728,0,25,19458,2,12,0,0,1,0,0
4500,0,59,7740,2,7,0,1,1,0,0
0,0,55,4590,4,10,0,0,0,0,0
3100,0,60,17124,2,12,0,0,0,0,0
62000,0,59,36696,1,14,1,0,0,1,0
3300,0,37,52821,5,16,1,1,1,0,0
-8801,0,57,24612,3,10,0,1,1,0,0
-300,0,58,19986,3,11,0,1,1,0,0
8675,0,44,55230,3,16,1,1,1,1,1
54253,0,52,50544,2,18,1,1,0,1,0
317,0,30,12633,4,15,0,0,0,0,0
-1600,0,27,16530,3,10,0,0,0,0,0
0,0,28,21600,2,15,0,0,0,0,0
300,0,45,15840,2,11,0,1,1,0,1
1200,0,50,31296,3,12,0,1,1,0,0
448,0,30,15300,1,12,0,0,0,1,0
-1200,0,41,27375,4,12,0,1,1,0,1
0,0,62,9690,1,8,0,1,0,0,0
-1910,0,42,12240,4,12,0,1,0,0,0
5,0,35,12963,1,12,0,1,0,0,0
999,0,35,19260,4,12,0,1,1,0,0
0,0,46,5589,2,12,0,0,0,0,0
-1504,0,41,9345,1,16,1,1,0,1,0
290,0,45,63300,2,12,1,0,1,0,1
0,0,46,11640,3,8,0,0,0,1,0
825,0,43,14172,4,12,0,1,0,1,0
-16000,0,41,240,1,12,0,0,0,0,0
0,0,34,11850,3,12,0,0,1,0,1
-1688,0,55,9888,1,8,0,1,0,0,0
23027,0,37,30507,3,12,1,1,1,0,1
-2883,0,38,9759,7,5,0,1,1,0,0
-950,0,39,58650,6,16,0,1,1,0,1
16749,0,51,35031,1,12,1,1,0,1,0
-2850,0,39,15720,4,13,0,0,0,0,0
600,0,27,15444,7,12,0,0,1,0,0
122800,0,45,33240,4,17,0,1,1,0,0
13099,0,45,72075,1,18,1,1,0,0,0
10571,0,40,63225,6,12,1,1,1,0,0
19200,0,51,30516,3,12,0,1,1,0,0
13100,0,39,30825,1,15,1,1,0,0,0
0,0,43,12828,5,11,0,1,0,0,0
500,0,32,25338,5,13,0,0,1,0,1
343,0,38,31938,4,12,0,1,1,0,0
-3151,0,43,17880,3,12,0,1,0,0,0
25850,0,42,63858,3,17,1,1,1,1,1
-2670,0,36,21525,1,13,1,1,0,0,0
-1501,0,61,14466,2,9,0,1,1,0,0
-635,0,29,36213,6,9,0,0,1,0,1
-1400,0,48,19200,5,16,0,0,0,0,0
46000,0,39,26700,4,13,0,1,1,0,0
24350,0,29,68439,3,16,0,0,1,0,1
550,0,48,20970,4,10,0,0,0,0,0
17000,0,49,23100,1,18,0,1,0,0,0
3200,0,48,31830,1,14,0,1,0,0,0
32299,0,48,49263,4,12,0,1,1,0,0
10700,0,31,47154,3,16,0,1,1,0,0
0,0,53,8700,3,12,0,1,0,0,0
0,0,61,40770,2,12,0,0,1,0,1
3000,0,42,50937,5,14,0,1,1,0,1
18460,0,46,49431,4,12,1,1,1,0,1
97000,0,59,49701,1,12,1,0,0,0,0
3399,0,43,17706,3,16,0,0,0,0,0
-181,0,37,15156,4,12,0,0,0,0,0
200,0,56,12036,3,10,0,1,0,0,0
4,0,32,4668,5,12,0,0,1,0,0
-31845,0,41,80439,2,12,0,0,1,0,1
0,0,26,10710,1,12,0,0,0,0,0
-800,0,48,9180,2,12,0,1,0,0,0
0,0,53,18696,6,11,0,1,0,0,0
0,0,45,11766,5,7,0,1,1,0,0
0,0,37,15771,1,14,0,0,1,0,0
3795,0,27,22047,1,14,1,0,0,0,0
100,0,63,16536,3,9,0,1,1,0,0
13399,0,28,5412,1,12,0,0,0,0,0
130,0,52,43212,1,18,1,1,0,1,0
54350,0,43,58569,2,16,1,0,1,0,1
0,0,29,30633,2,12,0,0,0,0,0
0,0,42,9948,5,3,0,0,0,0,0
-1925,0,57,14232,1,9,0,1,0,0,0
40,0,54,15594,4,15,0,1,0,0,0
-2996,0,33,11376,3,12,0,1,0,0,0
53100,0,63,27885,3,12,1,1,1,0,0
7799,0,57,12516,4,14,0,1,1,0,1
86500,0,35,102171,4,18,1,1,1,1,0
-28430,0,29,52047,2,1,0,1,1,1,1
50,0,36,13821,2,14,0,1,0,0,0
28300,0,41,52182,4,16,1,1,1,0,0
7049,0,30,36693,4,12,0,1,1,0,1
-200,0,31,20436,4,12,0,0,1,0,0
-1149,0,37,22680,4,14,0,1,1,0,0
0,0,27,20100,3,1,0,0,0,0,0
-14995,0,52,23307,3,12,0,1,1,0,1
975,0,42,6639,1,12,1,1,0,0,0
3203,0,48,25662,2,12,0,1,1,0,0
200,0,34,8988,6,14,0,1,0,0,0
52500,0,55,34320,3,12,1,1,1,0,1
1324445,0,59,242124,2,12,1,1,1,0,0
-829,0,25,18447,4,12,0,1,1,1,1
-2000,0,51,6240,3,10,0,0,0,0,0
1000,0,36,19791,1,11,0,0,0,1,0
-6450,0,34,18744,6,12,0,1,1,0,0
72999,0,55,55500,3,16,0,1,1,0,0
6,0,40,22800,5,11,0,1,1,0,1
14500,0,29,14850,2,12,0,1,0,0,0
9875,0,47,27006,2,14,1,1,0,0,0
-2500,0,57,21840,3,14,0,1,0,0,0
1700,0,41,12504,4,12,0,0,0,0,0
-523,0,31,15300,4,12,0,1,0,1,0
-790,0,42,14640,1,13,0,0,0,0,0
-2300,0,31,37524,7,12,0,1,1,0,0
0,0,36,17928,3,14,0,0,0,0,0
10010,0,28,25800,1,16,0,0,0,0,0
1000,0,58,22302,2,12,0,0,1,0,1
9606,0,27,40584,1,16,1,0,0,1,0
7700,0,52,73110,2,16,1,1,1,1,1
55000,0,55,23640,2,11,1,1,1,0,1
150,0,38,35805,4,15,0,0,0,0,0
-11950,0,43,25371,1,12,0,1,0,0,0
3000,0,27,52860,1,12,0,0,0,0,0
600,0,42,10428,3,12,0,1,0,0,0
299,0,47,10098,2,12,0,0,0,0,0
110400,0,59,46500,3,12,1,1,1,0,0
-14901,0,30,19644,2,12,0,0,0,1,0
3000,0,26,70443,2,16,1,0,1,0,1
-932,0,33,58149,3,12,0,0,1,0,1
50,0,29,54060,3,14,0,0,1,1,1
-3000,0,32,40800,1,12,0,0,0,0,0
20,0,40,19044,4,12,0,0,0,1,0
-600,0,29,7788,3,12,0,0,0,0,0
300,0,42,36468,5,15,0,1,0,1,0
144399,0,55,32115,2,12,1,1,0,0,0
0,0,35,12420,2,12,0,0,0,1,0
43200,0,42,53100,6,17,1,1,1,0,0
-2200,0,32,36150,4,12,0,1,1,0,1
-2800,0,48,6000,1,14,0,0,0,0,0
500,0,32,24060,4,12,0,0,1,0,0
3000,0,26,39660,2,18,0,1,1,0,1
2150,0,48,31905,2,12,1,1,1,0,0
200,0,32,15216,10,3,0,0,1,0,0
47500,0,48,27000,5,16,0,1,1,0,0
28949,0,45,23028,2,16,0,1,0,0,0
2899,0,52,35340,2,11,0,1,1,0,1
202747,0,36,48573,3,18,1,1,1,0,0
50192,0,63,65457,1,18,1,1,0,1,0
-500,0,26,25815,1,16,0,0,0,0,0
-14,0,35,16896,3,12,0,0,0,0,0
5098,0,63,15993,2,12,1,1,1,0,0
1500,0,31,44868,4,12,0,0,1,0,1
499,0,26,18030,1,14,0,0,0,0,0
-8900,0,61,26982,1,13,0,0,0,1,0
450,0,35,48615,4,12,0,0,1,1,1
22300,0,38,47043,5,16,0,1,1,1,1
-5901,0,28,39045,2,12,0,0,1,0,1
-2900,0,33,24606,2,12,0,1,1,1,1
-6920,0,37,20403,1,6,0,0,0,0,0
0,0,60,0,1,7,0,0,0,0,0
-3420,0,31,7293,1,12,0,0,0,0,0
4000,0,49,48168,1,12,0,1,0,1,0
-3200,0,43,25056,4,13,0,1,1,0,0
11999,0,35,31200,1,12,1,1,0,0,0
-3850,0,48,30402,4,12,0,1,1,0,1
7999,0,47,74970,4,12,0,1,1,1,1
-3075,0,26,21456,1,13,0,0,0,0,0
1000,0,35,21450,5,12,0,1,1,0,0
900,0,28,20916,1,12,0,0,0,0,0
37998,0,60,81618,3,12,0,1,1,0,1
990,0,45,14427,3,14,1,1,1,1,0
1020,0,48,32595,4,11,0,1,1,0,0
0,0,40,9690,5,5,0,1,1,0,0
-300,0,51,11094,3,12,0,1,1,0,0
114900,0,63,29013,2,12,1,1,1,0,0
45500,0,59,21921,2,11,0,1,1,0,0
0,0,25,17280,4,6,0,0,1,0,0
0,0,25,11652,3,12,0,0,0,0,0
0,0,63,42300,1,14,0,1,0,0,0
3100,0,32,15009,4,16,0,0,1,0,0
-4700,0,25,21150,1,18,0,0,0,0,0
249,0,55,15135,1,14,0,0,0,0,0
0,0,38,92253,3,18,1,0,0,1,0
82949,0,63,61245,3,12,1,1,1,0,0
7997,0,39,62610,3,18,1,1,1,0,1
0,0,39,17412,3,12,0,0,0,0,0
-3000,0,37,19236,1,14,0,0,0,1,0
866,0,26,26388,4,13,0,0,1,1,1
-2600,0,39,16341,2,12,0,1,0,0,0
820,0,32,40215,2,14,0,0,1,0,1
-20001,0,43,65973,6,12,0,1,1,0,1
-3073,0,26,43275,2,13,0,1,1,0,1
4498,0,32,28599,1,12,0,1,0,0,0
26530,0,54,28329,2,16,1,1,0,0,0
75000,0,47,25533,2,11,0,0,0,1,0
0,0,51,10509,2,8,0,0,1,0,0
-1701,0,54,22074,2,12,0,1,0,0,0
-7700,0,37,56346,4,14,0,1,1,0,1
2000,0,29,17970,3,12,0,1,1,0,0
2699,0,39,35178,5,14,1,1,1,0,0
14910,0,39,15300,6,16,1,0,1,0,0
20399,0,35,50424,4,13,1,1,1,0,1
40,0,44,17850,1,12,0,1,0,0,0
52615,0,31,34818,4,17,1,1,1,0,0
93800,0,54,75876,2,14,1,1,1,0,1
22499,0,60,39288,2,10,1,1,1,0,0
-1691,0,63,10146,2,12,0,1,1,0,0
-1500,0,40,86781,2,16,0,1,1,0,1
-1755,0,30,21690,5,12,0,1,1,0,1
-750,0,39,38454,3,12,0,0,1,1,1
-1150,0,27,8814,2,12,0,0,0,0,0
7000,0,28,38466,2,16,0,1,1,0,0
6000,0,43,83886,5,14,1,1,1,0,1
-310,0,39,16140,5,12,0,0,1,0,0
111,0,30,13440,3,16,0,1,0,0,0
-11000,0,28,31824,5,12,0,1,1,0,1
36,0,32,14997,12,12,0,0,1,0,0
7926,0,29,45687,2,16,1,0,1,0,1
-1900,0,55,29097,2,12,0,1,1,0,1
-22065,0,48,26952,6,13,0,1,1,0,0
0,0,32,37593,4,16,0,0,1,1,1
0,0,28,6006,2,10,0,0,0,0,0
350,0,32,14925,1,14,0,0,0,0,0
0,0,32,36000,5,18,0,0,1,0,0
229,0,35,24033,2,13,0,0,0,0,0
26000,0,36,77010,4,16,1,1,1,0,1
20685,0,48,40641,1,12,1,1,0,0,0
800,0,32,25314,1,12,0,0,0,0,0
95,0,34,17253,2,12,0,1,1,1,0
-1900,0,29,12216,1,16,0,0,0,0,0
109100,0,35,23973,1,12,1,0,0,0,0
0,0,34,13584,1,13,0,0,0,0,0
16500,0,31,25560,3,16,0,0,1,0,0
-1400,0,27,25500,1,14,0,0,0,0,0
110103,0,37,49806,1,18,1,0,0,0,0
3067,0,45,57915,3,14,0,1,1,0,1
14100,0,49,30300,3,16,1,1,0,0,0
515,0,28,57612,2,16,0,1,1,0,1
40,0,47,13644,3,10,0,1,0,0,0
0,0,55,10200,1,10,0,0,0,0,0
-1700,0,26,32748,4,12,0,1,1,0,1
-1900,0,50,31278,5,12,0,1,1,0,0
25,0,34,8400,3,13,0,0,1,0,0
-2596,0,37,25455,4,12,0,1,1,0,0
1681,0,29,22464,2,16,1,1,0,1,0
12800,0,52,48000,3,12,1,0,1,0,1
300,0,38,31875,4,12,0,1,1,1,1
-13551,0,41,7824,1,14,0,0,0,0,0
37500,0,59,20769,2,11,1,0,1,0,1
99,0,42,23430,5,13,0,0,0,0,0
3500,0,32,43521,4,14,0,1,1,0,1
15000,0,55,65124,2,13,0,1,1,1,1
47199,0,55,34248,2,17,0,1,0,1,0
0,0,33,8670,2,13,0,0,1,0,0
300,0,62,20151,2,5,0,1,1,0,0
600,0,61,11424,1,9,0,1,0,1,0
-875,0,57,20094,2,8,0,1,1,0,0
62535,0,36,46710,5,14,1,1,1,0,0
55798,0,52,56514,2,18,1,1,0,0,0
13949,0,35,55788,1,18,0,1,0,0,0
9999,0,56,39117,5,12,0,1,1,0,1
3100,0,39,21300,3,12,0,1,1,0,0
230,0,30,31725,6,12,0,1,1,0,0
300,0,33,28560,4,12,0,0,1,0,1
-2400,0,25,6138,3,12,0,0,1,0,0
-4000,0,39,13773,1,16,0,0,0,0,0
13449,0,51,39165,3,18,1,1,1,0,0
0,0,59,1950,1,12,0,1,0,0,0
-7700,0,28,34503,3,14,0,1,1,0,1
0,0,45,17442,5,11,0,0,0,0,0
9675,0,53,50439,3,12,1,1,1,1,1
-17100,0,35,26550,2,12,0,1,0,1,0
20000,0,44,22500,1,18,0,0,0,0,0
1148,0,46,9720,1,12,1,0,0,1,0
-800,0,29,21276,2,13,0,1,0,0,0
29648,0,30,85569,2,16,1,0,1,0,1
-3600,0,30,27624,1,12,0,1,0,1,0
52450,0,52,92724,2,14,1,1,1,0,1
47900,0,58,22050,1,8,1,1,0,0,0
1599,0,64,6498,1,13,0,0,0,0,0
-651,0,45,54255,4,17,0,0,1,0,1
59,0,47,8019,1,12,0,0,0,0,0
93300,0,50,28908,3,13,1,1,1,1,1
0,0,57,14280,2,11,0,1,0,0,0
-1200,0,28,17643,1,12,0,0,0,0,0
13000,0,57,19260,3,9,0,0,1,0,0
-400,0,34,21600,3,13,0,0,1,0,1
0,0,30,12525,2,12,0,0,0,0,0
1473,0,35,41280,4,13,0,1,1,1,1
-8752,0,38,59229,5,12,0,1,1,0,1
5,0,31,28356,5,12,0,0,1,0,1
3810,0,36,28464,3,12,0,0,0,0,0
340,0,49,41154,4,12,0,1,1,0,1
2000,0,62,19236,1,8,0,0,0,0,0
169,0,27,18909,2,12,0,0,0,0,0
28200,0,56,80400,2,14,1,1,1,1,1
43399,0,55,76077,3,12,1,1,1,1,1
400,0,33,13749,1,12,0,0,0,0,0
-2736,0,30,39957,4,16,0,0,1,0,0
7190,0,34,35184,1,12,0,1,0,1,0
4200,0,55,25710,1,13,0,1,0,0,0
60593,0,59,76899,2,12,1,1,1,0,0
2300,0,41,28050,4,16,1,1,0,0,0
0,0,46,9180,5,6,0,0,0,0,0
16199,0,44,23055,1,18,1,1,0,0,0
-2975,0,35,26460,1,12,0,1,0,0,0
11099,0,38,22194,2,14,1,1,1,0,0
200,0,33,17454,1,13,0,0,0,0,0
500,0,42,58629,4,16,0,1,1,0,1
-850,0,35,31443,4,12,0,0,1,0,1
-2674,0,30,13152,3,10,0,1,0,0,0
400,0,63,24096,2,6,0,1,1,0,0
5000,0,48,30660,3,16,0,0,1,1,0
2300,0,29,18168,4,10,0,0,0,0,0
18430,0,48,45618,4,14,1,1,1,0,1
11900,0,59,42858,3,12,0,1,1,0,0
5299,0,58,21822,1,12,0,1,0,1,0
93521,0,54,52770,5,14,1,1,1,0,0
9300,0,28,36300,1,16,0,0,0,0,0
-9500,0,26,17919,4,12,0,0,1,0,0
29598,0,36,37077,4,12,0,1,1,0,1
-1690,0,44,54492,2,15,0,1,1,0,1
-2600,0,50,27330,4,14,0,0,1,0,1
1300,0,30,22800,5,10,0,1,1,0,0
2000,0,41,12588,2,13,0,1,0,0,0
-400,0,30,23118,1,16,0,0,0,1,0
-501,0,30,22641,1,18,0,0,0,1,0
-2400,0,48,25692,5,8,0,1,1,0,1
4101,0,29,29730,3,14,0,1,1,0,1
10749,0,62,16524,4,8,0,1,0,0,0
-22794,0,44,60903,3,11,0,0,1,0,1
3499,0,37,33996,1,16,0,1,0,0,0
-5100,0,31,33513,7,11,0,0,1,0,1
0,0,34,44625,1,12,0,0,0,0,0
60201,0,54,50553,2,16,1,1,1,0,1
1569,0,39,14382,3,15,0,0,0,0,0
-800,0,27,20385,1,16,0,0,0,0,0
5241,0,34,28410,2,15,0,0,0,1,0
15150,0,31,28248,1,14,0,1,0,1,0
19099,0,56,39180,2,7,1,0,0,1,0
-360,0,44,5436,2,12,0,1,0,0,0
-1170,0,32,24990,5,12,0,1,1,0,0
-2250,0,27,13482,3,12,0,0,1,0,0
0,0,52,15096,7,12,0,0,1,0,0
2300,0,30,27840,1,16,0,1,0,0,0
11400,0,25,55890,2,14,1,1,1,0,1
300,0,56,38382,2,9,0,0,1,0,1
3300,0,25,20004,1,16,0,0,0,0,0
-495,0,25,28254,3,12,0,0,1,0,1
1400,0,27,86790,4,12,0,0,1,0,1
209,0,30,33420,4,12,0,0,1,0,1
300,0,43,43146,7,14,0,1,1,0,0
397,0,35,9354,6,7,0,0,1,0,0
0,0,33,17328,5,12,0,0,0,0,0
-300,0,39,33078,1,16,0,0,0,0,0
325,0,57,15930,1,5,0,0,0,0,0
176000,0,57,66960,4,15,1,1,1,0,0
-10000,0,41,21081,1,11,0,0,0,1,0
30,0,35,24123,3,14,0,0,0,1,0
96,0,42,18540,3,12,0,1,1,0,0
112,0,29,11505,1,15,0,0,0,0,0
5800,0,49,57615,2,14,0,1,1,0,1
7399,0,34,36702,4,10,0,1,1,1,1
-2100,0,31,15360,1,11,0,0,0,0,0
-1600,0,29,19848,4,11,0,1,1,1,1
13349,0,33,53700,4,12,0,0,1,0,1
130,0,25,37236,3,13,1,1,1,0,1
-400,0,41,15876,1,12,0,1,0,1,0
-9868,0,50,30420,2,16,0,0,1,0,0
-2090,0,32,35751,4,14,0,0,1,0,1
799,0,32,24024,1,18,0,0,0,0,0
-9800,0,34,21603,1,16,0,0,0,0,0
41999,0,38,51798,2,14,0,1,0,0,0
140600,0,40,59340,4,16,1,1,1,0,1
5124,0,35,28893,4,11,0,1,1,0,1
20348,0,45,27786,3,12,0,1,1,0,1
-600,0,26,12375,4,11,0,0,1,0,0
-1380,0,32,62352,1,17,1,1,0,0,0
-2342,0,25,30957,2,14,0,0,1,0,1
-1062,0,29,59652,3,16,1,1,1,0,1
-11276,0,46,51339,4,12,0,1,1,0,1
90294,0,54,98907,2,16,1,1,1,0,1
0,0,26,14616,2,16,0,0,0,0,0
49800,0,43,57645,2,18,0,0,0,1,0
263,0,43,11452,1,13,0,0,0,1,0
0,0,64,30174,1,18,0,0,0,0,0
2913,0,28,21600,3,12,1,1,1,0,1
59,0,34,9081,2,12,0,0,0,0,0
12940,0,36,24048,1,16,1,1,0,0,0
-8225,0,35,21132,1,18,0,1,0,0,0
-3900,0,48,31506,5,13,0,1,1,0,1
-300,0,33,33006,3,15,0,1,1,1,1
11289,0,46,20121,2,12,0,1,1,0,1
4449,0,33,30963,5,12,0,1,1,0,0
52399,0,58,30264,3,17,1,0,1,1,0
400,0,25,26535,2,14,0,0,1,0,0
-15565,0,35,28782,5,13,0,1,1,0,1
-6000,0,49,31944,2,13,0,1,0,1,0
18999,0,55,27600,3,17,0,0,0,1,0
-11550,0,43,40428,5,13,0,1,1,0,1
-2000,0,25,5712,1,18,0,0,0,0,0
0,0,31,11220,1,12,0,0,0,0,0
20,0,49,7500,4,14,0,1,0,0,0
10800,0,43,37392,6,16,1,0,1,0,1
35000,0,27,38874,1,17,0,0,0,1,0
398600,0,49,105330,2,16,1,1,1,0,1
-500,0,43,14280,4,4,0,0,1,0,0
22998,0,54,31587,2,10,0,1,1,0,0
0,0,45,11250,1,12,0,0,1,0,0
-4414,0,51,14493,2,9,1,0,0,0,0
-2415,0,38,14892,5,12,0,0,1,0,1
500,0,45,20430,4,12,0,1,0,0,0
-799,0,30,32784,2,13,0,0,1,0,1
6075,0,62,6948,1,13,1,1,0,0,0
-3000,0,35,27129,2,12,0,1,0,1,0
-9680,0,28,22440,1,16,0,1,0,0,0
95000,0,56,71748,3,12,1,1,1,1,1
-2320,0,26,35493,4,12,0,0,1,0,1
14420,0,42,47010,3,18,1,1,0,1,0
1601,0,28,18234,3,8,0,1,1,0,0
2499,0,55,21150,5,16,0,1,1,0,0
-4001,0,57,12792,1,16,0,1,0,1,0
-1025,0,35,16977,2,13,0,0,0,1,0
10,0,40,41616,2,12,0,1,0,1,0
-300,0,47,26316,5,12,0,1,1,1,0
-1000,0,35,4395,4,9,0,0,1,0,0
200,0,46,7680,5,6,0,0,1,0,1
1000,0,63,24057,3,8,0,1,1,0,0
0,0,33,21960,1,16,0,0,0,0,0
-4240,0,38,33855,4,12,0,0,1,1,1
-10914,0,59,23808,2,9,0,1,1,1,0
0,0,28,15708,2,10,0,1,1,0,0
200,0,54,25380,2,12,0,1,0,0,0
-3250,0,32,29940,6,12,0,1,1,0,0
-1925,0,56,14703,1,10,0,1,0,1,0
15800,0,32,86280,4,12,0,0,1,1,1
-2157,0,41,70275,4,14,0,1,1,0,1
110,0,30,25380,3,10,0,0,1,0,1
135496,0,36,61446,3,12,1,1,1,0,0
2000,0,44,30861,4,15,0,1,0,0,0
17139,0,58,34089,4,12,0,1,1,0,1
350,0,25,14079,1,12,0,0,0,0,0
0,0,48,10200,1,13,0,0,0,0,0
0,0,29,13500,2,12,0,0,0,0,0
12999,0,35,16140,1,12,0,1,0,0,0
499,0,49,10215,4,5,0,0,0,1,0
16550,0,36,67320,4,12,1,1,1,0,1
-14450,0,32,29550,3,14,0,1,0,0,0
1000,0,27,54000,1,12,0,0,0,0,0
-3400,0,35,22110,4,14,0,1,1,0,0
-6650,0,37,18000,1,12,0,0,0,0,0
-1190,0,25,16302,6,13,0,0,1,0,0
2475,0,33,35400,2,12,0,1,0,0,0
-150,0,45,15054,4,12,0,1,0,0,0
135573,0,53,106956,3,16,1,1,1,0,0
-18600,0,39,63294,5,14,0,1,1,1,1
-5000,0,38,56430,3,12,0,0,1,0,1
-9400,0,27,59331,2,12,0,1,1,0,1
236331,0,50,65901,4,15,1,1,1,0,1
-11900,0,39,7470,1,12,0,0,0,1,0
173,0,57,14292,1,12,0,1,0,0,0
-86,0,27,15852,1,15,0,0,0,1,0
37623,0,52,17106,4,12,1,1,1,0,1
72057,0,47,74670,3,12,1,1,1,0,1
6200,0,25,37425,2,12,0,1,1,0,1
99,0,50,25251,4,11,0,1,1,0,0
21600,0,37,56085,2,16,0,1,1,0,1
-5101,0,37,32631,4,11,0,1,1,0,1
-8750,0,42,33480,2,16,0,0,0,0,0
0,0,44,79041,1,16,0,0,0,1,0
-400,0,49,10713,2,11,0,0,0,0,0
28,0,43,7542,3,12,0,1,0,0,0
0,0,34,10056,7,3,0,1,1,0,0
4232,0,47,30075,3,12,1,1,1,0,0
-273,0,39,7806,4,9,0,1,1,0,0
10300,0,40,16875,4,12,0,1,1,1,0
-1050,0,36,26952,4,13,0,1,1,0,1
41302,0,63,46122,2,13,0,1,1,0,0
28974,0,36,9933,4,18,1,1,1,0,1
15108,0,55,23484,2,12,1,1,1,0,0
-5000,0,25,27480,3,12,0,1,1,0,1
-8770,0,30,25422,4,12,0,1,1,1,1
7600,0,43,26580,3,12,0,1,0,0,0
-21700,0,38,42378,4,14,0,1,1,0,1
-75,0,27,8103,1,12,0,0,0,0,0
0,0,37,9600,2,12,0,1,0,0,0
50,0,32,9144,1,12,0,1,0,0,0
-5055,0,59,9078,2,6,0,1,1,0,0
4500,0,37,44316,2,13,0,1,1,0,0
5634,0,36,24000,5,12,0,1,1,0,1
109200,0,54,46839,2,16,1,1,0,0,0
15,0,42,13851,4,8,0,0,0,1,0
100,0,35,40572,1,8,0,0,0,1,0
-5350,0,29,34923,1,12,0,0,0,0,0
-1886,0,37,23193,7,12,0,1,1,0,1
100,0,31,28800,8,12,0,0,1,0,0
115500,0,62,61680,2,12,1,1,1,0,0
24500,0,45,90300,4,16,1,1,1,0,1
-2550,0,46,36369,3,13,0,0,1,0,0
30299,0,55,23160,4,12,1,1,0,0,0
50572,0,25,57147,2,16,1,0,1,1,1
1799,0,54,53133,3,18,0,0,1,0,1
197469,0,50,76395,3,17,1,1,1,0,1
409,0,34,27345,5,10,0,1,1,0,0
44,0,46,72099,2,16,0,1,1,0,0
-12600,0,59,37992,7,12,0,1,1,0,0
35499,0,27,77781,2,18,1,1,1,1,1
0,0,42,14673,6,6,0,1,1,0,1
157075,0,54,95634,2,16,1,1,1,0,1
0,0,36,25866,3,16,0,0,0,0,0
34000,0,64,19374,2,12,1,1,1,0,1
20694,0,56,47877,2,10,1,1,1,0,1
0,0,40,8031,2,12,0,0,0,0,0
-5800,0,43,37215,2,16,0,1,0,1,0
14400,0,51,29820,2,12,0,1,1,1,0
-500,0,29,62520,2,16,0,0,1,0,0
0,0,37,18942,4,14,0,0,0,0,0
1940,0,53,39192,2,10,1,1,1,0,1
3800,0,29,37704,3,12,0,1,1,0,1
-1500,0,46,96060,1,12,0,0,0,0,0
20,0,25,18903,1,12,0,0,0,1,0
0,0,28,12750,3,12,0,0,0,0,0
-850,0,31,35856,5,12,0,0,1,0,0
3300,0,28,48288,1,16,0,0,0,0,0
42500,0,57,87063,3,13,0,1,1,0,0
250,0,30,54744,4,13,0,1,1,1,1
-2000,0,46,15540,1,12,0,0,0,1,0
14999,0,34,51408,2,12,0,1,1,0,1
-5646,0,29,20400,4,14,0,1,1,0,0
-5500,0,49,74310,6,12,0,1,1,0,1
21550,0,61,28926,5,16,1,1,1,0,1
5300,0,27,23550,3,12,0,0,1,0,0
-948,0,57,13608,2,11,0,0,0,1,0
0,0,28,5280,3,14,0,0,0,0,0
2050,0,38,24888,1,13,0,1,0,1,0
-34382,0,27,11025,3,12,0,1,1,0,0
0,0,37,6309,7,6,0,0,1,0,0
1799,0,44,23787,5,13,0,1,1,0,0
0,0,28,37680,3,12,0,0,1,0,1
-4500,0,38,38349,4,12,0,1,1,0,1
0,0,25,5820,4,12,0,0,1,0,0
-500,0,63,20322,1,14,0,1,0,0,0
-2625,0,31,16680,1,16,0,0,0,0,0
-1500,0,38,11400,2,12,0,0,0,0,0
-2051,0,35,33759,3,13,0,1,1,0,1
0,0,34,34680,1,12,0,1,0,0,0
32649,0,53,32049,1,16,0,0,0,0,0
26000,0,61,54192,2,14,1,1,1,1,0
-1985,0,29,22440,2,12,0,1,1,0,0
96600,0,44,127200,2,18,1,1,1,1,1
64000,0,34,38400,3,16,1,1,1,0,0
6971,0,32,74862,3,18,1,1,1,1,1
22499,0,53,37800,2,12,0,1,0,0,0
82250,0,40,86400,5,18,1,1,1,0,0
-1200,0,44,42024,4,12,0,0,1,1,1
-295,0,32,25500,3,10,0,1,1,0,0
-2675,0,29,33075,3,14,0,1,1,0,1
2924,0,27,16860,1,12,0,0,0,0,0
0,0,41,13572,2,12,0,0,0,0,0
24200,0,41,49956,4,18,1,1,1,1,1
-6831,0,44,21288,3,12,0,0,0,0,0
28359,0,47,36768,2,16,1,1,0,1,0
4150,0,33,73680,2,18,0,1,1,0,1
15,0,28,18360,1,16,0,0,0,0,0
31498,0,59,55356,4,9,1,1,1,0,1
0,0,32,10176,5,11,0,1,1,0,0
100,0,52,21090,4,14,0,1,1,0,1
0,0,39,11808,5,5,0,0,1,0,1
1299,0,43,24090,1,12,0,0,0,1,0
-226,0,43,10560,3,11,0,1,0,0,0
100,0,31,38802,6,12,0,0,0,1,0
21356,0,30,37161,2,12,0,1,1,0,1
0,0,45,10200,2,10,0,0,0,0,0
-5500,0,36,25200,4,12,0,0,0,0,0
-100,0,51,16968,4,13,0,1,0,1,0
1594,0,30,57585,3,18,0,0,1,0,1
0,0,27,11940,4,12,0,0,1,0,0
18149,0,40,31785,6,14,0,1,1,0,0
-2880,0,32,9033,4,12,0,0,1,0,1
17700,0,55,71757,4,18,0,1,1,1,1
-800,0,27,8364,1,10,0,0,0,0,0
4124,0,33,16458,1,12,0,0,0,0,0
500,0,31,15840,5,13,0,0,1,0,0
6800,0,25,20508,3,13,0,0,1,0,1
-4827,0,26,47652,2,14,0,0,1,0,1
-3450,0,33,30864,7,12,0,1,1,1,1
3000,0,31,8784,5,12,1,0,0,0,0
268,0,34,29205,6,12,0,0,1,0,1
-870,0,55,15930,1,9,0,1,0,0,0
-6235,0,42,33726,3,14,0,1,1,1,0
-5575,0,38,31206,3,12,0,1,1,0,1
-105,0,38,42684,5,14,0,0,1,0,1
5673,0,45,54738,4,13,0,1,1,0,1
-14758,0,47,28866,3,12,0,0,1,0,1
500,0,33,30192,1,16,0,1,0,0,0
-13551,0,34,62703,4,13,0,1,1,0,1
5020,0,43,10980,3,12,0,1,0,0,0
-1002,0,32,10164,5,12,0,1,0,0,0
18500,0,30,42150,1,16,1,1,0,0,0
200,0,28,14400,2,5,0,0,0,0,0
740,0,28,16830,1,13,0,0,0,1,0
8000,0,57,12555,1,12,0,0,0,0,0
-4918,0,42,28377,4,12,0,1,1,0,1
-2480,0,34,16647,4,12,0,1,0,0,0
30100,0,63,26055,2,12,1,1,1,1,0
-62,0,31,9096,2,12,0,0,0,0,0
-4940,0,38,20817,1,18,0,0,0,0,0
-41101,0,52,100086,2,14,1,0,1,0,0
-1000,0,27,41925,2,16,0,0,1,0,1
3600,0,42,40740,5,12,1,1,1,0,1
-2482,0,33,36051,5,15,0,0,1,0,0
-2279,0,41,13689,2,12,0,1,0,0,0
0,0,27,10200,2,7,0,0,1,0,0
-7000,0,38,8130,5,12,0,0,0,0,0
100,0,48,23412,6,12,0,1,1,0,0
30000,0,31,12093,1,14,1,1,0,0,0
0,0,26,30600,1,12,0,1,0,1,0
-800,0,30,16560,4,12,0,0,1,0,0
-6200,0,34,36120,3,12,0,0,1,0,1
3300,0,40,19548,3,16,1,1,0,1,0
999,0,27,12660,3,14,0,0,0,0,0
-5490,0,42,30000,3,18,0,0,0,1,0
1000,0,34,11730,2,9,0,1,0,1,0
2600,0,37,28236,1,12,0,0,0,1,0
0,0,32,6030,3,8,0,0,0,0,0
52150,0,41,59400,1,12,0,1,0,1,0
-8880,0,57,25200,1,12,0,1,0,0,0
205,0,56,14730,1,11,0,0,0,1,0
-3400,0,43,25500,1,14,0,1,0,0,0
6807,0,46,11856,1,13,0,0,0,0,0
1100,0,45,41886,4,12,0,1,1,0,1
-17900,0,40,29190,5,17,0,1,0,0,0
-9840,0,28,31440,4,12,0,1,1,0,1
0,0,43,10800,5,12,0,0,1,0,1
0,0,41,12471,1,12,0,0,0,1,0
1700,0,26,33672,1,14,0,0,0,0,0
-6600,0,34,34932,5,14,0,0,1,0,1
400,0,26,5268,2,14,0,0,0,0,0
5000,0,27,29676,1,14,0,1,0,1,0
31999,0,46,26022,2,13,0,1,0,1,0
12527,0,37,36852,4,16,1,1,1,0,1
6000,0,39,21945,1,16,0,1,0,0,0
0,0,33,54144,6,12,0,0,1,0,1
-5770,0,30,29820,4,12,0,1,1,0,0
4200,0,41,48336,2,17,0,1,0,1,0
5509,0,27,36675,3,12,0,1,1,1,1
54849,0,63,41448,2,11,1,1,1,0,1
300,0,32,9600,2,11,0,0,0,0,0
11000,0,43,45549,1,18,1,1,0,1,0
-420,0,30,30951,3,6,0,0,1,0,1
184100,0,61,97044,2,16,1,1,1,0,0
1000,0,37,52020,4,12,0,1,1,0,0
-1600,0,26,52320,2,16,0,1,1,1,1
2700,0,58,41919,2,10,0,1,1,0,1
-200,0,47,1200,2,15,0,0,0,0,0
-450,0,48,35970,4,14,1,1,1,0,0
-150,0,43,41139,1,18,0,0,0,1,0
19046,0,41,10998,1,13,1,1,0,0,0
32600,0,38,61362,5,18,1,1,1,0,1
14850,0,39,28980,4,9,0,0,1,0,0
23309,0,60,45549,2,12,0,1,1,0,0
-2000,0,44,44268,3,14,0,1,1,0,1
-768,0,33,27486,4,10,0,1,1,0,0
89448,0,50,99810,5,12,0,1,1,0,0
1500,0,44,25527,1,14,0,1,0,0,0
3174,0,28,52530,3,18,0,1,0,1,0
52,0,30,25878,3,12,0,1,1,0,0
8100,0,50,84600,7,16,0,1,1,1,1
1600,0,35,39861,2,16,1,1,1,0,1
17900,0,43,23082,1,17,1,1,0,1,0
47359,0,49,38721,2,12,0,1,1,0,0
-300,0,37,13314,2,12,0,0,0,1,0
-400,0,38,33192,2,16,0,0,0,0,0
0,0,37,27675,1,12,0,0,0,0,0
23949,0,46,54585,4,16,1,1,1,1,1
26900,0,37,49650,5,16,1,1,1,0,1
0,0,39,5469,2,12,0,0,0,0,0
62950,0,40,99567,4,18,1,1,1,0,0
-3725,0,27,27657,2,12,0,0,1,0,1
-4108,0,44,13728,5,12,0,1,1,1,1
200,0,40,30012,5,9,0,0,1,0,1
100,0,38,15384,1,13,0,0,0,1,0
2499,0,31,36771,1,14,0,0,0,0,0
9000,0,46,139137,2,18,0,0,1,1,1
0,0,51,36450,3,12,0,1,1,0,0
-440,0,33,23400,3,12,0,0,0,0,0
-225,0,44,42744,2,13,0,0,1,1,1
10650,0,30,25809,3,14,1,0,1,0,1
420,0,27,41985,2,13,0,1,1,0,1
74800,0,51,66573,4,16,1,1,1,0,1
-7201,0,38,95955,3,16,0,1,1,1,1
37316,0,38,27813,3,11,1,1,1,0,1
-4500,0,49,32064,3,16,0,1,1,0,0
-550,0,58,9180,2,11,0,0,0,0,0
-3467,0,46,31200,2,12,0,0,0,0,1
4077,0,30,25440,3,12,0,1,0,1,0
1299,0,43,23130,4,8,0,1,1,0,0
20750,0,54,21948,1,18,1,0,0,1,0
-14729,0,38,14100,5,18,0,0,1,0,0
899,0,40,27735,4,12,0,1,1,0,1
4100,0,52,20700,1,16,0,0,0,1,0
3025,0,30,44169,2,12,0,1,1,0,1
-200,0,27,15000,1,12,0,0,0,1,0
34999,0,57,44589,8,12,1,1,1,0,1
1900,0,30,43293,2,12,0,0,1,1,1
-2300,0,34,22698,3,14,0,0,0,0,0
500,0,34,6537,4,12,0,0,1,0,0
12000,0,38,44874,1,12,0,0,0,0,0
7549,0,55,22500,1,12,1,0,0,1,0
1849,0,28,29934,2,14,0,0,1,0,0
1000,0,53,7200,1,12,0,0,0,0,0
-15900,0,28,29604,3,12,0,0,0,0,0
2015,0,28,29283,4,12,0,1,1,0,1
-3200,0,56,12852,2,5,0,0,1,0,0
32000,0,45,80550,3,13,1,0,1,1,1
6499,0,41,20535,3,12,1,1,0,0,0
4000,0,31,100356,1,16,0,1,0,0,0
-2752,0,61,49992,2,12,0,1,1,0,0
1300,0,35,55374,3,12,1,1,1,0,1
26500,0,47,51150,1,18,1,1,0,0,0
-500,0,43,51447,5,12,0,1,1,0,1
-550,0,31,17679,3,14,0,0,0,1,0
-5000,0,43,22410,1,12,0,0,0,1,0
2010,0,48,29238,4,10,0,1,1,0,0
-2847,0,42,45453,4,15,0,0,1,0,1
12205,0,42,42813,4,18,0,1,1,1,1
5000,0,35,37167,2,16,0,0,1,1,0
-306,0,49,13491,1,12,0,1,0,0,0
-1329,0,38,12915,3,12,0,0,0,0,0
4000,0,27,30300,4,12,1,0,1,0,0
288,0,29,14274,1,10,0,0,0,0,0
145,0,50,15414,4,8,0,0,0,0,0
400,0,41,24498,2,12,0,1,1,0,1
133,0,49,56253,3,12,0,0,1,1,1
10,0,34,7329,1,16,0,0,0,0,0
-11000,0,30,36639,4,12,0,1,1,1,1
831,0,27,6732,1,12,0,0,0,0,0
67,0,44,11262,4,8,0,0,1,0,0
0,0,37,32679,4,13,0,1,1,0,1
-95,0,27,15600,3,13,0,0,0,1,0
2300,0,57,21675,4,12,1,1,1,0,0
1371,0,34,30534,2,12,0,1,1,0,1
5009,0,27,34200,1,16,0,1,0,0,0
14,0,25,3723,2,12,0,1,0,0,0
350,0,45,7596,3,13,0,0,0,0,0
-2030,0,30,7650,2,15,0,0,0,0,0
71828,0,58,70992,2,12,1,1,1,0,0
-5800,0,28,22806,3,14,0,0,1,0,1
1500,0,60,32481,4,12,0,1,1,0,0
-9000,0,37,45426,4,15,0,0,1,0,1
-3651,0,31,19812,6,12,0,1,1,0,0
-14551,0,36,104343,3,18,0,0,1,1,1
3300,0,50,34164,4,12,1,1,1,0,0
15000,0,40,28650,4,12,1,1,1,0,1
4500,0,35,93129,4,16,0,1,1,1,1
62818,0,38,53925,4,18,1,1,1,0,1
215750,0,41,66018,3,16,0,1,0,0,0
0,0,25,36546,1,15,0,0,1,0,0
0,0,25,26520,4,11,0,0,0,0,0
-1200,0,34,36225,4,12,0,1,1,0,0
1750,0,52,28776,5,12,0,1,1,0,1
0,0,33,4845,3,12,0,0,0,0,0
-835,0,26,18006,4,14,0,0,0,0,0
-389,0,37,21381,1,12,0,1,0,0,0
-10650,0,26,44034,2,15,0,0,1,1,1
650,0,38,15612,3,16,0,1,0,1,0
-1301,0,25,24177,1,13,0,0,0,1,0
12599,0,43,33366,1,12,0,1,0,1,0
0,0,46,7668,2,8,0,1,0,0,0
-4146,0,32,17034,7,12,0,0,1,0,0
59,0,37,12003,1,12,0,0,0,0,0
12000,0,30,19932,1,12,0,1,0,0,0
0,0,28,13260,2,12,0,0,0,0,0
2900,0,43,44418,1,18,1,1,0,0,0
27000,0,58,28476,1,12,1,1,0,0,0
10569,0,64,17604,1,12,1,0,0,1,0
100,0,37,32427,2,12,0,0,1,0,1
-3060,0,25,36000,4,11,0,1,1,0,0
-130,0,33,24024,1,16,0,0,0,0,0
2800,0,31,12870,1,12,0,1,0,0,0
2010,0,46,20715,4,9,1,1,0,1,0
6000,0,39,41475,1,12,0,0,0,1,0
-1300,0,58,17340,1,1,0,1,0,1,0
1700,0,45,45270,4,11,0,1,1,0,0
0,0,44,12858,2,11,0,0,1,0,0
100,0,37,27720,5,16,0,1,1,0,0
-4900,0,42,34785,4,12,0,0,1,0,0
-2010,0,26,27960,3,12,0,1,1,0,1
105070,0,53,20661,5,12,1,1,0,1,0
8800,0,59,19725,5,13,1,1,0,0,0
6650,0,64,17616,1,12,1,0,0,0,0
2500,0,47,47802,6,6,0,1,1,0,1
0,0,34,11520,3,12,0,0,0,0,0
95,0,28,28293,3,14,0,0,1,0,0
72475,0,48,43866,2,9,0,1,1,0,0
-11600,0,33,41925,3,14,0,0,1,0,1
-7600,0,25,28335,3,12,0,0,1,0,1
-3800,0,27,22950,2,12,0,0,1,0,0
63700,0,41,58800,2,16,1,1,1,0,1
12889,0,59,15984,4,14,1,1,1,0,0
779,0,39,13011,1,12,0,1,0,0,0
9599,0,49,143067,1,16,0,1,0,0,0
9000,0,53,19200,2,15,1,0,0,0,0
1674,0,41,21645,1,12,0,1,0,0,0
12175,0,36,39579,4,12,0,1,1,0,1
-3200,0,41,93612,5,18,0,1,1,0,1
164,0,28,3711,2,12,0,0,0,0,0
-2400,0,39,26925,5,12,0,0,1,0,0
0,0,57,9417,4,7,0,0,0,0,0
0,0,37,5235,3,12,0,0,0,0,0
3599,0,42,55740,5,13,0,0,1,0,1
51200,0,42,26016,2,14,0,1,0,0,0
0,0,37,28902,2,12,0,0,0,0,0
30999,0,35,97752,3,15,1,1,1,0,1
-3450,0,61,11790,3,12,0,1,1,0,1
-1030,0,38,26382,4,12,0,1,1,0,0
-250,0,32,26496,1,16,0,0,1,0,0
11934,0,45,32490,5,12,0,1,1,0,1
3700,0,26,10404,1,9,0,1,0,0,0
-400,0,28,11832,1,12,0,0,0,0,0
3000,0,53,30780,4,8,0,1,1,1,1
1999,0,30,24600,1,7,0,0,0,0,0
3660,0,63,28272,4,8,0,1,1,0,0
3178,0,34,17337,4,9,0,1,1,0,0
0,0,49,11898,2,14,0,1,0,0,0
-2200,0,32,22314,7,12,0,0,1,0,0
1010,0,29,76650,2,16,0,1,1,0,1
5550,0,35,37776,2,12,0,0,1,0,1
99,0,41,19590,1,12,0,1,0,0,0
4700,0,33,41637,2,12,0,0,1,0,1
28020,0,34,12144,1,14,0,0,0,0,0
350,0,29,23940,3,11,0,1,1,1,1
0,0,29,8400,4,10,0,0,0,0,0
13108,0,50,55314,2,12,0,1,1,0,0
85,0,44,969,2,18,0,0,0,0,0
-150,0,54,5400,2,12,0,1,0,0,0
-600,0,28,27108,1,16,0,1,0,0,0
499,0,38,11250,4,6,0,1,1,0,0
26000,0,45,69552,4,18,0,1,1,1,1
700,0,31,17040,3,15,1,0,1,0,1
-1001,0,40,10260,6,16,0,1,0,0,0
-68850,0,31,11721,1,18,0,1,0,0,0
-150,0,64,23832,4,8,0,1,1,0,1
-15550,0,54,32241,5,10,0,1,1,1,1
200,0,29,18336,1,14,0,0,0,1,0
100,0,26,15906,4,12,0,1,0,0,0
80,0,48,19680,4,12,0,0,1,0,1
5,0,44,27720,5,13,0,0,1,0,1
10129,0,45,104814,4,18,0,1,1,1,1
0,0,42,10836,3,14,0,1,0,0,0
0,0,29,18705,1,12,0,1,0,0,0
27960,0,53,29400,2,12,1,1,1,0,0
-4870,0,49,14421,5,11,0,1,1,0,0
56919,0,37,37302,2,12,1,1,1,0,1
-88000,0,53,75012,2,15,1,1,1,0,1
-4116,0,35,21306,3,12,0,1,1,0,0
-5989,0,36,118599,4,14,0,1,1,0,1
23397,0,26,63432,2,12,1,1,1,0,1
220,0,43,45594,7,9,0,0,1,1,1
-557,0,36,24060,5,12,0,0,1,0,0
-1600,0,34,19380,1,12,0,0,0,0,0
4500,0,38,19416,2,12,0,0,0,1,0
-250,0,41,31800,1,12,0,0,0,1,0
90531,0,64,35730,2,12,1,1,1,0,0
13000,0,48,28422,6,8,0,1,1,0,0
45900,0,64,38124,2,11,1,1,1,0,0
0,0,35,4653,5,11,0,0,0,1,0
-13600,0,33,38550,3,14,1,0,1,0,1
52000,0,61,13206,4,12,1,1,0,0,0
7500,0,60,43320,4,12,0,1,1,0,1
0,0,31,2160,5,12,0,0,1,0,0
200,0,30,29772,4,12,0,1,1,0,1
1000,0,32,39780,3,16,0,1,1,0,0
10535,0,49,26679,1,12,0,1,0,1,0
1348,0,56,82977,2,17,0,1,1,1,1
-2803,0,26,17280,6,12,0,0,1,0,0
0,0,55,32640,3,13,0,0,1,0,1
-13670,1,55,33738,2,17,0,0,1,0,0
772,1,30,15486,3,14,0,0,0,1,0
12961,1,52,24117,1,16,0,1,0,1,0
6055,1,38,55500,2,12,0,0,1,1,1
22500,1,50,58896,3,16,1,1,0,1,0
4700,1,38,42135,5,12,1,1,1,0,0
41588,1,44,48252,1,14,1,0,0,1,0
-13900,1,60,39684,1,14,0,0,0,1,0
197750,1,62,63786,4,12,1,1,1,0,0
50300,1,37,36417,5,12,1,1,1,0,1
-7500,1,46,35310,4,13,1,1,0,1,0
-10000,1,27,12480,2,12,0,1,1,1,1
3400,1,34,26739,1,12,0,0,0,1,0
2500,1,39,45717,4,17,0,0,0,0,0
5545,1,62,27684,2,14,1,0,1,0,0
78818,1,50,53112,2,12,1,1,1,0,1
0,1,30,14280,1,13,0,0,0,0,0
17105,1,50,24624,1,12,1,1,0,1,0
24042,1,36,70974,3,17,1,1,1,0,1
81370,1,37,115812,3,14,1,1,1,1,1
-14700,1,35,66225,4,12,0,1,1,0,1
43900,1,31,81000,3,17,1,1,1,0,0
36000,1,46,119196,4,12,1,1,1,1,1
33300,1,35,41574,2,18,1,0,1,0,1
2950,1,54,46125,4,12,0,1,1,1,1
184448,1,64,72558,2,16,1,1,1,0,0
24550,1,46,66576,1,18,0,1,0,1,0
3440,1,49,30246,2,18,1,1,1,0,0
2570,1,31,33693,1,13,0,0,0,1,0
202075,1,29,148770,2,16,1,1,1,1,1
6000,1,46,52365,2,12,0,1,1,0,1
71000,1,43,54750,1,18,1,1,0,1,0
150,1,44,21099,3,12,0,1,0,1,0
15000,1,33,72300,4,12,0,1,1,0,0
6400,1,50,50013,2,12,1,1,1,1,1
125821,1,39,66102,2,17,1,1,1,0,1
32300,1,43,78180,5,13,1,1,1,0,1
10150,1,29,36294,4,14,1,1,1,0,1
5400,1,51,24480,1,14,1,0,0,0,0
301,1,37,31500,6,15,0,0,1,0,1
45010,1,38,60228,5,12,0,1,1,0,1
-2158,1,38,17928,3,12,0,1,1,0,1
16000,1,39,39732,5,12,1,1,1,0,1
162100,1,36,70878,4,13,1,1,1,0,1
2000,1,28,47790,3,13,0,1,1,0,1
-3135,1,30,36540,2,14,0,0,1,0,1
14500,1,28,143346,2,18,0,1,1,0,1
-3780,1,26,42222,2,18,0,1,1,1,1
-1940,1,57,20430,1,18,0,0,1,0,0
154200,1,47,75939,4,18,1,1,1,1,0
10950,1,27,74370,3,12,0,0,1,1,1
7200,1,48,38517,4,13,0,1,1,1,1
25949,1,56,27492,1,12,0,1,0,0,0
10500,1,63,23604,3,3,1,0,1,0,1
685,1,43,24936,9,12,1,0,1,0,1
1500,1,59,17340,4,10,0,1,1,0,1
43150,1,58,42888,3,12,0,1,0,1,0
-5825,1,34,79269,2,16,0,0,1,0,1
249,1,50,15318,4,13,0,1,1,0,1
62000,1,55,51051,2,12,0,1,1,0,0
200,1,49,36024,3,18,0,1,0,0,0
550,1,26,29580,1,16,0,1,0,1,0
38700,1,42,89253,5,12,0,1,1,1,1
1000,1,43,5379,1,11,0,0,0,0,0
15450,1,26,104373,2,16,0,1,1,0,1
2927,1,31,51600,2,13,0,0,1,1,1
2075,1,32,58689,5,17,1,1,1,1,1
-4800,1,32,53109,2,14,0,1,1,1,1
79565,1,35,79818,2,14,1,1,1,0,1
2167,1,34,51288,4,16,0,0,1,0,1
700,1,42,50031,6,12,0,1,1,0,0
0,1,33,28200,3,12,0,0,1,0,1
0,1,42,59433,5,17,0,1,1,1,1
36500,1,46,58317,3,18,1,1,1,0,1
5617,1,34,54819,2,16,0,1,1,1,1
-375,1,26,19206,4,12,0,0,1,0,0
427,1,36,76566,5,15,0,1,1,1,1
0,1,55,76566,2,16,0,1,0,1,0
63595,1,54,50646,3,12,0,0,1,0,1
-3400,1,31,19302,1,17,0,1,0,1,0
19799,1,61,28194,2,12,0,1,1,0,1
5500,1,48,62463,4,16,1,1,1,0,1
2600,1,34,73590,4,13,0,1,1,0,1
200,1,52,53430,2,18,0,1,0,0,0
-451,1,42,27261,4,12,0,1,1,0,1
21860,1,35,54060,1,18,1,0,0,0,0
7470,1,43,62856,4,18,0,1,1,0,1
42399,1,31,75861,3,13,1,1,1,0,1
20150,1,33,25752,1,12,0,1,0,0,0
11600,1,31,30000,2,15,1,0,1,0,1
5000,1,42,48180,2,12,0,0,0,1,0
500,1,49,26031,2,12,0,0,0,0,0
1675,1,31,69537,3,17,0,1,1,0,0
42200,1,48,65601,5,15,0,1,1,0,1
5000,1,56,31131,3,12,0,1,1,0,1
22870,1,35,59877,4,9,1,1,1,1,1
89600,1,39,93924,4,12,0,1,1,0,1
53322,1,36,89727,2,18,1,1,1,1,1
253705,1,41,111636,4,18,1,1,1,0,0
52436,1,34,31242,2,16,1,1,1,0,1
13000,1,34,57372,6,12,0,1,1,0,1
5800,1,34,41415,5,16,1,1,1,1,1
44043,1,54,55080,2,12,0,1,1,0,1
13950,1,40,81252,5,16,0,1,1,1,1
80548,1,38,59397,4,12,1,1,1,1,1
-6943,1,34,22779,3,15,0,0,1,0,0
264,1,60,20388,2,11,1,1,1,0,0
-727,1,28,8679,3,12,0,1,1,0,0
-4201,1,28,37170,2,18,0,1,1,0,1
14950,1,35,30480,1,16,0,1,0,1,0
3670,1,35,18882,1,18,1,0,0,1,0
164000,1,54,51804,3,12,1,1,1,0,0
-1430,1,27,12789,2,16,0,1,0,1,0
47922,1,54,107097,2,16,0,1,1,1,1
-3452,1,41,23661,4,12,0,1,1,1,1
-7817,1,35,40446,3,14,0,0,1,0,1
5731,1,40,44730,1,12,0,1,0,0,0
-9000,1,30,52923,1,18,0,1,0,0,0
-1,1,41,30654,3,12,0,1,1,0,1
0,1,58,25497,3,15,0,0,0,1,0
8000,1,48,18297,2,12,0,1,0,0,0
224400,1,59,68346,2,16,1,1,1,0,0
108998,1,53,53490,3,10,0,1,1,0,1
105000,1,61,140130,2,1,1,1,1,1,1
371901,1,50,107301,3,14,1,1,1,1,1
49043,1,64,27000,1,16,1,1,0,1,0
36108,1,38,42030,1,14,0,1,0,0,0
43175,1,45,54150,1,18,1,1,0,1,0
106825,1,42,113076,4,17,1,1,1,0,0
5650,1,33,49572,4,16,0,1,1,1,1
6975,1,26,62475,2,2,0,1,1,0,1
14600,1,55,60267,3,12,0,1,1,1,1
0,1,38,49368,2,16,0,0,0,1,0
45600,1,41,21222,2,17,0,1,0,1,0
23983,1,42,61683,5,16,0,1,1,1,1
3549,1,45,14436,1,12,0,1,0,1,0
-340,1,26,31689,2,12,0,0,1,0,1
23500,1,37,34032,1,16,1,1,0,1,0
260872,1,48,73086,3,14,1,1,1,0,1
1411,1,31,23208,1,16,0,0,0,1,0
31500,1,39,75888,4,16,0,1,1,0,1
-1790,1,42,39840,6,13,0,1,1,1,0
10901,1,42,66852,3,12,0,1,1,1,1
-30,1,34,30231,4,13,0,0,1,0,1
10200,1,46,61086,3,14,0,1,1,0,0
19249,1,59,15372,2,7,0,1,1,0,0
1050,1,39,68676,4,12,0,1,1,0,1
38845,1,43,33312,4,17,1,1,1,0,1
1449,1,33,42660,3,12,0,1,1,0,1
76249,1,54,68715,3,8,1,1,1,1,1
-107,1,45,67989,2,12,0,1,1,1,1
77878,1,37,59976,3,18,1,1,1,1,1
177331,1,47,59331,4,18,1,1,1,0,1
9600,1,44,43920,1,18,1,1,0,1,0
800,1,43,9690,6,5,0,1,0,1,0
-1337,1,45,38187,4,12,0,1,1,0,1
-130,1,35,43689,4,12,0,1,1,0,1
13705,1,33,43200,3,14,0,1,1,0,1
-2000,1,26,26400,1,14,0,0,0,0,0
-4830,1,31,25740,3,12,0,1,1,0,1
32000,1,44,70125,2,16,1,1,0,0,0
84196,1,62,108588,2,14,0,1,1,0,0
73980,1,56,44247,2,15,0,1,1,0,0
1200,1,27,18030,2,12,0,0,0,0,0
3990,1,53,38262,2,12,0,1,1,0,0
-11000,1,42,24000,2,16,0,0,1,1,0
-550,1,35,40674,2,10,0,0,1,1,1
8600,1,36,50484,4,14,0,0,1,0,1
11000,1,38,47616,3,18,0,1,0,1,0
75149,1,50,50742,2,8,0,1,1,0,0
66900,1,39,47838,3,18,0,1,0,0,0
-75,1,46,13125,8,4,0,0,1,1,0
65612,1,57,73815,3,17,1,1,1,1,1
105798,1,36,104190,4,16,0,1,1,1,0
102705,1,54,139854,2,12,1,1,1,1,1
-8410,1,25,22110,4,12,0,1,1,0,1
129998,1,57,40581,2,18,1,1,1,1,0
17250,1,37,46929,4,12,1,1,1,1,1
-32500,1,44,57306,1,13,0,1,0,1,0
481,1,29,27462,5,14,0,1,1,1,1
7800,1,38,22011,5,5,0,1,1,0,0
23915,1,42,27171,2,13,1,1,0,1,0
-200,1,32,42024,5,16,0,0,1,1,1
7196,1,26,38604,2,16,1,1,1,0,1
26421,1,45,30225,2,14,0,0,0,1,0
-30000,1,62,21276,2,9,0,1,1,0,0
8709,1,64,34536,2,8,0,1,1,0,0
10150,1,61,20826,1,14,1,0,0,1,0
11000,1,38,21360,1,4,1,0,0,0,0
-6290,1,36,17100,5,13,0,1,1,0,0
-4010,1,35,33762,2,14,0,1,1,0,0
7804,1,47,44244,5,12,1,0,1,0,1
121853,1,58,70971,1,18,1,1,0,1,0
1300,1,36,68445,4,14,0,1,1,0,1
53000,1,60,85200,2,12,1,1,1,0,1
0,1,52,71421,1,18,1,1,0,1,0
21019,1,32,46665,2,15,1,1,1,0,0
42600,1,28,42540,1,18,1,0,0,0,0
60700,1,37,25641,4,10,0,1,0,1,0
59348,1,43,63813,2,15,1,1,1,0,1
-350,1,28,17928,4,12,0,0,0,1,0
1214,1,49,30600,5,16,0,0,1,0,1
68,1,53,10200,4,6,0,0,1,0,0
-2000,1,40,32850,3,13,0,0,0,1,0
-7500,1,34,13101,1,12,0,0,0,1,0
-6600,1,29,39396,3,12,0,1,1,0,1
16000,1,58,30300,1,18,1,0,0,1,0
6450,1,39,40980,1,18,0,1,0,1,0
26800,1,30,59685,3,16,0,1,1,1,1
11881,1,40,66573,2,16,1,1,1,1,1
12999,1,54,18144,3,12,1,1,0,1,0
34700,1,42,75249,5,16,0,1,1,0,0
-3400,1,39,30324,3,16,0,0,0,1,0
17500,1,42,39900,2,17,0,1,0,1,0
83800,1,42,74646,4,12,1,1,1,0,1
71000,1,59,38418,2,12,1,1,1,0,0
1100,1,59,40200,1,18,0,1,0,0,0
32920,1,32,76992,5,16,1,0,1,0,0
334,1,44,10650,2,12,0,0,0,0,0
169800,1,53,44277,1,17,1,0,0,1,0
28579,1,36,57282,1,16,0,1,0,0,0
-750,1,27,24603,2,12,0,0,1,0,1
10734,1,39,62025,4,12,0,1,1,0,1
49000,1,44,50250,2,18,1,1,0,0,0
22000,1,29,52467,3,15,1,1,1,0,1
10269,1,35,29427,1,12,0,0,0,1,0
31971,1,55,123111,2,18,1,1,1,1,1
13100,1,32,16590,1,12,0,0,0,0,0
9057,1,32,14121,1,12,1,1,0,1,0
12950,1,58,37068,2,8,0,1,1,0,0
91900,1,28,62430,3,16,1,1,1,1,1
17047,1,55,20898,1,14,0,0,0,1,0
-7031,1,48,96837,2,12,1,1,1,1,1
-4200,1,26,73212,2,12,0,1,1,0,1
8476,1,29,46323,4,12,0,1,1,0,1
2020,1,27,27657,1,14,0,0,0,1,0
119678,1,33,119460,6,18,1,1,1,1,1
-4575,1,31,25800,5,9,0,0,1,0,0
-20930,1,27,39255,3,17,0,1,1,0,1
-2900,1,31,24762,1,16,0,0,0,1,0
94571,1,55,90978,3,13,1,1,1,1,1
10849,1,44,46275,2,12,0,1,1,0,1
50299,1,32,90729,2,18,1,1,1,0,1
-9087,1,38,84504,3,18,0,1,1,0,1
-4607,1,44,31911,1,9,0,0,0,0,0
400,1,33,28179,1,13,1,0,0,1,0
16600,1,42,57465,3,18,1,1,1,1,1
19500,1,56,132996,6,18,0,1,1,0,1
-5373,1,44,91725,3,14,0,1,1,0,1
8000,1,42,65280,3,13,0,1,1,1,1
105151,1,41,39780,2,12,1,0,1,0,1
26550,1,39,30024,2,12,0,1,0,0,0
16900,1,42,36120,1,18,0,0,0,1,0
5100,1,44,46593,1,14,0,1,0,0,0
15508,1,56,31680,1,12,1,1,0,1,0
-280,1,33,24138,4,12,0,1,1,0,0
38900,1,46,66396,4,16,1,1,1,0,0
-5000,1,50,12240,2,12,0,1,0,0,0
-4711,1,40,68661,5,16,0,1,1,1,0
-365,1,35,27840,2,14,0,0,0,0,0
1599,1,31,36201,5,14,1,0,1,0,1
80049,1,52,76806,2,13,0,1,1,0,1
-425,1,37,19440,3,14,0,1,0,1,0
12999,1,49,37182,2,16,0,1,1,0,0
4764,1,42,18555,2,12,0,0,1,1,1
61550,1,30,62490,3,14,1,1,1,0,0
18800,1,43,116940,4,18,1,1,1,0,1
4750,1,42,71376,4,12,0,1,1,0,1
19600,1,42,57186,1,18,0,1,0,1,0
9000,1,50,35754,2,12,0,1,0,1,0
8565,1,49,101532,2,14,1,1,1,1,1
640,1,27,19143,2,12,0,0,0,0,0
0,1,39,28050,5,12,0,0,1,1,1
1550,1,55,11049,6,12,0,0,0,1,0
12596,1,36,36552,4,12,0,1,1,0,1
23833,1,34,53700,4,14,0,1,1,1,1
1350,1,34,42906,4,12,0,1,1,0,1
76000,1,50,91887,4,18,1,1,1,0,1
-18866,1,45,59616,2,16,0,0,0,0,0
19460,1,35,33834,4,13,0,1,1,0,1
2600,1,26,14532,3,13,0,0,1,1,0
21419,1,41,44883,2,14,1,1,0,1,0
18500,1,35,29970,2,12,0,0,0,0,0
22610,1,41,37245,1,16,0,1,0,1,0
-680,1,38,42600,3,13,0,1,1,0,1
138000,1,56,100365,2,18,1,1,1,1,1
28361,1,37,41439,1,14,0,0,0,0,0
34030,1,34,73071,4,12,1,1,1,1,1
200,1,35,14850,8,6,0,0,1,1,1
298000,1,58,200997,3,17,1,1,1,1,1
-11261,1,30,25488,4,14,0,0,1,0,1
3750,1,43,28080,4,12,0,0,0,0,0
299,1,43,39204,2,12,0,0,0,1,0
1100,1,28,32034,1,16,0,0,0,0,0
3570,1,53,27300,2,10,0,1,1,0,0
2906,1,42,26856,1,14,0,1,0,0,0
-1644,1,29,64935,4,12,0,0,1,1,1
19257,1,50,38112,2,12,1,1,1,1,0
3049,1,38,26964,4,14,0,1,1,0,0
899,1,51,19164,2,12,0,1,1,0,0
10800,1,33,65529,5,14,1,1,1,0,0
100,1,41,19200,5,9,0,1,1,0,0
12818,1,36,43437,3,16,1,1,1,1,1
158,1,41,23454,1,12,0,1,0,1,0
522300,1,40,131796,4,14,1,1,1,0,0
4849,1,31,67593,3,16,1,1,1,1,1
39950,1,51,95178,3,14,1,1,1,0,1
8699,1,44,54060,7,12,0,1,1,0,1
-11400,1,33,34671,1,16,0,0,0,0,0
9145,1,34,65556,4,13,0,1,1,0,0
8849,1,56,8136,2,12,0,1,1,1,0
-7300,1,27,58362,2,18,0,0,1,0,1
-975,1,36,21615,1,16,0,0,0,0,0
-4936,1,36,13506,3,12,0,1,1,0,0
68943,1,51,44658,3,12,1,1,1,0,0
26500,1,39,40179,3,14,0,1,1,0,1
14775,1,45,58758,2,14,0,1,1,0,1
-8219,1,43,48426,3,8,0,1,1,0,1
52288,1,52,70896,2,12,1,1,1,1,1
65633,1,53,34584,1,14,1,0,0,1,0
25885,1,49,13530,2,12,1,1,0,0,0
107750,1,31,58632,5,16,1,1,1,0,0
1252,1,25,37194,1,16,0,0,0,0,0
20250,1,45,76008,2,12,0,1,1,0,1
60398,1,51,35472,2,4,0,0,0,0,0
16100,1,53,41538,3,12,0,1,1,0,0
3000,1,44,33060,3,12,0,1,0,1,0
-3700,1,48,20232,10,10,0,0,1,0,0
-4497,1,35,32400,2,13,0,0,0,0,0
-4300,1,37,54996,4,12,0,1,1,0,1
14719,1,49,41685,6,16,1,1,1,0,1
30859,1,33,39096,1,17,0,0,0,1,0
8295,1,40,77100,4,14,0,1,1,0,1
51500,1,45,145854,4,12,0,1,1,1,1
124000,1,41,28350,4,14,1,1,1,0,1
43959,1,45,37893,2,12,0,1,1,0,1
18400,1,30,57381,2,16,0,0,1,0,1
20500,1,34,79374,3,16,0,1,1,0,1
81200,1,52,90900,2,18,0,1,0,0,0
22300,1,30,92904,2,16,0,0,1,0,1
-9968,1,29,40971,3,12,0,1,1,0,1
2500,1,38,19800,2,8,0,0,0,1,0
15100,1,37,36984,5,12,0,1,1,0,1
95700,1,34,102666,3,16,0,1,1,1,1
39271,1,54,36012,1,12,1,1,0,0,0
73750,1,63,18330,1,12,0,1,0,1,0
83200,1,44,72165,3,17,1,1,1,0,0
-36,1,45,11430,4,10,0,1,1,0,0
11999,1,53,53292,4,12,0,1,1,0,1
980,1,48,24765,1,14,0,1,0,0,0
85000,1,51,49566,2,13,0,1,1,0,0
61283,1,46,45063,1,15,1,1,0,1,0
-54,1,49,36684,3,12,0,1,1,1,1
20249,1,59,36027,2,12,0,1,1,0,1
40000,1,33,49959,4,16,1,1,1,0,0
1760,1,42,57414,5,16,0,1,1,1,1
-2485,1,48,35082,4,12,0,0,1,0,1
218400,1,55,117600,4,14,1,1,1,1,1
-2900,1,43,55716,5,14,0,1,1,0,1
-120,1,28,31686,4,13,0,1,1,0,1
-3240,1,34,45600,5,13,0,1,1,0,1
-28701,1,36,60651,4,9,0,1,1,1,0
19099,1,34,48219,3,12,0,1,1,0,1
43756,1,54,49881,5,15,1,1,1,0,1
21000,1,45,34986,1,14,1,1,0,1,0
28000,1,49,45900,2,18,1,1,1,0,0
3000,1,29,31842,1,18,0,1,0,0,0
130229,1,50,58176,2,12,0,1,1,0,0
73150,1,48,62430,6,18,0,1,1,1,0
83700,1,30,41535,1,14,1,1,0,1,0
5800,1,39,50400,2,18,0,0,0,0,0
37348,1,55,36720,2,8,1,1,1,0,1
-700,1,30,46302,3,13,0,1,1,1,1
5500,1,30,67824,4,12,0,1,1,0,1
14400,1,49,38310,1,14,0,0,0,1,0
5296,1,30,18915,1,12,0,0,0,0,0
60,1,63,22299,3,12,0,1,0,1,0
62149,1,49,60069,4,12,1,1,1,0,0
21900,1,44,29913,1,12,0,0,0,1,0
19400,1,54,40500,2,15,0,1,0,0,0
-2150,1,30,34413,2,12,0,0,1,1,1
35850,1,31,48522,4,16,1,1,1,0,0
1750,1,30,30105,1,14,0,0,0,1,0
17900,1,42,39279,4,18,0,0,1,0,0
-7500,1,25,31215,1,17,0,0,0,1,0
-900,1,40,51960,4,14,0,1,1,0,1
57599,1,36,74100,3,16,1,1,1,0,0
9549,1,55,44184,3,9,0,1,1,0,1
100800,1,37,57000,3,18,1,1,1,1,1
26700,1,40,9498,2,15,0,0,0,0,0
68165,1,39,44586,3,18,1,1,1,0,0
6180,1,32,63207,2,17,0,1,1,0,1
-8259,1,53,23550,2,12,0,1,1,0,0
84981,1,52,46818,3,12,0,1,1,1,1
500,1,29,12810,1,12,0,0,0,0,0
-3490,1,36,35196,2,10,0,1,0,1,0
9034,1,39,17592,1,14,0,0,0,1,0
15200,1,29,53172,3,18,0,1,1,1,1
21350,1,36,33030,5,11,1,1,1,0,1
29600,1,45,29100,1,15,1,1,0,0,0
13374,1,50,39240,3,9,0,1,1,1,0
5112,1,40,38466,4,14,0,1,1,0,0
5800,1,33,21720,1,15,0,1,0,1,0
13320,1,36,25647,1,13,0,1,0,1,0
-11892,1,41,37242,4,8,0,1,1,0,1
21900,1,42,44874,4,12,0,1,1,0,1
34879,1,40,55806,1,18,1,1,0,1,0
67999,1,43,51816,3,12,1,1,1,0,1
-5380,1,34,16704,6,6,0,1,1,1,1
4944,1,27,54339,2,16,0,1,1,0,1
-16200,1,41,40320,5,14,0,1,1,0,1
6200,1,51,25488,1,15,0,1,0,1,0
14875,1,37,36090,1,16,1,0,0,0,0
17300,1,41,48732,4,12,0,1,1,0,1
35310,1,49,57195,5,13,0,1,1,1,1
-3450,1,35,91761,4,12,0,0,1,0,1
5327,1,42,31131,3,13,0,0,0,0,0
2000,1,44,96816,4,17,0,1,1,1,1
5900,1,43,42480,2,17,0,1,0,1,0
10020,1,35,33150,5,12,0,1,1,1,1
-6594,1,32,36012,1,18,0,0,0,0,0
-7404,1,36,15306,6,6,0,0,1,0,0
425,1,47,16719,3,12,0,1,0,0,0
-3000,1,41,25800,3,10,0,1,1,0,1
-6347,1,36,17385,3,11,0,1,0,0,0
37750,1,57,53004,1,18,1,1,0,1,0
5199,1,46,90300,3,18,0,1,1,1,1
-200,1,37,19644,3,14,0,1,0,1,0
690,1,49,27675,3,12,0,1,1,0,0
97000,1,28,60033,2,18,1,1,1,1,1
-9300,1,43,21675,2,16,0,0,0,1,0
59800,1,61,47100,2,12,0,1,0,0,0
13100,1,39,64359,4,16,0,1,1,0,1
38300,1,31,62865,2,16,1,1,1,0,1
800,1,25,18312,1,12,0,1,0,1,0
55694,1,58,44373,1,18,1,0,0,1,0
-5600,1,45,15300,2,14,0,0,0,0,0
-1863,1,43,69693,4,12,0,1,1,0,0
5300,1,32,135447,4,18,0,1,1,0,1
-14760,1,39,42600,3,14,0,1,1,0,1
-5830,1,42,21156,6,12,0,1,1,0,0
30650,1,35,67767,4,16,0,1,1,0,1
70682,1,42,89520,5,13,0,1,1,0,1
200,1,31,39672,4,16,0,0,1,0,1
280,1,32,15579,4,12,0,0,0,0,0
45500,1,35,50400,2,17,0,1,1,0,1
87920,1,38,35982,4,16,1,1,1,0,0
-1550,1,35,16371,3,14,0,1,0,1,0
43000,1,38,11604,4,5,0,1,1,0,1
-16000,1,50,33690,1,12,0,0,0,1,0
15627,1,34,58881,5,12,0,1,1,0,0
5100,1,28,54300,4,12,0,1,1,0,1
188700,1,55,87735,2,1,1,1,1,1,1
16500,1,55,13653,2,14,0,1,0,0,0
5250,1,30,26877,1,8,0,0,0,0,0
0,1,47,10125,1,12,0,0,0,1,0
538,1,27,28704,3,14,0,0,0,0,0
1283,1,34,20445,1,12,0,0,0,0,0
19205,1,55,37026,2,12,1,1,1,1,1
3000,1,48,36528,6,6,0,1,1,0,1
3400,1,33,52659,4,13,0,1,1,1,1
5749,1,42,57852,3,14,0,1,1,0,1
6240,1,43,20430,4,12,0,1,1,0,0
-200,1,37,10203,1,9,0,0,0,1,0
44310,1,53,16002,1,13,0,0,0,0,0
1000,1,51,13005,5,14,0,0,0,0,0
12000,1,50,25395,1,11,0,1,0,0,0
36199,1,45,30120,1,12,0,1,0,1,0
53948,1,43,65700,5,14,0,1,1,1,1
36600,1,61,29832,1,12,1,1,0,1,0
17199,1,50,48042,5,12,0,1,1,1,1
139629,1,54,102435,2,12,1,1,1,0,0
118500,1,42,97494,2,16,1,1,1,0,1
34900,1,46,70374,5,12,0,1,1,0,1
25124,1,49,54492,2,12,1,1,1,1,1
7000,1,35,39327,1,12,0,1,0,1,0
3049,1,39,16614,8,10,0,1,0,1,0
1309,1,53,47919,3,12,0,1,1,0,1
106300,1,44,72000,8,16,0,1,1,0,0
-4490,1,36,22749,1,13,0,1,0,1,0
66049,1,52,42252,2,14,0,1,0,1,0
3249,1,45,50235,2,16,0,0,0,0,0
40000,1,48,48276,1,16,1,0,0,0,0
-2000,1,46,20400,3,12,0,1,1,1,0
13700,1,53,46824,2,13,1,0,1,0,1
79518,1,39,34950,2,14,0,1,0,0,0
4116,1,31,57918,3,16,0,1,1,0,1
11500,1,31,76704,2,16,0,1,1,0,1
2080,1,28,64137,4,12,0,1,1,1,1
-13115,1,30,25533,6,14,0,0,1,0,0
-250,1,40,35064,5,12,0,1,1,1,1
680,1,51,45015,4,13,0,1,1,1,1
18500,1,42,24546,2,12,0,0,0,1,0
27798,1,50,34470,5,13,0,1,1,0,0
1031,1,25,10545,1,13,0,0,0,0,0
-9250,1,39,19833,1,14,0,0,0,1,0
18500,1,40,26910,4,13,0,1,1,1,0
1500,1,25,30960,1,12,0,0,0,0,0
-8000,1,33,35832,4,12,0,1,1,1,1
351300,1,51,77850,5,12,1,1,1,0,0
-1000,1,43,19104,3,8,0,1,0,0,0
5270,1,53,66000,2,15,0,0,0,0,0
1700,1,60,31275,2,12,0,1,1,0,0
7100,1,27,54996,3,15,0,1,1,1,1
13000,1,56,23880,1,12,0,1,0,0,0
11730,1,43,35331,3,8,0,0,1,0,1
-4200,1,30,40974,5,15,0,1,1,0,1
-2542,1,34,27213,4,12,0,1,1,1,1
18325,1,29,15870,1,16,0,0,0,1,0
22620,1,35,34758,1,12,0,1,0,0,0
30725,1,48,34701,2,18,1,1,0,0,0
0,1,40,22560,1,14,0,0,0,0,0
-4500,1,27,14430,1,12,0,0,0,0,0
12080,1,36,27000,4,12,0,1,1,0,0
3350,1,44,17991,3,12,1,1,1,0,0
14330,1,39,94860,5,12,1,1,1,0,1
-800,1,32,60360,2,13,0,1,1,0,1
136700,1,54,44052,2,14,1,0,1,0,1
7300,1,28,60270,2,16,0,1,1,0,1
22000,1,33,64296,4,12,0,1,1,1,1
2882,1,40,36174,2,12,0,1,1,0,1
900,1,39,9600,3,10,0,1,0,1,0
10708,1,29,73650,2,14,0,1,1,0,1
5400,1,60,50622,4,12,1,1,1,0,1
107257,1,44,102189,2,12,1,1,1,1,1
-1350,1,31,30198,1,14,0,0,0,1,0
22599,1,29,26064,1,14,0,0,0,0,0
320,1,55,7650,1,10,0,0,0,1,0
11800,1,33,32361,1,12,0,1,0,1,0
-1700,1,31,58809,5,18,1,1,1,0,0
77875,1,58,66987,2,12,1,1,1,1,1
30100,1,52,42540,2,12,0,1,1,1,1
-739,1,33,8415,3,12,0,1,0,0,0
29400,1,45,56304,4,14,0,1,1,1,1
252999,1,60,24114,1,15,1,1,0,1,0
15050,1,56,15882,2,3,0,1,1,1,1
70150,1,43,54585,2,18,0,1,0,0,0
19689,1,30,64944,4,12,0,1,1,0,0
3559,1,39,34596,4,14,0,1,0,1,0
-3900,1,43,18246,5,12,0,1,1,0,0
40900,1,42,49596,4,12,0,1,1,0,1
954,1,57,23079,1,12,0,1,0,0,0
322000,1,62,64545,1,18,1,1,0,1,0
2140,1,35,32244,2,12,1,1,1,0,1
9000,1,43,69138,3,15,0,1,1,1,1
4668,1,30,54015,3,13,0,1,1,0,0
16350,1,42,26580,5,14,0,1,0,0,0
92384,1,46,58659,3,12,0,1,1,0,1
4870,1,37,48594,5,13,0,1,1,0,1
3500,1,41,40050,2,18,0,1,0,1,0
3695,1,54,50859,2,12,0,1,1,1,1
4700,1,49,65136,3,13,0,1,1,1,1
60249,1,60,20796,2,8,0,1,0,1,0
1098624,1,37,55263,3,16,1,1,0,1,0
983000,1,47,179100,2,16,0,1,1,1,1
-101,1,38,57219,4,12,0,0,1,1,1
171700,1,35,73800,4,16,0,1,1,0,0
9750,1,40,74022,5,12,0,1,1,1,1
15597,1,38,51048,3,12,0,0,1,1,1
1300,1,34,38940,4,15,0,1,1,1,0
1620,1,43,26214,4,12,0,1,1,0,0
130700,1,47,85968,3,14,1,1,1,1,1
0,1,26,14985,8,11,0,0,1,0,0
53539,1,36,35136,4,16,0,1,1,0,0
0,1,30,21384,1,13,0,0,0,0,0
96498,1,40,86292,4,16,0,1,1,0,0
94900,1,52,69726,2,13,1,1,1,1,1
18850,1,38,38664,3,18,0,1,0,1,0
3500,1,60,29784,1,12,0,1,0,1,0
40050,1,32,47691,2,14,1,1,1,1,1
131844,1,32,39882,5,14,1,1,1,0,0
34980,1,45,96945,2,18,1,0,1,0,1
-292,1,27,17400,4,12,0,0,1,0,0
59400,1,38,29220,3,15,0,1,1,0,1
2500,1,39,57330,4,12,0,1,1,0,1
83199,1,60,25542,3,18,1,1,1,1,0
22300,1,62,23514,2,12,1,1,1,0,0
-4150,1,28,48162,3,12,0,0,1,0,1
26700,1,38,71346,3,12,0,1,1,0,1
55471,1,41,104169,4,17,1,1,1,0,1
64600,1,49,54315,2,18,1,1,0,1,0
14248,1,43,80490,4,14,1,1,1,0,1
102300,1,45,42174,4,8,0,0,1,0,1
102349,1,55,93756,2,16,0,1,1,0,1
-124,1,45,41292,5,13,1,1,1,1,1
765,1,30,57834,2,16,0,1,1,1,1
4800,1,54,29310,1,18,0,1,0,1,0
66947,1,46,52248,3,13,1,0,0,0,0
1209,1,31,31017,5,16,1,1,1,1,1
17172,1,33,64926,2,16,1,1,1,0,1
3429,1,28,29739,3,16,0,0,1,0,1
2200,1,29,29235,2,18,0,0,0,1,0
1905,1,51,44292,8,12,0,1,1,0,1
184549,1,39,128793,4,18,1,1,1,0,1
22100,1,42,77706,5,12,0,1,1,0,0
-38171,1,26,47730,4,12,0,0,1,0,0
2859,1,35,27600,3,12,1,1,1,0,1
2780,1,27,17850,6,12,0,0,1,0,0
22000,1,35,64500,1,14,0,1,0,1,0
-5600,1,26,44094,2,16,0,1,1,1,1
0,1,43,30000,1,14,0,0,1,1,0
-125,1,25,20169,1,12,0,0,0,0,0
-3750,1,42,28845,2,16,0,1,1,1,0
0,1,58,10200,2,12,0,0,0,0,0
16000,1,43,56670,4,11,0,1,1,0,1
5600,1,39,61986,4,18,0,1,1,0,1
26900,1,44,27891,1,14,0,1,0,1,0
2214,1,28,45621,4,12,0,0,1,1,1
3749,1,27,25689,2,13,1,0,1,0,1
3761,1,51,17496,3,12,0,1,0,1,0
76585,1,43,74439,4,14,1,1,1,0,1
67908,1,40,44778,2,12,1,0,1,1,1
36299,1,44,59826,4,17,1,1,1,0,0
0,1,51,20400,1,12,0,0,0,1,0
65500,1,54,51990,2,13,1,1,1,0,1
-3670,1,25,16878,1,16,0,0,0,0,0
13400,1,46,40830,4,14,1,1,1,0,1
-8950,1,29,29997,4,12,0,0,1,0,0
17269,1,47,37962,3,12,1,1,1,1,1
74800,1,40,84687,2,18,1,1,1,1,1
-9438,1,33,23415,1,14,1,0,0,1,0
-2400,1,35,39360,4,14,0,0,1,0,0
6999,1,47,42147,4,12,0,0,1,1,1
3150,1,31,24390,1,14,0,1,0,1,0
-2550,1,37,35070,5,12,1,1,0,0,0
10999,1,39,27615,4,12,0,1,1,0,1
2950,1,60,23325,4,8,0,1,1,0,0
-387,1,47,36906,4,12,0,1,1,0,1
3006,1,49,53649,3,18,0,1,1,1,1
19598,1,42,37236,2,16,1,1,1,0,1
4000,1,49,23319,5,13,0,1,0,0,0
177000,1,44,133596,3,12,1,1,1,0,0
4149,1,38,48327,5,15,0,1,1,0,1
128000,1,45,79485,4,13,1,1,1,1,1
125000,1,54,29040,1,14,0,0,0,0,0
182010,1,41,74532,2,18,1,1,1,0,1
44364,1,48,34275,6,12,1,1,1,1,1
8349,1,40,54594,4,14,0,1,1,0,1
9750,1,31,12000,1,12,0,0,0,0,0
26874,1,32,112500,2,14,1,1,1,0,1
47459,1,51,33585,1,18,1,0,0,1,0
109800,1,37,67512,4,13,1,1,1,0,0
2312,1,60,14181,1,12,0,1,0,0,0
290000,1,61,79872,3,14,1,1,1,0,0
3700,1,35,44205,1,17,1,0,0,1,0
6400,1,38,82995,5,15,1,1,1,0,1
-2500,1,31,26925,1,12,0,0,0,0,0
39150,1,44,81000,2,12,1,1,1,0,1
62000,1,33,100296,4,18,1,1,1,0,0
46150,1,32,46500,2,18,1,0,1,0,1
2760,1,42,25257,1,16,0,0,0,0,0
13059,1,29,43047,1,17,0,1,0,1,0
-3520,1,36,54768,5,16,0,1,1,1,1
38800,1,47,45870,2,14,1,1,1,0,1
52475,1,44,68352,5,12,1,1,1,0,0
-7438,1,36,1962,1,14,0,0,0,0,0
10250,1,27,53340,2,13,0,1,1,1,1
-4100,1,38,45600,2,14,0,1,0,1,0
-520,1,31,25080,4,14,0,1,1,0,1
92700,1,46,53775,2,14,0,1,0,1,0
-1000,1,35,41886,2,12,0,1,0,0,0
101010,1,46,75600,4,18,1,1,1,1,1
16000,1,60,0,6,4,0,1,1,0,1
13600,1,37,41994,5,13,0,1,1,1,1
33637,1,37,37476,4,16,1,0,1,0,0
9223,1,56,27276,1,12,0,0,0,0,0
17350,1,30,30036,4,16,0,1,1,0,0
67020,1,45,74100,5,16,1,1,1,1,1
7700,1,59,45270,2,12,0,1,1,1,0
9298,1,30,14643,1,16,0,1,0,1,0
36000,1,56,25143,3,13,0,1,0,0,0
6259,1,37,36531,5,12,0,1,1,0,1
155312,1,60,90390,2,14,1,1,1,0,0
12414,1,36,59112,5,12,0,1,1,1,1
25600,1,32,57363,3,18,0,1,1,1,1
63600,1,60,57678,2,14,1,1,1,1,1
74289,1,36,85689,2,13,1,1,1,1,1
-1456,1,28,57360,2,15,0,1,1,1,1
-3400,1,54,22287,2,8,0,1,1,0,0
10666,1,38,42597,4,13,1,1,1,0,0
2100,1,55,116199,2,14,1,1,1,1,1
61749,1,51,22902,1,16,1,1,0,1,0
181830,1,38,65676,3,12,0,1,1,1,1
400,1,40,16374,2,12,0,0,0,0,0
7650,1,27,28458,1,16,0,0,0,0,0
0,1,31,21600,1,12,0,1,0,1,0
-1122,1,42,32439,1,13,1,1,0,0,0
15,1,49,24450,1,13,0,0,0,1,0
-4493,1,27,29916,4,8,0,1,1,0,0
144426,1,45,138441,2,16,1,1,1,1,1
0,1,63,19380,3,12,0,1,1,0,0
130000,1,62,27240,1,12,0,1,0,0,0
10650,1,28,44976,2,17,1,0,1,1,1
-2551,1,46,54045,1,18,1,1,0,1,0
8500,1,36,36180,1,14,0,0,0,0,0
7850,1,35,28710,1,14,0,0,0,0,0
13500,1,42,66210,3,18,1,0,1,1,1
72650,1,45,67425,3,12,1,1,1,0,1
7580,1,49,19167,1,15,0,1,0,1,0
3490,1,37,26895,1,12,0,1,0,1,0
46507,1,26,44535,2,12,0,1,1,0,1
120097,1,55,40641,2,12,1,1,1,0,1
-2000,1,29,36618,1,15,0,0,0,1,0
7286,1,53,40125,2,12,0,1,1,0,0
-49376,1,37,33606,4,13,0,0,1,0,0
2500,1,32,36348,3,12,0,1,1,1,1
-3070,1,43,15444,7,16,0,1,0,1,0
785,1,43,26298,2,12,0,0,1,0,1
660,1,30,21582,5,14,0,1,1,0,0
2500,1,25,11649,2,12,0,0,0,0,0
18100,1,29,53685,7,12,0,1,1,0,1
-8100,1,30,35064,1,18,0,0,0,1,0
12418,1,64,29850,2,10,0,1,1,1,1
1325,1,39,54480,5,17,0,1,1,0,1
-1600,1,45,46812,4,18,0,0,1,0,1
17950,1,41,77457,4,18,0,1,1,0,1
-225,1,29,21420,3,15,0,0,1,0,0
18315,1,43,66033,4,18,1,1,1,1,1
1425,1,33,16860,1,12,0,1,0,0,0
4509,1,45,70668,6,18,0,1,1,0,1
10410,1,33,26943,2,14,0,0,0,0,0
12600,1,39,31530,1,16,0,1,0,0,0
12150,1,32,43620,3,14,0,1,1,0,0
-5450,1,26,57519,3,12,0,1,1,0,1
23173,1,48,126396,4,18,1,0,1,1,1
-13960,1,27,22050,1,16,0,0,0,0,0
124600,1,53,73278,2,14,1,1,1,0,0
22050,1,37,30504,2,12,0,1,0,0,0
45584,1,40,50646,2,17,1,1,0,1,0
6110,1,52,66000,3,14,0,1,1,0,1
18000,1,52,44250,4,12,0,1,1,0,1
8799,1,36,65097,4,18,0,1,1,1,1
5500,1,26,42150,1,18,0,0,0,0,0
-7000,1,33,11349,4,13,0,0,0,0,0
33500,1,34,80694,3,10,0,1,1,0,0
5911,1,30,24150,4,16,0,1,1,0,0
215600,1,53,111282,4,18,1,1,1,0,1
22118,1,30,38457,4,16,0,1,1,0,0
12299,1,47,68553,2,16,0,1,0,0,0
37100,1,38,27060,3,13,0,1,0,1,0
1000,1,39,10899,3,6,0,0,0,1,0
24500,1,53,60741,3,12,0,0,1,0,1
-1565,1,32,41724,2,9,0,0,1,0,1
242000,1,47,100530,4,12,1,1,1,1,1
2699,1,43,39255,5,14,0,1,1,0,0
15348,1,56,23415,3,16,1,1,1,0,1
-13701,1,34,82488,4,16,1,1,1,0,1
-1,1,41,27786,3,16,0,1,1,1,1
-3978,1,29,32244,1,14,0,0,0,0,0
5700,1,36,24750,1,16,0,0,0,1,0
32992,1,40,80664,4,15,1,1,1,0,0
40500,1,61,74091,3,18,1,1,1,1,0
-851,1,40,33615,4,17,0,1,0,1,0
152500,1,48,121173,3,13,1,1,1,0,1
42600,1,50,25452,1,14,1,1,0,1,0
-5875,1,31,18216,3,13,0,0,0,1,0
36145,1,35,36882,3,12,0,1,1,0,1
-3074,1,44,12774,1,13,0,0,0,1,0
24335,1,44,33852,5,10,0,1,1,1,1
24082,1,45,34095,2,18,1,1,0,0,0
63176,1,37,69264,4,16,0,1,1,0,0
4900,1,29,18315,1,12,0,0,0,1,0
11000,1,38,60225,4,12,0,1,1,0,1
20390,1,28,69615,2,13,1,0,1,0,1
159248,1,55,53910,3,16,1,1,1,1,0
-2800,1,34,12960,4,12,0,0,0,0,0
28200,1,32,100296,2,17,0,1,1,1,1
24000,1,29,60600,1,16,0,0,0,0,0
48684,1,59,39609,2,14,1,1,1,0,0
16749,1,46,61044,2,12,1,1,1,1,1
-695,1,39,31608,1,12,0,0,0,1,0
28247,1,54,40767,2,12,1,1,1,1,1
-12450,1,38,98850,4,14,1,1,1,0,1
3487,1,38,18012,1,12,0,0,0,0,0
4626,1,39,12444,2,12,1,0,1,0,0
-2480,1,31,32271,5,12,0,1,1,0,1
72000,1,38,102396,1,16,1,1,0,1,0
-1000,1,43,29544,4,12,0,1,1,0,0
58616,1,59,29619,2,18,1,1,1,0,0
249,1,42,21639,4,12,0,1,1,0,0
10847,1,30,35046,1,14,0,0,0,0,0
3220,1,51,43824,3,15,0,1,0,0,0
123365,1,56,42417,3,8,1,1,1,0,1
70050,1,45,23640,3,9,0,1,1,1,1
20849,1,45,54708,1,12,0,1,0,1,0
117699,1,50,107802,2,12,1,1,1,0,1
-16200,1,29,17880,2,16,0,0,1,0,1
728,1,39,28614,3,16,0,1,1,0,1
15900,1,28,41460,4,12,0,1,1,1,1
55906,1,51,69873,4,12,0,1,1,0,1
24450,1,42,35733,5,12,0,1,1,0,0
-1420,1,54,38304,1,12,0,0,0,1,0
53800,1,45,61800,4,18,1,1,1,0,0
16571,1,51,25950,4,16,1,1,0,0,0
9940,1,28,41517,2,14,1,0,1,1,1
-3675,1,46,44553,2,13,0,1,1,1,1
50300,1,51,54510,4,12,0,1,1,1,1
52568,1,38,26268,3,12,0,1,0,0,0
1198,1,53,29772,2,10,0,1,1,0,0
3872,1,54,26301,2,14,0,0,1,0,0
44963,1,37,38772,1,17,1,1,0,0,0
13840,1,39,64797,6,12,0,1,1,1,1
2006,1,59,8454,2,10,0,1,0,0,0
-21130,1,33,45300,3,12,0,0,1,1,1
30957,1,27,92898,1,18,1,0,0,0,0
12700,1,57,26940,3,12,0,1,1,1,0
33313,1,44,35520,1,12,0,1,0,1,0
272,1,27,31068,4,12,0,0,1,1,1
-10500,1,31,129621,2,18,0,1,1,0,1
6800,1,45,43680,1,14,0,0,0,1,0
-1400,1,33,35700,6,10,0,0,1,0,1
6043,1,40,44736,4,14,0,1,1,0,1
1300,1,26,38145,2,12,0,0,1,1,1
5269,1,49,29013,3,12,0,1,0,1,0
24100,1,37,32865,3,16,1,1,1,0,1
24499,1,46,30396,3,12,1,1,1,0,1
9687,1,42,27948,2,16,1,0,0,1,0
-6000,1,39,25647,1,16,0,0,0,0,0
23999,1,40,87030,4,15,0,0,1,0,1
-2850,1,36,16590,2,12,0,0,0,0,0
600,1,37,30408,4,12,0,1,1,1,0
10074,1,50,63846,5,17,0,1,1,1,1
700,1,48,31404,3,12,0,0,1,0,1
0,1,35,14805,1,13,0,1,0,1,0
-10930,1,29,57393,4,13,0,0,1,0,1
17600,1,38,99645,3,18,0,1,1,1,1
35749,1,63,51975,2,10,1,1,1,1,0
-9680,1,28,15450,2,16,0,0,0,1,0
-1100,1,54,19539,1,14,0,1,0,1,0
99300,1,41,84759,4,12,1,1,1,0,0
5599,1,57,13692,1,12,1,1,0,0,0
5513,1,33,29325,4,12,0,1,1,0,1
3971,1,31,34710,4,13,1,0,1,0,1
13999,1,31,40200,3,12,0,1,1,0,1
484198,1,49,169200,2,17,1,1,1,0,1
71600,1,56,34002,2,12,0,1,0,1,0
-2650,1,25,42804,2,14,0,1,1,0,1
122000,1,49,192990,3,14,1,1,1,0,1
-2765,1,48,30846,1,15,0,1,0,1,0
1400,1,44,24996,1,12,0,0,0,1,0
9200,1,35,42036,2,18,0,1,1,1,0
21349,1,54,53184,2,12,0,1,1,1,1
0,1,31,28830,2,12,0,0,0,1,0
-1960,1,38,49560,4,16,0,1,1,1,1
151548,1,56,55167,4,1,1,1,1,0,0
9100,1,51,80265,1,12,1,1,0,0,0
95300,1,56,79404,1,18,1,1,0,1,0
40970,1,42,62889,4,15,0,1,1,1,1
-5300,1,42,21612,2,12,0,0,0,1,0
24680,1,43,33150,2,17,0,1,0,1,0
445500,1,62,135072,4,17,1,1,1,1,1
6200,1,34,53100,4,16,0,1,1,0,1
27000,1,29,78417,3,16,1,1,1,1,1
1299,1,42,51798,4,12,0,1,1,1,1
14910,1,31,48588,4,13,0,1,1,1,1
-1600,1,54,13362,1,10,0,1,1,1,0
9500,1,43,36420,1,17,0,0,0,1,0
-1500,1,42,16200,4,14,0,0,1,0,0
28269,1,40,12600,2,8,0,1,1,0,0
-6500,1,31,32580,3,12,0,0,0,1,0
-8600,1,36,40308,5,17,1,1,1,0,1
17099,1,42,41634,4,12,0,1,1,1,1
0,1,49,12084,1,12,0,1,0,0,0
5590,1,44,24210,6,14,0,1,1,0,0
25700,1,54,68760,5,13,0,1,1,1,1
14362,1,56,75477,2,16,0,1,1,1,1
-2625,1,29,32985,5,14,0,1,1,1,1
17000,1,60,66759,2,13,0,1,0,0,0
-3250,1,30,20700,5,10,0,1,1,0,0
5640,1,47,31056,6,9,0,1,1,0,1
6140,1,26,31470,4,14,1,1,1,0,0
88028,1,53,36399,4,12,1,1,1,0,0
16050,1,34,46200,1,16,1,1,0,1,0
32100,1,43,49596,3,13,1,1,1,1,1
94050,1,48,17547,2,10,1,1,0,1,0
11900,1,27,112350,2,16,0,1,1,0,1
500,1,38,20388,4,12,0,0,1,0,0
18000,1,36,38400,1,12,0,1,0,1,0
26359,1,59,41082,2,12,1,1,1,1,1
13500,1,51,49359,2,12,0,1,1,1,1
12575,1,43,20724,1,16,0,1,0,0,0
100,1,27,14283,2,15,0,1,0,0,0
-14351,1,35,57603,2,12,0,1,1,0,1
58950,1,50,45453,3,16,1,1,0,1,0
36800,1,48,68673,3,12,0,1,1,1,1
70349,1,61,38754,5,12,1,1,1,1,1
46603,1,54,101826,7,12,1,1,1,0,1
79100,1,30,47430,2,16,1,1,0,1,0
-377,1,36,19302,1,12,0,1,0,0,0
4900,1,44,52170,1,15,0,1,0,1,0
40400,1,39,61440,3,14,0,1,0,1,0
3500,1,37,16665,1,14,0,0,0,1,0
14300,1,41,68130,4,12,0,1,1,0,1
92899,1,47,80400,6,13,1,1,1,0,1
2000,1,33,37056,4,12,0,0,1,0,0
2999,1,48,37380,1,12,0,1,0,0,0
2150,1,46,22638,2,12,0,0,0,1,0
12000,1,42,91776,5,14,0,1,1,1,1
4600,1,25,58050,2,16,0,0,1,1,1
5866,1,31,20922,1,16,1,0,0,1,0
1771,1,32,69612,4,16,0,1,1,1,1
17519,1,41,109587,5,14,1,1,1,0,1
241045,1,46,64449,5,17,1,1,1,0,1
-10300,1,37,59817,5,14,0,1,1,0,1
-500,1,37,94530,3,16,0,1,1,0,0
4200,1,61,38412,4,12,0,1,1,0,0
3000,1,60,64419,2,18,0,1,1,1,1
-25925,1,39,66813,3,13,0,1,1,1,1
32500,1,37,47664,3,14,0,1,1,0,1
0,1,30,14580,1,12,0,0,0,0,0
-5520,1,42,27105,2,14,0,1,0,1,0
18576,1,40,45693,2,16,1,0,1,0,1
112361,1,48,68538,1,16,0,1,0,1,0
21810,1,38,45741,5,14,0,1,1,0,1
3000,1,32,32427,3,13,1,1,1,0,1
5999,1,31,39126,3,16,0,1,1,0,1
39400,1,33,45846,5,18,0,1,1,0,0
-5500,1,37,44754,1,18,0,1,0,0,0
94599,1,63,54450,2,12,1,1,1,1,1
118000,1,39,88971,3,14,1,1,1,0,0
31230,1,43,45798,4,18,1,1,1,0,1
-4150,1,44,45468,7,12,0,1,1,0,1
6600,1,43,55473,3,13,1,1,1,0,1
131599,1,55,74523,2,12,1,0,1,0,1
-1950,1,39,24015,3,15,0,1,0,1,0
1900,1,32,31830,1,14,1,1,0,1,0
13263,1,45,43326,5,16,0,1,1,1,1
-3200,1,35,39522,2,16,0,0,1,0,1
105799,1,39,101637,4,16,1,1,1,0,0
2500,1,31,36390,1,16,0,1,0,0,0
2400,1,30,30600,1,12,1,1,0,1,0
26950,1,34,54879,5,14,1,1,1,0,1
800,1,54,45900,2,15,0,1,1,1,1
499,1,42,32418,1,13,0,0,0,0,0
25800,1,46,95580,2,16,1,1,1,0,1
43502,1,39,67836,6,18,1,1,1,0,1
5500,1,38,24150,5,14,0,1,0,1,0
450,1,36,20400,4,12,0,1,1,0,0
64337,1,49,111372,2,15,1,1,1,0,1
-7278,1,39,49140,5,12,0,1,1,1,1
-230,1,43,13395,2,8,0,1,0,1,0
4015,1,60,29148,3,13,0,1,1,0,1
-1600,1,32,93120,3,12,0,1,1,0,1
27097,1,42,49710,3,17,1,0,1,1,1
79825,1,63,23952,2,8,1,1,1,1,0
-4400,1,52,25128,4,12,0,0,1,0,0
3100,1,33,33363,4,14,0,1,1,0,0
5800,1,26,61410,2,13,0,1,1,1,1
-16500,1,36,23820,4,16,0,1,0,0,0
-18890,1,48,37338,7,13,1,1,1,0,1
34849,1,51,63363,3,18,1,1,1,0,1
-613,1,43,26877,3,8,0,0,1,0,1
1249,1,58,15207,1,8,0,1,0,1,0
-500,1,35,18744,1,12,0,0,0,0,0
80000,1,43,54330,2,14,1,1,0,1,0
-680,1,34,21810,5,10,0,1,1,1,1
-700,1,30,33111,5,12,0,1,1,0,0
34948,1,40,38859,4,16,0,1,1,0,1
-3800,1,41,19140,2,17,0,1,0,0,0
-19280,1,27,21729,1,12,0,0,0,0,0
13500,1,31,30576,1,18,0,0,0,1,0
15,1,39,17079,5,9,0,0,1,0,1
350,1,34,28980,6,12,0,1,1,0,0
182500,1,50,104400,3,18,1,1,1,0,1
1500,1,47,33819,3,12,0,1,1,1,1
18700,1,32,51816,1,16,0,1,0,0,0
1462115,1,61,169896,2,15,1,1,1,0,0
28600,1,38,51150,1,18,1,1,0,1,0
2160,1,30,23070,1,12,0,0,0,0,0
44237,1,62,29880,1,11,0,1,0,1,0
196400,1,33,100845,2,13,1,1,1,1,1
10499,1,50,50430,3,12,0,1,1,1,1
99199,1,58,101946,2,14,1,1,1,0,0
1124,1,29,39522,1,18,0,0,0,0,0
62250,1,32,40503,4,12,0,1,1,0,0
13485,1,37,63885,4,12,0,1,1,0,1
-4245,1,26,33363,4,12,0,1,1,0,1
148000,1,47,74196,4,18,0,1,1,1,1
1120,1,58,19200,1,12,0,1,0,1,0
-2218,1,49,32430,1,14,0,1,0,0,0
-541,1,26,13275,3,13,0,0,1,0,1
36309,1,60,58056,3,12,0,1,1,0,0
-2460,1,36,40725,4,17,0,1,1,0,1
72100,1,50,119364,2,17,1,1,1,1,1
3200,1,41,11106,1,12,0,0,0,0,0
11000,1,27,39900,1,18,0,0,0,1,0
3149,1,34,16884,1,14,0,0,0,0,0
161000,1,62,66240,2,16,1,1,1,0,0
20600,1,61,32490,3,10,0,0,0,1,0
24087,1,55,59976,3,18,1,1,1,1,1
-985,1,43,14010,2,12,0,1,1,0,1
9675,1,39,38856,4,12,0,1,1,0,1
361990,1,54,76899,2,15,1,1,1,0,1
0,1,43,22800,2,12,0,0,1,0,0
-1300,1,43,23541,1,14,0,0,0,1,0
945,1,43,16866,1,15,0,1,0,1,0
9199,1,40,67500,5,16,0,1,1,0,0
82249,1,39,60120,3,15,1,1,1,1,1
-1025,1,39,37431,4,12,0,0,1,0,1
-4422,1,32,24840,3,15,1,1,1,0,0
19250,1,35,58911,3,16,1,1,1,0,1
500,1,43,63894,2,18,1,1,1,0,1
358200,1,48,143787,2,18,1,1,1,0,0
94000,1,42,103050,4,12,0,1,1,1,1
4725,1,32,111972,2,18,0,1,1,1,1
15300,1,46,58347,4,12,1,1,1,1,1
32699,1,51,43404,3,13,0,0,1,0,1
-17818,1,33,38484,3,15,0,1,1,0,1
-128,1,27,12180,4,14,0,0,0,1,0
8420,1,26,22992,2,1,0,0,1,0,1
3000,1,36,10386,1,16,0,0,0,0,0
1323,1,34,24120,3,9,0,1,0,0,0
57185,1,53,29238,2,18,0,1,1,0,1
-23701,1,33,26040,4,13,1,0,1,1,1
-3424,1,26,34356,4,11,0,1,1,0,0
34000,1,34,29376,1,14,0,1,0,1,0
24351,1,64,21192,2,11,0,1,1,0,0
45600,1,45,63288,5,16,0,1,1,1,1
4500,1,30,43314,2,16,0,0,1,1,1
10960,1,42,34764,3,18,1,1,0,0,0
92810,1,49,35142,1,16,0,0,0,1,0
16110,1,40,51540,4,14,0,1,1,0,1
3200,1,35,25731,3,12,0,0,0,1,0
11300,1,43,69690,4,18,0,1,1,1,1
14740,1,39,44880,4,12,0,1,1,1,1
12000,1,26,70368,2,16,0,1,1,1,1
11749,1,37,39744,3,12,0,1,1,0,1
12452,1,43,33954,5,16,1,1,1,0,0
-3490,1,39,31878,5,13,0,0,1,1,1
249500,1,64,56871,2,14,1,1,1,0,0
23152,1,48,77523,4,18,0,1,1,0,1
-9312,1,37,25443,2,15,0,0,0,1,0
-12509,1,40,52110,4,18,1,1,1,0,1
5000,1,33,11112,1,14,0,0,0,0,0
31829,1,28,78879,4,12,1,1,1,0,0
-5931,1,46,24030,2,15,1,1,0,0,0
154000,1,35,61230,1,18,0,1,0,0,0
3600,1,37,57720,2,16,0,1,1,0,1
18853,1,50,44172,5,15,1,1,1,1,1
5480,1,29,42771,1,15,0,0,0,1,0
7465,1,38,38712,4,12,0,1,1,0,1
65323,1,41,50400,4,16,1,1,1,1,1
-2800,1,34,44043,4,17,0,1,1,0,1
12900,1,52,79701,6,13,0,1,1,0,0
12365,1,51,15303,1,15,1,0,0,1,0
8924,1,48,29952,1,12,1,1,0,1,0
5498,1,38,54165,3,16,0,0,1,0,1
4700,1,30,44352,4,13,1,1,1,0,1
6250,1,45,19200,4,12,0,1,1,0,0
22425,1,54,65025,3,12,0,1,1,0,1
100,1,53,12588,2,10,0,1,0,1,0
17600,1,37,59430,4,13,0,1,1,0,0
-6100,1,40,52263,4,7,0,0,1,0,1
164700,1,59,28785,1,15,1,0,0,1,0
15700,1,39,42975,2,14,0,0,1,0,1
222999,1,46,54000,2,14,1,1,1,0,1
123598,1,47,110457,4,16,1,1,1,1,1
17460,1,50,34935,1,18,0,1,0,1,0
58899,1,32,100491,2,16,1,1,1,1,1
5454,1,30,39249,4,11,0,1,1,0,1
-5000,1,26,44442,3,15,0,1,1,1,1
7249,1,54,88689,3,12,1,1,1,0,1
-72800,1,28,31200,2,16,0,0,1,1,1
6957,1,53,51090,3,15,1,1,1,0,0
42817,1,30,31221,1,15,1,0,0,1,0
7600,1,51,37965,4,12,0,0,1,0,1
17499,1,54,21300,1,12,0,1,0,1,0
64954,1,45,43179,1,18,1,1,0,1,0
14499,1,48,36900,1,18,0,1,0,0,0
29692,1,36,32994,1,15,0,1,0,0,0
7485,1,37,31416,5,12,0,1,1,0,1
-400,1,35,26370,4,12,0,1,1,1,1
50,1,46,21576,1,17,0,0,0,1,0
-9380,1,42,96864,3,12,0,0,1,0,1
5470,1,28,47550,2,16,0,0,1,1,1
5200,1,37,24000,3,14,0,0,1,0,0
-1290,1,28,66150,4,14,0,1,1,1,1
169100,1,44,109653,4,16,1,1,1,0,1
-25570,1,42,63954,6,16,0,1,1,1,1
300,1,33,30438,4,14,0,1,1,0,0
1800,1,39,46818,4,13,1,1,1,1,1
3600,1,43,26682,5,12,0,1,1,1,0
1536798,1,53,81948,2,14,1,1,1,0,0
76840,1,38,100452,2,18,0,1,1,1,1
149700,1,50,55296,1,12,1,1,0,1,0
72596,1,63,53757,2,12,1,1,1,0,0
21948,1,57,54723,2,14,0,1,1,1,1
1730,1,26,20724,1,13,0,0,0,1,0
107669,1,64,70974,4,12,1,0,1,1,1
30900,1,26,36459,4,14,0,0,1,0,1
950,1,44,19173,1,12,0,0,0,0,0
20100,1,41,50268,1,18,0,0,0,1,0
24972,1,49,43920,2,12,0,1,0,1,0
25449,1,56,33717,2,12,1,1,1,0,1
6500,1,48,79311,1,18,0,0,1,1,0
14099,1,54,28047,1,18,0,1,0,1,0
36500,1,34,69942,3,16,0,1,1,1,1
100,1,32,36000,3,12,0,0,1,1,0
103300,1,43,58050,2,15,1,1,1,1,1
24039,1,48,11310,3,12,0,1,1,0,0
18799,1,57,32100,2,12,0,1,1,0,1
6600,1,27,39288,1,18,0,1,0,0,0
900,1,59,49839,3,12,0,1,1,0,1
36500,1,56,34743,4,12,1,1,1,0,1
-240,1,27,23097,4,12,0,0,1,0,0
10853,1,45,28602,2,13,0,0,0,1,0
10225,1,30,64731,2,18,0,1,1,1,1
266499,1,36,67470,3,18,0,1,1,0,0
46850,1,43,43788,3,13,1,1,0,1,0
31499,1,55,15225,1,10,0,1,0,1,0
48725,1,39,48888,1,12,1,1,0,1,0
-701,1,32,15384,6,7,0,1,1,0,0
-502302,1,46,21240,4,13,0,1,1,0,0
-95,1,33,28713,2,11,0,1,0,0,0
37144,1,37,42975,4,15,0,1,1,1,1
117999,1,60,66921,2,12,1,1,1,0,1
7748,1,60,14523,5,10,0,1,1,0,0
8749,1,42,26475,1,12,0,1,0,0,0
1961,1,40,27117,4,12,0,1,1,0,0
-151,1,59,37950,3,10,0,1,0,1,0
8884,1,48,45600,3,13,0,1,1,1,1
849,1,54,18756,3,12,0,1,0,1,0
977,1,43,47946,3,12,0,1,1,1,1
-1800,1,33,25686,4,13,0,1,1,0,0
-700,1,41,9300,1,12,0,0,0,0,0
3350,1,28,36084,3,18,0,0,0,0,0
-3700,1,37,78630,2,14,0,1,1,1,1
199,1,51,17535,3,13,0,1,0,1,0
976,1,36,21753,6,8,0,0,1,0,1
31900,1,41,58200,6,16,1,1,1,0,1
5299,1,27,26901,2,12,1,0,1,0,1
0,1,34,9906,1,13,0,0,0,1,0
141550,1,53,114396,2,14,1,1,1,1,1
-1300,1,35,40560,5,14,0,1,1,0,1
2700,1,27,22950,2,13,0,0,0,1,0
-1845,1,30,22413,4,12,0,1,1,1,1
19679,1,49,58920,4,13,0,1,1,1,1
611900,1,55,137451,3,13,1,1,1,0,0
5518,1,35,75603,4,16,0,1,1,1,1
-8000,1,36,62370,6,16,0,0,1,0,1
45598,1,36,39597,4,13,0,1,1,0,1
3499,1,48,50904,3,12,0,1,1,1,1
84050,1,52,48639,5,14,0,1,0,0,0
7000,1,45,20400,2,12,0,1,1,0,0
166999,1,51,37980,2,13,0,0,0,1,0
73149,1,54,84279,2,18,1,0,1,0,1
9700,1,33,27582,2,13,0,1,0,1,0
7500,1,28,53664,3,12,0,1,1,0,1
136899,1,63,49440,4,16,0,1,1,0,0
27600,1,38,96756,1,16,1,1,0,1,0
0,1,40,12360,4,12,0,0,1,0,0
18500,1,43,24060,1,16,1,0,0,1,0
75422,1,52,70047,3,18,1,1,1,0,1
2427,1,40,64044,2,16,0,0,0,1,0
37400,1,56,49380,4,12,0,1,1,0,1
-9705,1,35,59187,3,13,0,1,1,0,1
17900,1,28,70071,2,16,0,0,1,0,1
100,1,25,18258,1,12,0,0,0,0,0
41400,1,44,73560,4,12,0,1,1,1,1
50700,1,42,80400,4,18,1,1,1,0,1
100000,1,62,66453,2,12,0,1,1,1,1
46583,1,42,65334,4,12,0,1,1,1,1
8352,1,27,62496,2,16,0,1,1,1,1
9050,1,55,37242,3,1,1,1,1,1,1
1700,1,31,36000,5,12,0,1,1,0,0
8774,1,44,41124,3,12,0,1,1,0,1
125170,1,31,58095,1,14,1,0,0,1,0
2300,1,27,16596,4,12,0,0,1,0,0
3400,1,43,38496,4,16,0,1,1,1,1
-16290,1,49,29139,5,12,0,1,1,0,0
480,1,32,39453,3,12,1,1,1,1,1
-2290,1,53,20520,2,13,1,1,0,0,0
6900,1,26,19560,1,18,0,0,0,1,0
120318,1,40,49800,1,12,0,1,0,1,0
-6060,1,56,40389,2,16,0,1,1,0,1
30800,1,27,73020,2,16,1,1,1,1,1
4420,1,29,50367,4,12,0,1,1,0,1
2850,1,43,23910,4,13,0,0,0,1,0
375,1,41,51141,4,12,0,1,1,0,1
23198,1,38,55992,5,14,1,1,1,0,1
100300,1,51,52800,2,17,1,1,1,1,1
950,1,30,27927,4,12,0,0,1,0,1
10000,1,33,25941,4,12,0,1,1,0,0
1749,1,27,86574,1,18,0,0,0,0,0
3700,1,33,57780,4,15,0,1,1,0,1
1075,1,59,18468,1,12,0,0,0,0,0
-32,1,47,14280,4,6,0,0,0,1,0
800,1,44,23670,4,11,0,1,1,1,1
730,1,29,13590,1,12,0,1,0,0,0
5000,1,43,4605,5,17,0,0,1,0,0
79400,1,53,110643,2,12,1,1,1,1,1
15614,1,32,54183,2,16,0,0,1,1,1
502,1,38,15126,1,12,0,0,0,1,0
34574,1,52,75759,2,18,1,1,1,1,1
6775,1,51,28902,2,12,0,1,1,0,1
5300,1,37,58164,3,12,0,1,1,0,1
1900,1,37,49965,5,13,0,0,1,1,1
90798,1,41,41751,5,12,0,1,1,0,0
351620,1,42,98292,4,12,1,1,1,0,0
-3420,1,51,31242,4,1,0,1,0,1,0
-2050,1,48,21969,1,14,0,1,0,1,0
10300,1,32,55602,4,16,0,1,1,1,1
141300,1,53,139938,4,18,1,1,1,0,1
56700,1,36,70746,2,16,1,1,1,0,1
96600,1,42,111978,4,18,1,1,1,1,1
-3800,1,30,62700,4,18,0,1,1,1,1
13800,1,36,35520,1,18,0,1,0,1,0
-3230,1,52,78243,4,14,0,1,1,1,1
29857,1,36,61920,4,13,1,1,1,0,0
964,1,37,18540,5,12,0,0,0,1,0
1679,1,56,10830,2,12,0,1,0,1,0
21100,1,32,58710,1,13,0,1,0,1,0
-25000,1,54,50940,3,10,0,1,1,1,1
98,1,39,16779,4,12,0,1,1,0,1
2400,1,33,21933,1,12,0,0,0,0,0
5899,1,44,63849,5,15,0,1,1,0,1
1149,1,43,22527,1,13,0,0,0,1,0
16050,1,46,45486,1,14,0,1,0,0,0
-4850,1,36,23100,2,16,0,0,0,1,0
15799,1,32,75045,4,18,0,1,1,0,1
43536,1,62,55128,2,18,1,1,1,1,0
52248,1,60,78432,2,18,1,1,1,0,0
8000,1,43,54735,3,12,0,1,1,0,1
-2500,1,42,33804,2,13,0,1,0,1,0
4847,1,33,32739,3,15,0,1,0,0,0
1200,1,40,56037,4,16,0,1,1,1,1
29925,1,45,48720,3,12,0,1,1,0,1
3150,1,32,28725,5,10,0,1,1,0,1
900,1,30,36402,5,11,0,1,1,0,1
1499,1,38,28086,4,12,0,0,1,1,1
1018238,1,45,71358,2,18,0,1,0,1,0
-1812,1,27,59841,3,16,0,1,1,1,1
500,1,26,34275,1,15,0,1,0,0,0
10700,1,54,27390,6,12,0,1,1,0,1
106649,1,46,144666,2,17,1,1,1,0,1
-1724,1,33,28083,3,13,0,0,1,0,1
-655,1,37,16092,4,12,0,0,0,1,0
2899,1,36,34962,5,12,0,1,1,0,0
19515,1,47,52437,4,17,0,1,1,0,0
15000,1,34,31902,2,15,0,0,0,0,0
5160,1,49,23976,2,12,0,1,0,0,0
-7575,1,36,47658,3,18,1,1,1,0,1
1575,1,38,40596,4,14,0,0,1,0,1
39323,1,56,20208,2,12,1,1,1,1,0
35000,1,56,67212,2,18,0,1,0,1,0
-2450,1,27,48798,1,12,0,0,1,1,0
-64,1,47,20568,2,14,0,1,1,0,0
10280,1,26,49362,2,16,1,1,1,1,0
-700,1,60,70200,2,12,0,0,1,1,1
22350,1,41,32610,2,15,1,1,0,1,0
53525,1,55,50163,3,12,0,1,0,1,0
51200,1,36,64104,5,16,0,1,1,0,1
-15345,1,32,36015,6,12,0,1,1,0,0
-5000,1,28,32160,5,11,0,1,1,0,1
2850,1,38,24945,1,12,0,1,0,0,0
-4300,1,31,29664,3,12,0,0,1,1,1
56000,1,49,61893,3,17,1,1,0,1,0
9000,1,59,102150,4,13,0,1,1,0,1
-474,1,26,18225,3,12,0,0,1,0,1
36350,1,46,41949,1,16,1,1,0,1,0
41500,1,44,80904,4,13,1,1,1,1,1
17700,1,53,17880,1,12,1,1,0,1,0
8025,1,34,25068,5,12,0,1,1,0,1
17150,1,36,38481,4,13,0,1,1,1,1
35,1,25,9666,1,12,0,1,0,1,0
17950,1,42,74529,4,16,0,1,1,0,1
-531,1,54,33573,2,13,0,0,1,1,1
30626,1,38,36243,6,16,1,1,1,0,0
15815,1,45,50889,1,12,0,0,0,1,0
-9000,1,38,42546,4,12,0,1,1,1,1
14800,1,35,52743,5,12,0,1,1,0,1
132,1,26,14415,1,13,0,0,0,0,0
-50,1,27,38322,3,12,0,1,1,1,1
27343,1,33,64878,1,16,0,1,0,0,0
9200,1,55,42600,1,16,0,0,0,0,0
1550,1,29,46383,2,12,0,1,1,1,1
-578,1,36,34392,4,13,0,0,1,1,1
-100,1,42,42678,5,12,0,1,1,1,1
500,1,33,24351,3,14,0,1,1,0,1
13250,1,47,47730,1,16,1,0,0,1,0
117080,1,48,99600,3,16,1,1,1,1,1
4000,1,41,39351,5,12,1,1,1,0,1
39100,1,39,77493,2,14,1,0,1,1,1
-1840,1,33,42408,3,15,0,1,1,0,1
140,1,36,24045,1,18,0,1,0,1,0
256699,1,55,49050,2,14,0,1,0,1,0
15000,1,45,78663,4,15,0,1,1,0,1
77000,1,51,89964,3,12,1,1,1,1,1
134069,1,43,70545,6,18,1,1,1,0,0
2360,1,26,22950,1,14,0,0,0,0,0
9200,1,32,48180,1,16,0,1,0,0,0
30200,1,50,42780,1,12,0,0,0,1,0
8412,1,46,33420,2,16,0,0,0,1,0
700,1,48,20439,1,14,0,0,0,1,0
2400,1,42,36939,1,16,0,1,0,1,0
-383,1,45,29295,8,12,0,1,1,1,1
27400,1,35,54009,5,16,1,1,1,0,0
-2000,1,41,19527,5,11,0,0,1,0,0
79098,1,41,159096,4,18,1,1,1,1,1
7000,1,29,37452,1,16,0,0,0,1,0
50594,1,43,71844,4,16,1,1,1,0,1
13369,1,49,69312,5,15,1,0,1,1,1
1000,1,41,24300,1,12,0,1,0,1,0
-150,1,34,22170,3,13,0,0,0,1,0
1000,1,41,20400,2,15,0,1,0,1,0
54902,1,49,55428,3,14,1,1,1,0,1
94500,1,48,65940,2,18,1,1,1,1,1
13486,1,46,12399,1,9,0,1,0,0,0
25599,1,37,35916,1,18,0,0,0,1,0
-1502,1,49,40494,4,16,0,1,1,0,1
15899,1,38,20796,1,14,1,0,0,1,0
-8860,1,38,50070,5,14,0,1,1,0,1
-55,1,36,15780,2,12,0,0,0,1,0
68423,1,37,75057,1,18,1,0,0,0,0
45399,1,52,49107,3,12,1,1,1,1,1
-2985,1,42,33903,3,18,0,1,0,0,0
2006,1,53,16320,2,12,0,0,0,1,0
828,1,47,44838,3,11,0,1,1,0,1
11886,1,40,68388,4,14,0,1,1,1,1
-190,1,46,27900,1,16,0,1,0,1,0
9700,1,31,45093,1,18,1,1,0,0,0
3549,1,31,13326,5,15,0,1,1,0,0
47449,1,47,57492,6,12,1,1,1,0,1
43779,1,51,79665,2,18,0,1,1,0,0
-1805,1,26,30720,1,16,0,0,0,1,0
29759,1,25,30264,1,16,0,0,0,0,0
21750,1,28,29514,1,12,0,0,1,0,0
54249,1,61,13596,2,13,1,1,1,0,0
7526,1,37,89451,3,18,0,0,1,0,0
0,1,30,27414,4,14,0,0,1,0,1
35199,1,39,61410,4,15,1,1,1,1,1
-148500,1,29,18150,2,12,0,0,1,0,0
54244,1,38,65151,3,15,1,1,1,0,1
19600,1,31,36936,1,16,0,0,0,0,0
40400,1,26,23235,1,18,0,0,0,1,0
-3000,1,43,18168,7,9,0,1,1,0,1
80749,1,43,58905,4,12,1,1,1,1,1
6800,1,46,83319,3,12,0,0,1,0,1
2800,1,44,45744,5,12,0,1,1,0,1
171738,1,33,94737,5,16,1,1,1,1,1
14900,1,40,40440,1,16,0,0,0,0,0
17450,1,34,28740,6,13,0,1,1,0,0
750,1,31,30918,4,12,0,1,1,0,0
-5800,1,36,52557,4,13,0,1,1,0,1
135800,1,46,72540,4,12,1,1,1,0,1
28049,1,37,35706,4,14,0,0,1,0,0
-6400,1,43,45069,1,17,0,1,0,1,0
-485,1,44,21855,2,12,0,1,0,1,0
43000,1,49,10200,2,13,0,0,0,1,0
8846,1,32,49635,3,16,0,1,1,0,1
5905,1,36,48819,5,15,0,1,1,0,0
29767,1,48,49701,4,12,1,1,1,0,1
21099,1,43,104232,4,13,0,1,1,1,1
69000,1,35,68655,2,12,0,1,1,1,1
7100,1,26,59100,1,16,1,1,0,0,0
32290,1,48,98034,4,18,1,1,1,0,1
-1700,1,26,18378,4,13,0,0,0,1,0
-71,1,34,36147,4,12,1,1,1,1,1
21220,1,36,45855,5,12,0,1,1,1,1
3150,1,28,42345,3,16,0,0,1,0,0
6400,1,33,71061,5,15,0,1,1,0,0
54200,1,52,50220,4,12,0,1,1,1,1
1750,1,44,38820,2,9,0,1,0,1,0
24250,1,37,93090,4,13,1,1,1,0,1
18800,1,27,43275,3,18,0,1,1,1,1
2300,1,35,31224,1,14,0,0,0,1,0
56943,1,47,61575,3,18,1,1,1,0,1
64000,1,28,96339,2,18,1,1,1,0,1
-2910,1,50,24114,6,11,0,0,1,0,0
21000,1,50,67335,4,16,1,1,1,1,1
12220,1,31,71673,2,16,1,1,1,0,1
70899,1,49,91362,3,16,1,1,1,0,1
-1600,1,27,54444,1,17,0,1,0,0,0
-3120,1,25,34800,2,12,0,1,1,0,1
2500,1,37,89319,7,15,0,1,1,1,1
163300,1,53,9294,1,16,1,1,0,1,0
350700,1,32,53880,4,12,0,1,1,0,1
30500,1,42,60069,4,18,0,1,1,0,0
29000,1,35,59430,3,14,0,0,0,0,0
36025,1,60,10755,1,12,0,0,0,1,0
-5500,1,26,18666,3,12,0,0,1,0,1
27500,1,54,36375,1,15,0,1,0,1,0
43612,1,57,39921,2,12,0,1,1,0,0
1029,1,32,15840,1,14,0,0,0,1,0
6599,1,40,65844,3,17,1,1,1,0,1
18500,1,51,24087,5,9,0,1,1,0,1
81323,1,44,51294,4,16,1,1,1,0,0
1680,1,33,20130,3,14,0,1,0,0,0
-5200,1,50,23136,1,12,0,0,0,1,0
81750,1,64,69900,2,14,0,1,1,0,0
10549,1,32,28935,4,12,0,1,1,0,0
-6,1,35,16347,4,14,0,1,1,1,1
50499,1,53,78801,2,12,0,1,1,1,1
-278,1,28,12684,3,12,0,0,0,1,0
61400,1,54,81282,1,18,1,1,0,1,0
102705,1,45,71010,4,16,0,1,1,1,1
1800,1,34,21600,7,15,0,1,1,0,0
152290,1,51,52410,1,16,1,1,0,1,0
-1425,1,32,24678,5,12,0,1,1,0,1
6341,1,35,10578,1,15,1,0,0,1,0
4339,1,38,28131,3,16,0,0,0,0,0
32550,1,26,73902,2,16,0,1,1,1,1
9550,1,43,40854,4,12,1,1,1,0,1
2072,1,55,32805,3,12,0,1,1,0,1
-6000,1,29,52800,4,15,0,1,1,0,1
37800,1,57,11520,3,14,1,1,0,1,0
18090,1,41,34692,1,15,0,0,0,0,0
39036,1,42,29289,3,14,0,1,0,1,0
900,1,43,27204,1,12,0,0,0,1,0
9040,1,44,31665,4,9,0,1,1,0,1
4100,1,38,70692,3,14,0,0,1,1,1
36800,1,54,57603,1,16,0,1,0,1,0
3550,1,49,43206,3,12,0,1,1,0,0
4600,1,59,58716,2,12,1,1,1,0,1
132500,1,41,131781,4,17,1,1,1,1,1
26447,1,51,45051,4,17,0,1,1,1,1
-25402,1,37,56784,3,14,0,1,1,1,1
4800,1,32,42864,2,14,0,0,1,0,1
66049,1,45,35913,4,12,0,1,1,0,0
65500,1,53,44778,1,14,0,1,0,1,0
23167,1,46,55779,1,16,0,0,0,1,0
131630,1,60,128040,3,18,1,1,1,0,0
161940,1,47,59736,4,15,1,1,1,1,1
-1111,1,31,50520,3,13,0,1,1,0,1
19188,1,45,30090,4,14,0,1,1,0,0
3180,1,30,33999,1,18,0,1,0,1,0
89664,1,47,42840,2,12,0,1,1,0,0
90762,1,60,73614,2,12,0,1,1,0,1
-290,1,30,48363,4,17,0,1,1,0,1
-500,1,53,47658,3,12,0,1,1,1,1
7575,1,53,40494,2,14,0,1,0,1,0
18549,1,55,33540,2,12,1,1,1,1,1
71427,1,39,66165,4,12,0,1,1,0,0
20803,1,57,23565,1,14,1,1,0,1,0
6230,1,41,42927,4,14,1,1,1,0,1
62198,1,44,54627,1,14,1,1,0,1,0
53948,1,55,46155,5,10,1,1,1,0,1
35077,1,35,69789,3,14,0,1,1,1,1
13499,1,31,24750,1,16,0,0,0,0,0
11300,1,35,41850,5,14,0,1,1,0,0
79150,1,40,61176,5,13,1,1,1,0,0
-15250,1,37,27027,4,16,0,1,0,1,0
-2760,1,26,24192,3,12,0,0,1,0,1
24699,1,56,34803,2,14,1,0,1,1,1
9500,1,33,31623,1,18,1,0,0,0,0
-26600,1,41,51300,3,11,0,1,0,0,0
34300,1,63,41991,2,12,0,1,1,0,0
39750,1,45,67455,3,13,1,1,1,0,1
0,1,26,10827,2,12,0,0,0,0,0
55000,1,36,57543,4,14,1,1,1,0,1
7349,1,58,33471,3,10,0,1,1,0,0
2732,1,45,36294,3,16,1,0,0,0,0
7676,1,39,29577,5,12,0,1,1,0,0
829,1,28,15363,3,12,0,1,0,1,0
26168,1,43,49728,3,12,0,1,1,1,1
3648,1,61,45492,2,12,0,1,1,1,1
29500,1,31,62640,2,16,1,1,1,0,1
37920,1,33,42816,4,13,0,1,1,0,1
33075,1,33,30117,4,18,0,0,1,0,1
107000,1,44,44790,3,18,1,1,0,0,0
-4452,1,27,45747,4,12,0,0,1,0,1
31075,1,59,36342,1,13,0,1,0,1,0
40416,1,38,68739,4,13,1,1,1,0,0
0,1,27,31005,1,12,0,0,0,1,0
22800,1,47,48423,2,12,0,1,1,0,1
10500,1,55,39378,2,12,0,1,1,1,0
-17674,1,47,70101,4,13,0,1,1,1,1
42500,1,49,33840,2,12,1,1,0,1,0
13400,1,36,26136,5,12,0,1,1,0,0
-4000,1,40,35718,2,12,0,0,1,0,1
77200,1,47,90450,2,12,1,1,1,1,1
-14160,1,37,37407,1,16,1,0,0,1,0
33515,1,45,39168,2,12,1,1,1,0,1
22332,1,45,82575,7,14,0,1,1,0,1
7300,1,30,44040,2,18,1,1,1,0,1
1099,1,34,24300,4,1,0,0,1,1,1
-11530,1,43,34404,4,12,0,1,1,0,1
7714,1,43,40842,4,12,1,1,1,0,1
-20892,1,31,62592,3,16,0,1,1,1,1
49500,1,52,83610,4,12,0,1,1,0,0
31900,1,30,60369,1,16,1,1,0,1,0
5800,1,41,36000,5,16,0,1,0,0,0
-8701,1,41,75450,3,16,0,1,1,0,1
387836,1,29,169962,2,16,1,1,1,0,1
4947,1,40,10368,3,12,1,1,1,0,0
141223,1,60,136389,2,1,1,1,1,0,1
-3800,1,42,50460,1,15,0,1,0,1,0
-42964,1,43,23412,1,16,0,0,0,1,0
8947,1,46,47139,4,12,0,1,1,1,1
-37504,1,27,17364,2,12,0,0,1,0,1
5500,1,40,39828,4,12,0,1,1,0,0
6050,1,32,39996,5,13,1,1,1,0,0
3200,1,42,73722,5,12,0,1,1,1,1
300,1,47,20406,2,9,0,0,1,0,0
-4675,1,32,62382,3,12,0,1,1,1,1
46150,1,43,46857,3,16,1,1,1,0,1
-7350,1,26,35244,2,15,0,0,1,1,1
-300,1,43,39261,3,12,0,1,1,0,1
35300,1,43,105156,3,16,1,1,1,1,1
-20460,1,43,29703,1,16,0,1,0,0,0
23312,1,41,27111,4,12,0,1,1,0,1
-4602,1,59,36864,2,12,1,1,1,0,0
6199,1,28,44925,2,14,1,1,1,0,1
450,1,27,44400,3,12,0,0,1,0,1
2500,1,51,10800,1,9,0,1,0,0,0
43432,1,47,34236,5,12,1,0,1,1,1
77975,1,47,77016,2,14,0,1,1,1,1
46500,1,39,68949,5,13,1,1,1,0,0
5325,1,47,38820,5,12,0,1,1,1,1
21135,1,46,74625,4,15,0,1,1,0,1
281100,1,62,58848,2,12,0,1,1,0,0
2565,1,36,21366,3,12,1,1,1,0,1
100,1,32,42231,4,12,0,0,1,1,1
72000,1,37,67509,5,17,1,1,1,0,0
41899,1,44,22668,6,12,0,1,1,0,1
33185,1,30,122802,2,18,1,1,1,1,1
36500,1,37,25002,3,13,0,0,0,0,0
-5250,1,38,44472,5,12,0,1,1,1,1
33546,1,34,43887,1,18,1,0,0,0,0
800,1,35,19023,5,12,0,1,1,0,0
13250,1,44,45927,3,14,0,1,1,1,1
3000,1,61,35292,1,10,0,0,0,0,0
8000,1,29,168,2,12,0,1,0,0,0
45698,1,43,88062,5,12,0,1,1,0,1
16700,1,31,28047,1,12,0,0,0,1,0
-2400,1,34,66396,4,12,0,1,1,0,1
4400,1,64,22983,2,14,1,1,0,1,0
4800,1,44,36156,1,12,0,1,0,1,0
28000,1,47,80211,2,12,1,1,1,0,1
49642,1,45,39018,2,18,0,1,0,1,0
2362,1,34,37620,4,12,0,1,1,0,1
39750,1,54,41799,2,12,0,1,1,0,1
33700,1,54,53862,3,18,0,1,1,0,1
51800,1,36,78765,2,18,1,0,1,0,1
22749,1,35,34854,2,12,0,1,1,1,1
-290,1,44,20652,2,13,0,0,0,1,0
75,1,26,20403,1,12,0,0,0,1,0
116632,1,39,93120,2,18,1,1,0,0,0
120248,1,33,146076,2,16,1,1,1,1,1
5850,1,50,37635,2,12,0,1,1,0,1
8200,1,44,54543,6,16,0,1,1,1,1
4007,1,50,34986,1,16,0,0,0,1,0
14549,1,47,92583,3,18,0,1,1,0,1
-456,1,53,34653,1,12,0,1,1,1,0
49549,1,50,30189,3,9,0,1,1,0,1
-5820,1,30,33585,1,16,1,0,0,0,0
-2600,1,64,36693,8,12,0,1,1,0,1
-500,1,36,38253,5,14,0,0,1,0,1
-3760,1,33,49776,3,12,0,1,1,1,1
-1678,1,29,33744,2,15,0,0,1,0,1
48200,1,27,30015,1,17,0,0,0,0,0
16025,1,29,74070,1,18,1,1,0,0,0
-2090,1,38,45786,4,12,0,1,1,0,1
10440,1,51,46980,3,12,1,1,1,1,1
10074,1,36,35364,2,18,0,0,1,0,0
-11150,1,32,57441,3,18,1,1,1,0,1
181500,1,59,67482,2,12,1,1,1,0,0
-8500,1,27,49200,1,18,0,1,0,1,0
1516,1,48,76209,5,14,1,1,1,0,1
17726,1,42,60090,1,18,1,1,0,1,0
50248,1,50,34545,2,13,0,0,1,0,1
30200,1,29,83610,2,17,1,0,1,1,1
2999,1,53,54486,2,12,0,1,1,0,1
69849,1,47,34149,3,12,1,1,1,0,1
4800,1,48,13800,2,12,0,1,0,1,0
20080,1,46,76233,4,13,0,1,1,1,1
-4900,1,37,35976,4,13,0,1,0,1,0
2750,1,45,44067,4,10,0,1,1,0,1
36270,1,56,47790,3,12,1,1,1,1,1
200,1,26,19548,1,12,0,0,0,1,0
92375,1,57,26142,1,12,1,1,0,0,0
-11777,1,30,66123,2,18,0,1,1,1,1
4999,1,43,6450,2,10,0,1,1,1,0
61567,1,60,46071,3,12,1,1,1,0,0
86432,1,45,91575,1,18,1,1,0,1,0
3038,1,30,47001,2,16,1,1,1,0,1
3000,1,33,41283,4,12,0,1,1,0,0
21900,1,40,54591,1,16,0,1,0,1,0
-5715,1,42,26526,4,12,0,1,1,0,1
583,1,44,24678,3,12,0,0,0,1,0
15599,1,31,31905,2,12,0,0,0,1,0
29999,1,41,24558,4,16,0,1,1,0,0
7857,1,29,55851,2,17,0,0,1,0,1
5909,1,51,29196,5,16,1,0,1,0,0
4100,1,41,69840,2,12,0,1,1,0,1
-10030,1,37,38292,4,13,0,1,1,0,1
-2000,1,44,36600,4,12,1,1,1,0,1
-1200,1,32,47361,5,12,0,1,1,0,1
25525,1,42,49668,2,16,1,1,1,0,1
-59450,1,25,40800,1,16,0,0,0,1,0
11200,1,30,23550,1,16,0,0,0,0,0
87000,1,43,155196,4,17,1,1,1,1,1
81000,1,43,76581,3,12,1,1,1,0,1
14709,1,42,58182,4,16,0,1,1,0,0
-5280,1,32,30360,3,14,0,0,0,1,0
25130,1,35,49920,2,12,1,1,1,1,1
53450,1,35,60303,4,16,0,1,1,0,1
1050,1,42,17244,3,10,0,1,1,0,0
93000,1,52,106896,6,12,1,1,1,0,0
5940,1,31,55920,4,18,1,1,1,0,1
4430,1,33,29712,4,14,0,0,1,0,0
-36000,1,30,64995,1,16,1,0,0,0,0
32754,1,34,74472,3,14,1,1,1,0,1
45942,1,52,61200,2,12,0,1,1,1,1
34000,1,30,62652,1,16,0,1,0,1,0
25300,1,46,23985,1,12,1,1,0,1,0
835,1,32,17655,1,15,0,1,0,0,0
15000,1,34,50262,4,1,0,1,1,0,1
23110,1,34,39450,4,16,1,1,1,0,1
38400,1,31,41058,1,18,0,0,0,0,0
21500,1,33,45750,1,17,0,1,0,0,0
109000,1,46,69600,1,18,0,1,0,1,0
-12396,1,37,85320,3,17,1,1,1,0,1
-283356,1,44,155415,3,18,1,1,1,0,1
-350,1,32,27285,8,12,0,0,1,0,1
9700,1,26,26430,2,16,1,0,0,1,0
132425,1,45,80850,5,13,1,1,1,0,0
91999,1,41,40296,4,12,1,1,1,0,0
10000,1,42,52434,1,14,0,1,0,1,0
-1907,1,39,23259,4,12,0,1,1,1,1
4150,1,46,63240,2,18,1,0,1,0,1
25100,1,52,52050,2,12,0,1,1,0,1
32789,1,33,53436,3,16,1,1,1,1,1
4000,1,35,117900,3,12,0,0,1,1,1
4200,1,41,36975,6,13,0,1,1,0,0
-1300,1,26,16068,2,13,0,0,0,1,0
-27700,1,40,46026,3,12,1,1,1,1,1
12549,1,56,52245,2,12,0,1,1,0,1
45000,1,61,16800,4,12,0,1,0,0,0
0,1,39,24582,3,11,0,1,1,0,0
506,1,42,23451,1,16,0,0,0,1,0
72475,1,41,91689,5,15,1,1,1,1,1
-7061,1,50,45762,4,12,0,1,1,0,1
-24557,1,26,38160,4,16,0,0,1,0,0
13800,1,43,22950,1,12,0,0,0,1,0
550,1,36,33462,4,12,0,1,1,0,1
28470,1,43,44298,5,16,1,1,1,0,0
4499,1,50,30138,4,12,0,1,1,1,1
109250,1,36,100125,4,16,1,1,1,1,1
31500,1,42,44898,2,13,1,1,0,1,0
1000,1,38,20163,1,15,0,0,0,1,0
22200,1,49,42915,1,18,0,1,0,1,0
-3400,1,36,64038,4,16,0,1,1,0,1
46099,1,61,59166,5,16,1,1,0,0,0
-200,1,54,31203,5,11,0,1,1,1,1
10316,1,35,32265,5,17,0,1,1,1,1
24200,1,55,47328,5,10,0,0,1,1,1
55933,1,64,49440,1,15,1,1,0,1,0
1000,1,43,38205,2,16,0,1,0,1,0
-1720,1,42,41607,3,16,1,1,1,1,1
29130,1,38,64974,2,18,1,1,1,0,1
11760,1,27,26523,3,16,1,1,1,0,0
55200,1,42,50064,3,13,0,1,1,0,0
-7128,1,41,58293,4,16,0,0,1,0,1
-5750,1,42,37914,5,12,0,1,1,0,1
4600,1,36,46467,3,12,0,1,1,1,1
10733,1,34,44661,5,15,0,1,1,0,0
-2000,1,25,10059,3,14,0,0,0,0,0
-1950,1,33,18477,1,14,0,1,0,1,0
49250,1,35,48180,2,13,1,1,1,0,1
1645,1,51,68172,5,12,0,1,1,0,1
10817,1,43,52425,4,13,0,1,1,0,1
33910,1,42,82035,5,12,0,0,1,0,1
79000,1,34,59922,3,16,1,1,1,0,0
27240,1,45,46521,1,14,1,0,0,1,0
132800,1,60,49944,1,16,1,0,0,1,0
15500,1,49,23670,5,12,0,1,1,0,0
15500,1,25,26730,1,12,0,1,0,0,0
65000,1,64,39537,2,10,0,1,1,1,0
15075,1,53,46683,3,12,1,1,1,0,0
-1251,1,44,21273,1,12,0,1,0,0,0
-1951,1,31,27015,1,13,0,0,0,0,0
52499,1,38,29952,1,16,1,0,0,0,0
-4624,1,53,52110,3,12,0,1,1,1,1
2750,1,36,28800,4,12,0,0,1,0,0
181500,1,47,56580,2,12,1,1,1,0,0
62769,1,46,75687,3,12,0,1,1,1,1
90295,1,46,51150,4,15,1,1,1,1,1
104856,1,59,99318,6,15,1,1,1,1,1
71438,1,57,100026,4,12,1,1,1,0,0
-4770,1,47,61800,5,12,0,1,1,1,1
81348,1,34,88770,4,16,0,1,1,1,1
2500,1,34,40545,3,17,0,1,1,1,1
127174,1,51,43560,1,16,0,1,0,0,0
1049,1,37,33489,1,18,1,1,0,0,0
18224,1,43,21672,4,12,0,1,1,0,0
30900,1,47,22542,3,12,1,1,1,0,1
-11,1,25,38496,3,12,0,1,1,0,1
21950,1,47,29886,4,10,1,1,1,0,0
8420,1,41,57252,4,12,0,1,1,0,1
17250,1,38,26538,1,17,0,0,0,0,0
2280,1,41,29706,2,16,0,1,0,1,0
39197,1,33,44466,5,16,0,1,1,0,0
-11199,1,40,33177,1,12,0,0,0,1,0
-1801,1,28,20100,1,12,0,0,0,1,0
8111,1,55,18375,3,12,0,1,1,0,0
-1000,1,35,39162,5,13,0,1,1,1,1
-13229,1,33,30714,5,12,0,0,1,1,1
10700,1,42,38091,4,12,0,1,1,1,1
-1894,1,37,29523,4,13,0,1,1,0,0
-4650,1,35,44379,5,13,1,1,1,1,1
164392,1,46,91017,4,14,1,1,1,0,1
26974,1,40,52920,3,18,1,1,1,1,1
87509,1,29,91536,2,16,1,1,1,1,1
6330,1,48,76680,1,18,0,1,0,1,0
14350,1,43,15300,3,12,0,1,0,0,0
6500,1,37,73665,2,16,0,0,1,1,1
3600,1,58,33816,3,8,0,1,1,0,1
31500,1,46,32637,1,15,0,1,0,0,0
9900,1,35,40860,3,16,0,0,0,1,0
97899,1,57,40152,3,14,1,1,1,1,1
87775,1,38,45948,1,17,1,1,0,1,0
138999,1,54,57063,4,12,1,1,1,0,0
-1087,1,29,10791,4,12,0,1,1,1,0
15000,1,56,31350,3,12,1,1,1,0,0
5249,1,35,23892,1,14,0,0,0,1,0
-2384,1,30,43728,4,13,0,1,1,1,1
133600,1,53,83460,4,16,1,1,0,0,0
24961,1,54,68010,2,13,1,1,1,1,1
105950,1,54,70179,2,16,0,1,1,0,1
25570,1,39,19806,4,14,0,1,1,1,1
4500,1,44,74277,4,14,0,1,1,0,1
33999,1,41,22800,4,12,0,0,0,1,0
3748,1,33,58026,3,12,0,1,1,0,1
18885,1,34,112509,3,16,0,1,1,0,1
15248,1,50,16521,1,13,1,1,0,1,0
56560,1,39,49689,4,12,0,1,1,0,0
60196,1,44,97887,4,16,1,1,1,0,1
6442,1,31,23481,2,14,0,0,0,1,0
2200,1,32,18789,1,13,0,1,0,1,0
41750,1,50,35700,1,18,0,0,0,1,0
200,1,31,24006,2,11,0,1,1,0,0
20800,1,50,36210,2,13,0,1,1,0,1
-2055,1,26,17619,1,14,0,0,0,1,0
79328,1,48,88596,1,16,1,1,0,1,0
-500,1,40,39045,3,12,0,1,1,1,1
22700,1,30,36486,5,9,0,1,1,0,0
400,1,25,20400,4,12,0,0,0,1,0
499,1,55,17913,1,14,0,0,0,1,0
1470,1,28,42579,4,14,0,1,1,0,1
8500,1,30,20430,1,14,0,1,0,0,0
124100,1,35,32874,1,16,0,1,0,0,0
579,1,32,22383,4,12,0,0,1,1,1
131408,1,48,34290,2,16,1,1,1,1,0
-1500,1,42,16224,6,12,0,0,0,0,0
-998,1,28,9042,1,17,0,0,0,1,0
9855,1,42,35244,1,18,1,1,0,1,0
14400,1,35,50628,1,18,0,1,0,1,0
161,1,28,38478,3,16,1,0,1,0,1
26333,1,52,19107,2,18,1,0,1,0,1
40527,1,29,61161,1,14,0,1,0,1,0
-6258,1,40,50292,4,16,0,1,1,1,1
74600,1,38,51528,6,18,0,1,1,1,1
23050,1,46,99597,3,16,1,1,1,1,1
24000,1,52,80565,2,14,1,1,1,0,1
115750,1,36,108276,4,16,0,1,1,0,0
60024,1,47,40200,3,14,0,1,1,1,1
4356,1,34,34062,1,14,0,0,0,1,0
80850,1,49,71691,3,12,0,1,1,0,1
2000,1,25,31992,1,12,0,0,0,1,0
5863,1,40,40677,4,12,1,1,1,1,1
98900,1,57,81690,4,18,1,1,1,0,1
2947,1,56,16671,1,12,0,1,0,1,0
6400,1,34,47928,3,18,1,1,1,0,0
-5547,1,38,20970,3,12,0,1,0,0,0
-3301,1,36,48921,5,14,0,1,1,1,1
36800,1,40,37680,5,10,0,1,1,0,0
74700,1,60,42432,3,12,1,1,0,1,0
38000,1,42,38220,5,13,1,1,1,0,0
-1550,1,39,16392,4,12,0,1,1,0,1
-6572,1,37,46050,4,15,0,1,1,0,1
-14700,1,40,48780,2,15,0,1,1,0,1
100,1,30,23112,3,12,0,0,1,0,1
29400,1,40,40650,1,16,0,0,0,0,0
-3100,1,29,25908,3,13,0,1,1,0,0
21275,1,39,46110,4,14,1,1,1,0,1
38479,1,44,114360,3,13,0,1,1,1,1
2301,1,43,16446,1,12,0,0,0,0,0
8999,1,29,47178,2,16,0,1,1,1,1
1407,1,51,76263,6,12,0,1,1,1,1
-251,1,30,80109,2,16,0,0,1,0,1
73400,1,34,51780,4,14,0,1,1,0,0
7600,1,36,40515,3,12,1,1,1,0,0
52624,1,55,53454,2,13,1,1,1,1,1
-4609,1,31,30636,4,18,1,1,1,0,0
327,1,26,28683,3,12,0,0,1,0,0
23300,1,36,69783,3,16,0,1,1,0,1
800,1,31,23235,1,14,0,0,0,1,0
49,1,26,20340,1,14,0,0,0,1,0
400,1,43,25500,2,13,0,1,0,0,0
-3600,1,43,52347,2,16,0,1,0,1,0
39099,1,43,27546,3,12,1,1,1,0,0
-15900,1,26,27693,1,16,0,0,0,0,0
-2051,1,28,25317,3,12,1,1,1,0,1
9300,1,27,40134,2,12,1,1,1,0,1
500,1,29,35385,3,14,0,0,1,1,1
6330,1,29,93357,1,18,0,1,0,1,0
61887,1,58,25977,2,18,1,1,1,0,0
58675,1,42,53496,4,13,1,1,1,1,1
11987,1,29,43533,2,15,0,0,1,0,1
98858,1,52,73920,1,16,0,1,0,1,0
1250,1,57,75144,3,12,1,1,1,1,1
108470,1,53,41238,2,12,1,1,1,0,0
77000,1,46,59769,4,16,1,1,1,1,1
1450,1,31,17310,6,12,0,0,0,1,0
-1395,1,47,48375,4,12,0,1,1,1,1
4300,1,45,20010,4,13,1,1,0,1,0
48856,1,37,48966,3,12,1,1,1,1,1
2300,1,50,7854,5,10,0,0,0,1,0
434,1,40,74418,2,12,0,1,1,0,1
5000,1,39,39120,7,6,0,1,1,0,1
949,1,42,32727,2,12,0,0,0,1,0
7640,1,25,14028,2,12,1,0,1,0,1
8591,1,41,26790,1,18,1,0,0,0,0
9000,1,35,22521,2,12,1,1,0,0,0
7507,1,34,17760,1,12,0,1,0,1,0
5473,1,34,43890,6,17,1,1,1,0,1
-19900,1,38,45822,5,18,1,1,1,1,1
3399,1,30,26430,1,16,0,0,0,1,0
-50,1,29,35706,5,12,0,0,1,1,1
26800,1,61,27702,8,12,1,1,1,0,1
6405,1,25,51315,2,14,0,1,1,0,1
-997,1,60,35676,4,13,0,1,1,0,1
240464,1,40,91653,4,18,1,1,1,0,1
3675,1,28,24348,3,12,1,0,0,1,0
186605,1,52,50682,2,12,1,1,1,0,1
25794,1,44,68535,4,18,0,1,1,1,1
80799,1,53,47190,1,13,1,1,0,0,0
75298,1,41,61428,3,12,0,1,0,0,0
8000,1,46,43158,2,10,0,1,1,1,1
0,1,37,25920,5,14,0,0,1,0,0
67703,1,40,55464,5,12,0,1,1,0,1
0,1,39,17037,1,12,0,0,0,1,0
1303,1,34,19413,1,12,0,0,0,0,0
46232,1,38,69714,3,12,1,1,1,1,1
14249,1,48,49746,1,14,1,1,0,1,0
40949,1,50,45045,1,14,1,1,0,1,0
93,1,36,19422,2,12,0,0,0,0,0
-9165,1,49,36630,4,14,1,1,1,1,1
27999,1,57,34791,4,12,1,1,1,0,1
46000,1,48,60000,1,18,1,1,0,0,0
-6472,1,26,16854,3,14,0,1,0,0,0
25200,1,33,35130,1,16,1,0,0,1,0
6500,1,26,45312,1,16,0,1,0,0,0
-10550,1,25,31635,3,12,0,1,1,1,1
23300,1,46,17994,4,12,0,1,0,0,0
6000,1,52,40329,2,14,0,1,1,0,0
-950,1,48,75798,4,16,0,0,1,1,1
35914,1,33,100563,3,18,1,1,1,0,1
-2660,1,25,11157,1,14,0,0,0,0,0
10381,1,38,23790,5,12,0,1,1,0,0
64306,1,60,41985,2,11,1,1,1,0,0
73499,1,33,68481,2,17,1,1,1,0,1
-16351,1,38,49704,4,12,0,1,1,0,1
52000,1,52,37512,4,12,0,1,1,0,0
1000,1,58,29472,2,12,0,1,1,0,0
-4735,1,25,22104,1,14,0,0,0,0,0
27700,1,51,103848,4,17,1,1,1,1,1
8500,1,29,44697,1,12,0,1,0,1,0
34750,1,39,36060,1,16,1,1,0,0,0
-650,1,40,27768,5,12,0,1,1,0,0
15999,1,58,45285,2,11,1,1,1,0,1
-8729,1,31,52254,4,12,0,1,1,1,1
10307,1,46,18507,2,13,0,1,1,0,1
1250,1,33,27033,4,12,0,1,1,0,0
4151,1,30,36447,1,13,0,1,0,1,0
-3400,1,48,15300,1,16,0,1,0,0,0
7050,1,41,25707,1,16,1,0,0,1,0
-7000,1,46,40335,7,12,1,1,1,1,1
47999,1,28,57300,4,18,0,1,1,1,1
3050,1,48,34452,6,9,0,1,1,0,1
11750,1,39,71829,4,12,0,1,1,0,0
1855,1,30,25950,3,13,0,0,1,0,0
27029,1,56,42144,2,15,1,1,1,1,1
16799,1,39,38070,1,14,0,1,0,1,0
18027,1,44,52893,2,18,1,1,0,0,0
52400,1,47,92931,4,16,1,1,1,1,1
16006,1,41,43299,3,12,1,1,1,0,1
4000,1,46,16860,4,12,0,0,1,1,0
42568,1,53,76686,2,12,0,1,1,0,1
1200,1,38,44409,4,15,0,1,1,0,0
25299,1,34,46161,2,10,0,0,1,0,0
6499,1,36,43164,4,12,0,1,1,0,1
22999,1,40,37827,5,13,0,1,1,0,1
147300,1,46,79548,4,16,1,1,1,0,1
37857,1,39,69009,1,14,1,0,0,0,0
-566,1,32,42255,5,14,0,1,1,0,1
-4100,1,42,20898,1,12,0,0,0,1,0
700,1,37,24333,5,12,0,0,1,0,0
54365,1,44,63291,4,12,1,1,1,1,1
-1000,1,51,11703,6,11,0,1,0,1,0
21100,1,28,29970,2,16,1,0,1,1,0
514,1,35,64737,4,18,0,1,1,1,1
11669,1,31,64038,2,16,0,1,1,0,1
-4985,1,48,39846,5,12,0,1,1,0,0
725,1,41,12750,6,13,0,0,1,1,1
-2667,1,44,38862,3,14,0,1,1,1,1
45100,1,43,86400,4,16,1,1,1,0,0
12625,1,27,65847,2,16,0,1,1,0,1
175787,1,56,93069,2,15,1,1,1,0,1
8088,1,55,28920,1,14,0,1,0,0,0
29000,1,31,46050,1,18,1,0,0,1,0
61500,1,43,47184,4,13,1,1,1,0,0
3728,1,52,32973,1,12,0,1,0,1,0
2907,1,54,19116,1,13,0,0,0,1,0
69699,1,54,53895,2,12,1,1,1,0,0
179800,1,51,67500,1,16,1,1,0,1,0
45423,1,40,81216,4,12,0,1,1,1,1
3880,1,26,34518,3,12,0,1,1,0,1
2850,1,30,59400,4,16,0,0,1,1,1
14100,1,48,37986,3,12,0,1,1,1,1
-1200,1,34,40062,3,18,0,1,1,1,1
19400,1,31,26100,1,16,0,0,0,1,0
34300,1,36,36876,4,16,1,1,1,0,0
-7100,1,38,35157,4,12,0,0,1,0,0
-200,1,43,24378,4,12,0,1,0,1,0
-21548,1,27,39981,2,14,0,0,1,0,1
25000,1,44,74850,1,16,0,0,0,1,0
20800,1,40,63678,3,12,0,1,1,1,1
90090,1,48,70263,4,12,0,1,1,0,0
-504,1,38,28056,1,12,0,0,0,0,0
25431,1,34,65907,3,15,1,1,1,1,1
12309,1,51,37770,7,11,1,1,1,0,1
35025,1,32,73500,4,14,0,0,1,0,1
-2629,1,28,26010,3,12,0,0,1,0,0
0,1,48,54570,3,18,0,0,1,1,1
20000,1,41,12291,5,13,0,1,1,0,1
-19000,1,26,22695,1,16,0,0,0,1,0
-950,1,32,16848,1,12,0,0,0,0,0
72762,1,52,82278,4,15,1,0,1,0,0
56290,1,56,24843,4,12,1,1,1,0,0
85000,1,34,48270,2,16,1,1,0,0,0
-9500,1,34,51960,2,13,0,1,1,0,0
63779,1,33,77760,2,14,0,1,1,0,1
275,1,33,45624,5,12,1,1,1,0,0
-5100,1,50,14544,1,16,0,1,0,0,0
-790,1,53,28041,1,16,0,1,0,1,0
7886,1,34,45528,3,16,0,1,0,0,0
106150,1,25,25275,1,16,1,0,0,0,0
45500,1,33,46035,1,18,0,1,0,0,0
-3015,1,33,23730,4,12,0,1,1,0,1
41100,1,59,73116,6,12,0,1,1,0,1
1000,1,36,45168,1,14,0,0,0,1,0
6000,1,33,39996,2,17,1,1,1,0,0
14550,1,27,62895,2,13,1,1,1,0,1
5335,1,54,31098,2,12,0,1,1,0,0
1199,1,26,14523,2,13,0,1,1,1,0
-1260,1,46,50157,3,12,0,1,1,1,1
26130,1,38,94614,2,13,0,1,1,1,1
5696,1,56,101190,3,13,0,1,1,0,1
4325,1,32,22872,1,15,0,0,0,1,0
42671,1,35,31950,4,16,1,1,1,1,1
97300,1,47,116001,3,15,1,1,1,0,1
-8501,1,39,8040,3,14,0,0,0,1,0
0,1,53,13497,2,11,0,1,1,0,0
32000,1,29,56844,1,1,1,1,0,1,0
21500,1,59,40590,3,18,1,1,0,1,0
10000,1,43,15300,1,11,0,0,0,0,0
52550,1,56,39405,1,12,1,1,0,1,0
64785,1,50,58572,3,12,0,1,1,1,1
2930,1,38,40290,4,12,0,1,1,0,1
8973,1,29,55830,4,18,1,1,1,1,1
141125,1,46,35304,4,12,0,1,1,0,1
91500,1,38,39291,2,13,0,1,1,0,0
-600,1,42,18726,4,12,0,1,0,1,0
7500,1,51,27132,4,12,0,1,1,0,0
2999,1,35,21630,1,14,0,1,0,0,0
2750,1,37,50070,4,12,0,1,1,0,0
5700,1,32,36600,2,12,0,1,1,0,1
14299,1,48,41565,2,14,0,1,1,0,1
39410,1,36,38136,4,12,0,1,1,0,0
12500,1,37,50619,1,17,1,1,0,1,0
19000,1,28,42513,4,12,0,1,1,0,1
-3775,1,50,22350,6,12,0,1,1,0,1
-2751,1,50,41715,4,12,0,1,1,0,0
250,1,56,16440,1,12,0,0,0,0,0
2309,1,26,15228,2,12,0,0,0,0,0
14099,1,36,53670,3,15,0,1,1,1,1
4615,1,34,28293,4,13,0,0,1,0,1
571,1,31,28359,3,13,0,0,1,1,1
45000,1,43,32100,1,15,1,1,0,1,0
2300,1,32,27405,2,13,0,1,0,1,0
5900,1,44,37530,4,14,0,1,1,0,0
-11010,1,25,34200,3,13,0,1,1,0,1
3220,1,46,48528,3,12,0,1,1,1,1
1072,1,60,39675,2,12,0,1,1,0,1
41297,1,47,66405,4,16,0,1,1,1,1
5750,1,42,16467,3,12,0,0,0,1,0
-700,1,37,26526,3,12,0,1,0,0,0
-4960,1,58,14670,2,12,0,1,1,0,0
55800,1,30,78174,3,18,1,1,1,1,1
41828,1,41,48612,4,14,0,1,1,0,0
-10000,1,31,42510,2,18,0,0,1,1,1
-180,1,51,30780,5,14,0,1,1,1,1
66300,1,42,43032,1,13,1,0,0,0,0
42498,1,49,32838,1,13,1,0,0,1,0
17500,1,46,36120,3,12,0,1,1,0,0
56227,1,56,61524,2,15,1,1,1,1,1
51011,1,55,74688,4,13,1,1,1,0,1
5099,1,33,110250,3,16,0,1,1,0,1
-3699,1,36,24267,5,12,0,1,1,0,1
18450,1,46,70815,4,14,1,1,1,1,1
25999,1,53,30765,1,18,0,1,0,0,0
-17631,1,38,74457,5,12,0,1,1,0,1
-4950,1,44,18939,2,1,0,1,0,1,0
-3300,1,32,24564,1,12,0,1,0,0,0
69000,1,51,107640,2,16,1,1,1,1,1
28080,1,61,48900,1,12,1,1,0,1,0
10275,1,33,61029,5,15,0,1,1,0,1
1300,1,37,25245,1,14,0,0,0,0,0
4450,1,39,48054,3,12,0,1,1,0,1
37049,1,46,44154,3,12,1,1,1,1,1
30340,1,41,26316,3,14,0,1,0,0,0
162564,1,54,45963,1,18,1,0,0,1,0
9799,1,44,42090,3,13,0,1,1,0,1
401300,1,43,58236,5,18,1,1,1,1,1
16782,1,28,29754,1,12,0,0,0,1,0
11200,1,34,86700,4,16,0,1,1,0,0
-170,1,27,14400,1,12,0,0,0,0,0
-300,1,30,39636,4,12,0,1,1,1,1
17399,1,46,39894,3,12,1,1,1,1,1
5699,1,56,20220,2,12,0,1,0,1,0
115,1,32,17520,5,14,0,0,1,0,0
-29100,1,48,28713,5,12,0,1,1,1,1
-12000,1,27,29301,3,12,0,0,1,1,1
205385,1,54,73890,2,12,0,1,1,0,0
49370,1,43,33636,2,18,0,0,0,1,0
12340,1,27,17628,4,12,0,1,1,0,1
81500,1,61,51288,2,12,1,1,1,0,0
114335,1,55,40710,2,9,1,1,1,0,0
82152,1,37,83274,4,16,1,1,1,0,0
61957,1,62,110646,2,16,1,1,1,1,0
3400,1,37,40362,4,14,0,1,1,0,1
-2000,1,52,100041,4,16,0,1,1,0,0
-1295,1,39,64092,5,14,0,0,1,0,1
49949,1,56,23319,5,12,1,1,1,0,0
14538,1,48,115527,3,15,1,1,1,1,1
1000,1,38,99789,4,15,0,1,1,0,1
29650,1,33,71250,4,15,1,1,1,1,1
1000,1,41,27540,6,12,0,1,1,0,1
27500,1,36,9315,1,18,1,0,0,0,0
6520,1,52,38460,3,14,0,1,1,0,0
152500,1,63,76104,2,18,1,1,0,0,0
8100,1,30,55908,2,17,0,1,1,1,1
6465,1,39,21888,2,12,0,0,0,1,0
72,1,31,33258,4,12,0,1,1,0,1
-2700,1,36,48615,4,18,0,1,1,1,1
1000,1,44,11880,5,10,0,0,0,0,0
42155,1,49,65583,4,12,1,1,1,0,1
10080,1,59,13140,4,4,0,0,1,0,0
59150,1,57,25392,2,12,0,0,0,0,0
126000,1,56,67092,2,12,1,1,1,0,0
10050,1,43,32433,2,15,0,0,0,1,0
1972,1,26,59139,2,16,0,1,1,1,1
53421,1,36,42834,4,12,0,1,1,0,0
399,1,36,64971,4,12,0,1,1,0,0
239200,1,40,75297,5,18,1,1,1,0,0
-6460,1,40,34425,4,12,0,1,1,0,1
21750,1,62,19206,2,15,0,0,0,1,0
-7180,1,55,38964,2,12,0,1,0,1,0
-337,1,51,25434,3,12,0,1,0,1,0
10004,1,57,23400,1,16,0,0,0,1,0
2249,1,38,40425,4,14,0,1,1,0,0
5810,1,51,59904,4,12,1,1,1,1,1
114000,1,48,103650,3,16,1,1,1,1,1
33749,1,29,43605,2,16,1,0,1,0,1
2750,1,30,30120,1,18,0,1,0,0,0
19375,1,44,108795,3,18,1,0,1,0,1
-1900,1,36,18768,3,14,0,0,0,0,0
43975,1,43,47094,4,14,0,1,1,0,0
21850,1,46,14700,4,11,0,0,1,0,1
10475,1,30,42780,1,18,0,1,0,1,0
14120,1,56,74385,3,12,1,1,1,1,1
50500,1,47,78000,5,16,0,1,1,1,1
-250,1,43,31209,2,10,0,1,1,0,0
-3600,1,34,16803,1,15,0,0,0,0,0
5800,1,44,31833,2,16,1,1,0,1,0
-9893,1,41,39162,1,16,0,0,0,1,0
53650,1,43,64659,1,16,1,1,0,1,0
302594,1,49,77424,2,18,0,1,1,0,0
-4569,1,42,51252,5,17,1,1,1,0,1
100,1,44,30105,2,12,0,1,1,0,1
6800,1,31,90996,1,18,1,0,0,0,0
113044,1,48,88134,4,14,1,1,1,1,1
43,1,46,38061,1,13,0,0,0,0,0
5450,1,34,41130,3,14,0,1,1,0,1
2248,1,38,45729,3,13,0,0,1,1,1
3125,1,44,22830,1,12,0,1,0,0,0
19952,1,60,35202,3,12,1,1,1,1,0
6599,1,53,51018,3,14,1,1,1,0,0
13200,1,27,15600,1,12,0,1,0,1,0
47509,1,43,50250,4,12,0,1,1,0,1
11055,1,48,21420,3,12,0,1,0,0,0
6899,1,56,34350,1,18,0,0,0,1,0
259198,1,39,100287,1,18,1,0,0,1,0
13370,1,30,55242,3,14,1,1,1,1,1
-9301,1,39,38511,4,15,0,1,1,0,1
65480,1,42,75948,2,12,0,1,1,1,1
5780,1,36,44130,1,12,0,0,0,0,0
-1900,1,39,31950,5,14,0,1,1,0,0
-2350,1,30,46416,1,18,0,1,0,1,0
4500,1,32,36408,2,14,0,1,1,1,1
191800,1,46,51840,2,14,1,1,0,1,0
87200,1,33,54954,2,12,0,1,1,0,1
5521,1,45,51645,2,17,0,1,0,1,0
12900,1,46,88980,3,16,0,1,1,1,1
2075,1,38,27684,3,12,0,1,0,0,0
187271,1,60,94758,2,18,1,1,1,1,1
40300,1,38,49284,2,16,0,1,1,1,1
881,1,26,29655,2,12,1,0,0,0,0
9700,1,39,46029,2,10,1,1,1,0,1
140397,1,48,85158,2,15,1,1,1,0,1
72970,1,63,37374,2,12,0,1,1,1,0
16600,1,29,51051,4,12,0,1,1,0,1
-100,1,30,21588,1,13,0,0,0,1,0
401936,1,54,69318,3,12,1,1,1,1,1
0,1,25,28050,3,12,0,0,1,0,0
4449,1,58,42642,3,12,0,1,1,0,1
9388,1,26,39582,2,13,0,1,1,0,1
21998,1,43,72030,2,18,1,1,1,1,1
12750,1,37,9960,1,12,1,1,0,0,0
82900,1,64,25704,2,12,1,1,1,0,0
130238,1,43,101856,4,16,1,1,1,0,1
3410,1,37,24486,5,12,0,1,1,1,1
-20000,1,59,53172,1,16,0,1,0,1,0
18487,1,28,57441,1,16,0,1,0,1,0
96200,1,39,62763,2,16,1,1,1,0,1
14500,1,39,21576,1,18,1,1,0,1,0
4799,1,62,30558,4,12,0,1,1,1,1
12510,1,38,31800,5,12,0,1,1,0,1
36983,1,54,73311,2,12,1,1,1,0,0
4900,1,50,38595,4,14,1,1,1,0,1
1402,1,59,22455,2,12,0,1,0,0,0
-3682,1,40,45546,4,18,0,1,1,0,0
190026,1,41,88992,2,18,1,1,1,0,1
4025,1,41,41550,5,16,0,1,1,0,0
52025,1,41,43992,3,14,1,1,1,0,1
18699,1,55,34770,5,12,1,1,1,1,1
-50,1,52,14805,1,12,0,1,0,1,0
-1851,1,45,135024,4,12,0,1,1,1,1
58249,1,27,45963,2,13,0,1,1,0,1
-7610,1,29,43521,3,13,0,1,1,0,1
61800,1,40,102762,2,6,1,1,1,1,1
3200,1,33,30000,1,17,0,1,0,0,0
-1000,1,34,18966,5,12,1,1,1,0,0
-7600,1,28,28764,1,16,0,0,0,0,0
500,1,56,11490,2,13,0,1,0,0,0
1199,1,28,54993,2,16,0,1,1,0,1
11900,1,42,26718,1,18,1,1,0,0,0
8814,1,25,36531,1,17,0,0,0,1,0
9614,1,43,45384,4,12,0,0,1,1,1
52475,1,51,31650,1,17,1,1,0,0,0
7000,1,52,29100,1,12,0,0,0,1,0
6000,1,37,18030,1,12,0,0,1,1,0
3,1,28,21765,1,16,0,0,0,0,0
0,1,36,12240,3,12,0,0,0,0,0
5696,1,33,36963,1,14,0,1,0,1,0
-300,1,56,30294,6,11,0,1,0,0,0
11500,1,31,20460,2,11,0,1,0,0,0
-6132,1,50,21792,3,14,0,1,1,1,1
-2650,1,28,20529,1,12,0,0,0,1,0
19472,1,35,30147,2,14,1,0,1,0,1
52015,1,39,27954,1,14,0,1,0,0,0
-50,1,41,41415,4,12,0,1,1,0,1
19550,1,42,91383,4,12,0,1,1,0,1
-3364,1,48,22950,3,11,0,1,0,1,0
32200,1,30,85386,2,18,1,1,1,0,1
73300,1,47,55107,4,16,1,1,1,1,1
5552,1,45,41100,2,15,0,1,1,0,1
24499,1,37,29400,3,12,1,1,1,0,1
0,1,28,15888,1,14,0,0,0,1,0
3020,1,43,24630,2,12,0,1,1,0,0
52300,1,36,68772,4,13,0,1,1,0,1
20570,1,43,13065,1,13,0,1,0,0,0
-1375,1,39,21558,1,15,0,1,0,0,0
-550,1,48,89376,6,13,1,1,1,0,1
60,1,38,37200,4,13,0,1,1,1,1
17080,1,32,77430,4,12,1,1,1,0,1
26877,1,49,56877,3,12,1,1,1,1,1
50,1,59,30000,3,12,0,1,1,0,0
23500,1,41,91902,5,18,1,1,1,0,1
44250,1,44,90747,3,14,1,1,1,0,0
28000,1,36,67800,2,17,0,1,1,0,1
2100,1,26,16203,1,14,0,0,0,1,0
42150,1,61,16092,2,12,0,1,0,1,0
2600,1,36,72900,3,15,0,1,1,0,1
61999,1,56,33696,5,15,1,1,0,1,0
36300,1,34,59232,3,16,0,1,0,0,1
36199,1,45,67320,3,13,0,1,1,0,1
37650,1,50,52836,2,13,0,1,1,0,1
56350,1,40,35298,1,14,1,0,0,1,0
6000,1,38,44604,2,15,1,1,1,0,1
37699,1,50,69870,4,12,1,1,1,0,0
67606,1,58,95340,4,18,1,1,1,1,1
1499,1,44,32910,5,12,0,1,1,0,1
108221,1,42,9408,6,12,1,1,1,0,0
-802,1,41,35772,4,12,0,1,1,0,1
13300,1,34,19254,2,12,0,0,0,0,0
-1050,1,31,31434,1,18,0,0,0,1,0
-8440,1,31,20853,1,13,0,1,0,1,0
6478,1,57,32913,2,12,0,1,1,0,0
5980,1,27,31893,3,14,0,1,1,0,0
1349,1,26,30060,1,16,0,0,0,1,0
-600,1,53,61407,4,16,0,0,0,0,0
2377,1,49,12864,4,12,0,0,0,0,0
12400,1,40,55035,1,16,1,0,0,1,0
74450,1,37,32343,1,16,0,1,0,1,0
14000,1,36,104661,3,16,1,1,1,0,1
10423,1,45,39060,2,15,0,0,0,1,0
13090,1,35,48900,3,14,0,1,1,0,0
-26180,1,33,3780,4,16,0,0,1,0,0
94400,1,55,51000,3,14,0,1,1,0,0
1000,1,60,32640,2,13,0,1,1,0,0
-2580,1,28,10455,2,15,0,0,0,0,0
2300,1,45,13770,8,12,0,0,0,0,0
51000,1,46,80700,4,14,1,1,1,0,1
-3120,1,31,43950,4,15,0,1,1,0,1
123639,1,43,29466,2,18,1,1,0,0,0
1953,1,45,28539,3,12,0,1,1,0,1
-2950,1,39,37815,1,11,0,1,0,1,0
38307,1,39,44460,2,16,1,1,1,1,1
2699,1,41,37917,4,12,0,1,1,1,1
49500,1,33,72678,3,17,0,1,1,0,0
-14000,1,54,25500,1,12,0,1,0,0,0
78019,1,43,77496,4,18,1,1,1,1,1
26400,1,51,61233,3,12,1,1,1,1,1
44007,1,45,66300,4,17,1,1,0,1,0
25800,1,46,41781,4,12,1,1,1,0,1
1400,1,27,14895,1,17,0,0,0,1,0
-9358,1,52,32073,5,12,0,1,1,0,0
278303,1,40,104502,5,16,1,1,1,0,0
74000,1,46,65880,3,17,1,1,1,0,0
-875,1,32,31230,1,17,0,0,0,1,0
200,1,35,38940,2,16,0,1,1,0,1
-12000,1,37,49200,4,18,0,1,1,0,1
9305,1,39,37944,4,12,0,1,1,0,0
8000,1,34,28956,5,12,0,1,1,0,1
6305,1,36,43593,4,15,0,1,1,0,0
18800,1,50,72090,2,12,0,1,1,0,1
28760,1,32,26958,1,16,1,1,0,1,0
23648,1,35,40092,4,12,0,1,1,0,0
5450,1,45,45309,1,14,1,0,0,1,0
8099,1,30,20460,2,12,0,1,1,0,0
81700,1,29,86505,3,18,1,1,1,0,0
27407,1,54,39888,1,18,1,1,0,1,0
8601,1,34,25965,1,14,0,0,0,0,0
-1000,1,38,28320,3,14,0,1,1,0,0
5860,1,62,58680,2,13,0,1,1,0,1
16783,1,28,56217,4,16,0,1,1,0,1
4350,1,30,27753,1,14,0,1,0,0,0
3950,1,29,77133,2,14,0,1,1,0,1
-5184,1,32,24315,3,16,0,1,1,0,0
165065,1,50,125766,2,18,1,1,1,1,1
-15720,1,27,30000,1,18,0,0,0,0,0
1400,1,37,6765,4,14,0,1,1,0,1
-741,1,28,39015,2,18,0,0,1,0,1
-550,1,38,24870,3,14,0,1,0,1,0
350,1,46,17112,2,12,0,1,0,1,0
-17501,1,46,34770,4,14,0,1,1,0,0
18300,1,60,38337,5,12,1,1,1,0,0
78000,1,39,57192,1,18,1,1,0,1,0
22538,1,48,63438,4,13,1,1,1,0,1
5300,1,58,38979,2,12,0,1,1,0,1
13803,1,44,33471,1,15,0,0,0,1,0
11612,1,34,38190,4,12,0,1,1,0,1
11290,1,39,50145,6,16,0,1,1,0,0
-3143,1,36,13824,6,12,0,1,1,0,1
23300,1,57,46605,4,14,1,1,1,0,1
3274,1,29,20175,2,12,0,1,0,0,0
1600,1,51,25500,2,12,0,1,0,0,0
6457,1,44,88074,4,18,1,1,1,1,1
413,1,51,40581,4,12,0,1,1,0,1
84000,1,42,61500,4,15,1,1,1,0,0
38500,1,41,67596,1,18,1,1,0,0,0
-7400,1,44,51180,4,17,0,0,0,0,0
7609,1,41,50610,3,14,0,1,1,1,1
33500,1,47,43068,2,13,1,1,1,1,1
181667,1,50,66876,4,17,1,1,1,0,1
29122,1,55,21216,1,13,1,0,0,1,0
-6190,1,49,31176,1,12,0,1,0,1,0
25600,1,49,25770,1,12,0,1,0,1,0
179000,1,47,94200,4,18,1,1,1,1,0
42400,1,39,74814,4,12,0,1,1,1,1
-37,1,31,65844,4,16,0,1,1,1,1
20600,1,44,46869,2,14,1,0,1,1,1
-2347,1,41,21000,1,14,0,0,0,1,0
-400,1,34,24144,3,12,0,1,1,1,0
9550,1,31,43281,3,16,1,1,1,1,1
6778,1,43,54840,4,16,0,1,1,0,1
-2130,1,31,7938,1,16,0,0,0,1,0
5300,1,35,20805,1,14,0,0,0,1,0
-2371,1,40,43818,3,13,0,1,1,0,1
13370,1,43,73194,4,16,1,1,1,0,1
9406,1,29,43302,4,11,0,0,1,0,1
14256,1,55,40959,3,12,1,0,1,0,1
5399,1,51,24048,2,12,0,1,1,0,1
31847,1,29,52236,4,17,1,1,1,1,1
22700,1,51,30537,1,13,0,1,0,0,0
27000,1,37,66303,4,12,1,1,1,1,1
2591,1,28,39600,2,16,0,1,1,0,1
38100,1,35,90300,3,18,1,1,1,1,1
76399,1,37,37872,2,10,0,1,0,1,0
500,1,46,36003,2,9,0,1,1,1,1
12400,1,30,9225,4,15,1,0,1,0,0
26800,1,39,47025,5,12,1,1,1,1,1
48700,1,51,57390,4,12,1,1,1,0,1
-2364,1,53,16200,2,15,0,1,0,1,0
44148,1,37,44502,4,13,0,1,1,0,0
95474,1,52,66360,3,15,1,1,1,0,0
6150,1,39,10140,1,12,1,1,0,0,0
-1788,1,35,17424,3,13,0,0,0,0,0
700,1,36,24090,1,14,0,0,1,0,0
-3600,1,37,24312,3,15,0,1,1,0,1
1998,1,52,46140,2,18,0,1,1,1,1
13900,1,28,60090,4,12,0,1,1,0,0
52836,1,47,51294,4,13,0,1,1,0,1
9400,1,46,36300,2,13,0,1,1,1,1
234200,1,54,92046,3,12,1,1,1,1,1
102132,1,53,82971,2,13,1,1,1,0,1
120700,1,54,31896,1,17,0,1,0,0,0
53749,1,52,35424,3,12,0,1,1,0,0
27332,1,52,70392,2,12,1,1,1,0,1
-5967,1,35,26202,5,12,0,1,1,0,1
25299,1,40,56778,4,14,1,1,1,0,1
139998,1,61,45750,2,12,1,1,1,0,0
5633,1,44,21990,4,16,0,1,1,0,1
242150,1,59,90258,2,14,1,1,1,0,0
6701,1,36,23331,3,15,1,1,0,0,0
-2958,1,26,38931,3,13,0,0,1,0,1
37099,1,64,30432,1,16,1,1,0,0,0
16500,1,38,38610,1,17,0,1,0,1,0
10200,1,27,82068,2,16,0,1,1,1,1
-23550,1,27,41583,3,16,0,0,1,0,1
373556,1,59,43317,1,16,1,1,0,0,0
13180,1,31,50676,4,12,0,1,1,0,1
3126,1,41,30813,2,18,1,1,0,1,0
-10200,1,46,71400,3,14,0,1,1,0,1
12398,1,32,45933,2,16,0,1,1,0,1
1134098,1,38,39000,1,18,1,1,0,0,0
18800,1,56,52965,2,16,0,1,1,0,1
-13937,1,62,44124,3,14,1,1,1,1,0
54100,1,40,55815,4,12,1,1,1,0,1
17500,1,36,55305,3,15,1,1,1,0,1
-758,1,49,37833,3,12,0,1,1,1,1
-25,1,26,18594,3,12,0,0,0,0,0
-1600,1,41,24660,1,12,0,0,0,0,0
35000,1,32,69327,1,16,0,0,0,1,0
11000,1,54,66018,2,14,0,1,1,0,1
2718,1,40,39165,4,13,0,1,1,0,1
4000,1,38,23577,1,16,0,1,0,1,0
18000,1,50,20373,2,13,0,1,0,1,0
65398,1,60,33663,2,12,1,1,1,1,1
4070,1,30,34842,2,16,1,1,1,1,1
12500,1,61,32595,3,5,0,1,1,0,0
2399,1,40,37188,3,16,0,0,0,0,0
-4200,1,27,35736,1,12,0,1,0,0,0
53000,1,38,42750,4,14,0,1,1,0,1
114200,1,36,85755,1,16,0,1,0,1,0
19500,1,59,67488,4,12,0,1,1,0,1
4000,1,30,28659,3,17,0,0,1,1,1
1350,1,42,47073,4,14,1,1,1,0,1
249600,1,54,81711,5,12,1,1,1,0,1
7273,1,53,41976,2,12,0,1,1,0,1
-5975,1,44,36870,4,14,0,1,1,0,0
60499,1,50,70065,1,17,0,1,0,1,0
18500,1,42,14160,3,12,0,0,1,0,0
2785,1,36,28872,3,12,0,1,1,0,0
162741,1,59,104121,3,15,1,1,1,0,0
-800,1,45,39717,3,16,0,0,0,1,0
-410,1,42,34440,1,1,0,0,0,1,0
6250,1,32,52404,4,13,1,0,1,0,1
15474,1,46,107823,4,17,1,1,1,0,1
13560,1,36,34506,4,11,0,1,1,0,0
33350,1,46,15699,3,12,0,1,1,1,1
0,1,40,22008,4,12,0,0,1,1,0
1300,1,27,18270,1,12,0,0,0,0,0
-9345,1,44,48339,6,12,0,1,1,1,1
523535,1,36,164097,2,18,1,1,1,1,1
120600,1,33,100575,3,16,1,1,1,1,1
7989,1,58,19878,3,14,0,0,1,1,0
74800,1,41,90261,4,12,1,1,1,0,0
25364,1,38,60882,4,12,1,1,1,0,0
4975,1,49,42915,3,18,1,1,0,0,0
33748,1,37,47703,4,12,0,1,1,0,1
5938,1,34,55662,4,16,0,1,1,0,1
4700,1,30,33435,4,12,0,0,1,0,0
41300,1,34,57774,4,16,0,1,1,0,0
80600,1,36,39168,4,12,0,1,1,0,1
950,1,35,31626,1,16,0,0,0,0,0
59350,1,57,37104,2,10,1,1,1,0,0
49099,1,56,114573,3,12,1,1,1,1,1
21671,1,34,35412,2,16,1,0,1,0,0
35050,1,37,17286,3,16,0,1,0,0,0
-3070,1,34,24432,3,13,0,1,1,0,1
6700,1,35,35358,1,16,0,0,0,1,0
99329,1,58,89988,2,16,1,1,1,1,1
-630,1,25,15627,1,14,0,0,0,0,0
20000,1,41,42615,3,16,1,1,0,1,0
62679,1,28,26646,1,16,0,0,0,1,0
63249,1,50,26190,2,12,1,1,1,0,0
20084,1,38,33921,4,16,1,0,1,0,1
63700,1,41,47238,1,18,1,1,0,1,0
131850,1,51,59907,5,16,1,1,1,0,0
350,1,29,35670,4,12,0,1,1,1,1
167000,1,44,64170,4,12,0,1,1,0,1
-3253,1,39,47754,7,14,0,0,1,0,1
-500,1,31,32412,8,12,0,1,1,0,1
13515,1,52,41184,2,10,1,1,1,1,1
-17351,1,42,56883,4,14,0,1,1,0,1
7955,1,55,20760,1,12,0,0,0,1,0
-21901,1,30,100302,1,18,0,1,0,0,0
13230,1,30,48000,3,17,1,1,1,0,1
-975,1,38,24210,6,5,0,1,1,0,1
156498,1,54,75003,2,14,1,1,1,0,1
-3100,1,46,27000,2,16,0,1,1,1,0
8152,1,38,21015,1,18,0,1,0,1,0
10699,1,53,20646,3,12,0,1,1,0,0
34678,1,29,54900,4,16,0,1,1,0,0
53010,1,60,51489,2,12,1,1,1,1,1
135900,1,63,49257,5,16,1,1,1,0,0
19304,1,43,28716,2,17,0,1,0,0,0
599,1,29,24156,1,16,0,0,0,1,0
-2000,1,32,60150,4,13,0,1,1,0,1
1400,1,36,36750,4,18,0,0,0,1,0
122500,1,57,45390,2,18,1,1,1,1,0
4000,1,40,35190,4,16,0,1,1,0,0
7983,1,64,38991,2,17,0,1,0,1,0
21100,1,41,86097,2,12,0,1,1,0,1
4500,1,46,49692,3,12,0,1,1,0,1
27170,1,62,51099,2,10,0,1,1,0,1
9100,1,33,42924,1,12,0,1,0,1,0
2400,1,28,52248,4,17,0,1,1,1,1
77786,1,31,75282,1,12,0,0,0,0,0
3700,1,44,26880,1,13,0,0,0,1,0
7320,1,41,21726,4,12,1,1,1,0,1
9399,1,44,60600,3,16,0,1,0,0,0
107954,1,55,52527,2,17,1,1,1,1,1
-14180,1,36,100356,1,18,0,0,0,0,0
18300,1,35,86814,4,17,1,1,1,1,1
16400,1,39,22338,4,15,0,0,1,0,0
35831,1,47,100116,4,14,1,1,1,0,0
49999,1,31,37515,1,18,1,1,0,1,0
27930,1,43,51153,5,18,1,1,1,1,1
-7400,1,36,9027,1,16,0,0,0,1,0
34280,1,37,74850,3,12,0,0,1,1,1
10300,1,32,52875,2,18,0,1,1,1,1
25293,1,49,34047,3,12,0,1,1,0,1
-382,1,49,47640,3,12,0,0,1,0,1
38250,1,44,96774,3,15,0,1,1,0,1
70050,1,35,54960,4,16,1,1,1,0,0
5060,1,53,47586,3,11,0,1,1,1,1
2406,1,25,21042,1,12,0,0,1,1,0
10250,1,30,22320,4,6,0,0,1,0,0
-5687,1,44,67428,4,18,1,1,1,1,1
38650,1,32,47628,2,12,0,0,1,1,1
17934,1,45,53856,1,13,0,0,0,0,0
31250,1,37,67056,3,16,0,1,1,1,1
43949,1,47,64653,4,16,1,1,1,1,1
2976,1,30,38454,4,13,0,1,1,1,1
4160,1,42,18375,7,12,0,1,1,1,1
1450,1,36,20094,4,7,0,1,1,0,1
8700,1,37,58053,2,16,0,0,1,0,1
41600,1,41,18240,3,12,0,1,0,0,0
62200,1,53,47478,2,12,1,1,0,1,0
44100,1,39,44529,1,18,0,1,0,1,0
41950,1,48,71646,2,16,1,1,0,1,0
1700,1,42,54597,4,16,0,1,1,0,1
26000,1,42,54456,3,12,1,1,1,0,1
2090,1,43,23850,1,12,0,1,0,1,0
100,1,41,28143,4,12,0,0,1,0,0
-1500,1,29,23100,3,12,0,1,1,0,1
23300,1,34,106782,3,18,1,1,1,1,1
99169,1,61,42231,2,12,1,1,1,0,0
-1884,1,38,35757,2,12,0,0,1,0,1
1948,1,34,29019,5,14,0,1,1,0,0
86872,1,30,51993,3,16,1,1,1,0,0
-4000,1,34,62355,4,16,0,1,1,0,1
21011,1,53,29046,1,18,1,1,0,0,0
66500,1,47,64800,1,16,1,0,0,1,0
7700,1,28,72648,2,17,0,1,1,0,1
-30000,1,30,33270,3,17,0,1,1,0,1
5500,1,29,36000,1,16,1,0,0,0,0
37599,1,56,55503,3,14,0,1,1,1,1
-7250,1,41,29739,1,17,0,1,0,1,0
3710,1,42,24237,1,12,0,0,0,0,0
-3700,1,40,52173,6,14,0,0,1,1,1
-3201,1,47,61602,2,13,0,1,1,0,1
9334,1,44,27390,4,14,0,1,1,1,1
40000,1,32,13680,1,13,0,0,0,1,0
25654,1,37,26781,1,16,1,1,0,0,0
-2001,1,35,32364,1,12,0,1,0,0,0
2600,1,29,36030,1,16,0,0,0,1,0
241442,1,46,48000,4,12,1,1,1,1,1
2850,1,38,15000,1,12,0,1,0,1,0
60459,1,37,41031,2,18,1,1,1,0,0
28000,1,37,50082,3,16,0,0,1,0,0
295898,1,40,66801,3,14,1,1,1,0,1
0,1,62,32616,3,12,0,1,1,1,1
3200,1,37,26868,4,12,0,1,0,1,0
3306,1,28,42411,2,12,0,1,0,0,0
92446,1,53,62400,3,12,1,1,1,0,0
10161,1,27,36432,1,16,1,0,0,1,0
28762,1,45,47316,1,16,1,1,0,0,0
-2700,1,53,31470,7,12,0,1,1,1,0
-7150,1,59,46722,5,12,0,1,1,0,0
-6400,1,38,47784,4,11,0,1,1,1,1
200,1,42,28245,2,18,0,0,1,1,1
135196,1,44,158721,3,16,1,1,1,1,1
1700,1,43,29604,1,14,0,1,0,1,0
44098,1,43,48468,6,12,0,1,1,0,0
2600,1,58,11325,2,12,0,0,0,1,0
2000,1,34,31722,3,12,0,1,1,0,1
4300,1,25,19800,4,12,0,0,1,0,0
9999,1,54,21450,3,12,0,1,0,1,0
3500,1,40,76866,4,16,0,1,1,1,1
22772,1,53,55725,2,12,0,1,1,0,1
-480,1,28,25749,4,12,0,1,1,0,1
324000,1,62,95430,3,16,1,1,1,0,0
24558,1,36,16794,2,12,0,0,1,0,0
101408,1,56,36912,3,12,1,1,1,1,1
-4635,1,41,48312,4,12,0,1,1,0,1
21047,1,41,92514,2,17,0,0,1,0,1
-5301,1,52,51060,5,14,0,1,1,0,1
28900,1,35,52572,2,16,1,1,1,0,1
5000,1,33,12486,1,12,0,0,1,0,0
201,1,34,16065,3,12,0,1,0,0,0
14126,1,29,50433,2,14,0,1,1,1,1
400,1,39,28425,1,12,0,1,0,1,0
73816,1,45,77697,4,17,1,1,1,1,1
31848,1,38,57480,4,16,1,1,1,0,1
1249,1,37,34359,2,12,1,0,1,1,1
22500,1,31,68730,3,16,0,1,1,1,1
2425,1,41,51981,4,12,0,1,1,0,1
33399,1,32,87540,3,16,1,1,1,1,1
-87501,1,58,72150,2,14,0,1,1,0,0
1821,1,44,43536,4,12,0,1,1,1,1
10400,1,44,57420,2,12,0,1,1,0,1
-2825,1,36,56880,1,12,0,1,0,1,0
1900,1,49,36642,6,12,0,1,1,0,0
-2038,1,61,37359,2,12,0,1,1,0,1
13200,1,53,23700,2,12,0,0,1,0,1
39627,1,39,45819,4,14,1,1,1,0,1
153731,1,33,99699,4,17,1,1,1,1,1
17419,1,49,45753,4,14,1,1,1,1,1
30900,1,33,77355,4,18,1,1,1,0,1
73999,1,61,31017,1,12,1,1,0,1,0
8520,1,46,47655,2,16,0,1,1,1,1
83900,1,48,92991,5,18,1,1,1,1,1
105150,1,33,73308,3,12,1,1,1,0,0
26499,1,49,7209,1,16,0,0,0,1,0
33800,1,29,96180,5,16,1,1,1,1,1
33000,1,35,47250,4,12,1,1,1,0,0
-2200,1,37,28443,4,12,0,1,1,0,0
-4933,1,27,40647,2,14,0,0,1,0,1
15000,1,37,94980,2,15,0,1,1,0,1
8500,1,52,19638,1,10,0,0,0,1,0
22899,1,41,49134,5,12,0,1,1,0,0
1049,1,29,23409,1,16,0,0,0,0,0
-2606,1,47,36222,5,12,0,1,1,0,1
18000,1,34,33084,4,14,0,1,1,0,0
50355,1,40,49095,5,18,1,1,1,1,1
-1597,1,39,32139,5,13,0,1,1,0,1
24566,1,38,47316,4,12,1,1,1,0,1
108359,1,53,70923,2,12,1,1,1,0,1
82665,1,34,91209,2,12,1,1,1,0,1
24448,1,31,58323,4,18,0,1,1,1,1
7280,1,38,30510,2,14,0,0,0,0,0
28457,1,48,50781,3,13,0,1,1,1,1
31199,1,36,95823,3,18,1,1,1,0,1
58110,1,53,63630,1,18,1,1,0,1,0
21549,1,34,83496,4,17,0,1,1,0,1
61699,1,35,30558,4,15,1,1,1,1,1
8174,1,47,31890,4,7,0,1,1,0,1
22484,1,36,39627,3,14,0,1,1,0,1
34999,1,38,14850,5,12,0,1,1,0,0
100700,1,54,47646,3,13,1,1,1,1,1
-5702,1,40,38922,3,14,0,0,1,0,1
66845,1,58,56958,1,12,1,1,0,1,0
109399,1,35,99480,3,18,1,1,1,1,1
1850,1,34,19044,3,12,0,1,0,1,0
2225,1,32,20901,5,15,0,0,1,0,0
54860,1,40,65346,6,16,1,1,1,0,1
108600,1,43,47796,4,11,1,1,1,0,0
14200,1,64,49167,2,12,0,1,1,0,1
1011,1,31,18171,5,12,0,1,1,0,1
1606,1,31,23367,3,14,0,0,0,1,0
17049,1,51,70092,5,18,0,1,1,1,1
6425,1,47,58548,3,16,0,1,1,0,1
600,1,48,19152,2,12,0,0,0,1,0
23550,1,39,44040,3,18,1,0,0,1,0
-5250,1,31,28272,1,16,0,1,0,1,0
2182,1,30,20964,4,12,0,0,0,1,0
9300,1,25,65049,2,13,1,1,1,0,1
100469,1,61,37380,2,8,1,1,1,0,0
30000,1,44,39786,3,14,1,1,0,0,0
-1200,1,41,19596,2,12,0,0,0,1,0
2500,1,42,27990,4,12,0,1,1,0,1
4000,1,45,120069,4,18,0,1,1,0,1
-14995,1,33,71100,5,12,0,1,1,0,0
17000,1,53,68196,1,16,1,0,0,0,0
2000,1,36,30450,2,12,1,0,1,1,1
1700,1,35,23064,2,12,0,0,0,0,0
-301,1,29,57096,3,14,1,1,1,0,1
206500,1,49,77244,4,12,0,1,1,0,1
-1052,1,52,23640,2,16,0,0,0,0,0
62707,1,45,55446,4,14,0,1,1,0,1
15200,1,62,50304,2,18,0,1,1,0,0
44275,1,59,55020,3,6,1,1,1,0,0
-6150,1,53,22215,1,6,0,0,0,1,0
5999,1,56,54582,2,12,0,1,1,1,1
-7400,1,34,26598,3,15,0,1,1,0,1
600,1,25,25200,4,12,0,1,1,0,1
49750,1,46,58611,4,12,0,1,1,1,1
1183,1,28,15159,2,12,1,0,0,0,0
-66,1,32,22881,4,15,0,0,0,1,0
87750,1,53,73350,2,12,1,1,1,1,1
6299,1,34,32226,3,12,0,0,0,0,0
-4401,1,40,43536,3,17,0,0,0,1,0
6530,1,32,33498,2,18,0,0,1,0,0
-1580,1,41,14679,1,16,0,0,0,1,0
-470,1,27,27966,2,16,0,1,1,0,1
16585,1,42,74646,3,16,1,1,1,0,1
1586,1,53,55944,2,12,0,1,1,0,1
1265,1,40,33993,1,12,0,1,0,0,0
3400,1,34,33270,4,12,0,0,1,1,1
7500,1,40,15387,1,12,0,0,0,1,0
26800,1,31,29061,3,13,0,1,0,0,0
128950,1,49,97365,4,18,1,1,1,1,1
44600,1,46,24906,1,17,0,1,0,1,0
-1900,1,37,23802,3,12,0,1,1,1,1
42000,1,36,21300,6,12,0,1,1,1,1
6450,1,36,22548,2,12,0,0,1,0,1
7299,1,40,37020,3,12,0,1,1,0,1
6100,1,56,26100,3,12,0,1,1,0,0
-7850,1,48,27000,2,13,0,0,1,0,0
51499,1,61,28080,4,12,1,1,0,1,0
-2800,1,37,37491,2,12,0,0,1,1,1
58850,1,30,56757,4,16,1,1,1,0,1
61000,1,32,59667,2,18,0,1,1,0,1
70498,1,42,63333,4,18,1,1,1,1,1
869,1,38,44430,6,12,0,1,1,0,1
-2801,1,36,33270,8,10,0,1,1,0,0
32150,1,26,51480,2,16,0,1,1,0,1
13706,1,43,39132,4,14,1,1,1,0,0
31536,1,34,34698,2,12,0,0,0,1,0
15000,1,46,31719,3,18,1,0,0,1,0
-5600,1,45,55986,6,13,0,0,1,1,1
27360,1,42,51000,5,12,0,1,1,0,0
86582,1,60,110316,3,18,1,1,1,1,1
900,1,44,14592,2,13,0,1,0,0,0
-1034,1,35,39915,1,14,0,1,0,0,0
158,1,42,43707,5,12,0,1,1,0,1
600,1,30,24210,1,16,0,0,0,0,0
-1800,1,48,16680,1,15,0,0,0,0,0
11887,1,45,71118,12,13,1,1,1,1,1
-5900,1,29,41886,2,1,0,1,1,1,1
-5900,1,47,40800,1,12,0,0,0,0,0
16775,1,36,34140,3,16,1,1,1,0,1
12349,1,45,54327,8,12,0,1,1,0,1
-310,1,31,29637,3,14,0,0,1,0,1
35303,1,54,33705,2,10,1,1,0,0,0
66674,1,37,35328,6,16,1,1,1,0,0
-2250,1,31,19506,3,14,0,0,0,0,0
4000,1,49,120420,3,18,0,1,1,0,1
55690,1,51,67431,3,17,1,1,1,1,1
-2850,1,59,18894,4,12,0,1,1,0,0
240,1,31,28410,11,7,0,0,1,0,1
-4200,1,44,21120,3,12,0,0,0,0,0
131663,1,61,38076,2,11,1,1,0,1,0
40999,1,53,102600,5,16,1,1,1,0,1
-5000,1,34,22812,1,16,0,0,0,1,0
35400,1,39,36930,3,14,0,0,0,0,0
2200,1,27,29760,4,16,0,0,1,0,1
0,1,34,38640,1,12,0,0,0,1,0
5581,1,38,45870,2,12,0,1,1,0,1
-12400,1,39,40500,1,12,0,0,0,1,0
14699,1,26,28950,3,12,0,1,1,0,0
-400,1,53,31386,3,12,0,0,0,0,0
23969,1,35,55125,4,18,1,1,1,0,1
-15532,1,37,41763,2,16,0,1,0,1,0
-6051,1,45,25353,1,12,0,1,0,0,0
3000,1,42,51900,3,16,0,1,1,1,1
7500,1,35,33690,3,12,0,0,1,0,1
3300,1,43,41148,2,13,0,1,1,0,1
7504,1,44,38835,2,13,0,1,1,0,0
-4408,1,38,29391,1,12,0,1,0,1,0
38399,1,43,48471,4,16,1,1,0,0,0
14000,1,45,41814,5,12,1,1,1,0,1
115402,1,52,46998,2,10,1,1,1,0,0
0,1,40,16995,3,12,0,0,0,1,0
-3500,1,34,49515,2,16,0,1,0,1,0
65340,1,42,61800,4,12,1,1,1,1,1
242674,1,52,70872,2,12,1,1,1,0,1
150499,1,53,45270,2,12,1,1,1,0,0
5800,1,33,31857,4,12,0,0,1,1,1
45418,1,48,45702,4,12,1,1,1,0,1
21250,1,47,51150,5,13,0,1,1,1,1
12550,1,44,27291,1,12,0,1,0,0,0
-14000,1,32,44703,5,18,0,1,1,0,1
2000,1,48,39321,1,13,0,0,0,0,0
4999,1,50,51234,2,9,1,1,1,1,1
1216,1,43,13248,1,11,0,0,0,1,0
9322,1,27,49428,2,16,0,0,1,0,1
25012,1,48,39246,2,17,1,0,0,1,0
-3501,1,43,34950,2,12,0,1,0,0,0
108800,1,56,108621,4,13,1,1,1,0,0
18500,1,35,60300,2,16,1,1,1,1,1
36998,1,37,78450,3,12,0,1,1,0,1
20250,1,46,49698,4,14,0,1,1,0,1
29,1,30,17505,3,11,0,1,1,0,1
50899,1,61,18669,2,8,0,1,1,0,0
-1450,1,26,35583,2,14,0,1,1,1,1
23380,1,33,45201,4,17,0,1,1,0,1
66484,1,50,32436,2,16,1,0,0,1,0
-813,1,45,42534,3,12,1,1,1,0,1
15123,1,38,42561,9,12,1,1,1,0,0
63249,1,46,100011,1,18,1,1,0,0,0
67100,1,54,49272,2,12,1,1,1,1,1
-3000,1,38,52236,6,16,0,1,1,0,1
-117,1,37,35175,5,9,0,1,1,0,1
600,1,27,41256,1,18,1,0,0,0,0
27000,1,31,58500,1,16,0,1,0,1,0
9266,1,42,42192,4,13,1,1,1,0,1
1400,1,44,14496,5,9,0,0,0,0,0
145139,1,47,86700,2,12,1,1,1,0,1
1312,1,26,29344,3,12,0,0,0,0,0
23000,1,38,66036,2,18,1,1,1,0,1
765,1,35,18384,4,12,0,1,1,1,1
12700,1,38,48996,3,15,1,1,1,0,1
19800,1,36,23409,2,12,1,1,0,1,0
715,1,33,43572,4,12,0,0,1,1,1
9346,1,30,42204,3,15,1,0,1,0,0
81849,1,59,67350,2,12,0,1,1,0,1
-3475,1,45,50070,6,14,0,1,1,0,1
8400,1,39,61377,5,13,0,0,1,0,1
62500,1,61,48828,2,12,1,1,1,0,0
9600,1,34,45912,4,12,0,1,1,0,1
14825,1,52,37356,3,13,0,1,1,0,1
106000,1,57,77280,2,18,0,1,0,1,0
9020,1,56,46911,4,12,1,1,1,1,1
2000,1,36,86403,3,14,0,1,1,1,1
-8950,1,29,49572,2,16,0,0,1,0,1
34047,1,33,66939,6,12,0,1,1,0,1
34200,1,46,100587,2,18,0,1,0,0,0
6550,1,52,51570,3,14,0,1,1,1,1
8700,1,44,19500,2,15,0,0,0,0,0
44000,1,50,52110,2,17,1,1,0,1,0
22398,1,57,46236,3,10,1,1,1,0,0
5059,1,45,36060,3,13,0,1,0,1,0
-3651,1,40,27915,1,16,0,0,0,0,0
35860,1,36,48135,4,16,0,1,1,0,0
100700,1,52,58500,3,16,1,1,1,0,1
24199,1,46,54729,3,12,0,1,1,0,1
69000,1,34,107940,4,16,1,1,1,0,0
26500,1,37,106068,2,16,0,1,1,1,1
1256,1,47,30645,3,16,0,1,0,1,0
-7001,1,45,72300,5,14,0,1,1,0,1
257600,1,60,71028,2,12,1,1,1,0,1
-48600,1,35,51384,1,18,0,0,0,1,0
22450,1,31,58173,2,16,0,1,1,0,1
84000,1,39,83250,2,13,0,1,1,0,1
1500,1,33,35535,2,12,0,1,1,0,1
-5325,1,48,22650,2,12,0,0,0,1,0
8700,1,26,43230,1,18,0,0,0,1,0
15100,1,40,74220,5,12,0,1,1,0,1
2060,1,41,34794,4,12,1,1,1,0,1
3205,1,29,44226,4,14,0,1,1,0,1
1000,1,36,12156,3,12,1,0,0,0,0
7500,1,37,38208,4,12,1,1,1,0,1
6513,1,34,26865,3,13,0,0,0,0,0
9160,1,60,30735,2,12,1,1,1,0,1
18930,1,43,28080,5,12,0,1,1,0,0
4899,1,27,36201,5,12,0,1,1,0,1
43500,1,44,46890,4,12,1,1,1,1,1
26918,1,38,43599,4,12,0,1,1,0,1
36450,1,51,76827,3,18,0,1,1,1,0
2080,1,34,31983,4,13,0,1,1,0,0
7652,1,35,64983,5,13,0,1,1,1,1
30200,1,33,43425,5,16,0,1,1,0,0
66900,1,36,55200,3,10,0,0,1,0,1
-200,1,28,23316,1,18,0,1,0,1,0
23210,1,35,54963,4,12,0,1,1,1,1
32292,1,32,79206,2,16,0,0,1,0,1
0,1,50,17280,4,10,0,1,0,1,0
35199,1,50,32805,6,12,0,1,1,0,0
50000,1,51,69786,3,16,1,1,0,0,0
-900,1,42,32100,1,13,0,0,0,0,0
30000,1,34,146250,3,18,1,1,1,1,1
-3029,1,52,27711,4,12,0,0,1,0,1
-9100,1,39,62184,1,18,1,0,0,0,0
43999,1,42,33336,5,13,1,1,1,0,0
-472,1,42,26370,1,12,0,1,0,1,0
69300,1,58,54516,4,12,0,1,1,1,1
41260,1,57,79290,4,16,1,1,1,0,1
42630,1,42,60696,4,18,1,1,1,1,1
1000,1,40,14040,2,12,0,0,0,1,0
-6450,1,29,37812,4,18,0,1,1,1,1
-1800,1,35,28470,6,13,0,1,1,0,1
43352,1,49,47727,5,12,0,1,1,0,0
2195,1,51,23634,4,12,0,0,1,1,0
3850,1,29,17400,2,14,0,0,0,1,0
39800,1,42,57861,3,14,0,1,1,0,1
44000,1,43,57180,3,16,1,1,0,1,0
20950,1,38,155967,2,18,0,1,1,0,1
53950,1,52,103563,4,18,1,1,1,0,1
4947,1,41,40308,5,12,0,0,1,1,1
12048,1,48,17214,1,11,0,0,0,0,0
-7300,1,42,45273,4,15,0,1,1,0,1
-11760,1,25,23481,2,12,0,1,1,0,1
-733,1,55,17196,2,14,0,1,1,1,0
-2100,1,52,21675,3,12,0,1,1,0,1
-800,1,43,29373,4,16,0,1,0,1,0
34475,1,34,61350,3,16,0,1,1,0,0
8916,1,36,16233,3,10,0,1,0,0,0
46045,1,36,94245,4,16,1,1,1,1,1
16040,1,45,48747,5,12,1,1,1,0,1
4636,1,33,48174,1,18,0,0,0,0,0
321000,1,61,103041,2,18,1,1,1,0,1
-2300,1,37,36384,3,16,0,1,1,1,1
-6700,1,44,55401,4,12,0,1,1,0,1
39799,1,63,39039,2,11,1,1,1,1,1
35450,1,28,38889,1,16,1,1,0,0,0
2499,1,31,25311,1,14,0,1,0,1,0
619,1,34,23532,2,12,0,0,0,1,0
-268,1,41,20028,2,16,0,0,0,0,0
23998,1,43,46872,4,13,0,1,1,0,1
-290,1,40,36195,4,16,0,1,1,0,1
5636,1,43,62778,4,12,0,1,1,1,1
59940,1,64,15891,1,12,1,1,0,0,0
150640,1,52,30930,5,18,0,1,1,1,1
-22652,1,41,50547,4,16,0,0,1,0,1
19328,1,30,9894,1,17,1,1,0,0,0
148600,1,48,54600,2,18,1,1,0,1,0
56805,1,36,68019,4,16,1,1,1,0,0
0,1,30,19497,1,6,0,0,0,0,0
98175,1,57,90525,4,12,1,1,1,1,0
20700,1,29,54690,2,13,0,0,1,0,1
3300,1,44,20646,1,12,0,0,0,1,0
74972,1,41,86847,5,16,1,1,1,0,1
197590,1,48,17820,4,13,0,1,1,0,1
36942,1,42,69081,5,15,1,1,1,0,1
-4564,1,33,20196,4,12,0,1,1,0,0
12000,1,32,28740,1,15,0,1,0,1,0
139560,1,43,135114,2,14,1,1,1,1,1
10200,1,38,43260,4,14,1,1,1,0,1
22440,1,57,52632,2,12,1,1,1,0,0
0,1,46,44922,2,12,0,1,1,0,1
77396,1,32,98607,1,17,0,1,0,0,0
7900,1,27,37218,1,16,1,0,0,0,0
-4331,1,38,27693,1,16,0,1,0,1,0
12700,1,48,51102,4,18,0,1,1,1,1
-11,1,42,5409,1,11,0,0,0,1,0
16050,1,51,42606,2,11,0,1,1,1,1
-3240,1,36,47892,3,12,0,0,1,0,1
4600,1,59,14292,1,12,0,0,0,1,0
41241,1,42,48900,3,14,1,1,1,1,0
7327,1,44,49422,3,12,1,1,1,1,1
200000,1,57,70845,2,14,1,1,1,0,1
36540,1,43,59757,2,14,0,1,1,0,1
50,1,44,41298,4,17,0,1,1,0,1
45,1,29,14400,4,11,0,0,1,0,0
-3200,1,44,35652,2,18,0,1,0,1,0
9249,1,29,39774,3,16,0,0,1,0,1
26135,1,32,66840,4,12,0,1,1,1,1
50550,1,42,75573,3,18,1,1,1,1,1
14500,1,33,79860,2,16,0,1,1,0,1
16750,1,36,64815,3,16,0,1,1,1,1
450,1,47,30000,3,13,0,0,0,1,0
33405,1,36,83472,2,16,1,1,1,0,1
24400,1,47,44400,3,12,0,1,0,0,0
-1465,1,42,76527,4,18,0,1,1,0,1
249,1,33,31014,1,14,0,1,0,1,0
54500,1,39,97935,4,17,1,1,1,0,1
18175,1,50,51732,4,13,1,1,1,1,1
1900,1,30,14928,4,10,0,1,1,0,1
-7690,1,27,14760,1,15,0,0,0,1,0
2475,1,30,13503,2,12,0,1,0,1,0
4850,1,35,26241,1,12,1,1,0,0,0
5300,1,38,38400,4,18,0,1,1,0,0
41119,1,35,75372,4,17,0,1,1,1,1
-8690,1,28,30897,2,18,0,0,0,0,0
44599,1,61,68889,2,12,1,1,1,0,1
4600,1,29,36801,3,16,0,1,1,0,0
19949,1,48,26925,4,14,1,1,0,1,0
-6201,1,36,58302,5,14,0,1,1,0,1
75000,1,49,102108,4,18,1,1,1,1,1
81270,1,30,53550,2,16,0,1,1,0,1
-36000,1,50,31260,1,16,0,0,0,1,0
725,1,34,53556,4,14,0,1,1,1,1
4660,1,54,37320,1,14,0,1,0,1,0
15550,1,48,42825,3,12,0,1,1,0,1
22600,1,40,68175,5,12,1,1,1,1,1
1560,1,35,16395,1,15,0,0,0,1,0
398241,1,35,153018,2,16,1,1,1,0,1
8850,1,52,30102,3,16,0,1,1,1,1
44500,1,36,47556,4,14,1,1,1,1,1
14037,1,36,54060,3,16,0,0,1,0,0
300,1,38,42060,1,14,0,0,0,1,0
53821,1,56,69162,7,12,0,1,1,0,1
31599,1,40,51030,1,15,1,1,0,1,0
21548,1,62,39342,5,8,0,1,1,0,0
11400,1,58,73830,6,15,1,1,1,0,0
28100,1,47,71217,2,16,1,1,1,0,1
-1900,1,42,27231,1,13,0,0,0,1,0
3768,1,36,39066,3,12,0,1,1,1,1
71500,1,54,124020,3,18,1,1,1,0,1
102799,1,64,103431,2,12,1,1,1,0,0
6975,1,28,21534,3,13,0,0,1,0,1
80500,1,52,78480,2,12,0,1,1,0,1
4550,1,34,48501,4,16,1,0,1,0,1
73499,1,54,31290,4,12,0,1,1,0,0
-5000,1,40,42960,1,16,0,0,0,0,0
-4700,1,55,87663,4,14,0,1,1,0,1
38000,1,40,68271,4,17,1,1,1,0,1
388000,1,49,152490,4,18,1,1,1,1,1
6099,1,40,23619,2,16,1,0,0,1,0
-21020,1,25,21456,1,13,0,0,0,0,0
-30,1,36,34329,1,17,0,0,0,1,0
4500,1,34,67800,4,16,0,1,1,0,0
20300,1,44,48120,4,15,1,1,1,1,1
16250,1,25,35505,3,12,1,1,1,0,1
12000,1,59,47700,6,16,0,1,1,1,1
-3000,1,48,13845,2,12,0,1,0,0,0
56698,1,42,44133,4,18,1,1,1,1,1
14600,1,51,21750,2,12,0,1,0,0,0
24217,1,50,54540,4,12,1,1,1,1,1
1934,1,34,30543,3,14,0,1,0,1,0
42050,1,38,76941,4,15,1,0,1,0,1
2798,1,30,54906,5,18,0,1,1,1,1
-2039,1,30,17901,4,11,0,1,1,0,1
75200,1,42,79134,3,16,1,1,1,0,1
57184,1,62,24966,1,15,1,1,0,1,0
0,1,62,44361,1,12,0,1,0,1,0
5930,1,44,43914,2,16,0,0,0,1,0
68449,1,41,54075,1,18,0,1,0,0,0
0,1,55,29250,3,12,0,0,1,0,0
5000,1,59,16320,5,9,0,0,1,0,0
3225,1,46,40362,4,12,0,0,1,1,1
-7200,1,44,26232,3,14,0,1,0,1,0
17147,1,46,41580,2,16,1,0,0,1,0
1300,1,37,6168,5,12,0,1,0,0,0
47958,1,55,108420,3,18,1,1,1,0,1
5600,1,52,12954,5,12,0,1,0,1,0
275,1,32,15705,3,15,0,0,0,1,0
200,1,55,25638,2,12,0,1,1,0,0
700,1,40,62136,5,18,0,1,1,1,1
19102,1,51,74613,5,12,0,1,1,0,1
30960,1,35,30090,3,14,0,1,0,1,0
15250,1,35,31050,3,15,0,1,1,0,0
5,1,34,17550,1,16,0,0,0,1,0
400,1,43,22242,2,14,0,0,0,1,0
196250,1,37,95175,3,16,1,1,1,0,1
6999,1,37,43050,5,14,0,0,1,0,1
5709,1,35,28407,4,11,0,0,1,0,1
26500,1,34,55782,1,16,1,1,0,0,0
350,1,47,17562,1,14,0,1,0,0,0
80500,1,59,78972,2,14,1,1,1,0,1
30949,1,31,53100,1,12,1,1,0,1,0
86300,1,41,59580,3,16,1,1,1,0,0
62030,1,41,57642,1,16,1,1,0,1,0
13000,1,42,35100,4,12,0,1,1,0,1
43447,1,58,66504,2,18,1,1,1,1,0
8200,1,38,50574,6,12,0,1,1,0,1
8200,1,32,20640,1,12,0,1,0,1,0
15000,1,29,33375,4,13,0,1,1,0,0
2300,1,30,29958,1,16,0,0,0,0,0
6420,1,58,13275,2,12,0,1,1,1,0
4900,1,52,45090,4,12,0,1,1,1,1
-8948,1,54,52521,4,16,0,0,1,0,1
28100,1,44,65976,3,13,0,1,1,0,1
6100,1,31,43026,3,15,0,1,0,1,0
99000,1,44,64200,1,18,1,1,0,1,0
0,1,53,10761,1,12,0,0,0,0,0
73800,1,53,100008,2,1,0,1,1,0,0
36100,1,29,94125,2,16,1,1,1,1,1
102800,1,40,88698,5,18,1,1,1,0,1
420,1,32,28374,2,16,0,0,1,1,0
5500,1,60,9900,1,9,0,0,0,0,0
56600,1,35,102705,2,16,0,1,1,1,1
78700,1,47,42639,2,18,1,1,0,1,0
-10559,1,32,53364,4,12,0,0,1,0,1
161843,1,48,132009,2,18,1,1,1,1,1
36725,1,40,54816,4,12,1,1,1,0,1
90149,1,36,69636,4,12,0,1,1,1,1
47000,1,44,156600,3,16,1,1,1,0,1
778628,1,43,146577,5,13,1,1,1,0,0
1534,1,51,40683,4,12,0,1,1,0,0
-4384,1,43,34752,1,16,0,1,0,1,0
55380,1,43,68808,4,16,1,1,1,0,1
18799,1,28,28215,5,12,0,1,1,0,0
6950,1,54,66945,3,18,0,1,1,1,1
136000,1,44,67800,5,16,1,1,1,0,0
2799,1,60,14850,1,8,0,1,0,1,0
89000,1,49,96000,2,12,1,1,1,0,1
-500,1,36,40212,4,16,0,1,1,1,1
10800,1,36,110985,4,16,0,1,1,0,1
21000,1,41,66588,2,15,0,1,1,0,1
33000,1,34,33258,1,15,0,1,0,1,0
9400,1,30,59748,1,16,0,0,0,1,0
-2900,1,38,59469,3,17,0,1,1,0,1
4799,1,49,76896,4,16,0,1,1,1,1
19850,1,25,37953,4,12,0,1,1,0,1
2799,1,53,43887,2,12,0,1,1,0,1
27500,1,59,68790,5,16,1,1,1,1,1
549,1,34,68817,5,15,0,1,1,0,1
-1801,1,31,31971,4,12,0,1,1,0,1
139400,1,40,100455,3,18,1,1,1,1,1
-1255,1,30,25758,2,17,0,1,1,0,1
5260,1,50,20484,3,12,0,1,1,0,0
3673,1,29,28122,2,13,0,1,0,0,0
-5501,1,33,63660,2,13,0,0,1,0,1
80060,1,42,71478,1,16,1,1,0,1,0
400,1,47,15000,6,10,0,1,1,0,1
27999,1,57,17484,3,12,0,1,0,0,0
79500,1,41,89952,4,18,1,1,1,1,1
2200,1,50,40905,2,12,0,1,0,1,0
63499,1,46,78654,4,16,1,1,1,0,0
17600,1,44,78762,4,18,1,1,1,1,1
13400,1,45,32973,1,17,0,0,0,1,0
-751,1,43,32046,4,12,0,1,1,0,1
19800,1,44,42840,6,12,0,1,1,0,1
18250,1,64,36036,1,13,0,1,0,1,0
4499,1,34,34557,2,16,0,1,1,0,1
13600,1,62,90726,2,14,1,1,1,1,1
5100,1,35,34080,6,8,0,1,1,0,1
22049,1,47,25383,1,12,1,1,0,1,0
7149,1,33,38880,1,14,0,0,0,1,0
-1600,1,48,55743,4,12,0,1,1,0,1
5315,1,40,75402,2,12,0,1,1,0,1
-1801,1,35,72420,4,16,0,1,1,0,1
2030,1,47,26103,2,12,0,1,0,1,0
-16000,1,40,42048,4,16,0,1,1,0,1
1400,1,28,30381,3,16,0,0,1,1,1
10900,1,42,24780,3,18,0,1,0,1,0
0,1,51,16320,10,12,0,0,1,0,0
55999,1,39,32253,1,18,0,0,0,1,0
127180,1,53,63000,4,15,1,1,1,0,1
160200,1,32,53946,3,14,0,1,1,0,1
8350,1,39,67488,5,12,0,1,1,0,1
36068,1,46,62691,4,16,0,1,1,0,0
38900,1,38,146100,4,16,1,1,1,1,0
150000,1,49,96153,3,14,1,1,1,0,0
30350,1,40,41196,2,16,0,1,0,1,0
37292,1,53,80676,2,12,1,1,1,0,0
200,1,56,18588,2,12,0,0,0,0,0
1009,1,30,51711,2,16,0,1,1,1,1
37923,1,63,40203,4,12,1,1,1,0,0
13849,1,44,52476,4,12,0,1,1,0,1
208500,1,50,69150,4,18,1,1,1,1,1
-2586,1,38,33606,7,12,0,1,1,0,0
-69,1,28,53598,2,16,0,0,1,0,1
38000,1,48,30804,2,12,0,1,0,1,0
12650,1,41,64245,4,12,1,1,1,1,1
4763,1,27,24693,3,12,0,1,1,1,1
43036,1,38,41334,1,18,1,0,0,1,0
-1175,1,30,16596,7,12,0,1,1,0,1
-30480,1,51,9435,3,16,0,0,0,1,0
835,1,47,41361,2,13,0,0,1,0,1
10799,1,50,100002,1,12,0,1,0,1,0
48446,1,44,78783,4,18,0,1,1,1,1
79900,1,47,102630,4,16,1,1,1,0,1
5000,1,42,57300,5,15,0,1,1,1,1
16998,1,56,33414,3,11,0,1,1,1,1
6302,1,26,37641,1,17,0,1,0,0,0
70700,1,33,30762,2,13,0,1,0,0,0
-10100,1,35,31242,3,12,0,0,1,0,1
22635,1,41,56220,2,17,0,1,1,0,1
-4750,1,52,45246,3,12,1,0,1,0,1
-9800,1,33,52962,3,12,0,1,1,1,1
6600,1,42,70635,4,13,0,1,1,0,1
440,1,49,61866,5,12,0,1,1,1,1
4510,1,39,38208,7,12,1,1,1,0,1
8137,1,44,20325,1,12,0,0,0,1,0
16700,1,31,29562,1,17,0,0,0,0,0
3700,1,44,52503,4,12,0,1,1,0,1
17420,1,30,36750,1,14,0,0,0,0,0
11100,1,32,49920,3,12,0,1,1,0,1
11009,1,45,20943,2,12,0,0,0,1,0
4730,1,44,53844,4,12,1,1,1,1,1
-8300,1,38,29046,5,12,0,1,1,0,0
1500,1,51,19866,3,12,0,0,0,1,0
39296,1,30,70962,3,14,1,1,1,0,0
43500,1,51,57783,2,13,0,1,1,1,1
2757,1,35,40719,3,14,0,0,1,0,1
17966,1,44,37620,2,12,1,1,1,0,1
12700,1,31,31494,4,14,0,1,1,0,0
-14300,1,36,46533,6,14,0,0,1,0,1
-3751,1,38,45027,5,14,0,1,1,0,1
6000,1,30,36720,3,8,0,1,1,1,1
43300,1,53,60282,3,13,1,1,1,1,1
-567,1,26,22914,4,1,0,1,1,0,1
57775,1,36,69003,4,16,0,1,1,1,1
-5900,1,36,77469,2,12,0,1,1,1,1
45650,1,42,52758,5,12,0,1,1,1,1
250,1,42,24132,6,11,0,1,1,0,1
129011,1,44,56802,4,16,1,1,1,0,1
7000,1,25,33630,1,16,0,0,0,0,0
39980,1,36,19296,2,12,0,0,0,1,0
12203,1,35,39876,3,12,0,1,1,1,1
-6545,1,26,45651,3,12,0,0,1,1,1
13704,1,37,81432,4,14,0,1,1,0,1
37600,1,27,44160,1,16,0,1,0,1,0
37000,1,30,80250,1,14,0,0,0,1,0
2119,1,42,31596,4,12,0,1,1,0,0
-660,1,46,20406,5,12,0,0,1,0,1
2700,1,39,45564,4,11,0,1,1,0,1
14006,1,37,33174,4,15,0,1,1,0,1
295136,1,50,61158,2,14,1,1,1,1,0
-10800,1,42,38316,3,15,0,1,0,1,0
8325,1,57,84927,3,12,1,1,1,0,1
21844,1,36,50025,4,16,0,1,1,0,0
1050,1,45,24018,3,14,0,1,1,0,0
56800,1,44,28125,4,11,1,1,1,0,0
137400,1,50,75120,4,12,0,1,1,1,1
42114,1,41,58368,5,17,1,1,1,1,1
55050,1,33,95472,3,18,1,1,1,1,1
-1388,1,34,17955,4,12,0,1,1,0,1
-7119,1,42,40557,4,12,0,1,1,0,0
4200,1,36,20160,5,12,0,1,0,1,0
-16900,1,40,86868,3,16,0,1,1,1,1
110000,1,56,27945,2,12,1,1,0,1,0
46931,1,44,69156,3,12,0,1,1,1,1
-4400,1,25,27615,1,14,0,0,0,0,0
9500,1,36,20562,1,12,1,1,0,0,0
14903,1,49,38511,2,8,0,1,1,0,1
49099,1,48,10149,1,12,1,1,0,1,0
-3029,1,46,44949,4,17,0,1,1,0,0
56300,1,57,43398,2,16,1,1,1,0,0
4550,1,26,20460,1,15,0,0,0,0,0
24745,1,52,28233,3,12,1,1,1,0,0
2200,1,26,18198,2,12,0,0,0,1,0
29300,1,52,37887,2,10,1,1,1,1,1
-1800,1,43,27354,3,12,0,1,0,0,0
41725,1,37,83868,3,13,0,1,1,1,1
111768,1,48,84000,2,17,0,1,1,1,1
81550,1,38,89388,2,16,0,1,1,1,1
17099,1,39,59616,1,18,1,0,0,0,0
61475,1,47,17280,2,15,0,1,0,0,0
19000,1,38,99030,3,16,1,1,1,0,1
0,1,58,9744,3,4,0,1,1,1,0
-8000,1,40,33714,3,12,0,0,1,0,1
82015,1,51,66477,3,12,1,1,1,0,1
-3600,1,54,29370,4,8,0,1,1,0,0
-1126,1,36,39366,4,13,0,0,1,0,1
50000,1,59,49245,4,15,0,1,1,0,0
-38523,1,40,44493,3,16,0,0,1,1,1
14200,1,56,73305,1,18,1,1,0,1,0
1700,1,25,25380,1,12,1,1,0,1,0
14970,1,59,67104,4,18,1,1,1,0,1
65750,1,57,55635,2,14,1,1,1,0,0
71197,1,60,55545,2,12,1,1,1,0,0
250,1,32,35607,6,13,0,1,1,0,1
19299,1,61,86442,2,18,1,1,1,0,1
-4875,1,31,27120,2,12,0,1,1,0,1
-13201,1,27,54708,2,18,0,0,1,1,1
15650,1,58,16200,2,13,0,1,0,1,0
-9925,1,28,54846,3,18,0,1,1,0,1
0,1,51,22500,1,9,0,1,0,0,0
93280,1,54,61194,4,13,1,1,1,1,1
9249,1,62,31059,2,12,1,1,1,0,0
1100,1,58,10863,4,12,0,1,1,0,0
3950,1,53,25257,6,12,1,0,0,0,0
3405,1,56,24243,3,13,0,1,1,1,0
71569,1,39,39705,4,13,1,1,1,0,1
28000,1,55,37377,3,8,0,1,1,0,0
65391,1,50,65565,4,17,1,1,1,1,1
8250,1,29,143781,3,17,0,1,1,1,1
50100,1,42,52416,4,13,1,1,1,1,1
-12800,1,28,57900,1,18,0,0,0,1,0
2500,1,51,30144,2,12,0,1,0,0,0
8009,1,62,21924,2,12,1,1,1,0,0
89509,1,57,28113,3,12,0,1,1,0,0
42800,1,45,68610,4,17,0,1,1,0,1
-700,1,41,43470,5,13,0,0,1,0,1
18700,1,41,75321,1,18,0,0,0,1,0
46059,1,37,57768,1,14,1,0,0,1,0
46622,1,44,57828,4,16,1,1,1,0,0
67115,1,44,55833,3,14,1,1,1,0,1
200,1,36,24009,1,12,0,0,0,1,0
5400,1,32,34215,4,16,0,0,1,0,0
4126,1,37,60927,3,13,0,1,1,1,1
8190,1,27,38640,2,16,0,0,1,1,1
43799,1,46,30933,1,12,0,0,0,0,0
61899,1,58,32118,1,12,1,0,1,0,0
11255,1,38,37800,4,12,0,0,0,1,0
-200,1,34,47547,4,12,1,1,1,0,1
62600,1,39,50979,4,12,1,1,1,0,1
4700,1,32,36300,1,16,0,1,0,0,0
-11700,1,34,63606,2,13,0,1,1,1,1
203200,1,39,97845,2,14,1,1,1,1,1
16376,1,31,44871,1,16,0,1,0,1,0
18310,1,34,15756,3,12,0,1,1,0,1
-4100,1,36,30972,4,12,0,0,1,1,1
4500,1,43,21960,1,16,0,1,0,1,0
79700,1,43,69000,2,13,0,1,1,0,0
779,1,62,29784,5,12,0,1,1,1,1
20890,1,46,43452,5,12,1,1,1,0,1
-3380,1,28,25245,2,14,0,1,1,1,1
1400,1,41,29121,4,12,0,1,1,1,1
-900,1,43,36612,2,14,0,1,1,1,1
2000,1,50,29784,4,7,0,1,1,1,1
-7402,1,33,19650,2,12,0,1,0,1,0
65200,1,59,32196,2,13,1,1,0,1,0
77900,1,62,48138,3,12,1,1,1,0,1
20000,1,39,59700,3,18,0,1,1,1,1
28600,1,43,73641,2,14,1,1,1,0,1
58019,1,47,43854,2,18,0,1,0,1,0
-6201,1,46,31116,3,12,0,1,1,1,1
3000,1,42,62112,7,12,0,1,1,0,0
47598,1,46,69780,5,12,1,1,1,0,1
0,1,42,29070,2,1,0,1,0,0,0
3487,1,26,44394,2,14,0,1,1,0,1
44762,1,47,38256,2,16,1,1,1,1,1
5162,1,36,36354,1,12,0,1,0,1,0
4150,1,47,38772,2,13,0,0,1,0,1
144498,1,62,50373,2,12,1,1,1,0,0
99900,1,50,84069,4,12,1,1,1,0,1
142100,1,37,191715,3,18,1,1,1,0,1
-13325,1,34,33669,3,12,0,1,0,0,0
125179,1,45,22953,1,12,1,1,0,1,0
8206,1,37,59028,4,16,0,1,1,1,1
-1665,1,44,57396,4,12,0,1,1,0,1
-4500,1,32,53322,5,16,0,1,1,0,1
600,1,33,25500,4,12,0,1,1,0,1
840,1,34,56058,3,12,0,1,1,1,1
1575,1,52,16644,2,10,0,1,1,0,0
8345,1,38,35718,3,12,0,1,1,0,1
-2200,1,51,46008,5,10,1,1,1,1,1
81312,1,59,71568,2,12,1,1,1,0,1
42390,1,27,30792,1,17,0,1,0,0,0
7255,1,27,23913,1,18,0,0,0,1,0
34908,1,43,31239,3,12,0,0,1,0,0
14599,1,49,107559,4,14,0,1,1,1,1
-2474,1,40,25614,4,14,0,0,1,0,0
171850,1,47,62553,6,12,1,1,1,0,0
-9000,1,39,63690,1,16,0,0,0,1,0
3874,1,56,56343,3,12,0,1,0,1,0
-6700,1,33,48705,3,12,0,0,1,0,1
0,1,38,22806,1,5,0,0,0,0,0
88998,1,53,39600,2,16,1,1,1,0,0
6320,1,38,40350,4,12,0,1,1,1,1
80248,1,48,50772,4,12,0,1,1,0,0
1960,1,29,27096,5,12,0,1,1,0,1
20100,1,52,91992,8,13,0,1,1,1,1
52500,1,63,17442,2,12,0,1,0,1,0
15630,1,48,121701,2,15,0,1,1,1,1
4766,1,33,52737,2,13,1,0,1,0,1
400,1,28,30129,1,12,0,0,0,1,0
14204,1,56,44220,3,13,0,1,1,0,0
42300,1,43,29688,5,12,0,1,1,1,1
7744,1,37,36882,4,12,0,1,1,0,0
75554,1,35,86472,4,16,1,1,1,1,1
16247,1,50,71205,2,17,0,1,1,1,1
1865,1,40,45279,3,13,0,0,1,1,1
28209,1,44,51717,1,12,0,1,0,1,0
200,1,45,14625,1,12,0,0,0,0,0
5899,1,40,67434,4,13,0,1,1,1,1
101300,1,43,142569,4,16,1,1,1,1,1
1720,1,30,58155,6,14,0,1,1,0,1
16925,1,34,42006,4,13,0,1,1,1,0
94399,1,63,56700,2,18,1,1,1,1,1
151998,1,57,49959,2,12,0,1,1,0,0
13202,1,39,40392,6,11,0,1,1,0,1
-6239,1,56,56676,2,12,0,1,1,1,1
15399,1,29,40776,4,16,0,1,1,0,1
3199,1,53,39666,2,14,0,1,1,1,0
-3620,1,29,23325,1,18,1,0,0,0,0
113600,1,47,52110,2,16,1,1,1,0,1
630632,1,50,101331,1,17,1,1,0,1,0
227000,1,35,135300,3,17,1,1,1,0,1
2200,1,34,57150,4,16,0,1,1,0,1
-40,1,46,20796,4,11,0,1,1,0,0
22499,1,53,28896,3,9,0,1,1,0,1
23000,1,27,44100,1,16,0,1,0,0,0
122448,1,46,29526,1,16,1,1,0,1,0
399946,1,39,160701,6,12,1,1,1,0,0
500,1,30,9180,4,12,0,0,1,0,0
46729,1,47,31908,3,17,0,1,0,0,0
2300,1,33,34308,4,12,0,0,1,0,1
-390,1,31,51051,4,12,0,1,1,0,1
-450,1,36,17736,3,12,0,0,0,0,0
940,1,39,37662,4,12,0,0,1,0,1
4000,1,29,27000,1,12,0,0,0,1,0
26000,1,43,56154,5,18,1,1,1,1,0
10649,1,57,9462,1,12,1,1,0,1,0
2099,1,31,60,1,16,0,1,0,1,0
-8334,1,45,101589,5,18,1,1,1,1,1
30740,1,53,31350,1,12,1,1,0,0,0
-105,1,35,86811,4,14,0,1,1,0,1
2167,1,42,73341,4,12,0,1,1,1,1
21299,1,63,59340,2,12,1,1,1,1,1
-1673,1,43,19293,5,12,0,1,1,0,0
7000,1,41,38880,2,18,0,1,1,1,1
47000,1,37,41784,4,18,0,1,1,0,0
176000,1,54,113013,2,14,0,1,1,0,0
475632,1,51,69987,3,14,0,1,0,0,0
6700,1,52,75612,2,16,0,1,1,1,1
-26670,1,34,36411,2,18,0,1,0,1,0
-2981,1,29,28050,4,10,0,0,1,1,1
5000,1,31,28635,1,12,0,1,0,1,0
42558,1,35,36234,1,16,0,0,0,0,0
-31500,1,59,63261,3,12,0,1,1,1,1
300,1,41,23043,4,12,0,1,0,0,0
-150,1,30,10455,3,12,0,0,1,0,0
-150,1,40,46215,2,14,0,0,1,1,1
68750,1,56,62700,2,11,0,1,1,0,1
21068,1,33,26526,1,12,1,1,0,1,0
13034,1,51,53700,4,12,0,1,1,0,0
6100,1,30,18750,4,12,0,0,0,1,0
61788,1,45,34488,4,12,0,1,1,0,1
21800,1,32,54144,1,16,1,0,0,0,0
242658,1,48,56754,3,16,1,1,1,0,1
14060,1,31,48177,4,16,1,1,1,0,1
-17531,1,52,30078,2,4,0,1,1,0,1
9000,1,33,58572,4,12,0,1,1,1,1
53800,1,60,28440,2,12,1,1,1,0,1
12230,1,33,63360,5,18,0,1,1,0,1
11638,1,27,36474,4,14,0,0,1,0,0
9500,1,29,32109,1,13,1,1,0,0,0
-4240,1,31,28035,2,13,0,0,0,0,0
-853,1,49,43224,4,12,0,1,1,1,0
20733,1,42,44520,3,12,1,1,1,0,1
10200,1,36,33960,13,4,0,0,1,0,0
1243,1,43,27048,4,12,0,1,1,0,1
300,1,34,18018,3,14,0,1,1,0,0
-410,1,30,21630,3,13,0,0,0,0,0
-13517,1,52,31368,3,12,1,1,1,0,0
21550,1,40,53736,5,13,0,1,1,0,1
47300,1,53,30900,2,12,0,1,0,0,0
-14675,1,42,35112,2,15,0,1,0,0,0
20240,1,33,46002,7,16,1,1,1,0,0
83300,1,43,77700,5,12,0,1,1,1,1
19449,1,35,49230,5,12,1,1,1,0,0
1226,1,64,34035,3,12,0,1,1,1,1
105000,1,40,101226,6,16,1,1,1,0,0
5528,1,28,31203,2,16,0,1,0,1,0
-1100,1,38,33048,2,15,0,0,0,0,0
7000,1,30,20640,4,12,0,1,1,0,0
46200,1,33,80724,1,16,1,1,0,1,0
2449,1,59,49950,2,12,0,1,1,1,1
-8340,1,44,33645,1,18,0,1,0,1,0
-2950,1,41,35772,4,15,0,1,1,0,1
1500,1,38,25500,1,12,0,0,0,0,0
-3165,1,43,17418,2,12,0,0,0,1,0
22849,1,38,47826,1,14,0,0,0,0,0
600,1,38,33579,1,16,0,0,0,0,0
11749,1,47,64011,3,18,1,1,1,0,1
37400,1,55,57672,3,12,0,1,1,0,1
8400,1,39,39168,1,12,0,0,0,1,0
51315,1,52,42270,4,12,0,1,1,0,0
-10475,1,32,28434,4,16,0,1,1,0,1
21589,1,59,25560,1,12,0,1,0,0,0
-1420,1,55,25761,1,15,0,0,0,1,0
75450,1,44,61869,2,12,0,1,1,1,1
-5119,1,31,18909,1,12,0,0,0,0,0
7460,1,57,27036,1,13,0,0,0,1,0
11509,1,29,44805,3,14,1,1,1,0,1
2640,1,32,18450,1,12,0,0,0,0,0
1380,1,41,42213,5,9,1,1,1,0,0
44500,1,40,62700,8,17,0,0,1,1,1
5248,1,46,33639,4,12,0,1,1,1,1
112000,1,41,61500,4,17,1,1,1,0,0
16000,1,31,120300,2,18,0,1,1,1,1
112749,1,39,31845,3,13,0,0,1,0,0
19431,1,38,56028,4,14,0,1,1,1,1
522380,1,48,84063,5,16,1,1,1,0,1
21048,1,25,39102,1,16,1,0,0,0,0
7999,1,45,57843,2,12,0,0,1,0,1
83100,1,48,58296,4,12,1,1,1,1,1
6505,1,41,30321,6,12,0,1,1,1,1
32900,1,42,16812,1,13,0,1,0,0,0
4700,1,26,36492,4,12,1,1,1,0,1
89150,1,52,67059,5,12,1,1,1,0,0
7100,1,41,72600,4,17,0,1,1,1,1
2547,1,37,57234,3,12,0,1,1,1,1
-23162,1,32,31644,4,12,0,1,1,1,1
230,1,28,7914,3,12,0,0,1,0,0
-5675,1,32,22425,4,13,0,0,1,0,0
25270,1,58,31689,2,4,0,1,1,0,1
-100,1,36,28032,1,12,0,0,0,1,0
272,1,38,15813,2,12,0,0,0,0,0
206100,1,56,50625,3,12,1,1,1,1,0
48330,1,57,35700,3,11,0,1,1,0,0
200,1,45,29838,4,8,0,1,1,0,0
23250,1,50,49848,3,18,1,1,0,1,0
13450,1,44,59235,4,12,1,1,1,0,1
-3700,1,34,26526,1,12,0,0,0,1,0
11600,1,26,36972,1,17,0,0,0,1,0
749,1,33,46245,4,12,0,1,1,0,0
12300,1,44,51612,4,14,0,1,1,0,1
45000,1,59,46920,6,12,0,0,1,0,0
3900,1,31,49410,4,14,0,0,1,1,1
10000,1,40,84360,4,16,0,0,1,1,1
8550,1,29,20025,2,13,0,0,0,1,0
174232,1,44,138942,4,16,1,1,1,0,1
9649,1,44,22044,4,12,0,1,1,1,0
115000,1,59,69435,2,13,1,1,1,1,1
115240,1,63,43326,2,12,1,1,1,1,0
14500,1,49,52590,2,12,0,1,1,1,1
-1222,1,38,35322,3,16,0,1,0,1,0
-6393,1,47,64656,4,17,0,1,1,1,1
5674,1,32,18594,1,12,0,0,0,1,0
-64,1,46,3900,4,12,0,0,1,0,0
28900,1,54,67431,4,13,1,1,1,0,1
57700,1,38,88764,2,15,0,1,1,1,1
-4783,1,46,51426,4,13,0,1,1,0,1
10329,1,64,37242,2,14,0,1,1,0,0
114000,1,53,156036,3,17,1,1,1,0,0
24210,1,50,24540,4,12,0,1,1,0,0
62899,1,45,45012,3,12,0,1,1,0,1
24278,1,43,49044,6,12,1,1,1,0,1
-2000,1,38,60,2,12,0,1,0,0,0
0,1,44,21480,1,12,0,0,0,1,0
13800,1,26,34494,2,13,0,1,1,0,1
599,1,28,26550,4,12,0,1,1,0,0
7099,1,39,63999,4,14,1,1,1,1,1
78600,1,57,63045,2,12,1,1,1,0,0
8500,1,41,50064,5,18,1,1,1,0,1
67100,1,29,98100,3,16,1,1,1,0,0
2100,1,39,45690,5,12,1,1,1,0,1
2473,1,28,14118,3,12,0,0,0,0,0
13499,1,41,41703,2,16,1,1,0,0,0
33200,1,36,90318,4,16,1,1,1,0,1
-11641,1,33,33849,5,12,0,1,1,0,0
314,1,44,50304,3,15,0,1,1,0,1
49850,1,43,79920,4,12,1,1,1,0,1
5100,1,35,27600,1,16,0,1,0,1,0
12049,1,43,32712,4,14,0,1,1,1,1
34900,1,54,85860,6,16,1,1,1,0,1
36728,1,44,63222,2,12,1,1,1,0,1
0,1,60,14640,1,10,0,0,0,0,0
167000,1,45,101496,1,16,1,0,0,1,0
-2000,1,35,30000,2,12,0,0,1,0,1
3400,1,44,24480,3,12,0,0,1,0,1
3038,1,48,35310,3,12,0,1,1,0,0
7456,1,30,66123,4,16,0,1,1,1,1
1158,1,54,10374,2,12,0,1,1,0,0
-8790,1,38,37140,1,18,0,1,0,1,0
-5075,1,52,31998,2,12,0,0,1,1,1
83000,1,32,40260,1,16,0,1,0,0,0
1300,1,44,32796,2,15,0,1,0,1,0
-5736,1,26,13770,1,14,0,0,0,0,0
29800,1,34,50442,1,17,1,1,0,1,0
1999,1,33,31203,4,12,0,1,1,0,1
102619,1,43,54150,3,14,1,1,1,0,1
29000,1,44,36966,3,13,1,1,1,1,1
-6600,1,44,58428,4,12,1,1,1,1,1
4975,1,47,63450,4,16,1,1,1,0,1
51000,1,45,31047,4,12,0,0,1,1,1
3899,1,49,75384,5,12,1,0,1,1,1
-8000,1,37,34827,2,18,0,0,0,1,0
-2245,1,32,40800,5,12,0,0,1,0,1
84228,1,56,29556,2,12,1,1,1,0,0
41200,1,29,36192,1,16,0,0,0,1,0
25136,1,35,53154,2,16,1,1,1,0,1
6450,1,31,41922,5,12,0,1,1,0,1
50,1,29,25155,3,14,0,0,1,0,0
1180,1,37,37275,6,12,1,1,1,0,1
-601,1,36,39450,5,12,0,1,1,1,1
157973,1,62,41106,2,12,1,1,1,0,0
82734,1,53,76050,4,13,1,1,1,0,1
1100,1,42,38007,5,12,0,1,1,1,1
6444,1,43,30318,1,13,0,1,0,1,0
32000,1,33,72960,4,12,0,1,1,0,1
-14800,1,56,72129,4,18,0,1,1,1,1
79999,1,48,58944,3,16,1,1,1,0,1
5168,1,50,64026,2,12,0,0,1,1,1
28400,1,32,70260,3,18,1,1,1,0,0
56053,1,37,55563,2,16,1,1,1,0,0
-11945,1,43,110820,4,14,0,1,1,0,1
42939,1,47,72600,2,15,1,1,1,1,1
100,1,35,14556,4,15,0,0,0,1,0
1449,1,36,44175,3,12,0,0,1,0,1
-2258,1,35,29586,5,9,0,1,1,0,0
-2135,1,49,41592,4,12,0,1,1,0,1
46987,1,64,60060,2,12,0,1,1,0,0
96600,1,47,60300,4,12,0,1,1,0,1
-21800,1,45,28584,3,15,0,1,1,0,1
30800,1,63,75804,4,16,0,1,1,1,1
15348,1,42,53391,1,16,1,1,0,1,0
-5946,1,35,18279,3,12,0,0,0,1,0
62699,1,64,19464,2,12,1,1,1,0,1
3842,1,27,25260,1,16,0,0,0,0,0
13000,1,58,36000,7,12,0,1,1,0,0
38500,1,41,24594,1,18,0,0,0,0,0
-4140,1,38,13668,3,13,0,0,0,0,0
-4810,1,27,25605,1,1,1,0,0,0,0
109230,1,35,86412,4,16,1,1,1,0,1
39650,1,42,65262,4,12,1,1,1,0,1
78656,1,41,108840,2,16,1,1,1,0,1
39700,1,41,85638,4,12,1,1,1,0,0
7500,1,30,37995,3,12,0,1,1,0,0
23799,1,48,89940,5,14,1,1,1,0,1
3700,1,39,32550,3,16,0,1,0,1,0
42711,1,38,54081,4,12,1,1,1,0,0
5000,1,28,68142,3,16,0,1,1,0,1
9181,1,33,57228,4,12,0,0,1,0,0
33567,1,46,63915,2,12,0,1,1,1,1
5300,1,37,39255,2,16,0,0,0,1,0
12400,1,45,36390,1,16,1,0,0,0,0
-6640,1,35,35124,2,15,0,0,0,0,0
16255,1,38,40362,4,16,0,1,1,0,1
-451,1,51,11835,3,12,0,1,0,0,0
36274,1,59,34875,1,18,1,1,0,1,0
15999,1,61,24180,2,8,0,1,0,1,0
-4700,1,36,35730,1,16,0,0,0,1,0
40056,1,42,51648,4,12,1,1,1,1,1
3000,1,26,36930,3,12,0,0,1,0,1
16170,1,46,36525,2,12,0,0,0,1,0
-1736,1,35,23295,1,16,0,1,0,0,0
94675,1,55,101187,5,12,0,1,1,0,1
-927,1,30,36144,4,16,0,1,1,0,0
-75652,1,40,69321,4,17,1,1,1,0,1
93783,1,39,59952,4,16,1,1,1,0,0
15900,1,41,52845,2,14,0,1,1,0,1
4250,1,52,85839,2,16,0,1,0,1,0
38355,1,35,74556,2,15,1,1,1,0,1
250863,1,63,98712,3,16,0,1,1,1,1
500,1,27,37626,2,17,0,1,1,0,1
53999,1,58,48882,2,12,1,1,1,1,1
-20700,1,41,38973,3,13,0,1,0,0,0
2125,1,34,93915,4,16,1,1,1,0,1
384150,1,63,70779,3,16,1,1,1,0,0
45155,1,32,59658,2,12,0,0,1,1,1
-3000,1,40,39816,5,16,0,1,0,0,0
314600,1,47,118197,4,16,1,1,1,1,1
3000,1,45,25500,2,12,0,0,1,0,1
-2700,1,31,97914,3,17,0,1,1,0,1
171000,1,50,103896,2,14,1,1,1,0,0
119250,1,37,74013,3,18,0,1,1,0,0
107999,1,64,46404,2,12,1,1,1,1,0
8800,1,48,39312,2,10,0,1,1,0,1
-2180,1,26,27423,4,12,0,1,1,0,0
20699,1,42,32289,3,13,0,1,1,0,0
132100,1,43,103080,3,12,0,1,1,0,0
10900,1,39,41793,5,14,0,1,1,1,1
-10550,1,32,73707,5,14,0,1,1,1,1
271859,1,60,78990,3,17,1,1,1,1,1
-18000,1,55,13260,1,12,0,0,0,1,0
21838,1,38,88770,4,16,0,1,1,1,1
15400,1,41,59937,4,14,0,1,1,1,1
0,1,45,19176,4,12,0,1,1,0,0
2329,1,44,26844,2,12,1,1,1,1,1
27650,1,34,20370,3,15,0,1,0,1,0
35300,1,39,36900,3,13,0,1,1,0,0
34850,1,44,66381,3,12,0,1,1,0,1
7121,1,49,18177,2,10,0,1,0,0,0
79700,1,56,54132,1,17,0,0,0,1,0
55608,1,43,46596,4,16,1,1,1,1,0
110800,1,37,71001,5,16,0,1,1,1,1
3000,1,51,37098,4,12,0,1,1,0,1
29190,1,34,38736,2,18,1,1,1,1,1
-3395,1,29,29427,4,12,0,0,0,1,0
-2000,1,43,23307,1,12,0,0,0,0,0
-1645,1,35,14076,4,12,0,0,1,0,0
0,1,33,15165,1,12,0,0,0,1,0
6225,1,37,42318,5,12,0,0,1,1,1
59000,1,58,28560,3,12,1,1,1,0,0
3836,1,25,33174,3,13,0,0,1,0,0
7598,1,37,42000,2,14,0,1,1,1,1
90200,1,41,119133,2,18,1,1,1,1,1
14000,1,35,75159,3,15,0,1,1,1,1
13470,1,30,54594,1,18,0,1,0,1,0
20700,1,26,31050,1,17,0,0,0,1,0
59500,1,62,31338,1,18,0,1,0,1,0
14000,1,33,30000,1,14,0,0,0,0,0
2300,1,27,28635,1,12,1,0,0,0,0
9000,1,36,59046,2,12,0,1,1,0,1
-4187,1,34,40224,3,14,0,0,0,0,0
250,1,54,51105,3,14,0,1,1,1,1
4540,1,51,34095,1,15,0,1,0,1,0
749,1,35,18837,1,11,0,0,0,0,0
11909,1,44,40917,5,12,0,1,1,0,0
1574,1,38,33345,4,12,0,1,1,0,1
350,1,34,24891,3,18,0,0,1,1,1
115100,1,44,106272,4,14,1,1,1,0,1
4000,1,45,29250,4,12,0,0,1,1,1
1334,1,54,69282,2,18,0,1,1,1,1
61115,1,49,96369,4,14,1,1,1,0,1
6227,1,52,30150,2,8,0,1,1,1,1
9325,1,36,43305,4,12,1,1,1,1,1
29250,1,34,76974,5,16,0,1,1,1,1
94000,1,44,109095,4,17,0,1,1,0,1
8400,1,38,31077,4,14,0,1,0,1,0
21200,1,49,63012,4,13,1,1,1,0,0
14200,1,51,58338,4,12,1,1,1,0,1
-10050,1,48,37347,2,13,0,0,1,0,1
-5550,1,27,21921,4,10,0,1,1,0,1
78559,1,58,62766,2,13,1,1,1,1,1
8849,1,31,72957,2,16,0,1,1,0,1
-1500,1,35,41526,2,12,0,0,1,1,1
4200,1,42,44760,3,17,0,1,1,1,1
6228,1,52,53295,3,12,0,1,1,0,1
-2700,1,52,35496,4,12,0,0,1,0,0
19700,1,56,32520,3,2,1,1,1,0,1
3500,1,33,19488,4,12,0,1,1,0,0
114000,1,44,48966,4,12,1,1,1,0,1
13499,1,61,26484,4,12,0,1,1,0,1
88759,1,53,53148,1,18,1,1,0,1,0
77200,1,36,33312,2,12,0,1,0,1,0
8000,1,49,50232,1,12,0,0,0,1,0
20050,1,31,58275,1,15,1,1,0,1,0
37510,1,47,70926,3,18,1,1,1,0,1
219948,1,53,45447,2,12,1,1,1,0,1
61698,1,49,67764,3,12,1,1,1,0,0
17285,1,44,54252,4,14,1,1,1,1,1
18825,1,29,50367,5,12,1,1,1,1,1
-5600,1,27,28464,4,16,0,1,1,0,0
0,1,57,40086,2,11,0,1,1,0,1
-4496,1,42,44016,4,12,1,0,1,0,1
2800,1,32,23628,3,12,0,0,0,0,0
7920,1,36,45210,6,14,0,1,1,1,0
52000,1,60,38820,1,14,0,0,0,1,0
84649,1,45,16182,1,12,0,0,0,1,0
54000,1,42,46659,1,17,1,1,0,0,0
-13190,1,26,54558,2,15,0,1,1,0,1
50700,1,41,57360,4,18,0,1,1,1,1
14238,1,45,23415,1,13,0,1,0,0,0
29200,1,57,66840,4,14,1,1,1,1,1
172,1,31,14610,1,18,0,0,0,1,0
-280,1,47,42120,4,12,0,1,1,0,0
7000,1,45,27600,1,17,1,1,0,0,0
-2500,1,46,10404,1,12,0,1,0,1,0
3000,1,49,58050,2,18,0,1,0,1,0
40800,1,38,76212,2,18,1,1,1,1,1
3509,1,54,38250,2,10,1,1,1,0,1
-6109,1,31,29343,2,15,0,1,1,0,1
6600,1,52,37791,2,14,1,0,1,0,1
76400,1,32,55542,2,16,1,1,1,1,1
65950,1,50,51897,2,14,1,1,1,0,0
-837,1,49,7296,3,12,0,0,0,0,0
51987,1,58,30795,2,12,1,0,1,0,1
0,1,29,52944,2,16,0,0,1,1,1
226,1,28,14415,1,13,0,0,0,1,0
79699,1,49,51213,3,14,1,1,1,1,1
-33848,1,38,41400,5,12,0,1,1,0,0
-1300,1,35,24924,3,9,0,1,1,0,0
-13700,1,28,21216,4,12,0,0,1,0,0
26299,1,46,57678,2,12,0,0,0,0,0
11500,1,54,36000,2,15,0,0,0,0,0
19444,1,62,64662,2,13,1,1,1,1,1
28300,1,30,35940,4,13,0,1,1,0,0
4020,1,46,28491,3,10,0,1,0,0,0
8000,1,44,17880,1,11,0,1,0,0,0
10300,1,34,43563,2,15,0,1,0,1,0
3300,1,48,19263,5,12,0,0,1,0,0
48799,1,41,37254,3,12,1,1,1,0,1
47500,1,46,35640,1,16,1,0,0,1,0
30425,1,38,57030,4,16,1,1,1,1,1
4000,1,29,25059,7,8,0,1,1,0,1
28405,1,59,51489,3,18,0,1,1,1,1
81500,1,45,63411,3,12,1,1,1,0,1
1000,1,31,35586,3,12,0,1,1,0,1
-500,1,40,24927,4,16,0,0,1,1,0
22610,1,37,65667,4,12,1,0,1,0,1
110350,1,50,99084,2,14,1,1,1,1,1
-3500,1,31,29937,6,12,0,1,1,0,0
5740,1,49,26505,2,16,1,1,0,1,0
12148,1,36,58026,4,17,1,1,1,0,1
-10115,1,34,49200,3,12,0,1,1,0,1
-4270,1,38,40488,4,16,0,1,1,0,0
14000,1,45,48663,4,12,0,1,1,0,1
5900,1,40,38376,2,12,0,0,0,1,0
16201,1,29,39396,1,18,0,1,0,0,0
4570,1,32,8664,2,13,0,0,0,0,0
4412,1,36,28500,3,12,0,0,0,1,0
-17201,1,36,63546,5,16,0,1,1,0,0
8600,1,34,70590,2,12,0,1,1,0,1
80020,1,46,99372,5,12,1,1,1,0,0
16200,1,36,33738,5,12,0,1,1,0,1
178935,1,63,38307,1,14,1,1,0,0,0
18900,1,32,49542,3,14,0,1,1,0,1
-1436,1,27,37815,4,12,0,0,1,0,1
4500,1,42,16512,1,13,0,1,0,0,0
34739,1,38,17028,3,14,0,1,1,0,0
-750,1,28,31926,2,12,0,0,1,0,1
40000,1,49,64215,4,16,1,1,1,0,1
172,1,34,13500,1,14,0,0,0,1,0
836,1,33,39027,3,12,0,1,1,1,0
6150,1,34,62616,4,16,0,1,1,0,1
14499,1,41,56190,3,18,0,1,1,1,1
-5400,1,28,26205,4,12,0,0,1,0,1
