scenario_id,scenario_name,replication,dgp_name,learner_name,n,p,n_obs,n_covariates,n_folds,theta_true,theta_0,data_seed,split_seed,learner_g_seed,learner_m_seed,learner_y,learner_d,theta_hat,se,t_stat,ci_lower,ci_upper,ci_length,covered,error,squared_error,failed,failure_reason,mean_fold_train_size,mean_fold_test_size,mean_fold_ratio,max_fold_ratio,mean_condition_number,max_condition_number,mean_min_eigenvalue,min_min_eigenvalue,rank_deficiency_rate,mean_nuisance_mse_y,mean_nuisance_mse_d,mean_nuisance_r2_y,mean_nuisance_r2_d
0,linear_confounding_n250_p25_k2_ols,0,linear_confounding,ols,250,25,250,25,2,1.0,1.0,2515238956,2509043849,1291756858,3458035359,OLSLearner,OLSLearner,1.0883237859022745,0.05649166873218049,1.5634833929407517,0.9776001151872008,1.1990474566173484,0.22144734143014755,True,0.08832378590227452,0.007801091156110827,False,,125.0,125.0,0.2,0.2,7.020785430337201,7.437980957566854,0.30599056086385834,0.28229278822752996,0.0,2.9550022865090266,1.5439220195093122,0.5144219656644093,0.42931036072036755
0,linear_confounding_n250_p25_k2_ols,1,linear_confounding,ols,250,25,250,25,2,1.0,1.0,498021354,3836371081,1996938848,2206090398,OLSLearner,OLSLearner,1.0310307275398993,0.06468188286974282,0.479743726730859,0.9042542371152034,1.1578072179645953,0.25355298084939193,True,0.031030727539899328,0.0009629060516554666,False,,125.0,125.0,0.2,0.2,5.851672323998052,6.298747712193269,0.34353391161855634,0.3258635815405409,0.0,3.1286047889825337,1.400788931555446,0.5184342595084852,0.41926887462470375
0,linear_confounding_n250_p25_k2_ols,2,linear_confounding,ols,250,25,250,25,2,1.0,1.0,3995844805,1953642853,1899919530,338819387,OLSLearner,OLSLearner,1.1217088785259033,0.06185555759674739,1.967630448331828,1.0004719856362785,1.242945771415528,0.2424737857792496,False,0.12170887852590329,0.014813051112033081,False,,125.0,125.0,0.2,0.2,6.675732688799901,7.578870581088644,0.3300458250823491,0.3142313658898782,0.0,2.8235814255098814,1.127237513235531,0.6169215710912692,0.49866902104976923
0,linear_confounding_n250_p25_k2_ols,3,linear_confounding,ols,250,25,250,25,2,1.0,1.0,1951986870,4069223965,2355462741,3694442209,OLSLearner,OLSLearner,1.066271141245954,0.05507617413322528,1.2032633400724044,0.9583218399448324,1.1742204425470755,0.21589860260224303,True,0.06627114124595401,0.004391864162041187,False,,125.0,125.0,0.2,0.2,5.3512407367859245,5.530232205350321,0.34499916274512854,0.34216210954281495,0.0,2.92597245834958,1.4720734175016643,0.5732957681361037,0.44079525413755394
0,linear_confounding_n250_p25_k2_ols,4,linear_confounding,ols,250,25,250,25,2,1.0,1.0,1528741118,2547572704,1010104046,27901356,OLSLearner,OLSLearner,0.9431472676983832,0.06288599424368872,-0.9040603235325738,0.8198907189807533,1.066403816416013,0.24651309743525973,True,-0.056852732301616804,0.0032322331701593026,False,,125.0,125.0,0.2,0.2,5.5985020252781315,5.946787217508872,0.33980606876441566,0.3196437319484129,0.0,2.623151589008825,1.3825267471109486,0.6318577315282341,0.48115624295796683
0,linear_confounding_n250_p25_k2_ols,5,linear_confounding,ols,250,25,250,25,2,1.0,1.0,2740392798,2366063928,116247463,3489264677,OLSLearner,OLSLearner,1.0345413245342194,0.065964642516821,0.5236339229066751,0.9052506252012502,1.1638320238671886,0.25858139866593843,True,0.03454132453421943,0.0011931031005782693,False,,125.0,125.0,0.2,0.2,6.479539898849742,7.318734852943815,0.32068066278240304,0.2836316869222897,0.0,2.605533769255622,1.21568295863289,0.6564289839764093,0.618178670726354
0,linear_confounding_n250_p25_k2_ols,6,linear_confounding,ols,250,25,250,25,2,1.0,1.0,469012672,841447610,1579073376,264816616,OLSLearner,OLSLearner,0.9200617490438637,0.06167997558967637,-1.2960162547391776,0.7991689968880981,1.0409545011996295,0.24178550431153145,True,-0.07993825095613627,0.006390123965926221,False,,125.0,125.0,0.2,0.2,6.548381386702384,6.5578271616469594,0.29177246326739315,0.2847530726037938,0.0,2.2598985336324273,1.3128295507101777,0.6902482035912293,0.4955330650894012
0,linear_confounding_n250_p25_k2_ols,7,linear_confounding,ols,250,25,250,25,2,1.0,1.0,3454224618,3924335679,2152434232,1982317795,OLSLearner,OLSLearner,1.0567460041976704,0.07277065592097191,0.7797923968047766,0.9141155185925655,1.1993764898027752,0.28526097121020977,True,0.0567460041976704,0.003220108992402026,False,,125.0,125.0,0.2,0.2,5.8483059442356335,6.363693943035689,0.33245117333602303,0.3126316879066917,0.0,2.223879196605152,0.9869462108428619,0.7043455947010742,0.6301937943996447
0,linear_confounding_n250_p25_k2_ols,8,linear_confounding,ols,250,25,250,25,2,1.0,1.0,347787102,1631937277,4005939467,192936431,OLSLearner,OLSLearner,1.0676154465609249,0.06833632846362363,0.9894509711173248,0.9336762427722226,1.2015546503496273,0.26787840757740466,True,0.06761544656092489,0.004571848613633289,False,,125.0,125.0,0.2,0.2,6.123795581922739,6.967078909831365,0.34317036854323496,0.32479541786775895,0.0,3.344998959134945,1.4490746365319258,0.5495898177164158,0.45172798564841815
0,linear_confounding_n250_p25_k2_ols,9,linear_confounding,ols,250,25,250,25,2,1.0,1.0,3667785321,4068485501,155226082,475270356,OLSLearner,OLSLearner,1.0641097122601335,0.06443683372759998,0.994923377693427,0.9378135181540376,1.1904059063662296,0.252592388212192,True,0.06410971226013351,0.004110055206077113,False,,125.0,125.0,0.2,0.2,5.195671188181377,5.299358450309941,0.392606099950644,0.3912189533342551,0.0,2.3616933190576743,1.0084898324891836,0.6872105844543367,0.6069224237029576
1,linear_confounding_n250_p25_k2_lasso,0,linear_confounding,lasso,250,25,250,25,2,1.0,1.0,980733435,289548175,3332082185,1256336018,LassoCVLearner,LassoCVLearner,1.0959975623168567,0.07453838824277723,1.2878942593202491,0.9499023213610134,1.2420928032727,0.29219048191168673,True,0.09599756231685674,0.009215531970778793,False,,125.0,125.0,0.2,0.2,5.352980768563896,5.433192469853784,0.37562166361366034,0.37245233451573995,0.0,2.591331454303719,1.0356757275244184,0.6032855225370177,0.5142333123684584
1,linear_confounding_n250_p25_k2_lasso,1,linear_confounding,lasso,250,25,250,25,2,1.0,1.0,3318285068,4053591291,4117610021,1625773981,LassoCVLearner,LassoCVLearner,0.9669862717766182,0.0623735545613936,-0.5292904734311195,0.8447341048362867,1.0892384387169496,0.24450433388066284,True,-0.03301372822338178,0.0010899062512073146,False,,125.0,125.0,0.2,0.2,5.349610367751904,6.035962677235796,0.367527562308663,0.3411851365952149,0.0,2.154680047306516,1.1199673737576088,0.6563718823641427,0.5354907453997462
1,linear_confounding_n250_p25_k2_lasso,2,linear_confounding,lasso,250,25,250,25,2,1.0,1.0,1795977111,3042941790,2938569823,4069184292,LassoCVLearner,LassoCVLearner,0.9927086205543986,0.058836010170733484,-0.12392715659071572,0.877390040619761,1.1080272004890361,0.23063715986927513,True,-0.007291379445601431,5.3164214219739035e-05,False,,125.0,125.0,0.2,0.2,6.218488980651765,7.512631659389567,0.3319919474710368,0.2728275263061826,0.0,2.4766477226400943,1.3644701025577253,0.6336146657933575,0.47788873710953655
1,linear_confounding_n250_p25_k2_lasso,3,linear_confounding,lasso,250,25,250,25,2,1.0,1.0,713687778,2514299165,1999835240,4169456313,LassoCVLearner,LassoCVLearner,1.0140805581421037,0.06726805361226607,0.20932013617138767,0.8822351730620622,1.1459259432221451,0.2636907701600829,True,0.014080558142103738,0.00019826211759316388,False,,125.0,125.0,0.2,0.2,5.58045394770361,5.75738322669537,0.339052980820232,0.33194636196180005,0.0,2.597395460925089,1.2752800388881451,0.5660104769517227,0.4619360430926782
1,linear_confounding_n250_p25_k2_lasso,4,linear_confounding,lasso,250,25,250,25,2,1.0,1.0,168583654,2210649377,2094780340,401012683,LassoCVLearner,LassoCVLearner,1.0414121480594232,0.06804950206182556,0.6085591636188412,0.908035124018245,1.1747891721006012,0.26675404808235614,True,0.04141214805942317,0.0017149660068955864,False,,125.0,125.0,0.2,0.2,5.732586254076074,5.848585893175652,0.35025088304595625,0.34986627913973267,0.0,2.6880537978534718,1.2879338302127392,0.574050894292272,0.5076695369750645
1,linear_confounding_n250_p25_k2_lasso,5,linear_confounding,lasso,250,25,250,25,2,1.0,1.0,3748246542,3730216823,4236443272,3358880552,LassoCVLearner,LassoCVLearner,0.8714613597993452,0.06892182133491455,-1.8649919243434068,0.7363745899829127,1.0065481296157777,0.27017353963286495,True,-0.12853864020065475,0.01652218202463338,False,,125.0,125.0,0.2,0.2,6.147319600253038,6.412756013938586,0.35182471863293474,0.32932401488140856,0.0,2.0162168016362934,1.0576510783478543,0.6812668100087476,0.5611150104349265
1,linear_confounding_n250_p25_k2_lasso,6,linear_confounding,lasso,250,25,250,25,2,1.0,1.0,3845820552,14972350,999536484,1090468854,LassoCVLearner,LassoCVLearner,0.9501692480617323,0.07036229982833869,-0.7082024331188527,0.8122591403981885,1.0880793557252761,0.27582021532708767,True,-0.04983075193826769,0.0024831038387331692,False,,125.0,125.0,0.2,0.2,5.969228995732006,6.338810478523226,0.3437757963007403,0.32072543681405197,0.0,2.216352280000088,1.1035443292991787,0.6426348449382614,0.5023415521813581
1,linear_confounding_n250_p25_k2_lasso,7,linear_confounding,lasso,250,25,250,25,2,1.0,1.0,4182341357,3873496612,3167787347,1869482207,LassoCVLearner,LassoCVLearner,0.858306451787767,0.06203131327445681,-2.284226155027729,0.7367250777698316,0.9798878258057023,0.24316274803587068,False,-0.141693548212233,0.020077061604972402,False,,125.0,125.0,0.2,0.2,6.078761969992454,6.7660564576276006,0.3149838018022517,0.26908228388823935,0.0,2.0560198827906526,1.1414336508408343,0.6407359622696451,0.4575183952825213
1,linear_confounding_n250_p25_k2_lasso,8,linear_confounding,lasso,250,25,250,25,2,1.0,1.0,3039704455,1444161211,443750724,1325404978,LassoCVLearner,LassoCVLearner,1.018017113621081,0.06660192377949391,0.27051941743803254,0.8874773430132729,1.148556884228889,0.26107954121561605,True,0.018017113621080938,0.00032461638323494027,False,,125.0,125.0,0.2,0.2,5.462047831210558,5.519160058894846,0.3704454867366789,0.3578739413014256,0.0,2.2854905381881365,1.0824232387931403,0.6434377819511062,0.567395735465541
1,linear_confounding_n250_p25_k2_lasso,9,linear_confounding,lasso,250,25,250,25,2,1.0,1.0,3494736637,2909987646,1291127800,453052778,LassoCVLearner,LassoCVLearner,1.0199545872037843,0.06751479154807973,0.2955587471461555,0.887625595769548,1.1522835786380206,0.26465798286847253,True,0.01995458720378429,0.00039818555047343177,False,,125.0,125.0,0.2,0.2,6.24990018924244,6.660251365258025,0.31052606661067417,0.2979591246250423,0.0,2.574133595002828,1.162918396799526,0.6462328300073017,0.5778941424391246
2,linear_confounding_n250_p25_k2_elastic_net,0,linear_confounding,elastic_net,250,25,250,25,2,1.0,1.0,1122052037,2783705216,672475387,1272248492,ElasticNetCVLearner,ElasticNetCVLearner,0.8965584607286394,0.06838552839533549,-1.5126232362111312,0.7625228250737819,1.030594096383497,0.2680712713097151,True,-0.10344153927136057,0.010700152046828431,False,,125.0,125.0,0.2,0.2,6.888398349273082,6.908663800912522,0.29058611412251245,0.2752148538121214,0.0,2.249957193276396,1.196507471991401,0.70463300437085,0.5680912066517008
2,linear_confounding_n250_p25_k2_elastic_net,1,linear_confounding,elastic_net,250,25,250,25,2,1.0,1.0,3191349843,2870744573,3186330202,1516462189,ElasticNetCVLearner,ElasticNetCVLearner,0.9658266109517073,0.063475248092358,-0.538373461708564,0.8414151246906856,1.090238097212729,0.24882297252204344,True,-0.0341733890482927,0.0011678205190459715,False,,125.0,125.0,0.2,0.2,5.584219120901441,5.89027152668251,0.3467333094244548,0.3213127488715627,0.0,2.280758352296337,1.2869234202656696,0.6493025632053429,0.49266628035294086
2,linear_confounding_n250_p25_k2_elastic_net,2,linear_confounding,elastic_net,250,25,250,25,2,1.0,1.0,384317485,845529318,3987171567,2812290974,ElasticNetCVLearner,ElasticNetCVLearner,0.9576892536586691,0.0592915429942009,-0.713605081005721,0.8414778293900353,1.0739006779273028,0.23242284853726747,True,-0.04231074634133092,0.0017901992559604476,False,,125.0,125.0,0.2,0.2,5.218649128684332,5.640450147335236,0.36894631687340845,0.34924576111759176,0.0,2.177750038079031,1.0467707635077832,0.6453212334411949,0.564038257357238
2,linear_confounding_n250_p25_k2_elastic_net,3,linear_confounding,elastic_net,250,25,250,25,2,1.0,1.0,2669688485,3198320869,4030322710,3013634370,ElasticNetCVLearner,ElasticNetCVLearner,1.0073629811066342,0.06519695685296725,0.11293442918262744,0.8795769456748184,1.1351490165384501,0.25557207086363176,True,0.007362981106634248,5.421349077665289e-05,False,,125.0,125.0,0.2,0.2,5.057277656719929,5.266641878505395,0.3660516966527415,0.3496778538132427,0.0,2.1340877814491206,1.0463579452469585,0.6451790778161823,0.528993222230046
2,linear_confounding_n250_p25_k2_elastic_net,4,linear_confounding,elastic_net,250,25,250,25,2,1.0,1.0,2182830289,2073121651,358087064,1485273142,ElasticNetCVLearner,ElasticNetCVLearner,0.9818230546505746,0.0616482297289826,-0.29484942924289476,0.8609925243817688,1.1026535849193806,0.24166106053761183,True,-0.018176945349425377,0.00033040134223599684,False,,125.0,125.0,0.2,0.2,6.028942385445317,6.656224618116817,0.3466581214161891,0.33749115926643086,0.0,2.169000585687648,1.1589194132959495,0.7057879836195072,0.566346197599867
2,linear_confounding_n250_p25_k2_elastic_net,5,linear_confounding,elastic_net,250,25,250,25,2,1.0,1.0,3448976921,1942836639,1374226613,3749798639,ElasticNetCVLearner,ElasticNetCVLearner,0.9601849511392693,0.05585024025287139,-0.7128894823095008,0.8507184802436414,1.0696514220348972,0.21893294179125578,True,-0.03981504886073073,0.0015852381157823753,False,,125.0,125.0,0.2,0.2,5.829432604502981,6.524904109022711,0.3379311297434814,0.2853910090060943,0.0,2.325645965692719,1.3402936725936871,0.6220512631004902,0.48315645734426205
2,linear_confounding_n250_p25_k2_elastic_net,6,linear_confounding,elastic_net,250,25,250,25,2,1.0,1.0,2605837965,3079058602,1573525669,3455247139,ElasticNetCVLearner,ElasticNetCVLearner,1.000102311800552,0.06333926834542032,0.001615298111656956,0.8759573458435282,1.1242472777575758,0.24828993191404758,True,0.00010231180055209066,1.0467704532210779e-08,False,,125.0,125.0,0.2,0.2,5.700147238841785,6.2038216272185736,0.34596415203632247,0.32314049827228997,0.0,2.5175038287815656,1.2241554841719913,0.5912959996689856,0.49758733902385033
2,linear_confounding_n250_p25_k2_elastic_net,7,linear_confounding,elastic_net,250,25,250,25,2,1.0,1.0,2729385904,1836042507,3873415498,3619792010,ElasticNetCVLearner,ElasticNetCVLearner,0.9425120683123497,0.06210852952367826,-0.9256044560793154,0.8207793504459403,1.0642447861787592,0.24346543573281887,True,-0.05748793168765032,0.0033048622897239497,False,,125.0,125.0,0.2,0.2,5.333512637516726,5.379515747793531,0.3504527925870946,0.3379226189587126,0.0,2.1741444424889984,1.1439112148753026,0.6762948165928007,0.4801758070417259
2,linear_confounding_n250_p25_k2_elastic_net,8,linear_confounding,elastic_net,250,25,250,25,2,1.0,1.0,1068213870,3445636295,988738725,1678907067,ElasticNetCVLearner,ElasticNetCVLearner,0.9275162715716542,0.08073606564596553,-0.8977862352891098,0.7692735829055617,1.0857589602377467,0.31648537733218496,True,-0.07248372842834583,0.005253890886874189,False,,125.0,125.0,0.2,0.2,6.268386247412581,6.629332065105962,0.31467249012556237,0.29052653876851214,0.0,2.252530360172212,1.0392516792252862,0.6203612013584531,0.5390822447942706
2,linear_confounding_n250_p25_k2_elastic_net,9,linear_confounding,elastic_net,250,25,250,25,2,1.0,1.0,3776972029,201330747,1460730992,778871370,ElasticNetCVLearner,ElasticNetCVLearner,0.9801147890342388,0.06048593692482283,-0.3287575918758818,0.861562352661586,1.0986672254068914,0.23710487274530545,True,-0.019885210965761235,0.0003954216151528309,False,,125.0,125.0,0.2,0.2,5.534413119205745,5.723167456414965,0.3642187238613775,0.3589217298731765,0.0,2.278577350019744,1.2186976312143818,0.637728371136269,0.5464914338137709
3,linear_confounding_n250_p25_k2_random_forest,0,linear_confounding,random_forest,250,25,250,25,2,1.0,1.0,2482338054,1942762617,2315610216,1397577349,RandomForestLearner,RandomForestLearner,1.0602952170430036,0.0782818020193352,0.7702328700623288,0.9068628850851066,1.2137275490009005,0.3068646639157939,True,0.06029521704300356,0.0036355131982629065,False,,125.0,125.0,0.2,0.2,6.373311330467226,6.767473265237864,0.31249656671782666,0.28511080461024146,0.0,3.8863400392838026,1.9294727717970352,0.3594802497886391,0.24507515801783847
3,linear_confounding_n250_p25_k2_random_forest,1,linear_confounding,random_forest,250,25,250,25,2,1.0,1.0,94383582,1507580373,2068312275,10875871,RandomForestLearner,RandomForestLearner,1.247854346842037,0.06696316620448131,3.7013534587832884,1.1166065410812538,1.3791021526028204,0.26249561152156664,False,0.2478543468420371,0.06143177724849283,False,,125.0,125.0,0.2,0.2,6.581062787603749,7.595198144123829,0.3204919338772303,0.2771465118502659,0.0,3.896754567443728,1.5985734444524466,0.4047917570899434,0.3181053340523796
3,linear_confounding_n250_p25_k2_random_forest,2,linear_confounding,random_forest,250,25,250,25,2,1.0,1.0,1143064394,3517965390,3243747535,1155546094,RandomForestLearner,RandomForestLearner,1.2164432914586154,0.06622306155029192,3.268397539945226,1.0866460908200433,1.3462404920971875,0.2595944012771443,False,0.2164432914586154,0.04684769841743914,False,,125.0,125.0,0.2,0.2,5.116815904271402,5.358432216924053,0.3669745317509464,0.34429636075233083,0.0,4.0714265924909085,1.6066628201469064,0.4325938793675498,0.3416284696098365
3,linear_confounding_n250_p25_k2_random_forest,3,linear_confounding,random_forest,250,25,250,25,2,1.0,1.0,670841357,3138502858,3132402370,3805929005,RandomForestLearner,RandomForestLearner,1.128292397646549,0.06775533970560761,1.8934654922249807,0.9954919318235582,1.26109286346954,0.26560093164598175,True,0.1282923976465491,0.016458939293900274,False,,125.0,125.0,0.2,0.2,5.612692706526701,5.613981761282702,0.35281281197396896,0.3524520766247252,0.0,4.411937704806454,1.9227451003775253,0.3070271172060482,0.25390871610840793
3,linear_confounding_n250_p25_k2_random_forest,4,linear_confounding,random_forest,250,25,250,25,2,1.0,1.0,3590104230,1219387532,3727566963,134098561,RandomForestLearner,RandomForestLearner,1.1996164613396663,0.07844800555639075,2.5445702529196366,1.0458583704491404,1.353374552230192,0.30751618178105167,False,0.19961646133966626,0.03984673163777048,False,,125.0,125.0,0.2,0.2,5.816715700902048,6.342916007134113,0.3406084637038564,0.32140430729676545,0.0,4.181834299054429,1.637332228203877,0.38550356590292034,0.280440700072211
3,linear_confounding_n250_p25_k2_random_forest,5,linear_confounding,random_forest,250,25,250,25,2,1.0,1.0,2264991530,3075577856,3662356067,1724759507,RandomForestLearner,RandomForestLearner,1.2175654820547677,0.06062390717014683,3.588773673794221,1.0987426240012799,1.3363883401082555,0.2376457161069756,False,0.21756548205476767,0.04733473898172343,False,,125.0,125.0,0.2,0.2,5.688316021670936,6.003855507999299,0.3362220455461117,0.3061849884739499,0.0,4.656641522674169,1.9790394214781593,0.3472748252139276,0.28576854545204333
3,linear_confounding_n250_p25_k2_random_forest,6,linear_confounding,random_forest,250,25,250,25,2,1.0,1.0,894678564,657816845,3166361635,4056248222,RandomForestLearner,RandomForestLearner,1.2365006780721564,0.06502303464655744,3.6371830284097264,1.1090555301649037,1.363945825979409,0.2548902958145054,False,0.23650067807215636,0.05593257072858974,False,,125.0,125.0,0.2,0.2,6.118698669191955,6.261044377307755,0.330217365560991,0.32977680714901997,0.0,4.6431526838482755,1.9917172828719505,0.28016725966751926,0.2513938019361404
3,linear_confounding_n250_p25_k2_random_forest,7,linear_confounding,random_forest,250,25,250,25,2,1.0,1.0,203915079,2869382335,227271176,1442958156,RandomForestLearner,RandomForestLearner,1.175101391135317,0.06161110545689788,2.8420426778061145,1.0543436244397972,1.2958591578308367,0.24151553339103948,False,0.17510139113531697,0.030660497177523262,False,,125.0,125.0,0.2,0.2,6.18808632304023,6.34878621559732,0.3108188189203346,0.30415854696836103,0.0,4.261306998336696,1.808627390193806,0.4040354567436145,0.31124011268597496
3,linear_confounding_n250_p25_k2_random_forest,8,linear_confounding,random_forest,250,25,250,25,2,1.0,1.0,2595511337,496203468,3287588820,1817068876,RandomForestLearner,RandomForestLearner,1.181180271536757,0.058928087078726765,3.0745995758305154,1.0656812208624524,1.2966793222110615,0.2309981013486091,False,0.18118027153675698,0.03282629079413299,False,,125.0,125.0,0.2,0.2,5.927232170465979,6.2795267079923764,0.32487815017131005,0.3117247140958142,0.0,3.975501010229789,1.7820401120351481,0.3481395252776372,0.2530544420566059
3,linear_confounding_n250_p25_k2_random_forest,9,linear_confounding,random_forest,250,25,250,25,2,1.0,1.0,1866791543,3265196103,1050951988,1041593099,RandomForestLearner,RandomForestLearner,1.2067705642890474,0.06439742694606061,3.2108513351354664,1.0805516074747685,1.3329895211033262,0.2524379136285577,False,0.2067705642890474,0.04275406625641108,False,,125.0,125.0,0.2,0.2,6.312118769072253,6.401293522592345,0.3254243019876176,0.3127910175067577,0.0,4.303483666152699,1.8053444520859965,0.37277463249890597,0.3330375879847272
4,linear_confounding_n250_p25_k2_gradient_boosting,0,linear_confounding,gradient_boosting,250,25,250,25,2,1.0,1.0,1002145042,3456709166,2989695788,1051528863,GradientBoostingLearner,GradientBoostingLearner,0.891431666977238,0.05741634916741554,-1.8908957918274583,0.7788956226091035,1.0039677113453724,0.22507208873626894,True,-0.10856833302276203,0.01178708293534136,False,,125.0,125.0,0.2,0.2,5.7304006983606985,6.4768106115017074,0.31031345472359306,0.27248368357236336,0.0,2.7303508522120774,1.620676426838171,0.5604542659550353,0.38876108213921773
4,linear_confounding_n250_p25_k2_gradient_boosting,1,linear_confounding,gradient_boosting,250,25,250,25,2,1.0,1.0,2587054707,2930605189,3714387087,4266831150,GradientBoostingLearner,GradientBoostingLearner,0.9221052734564987,0.07110032793155996,-1.095560721161251,0.7827486307106413,1.0614619162023562,0.2787132854917149,True,-0.07789472654350127,0.006067588423286841,False,,125.0,125.0,0.2,0.2,6.200271457939488,7.05813443864018,0.31561444030005914,0.2907100583845911,0.0,2.7925695936541484,1.3598881309266684,0.5544947081954243,0.44852460544625816
4,linear_confounding_n250_p25_k2_gradient_boosting,2,linear_confounding,gradient_boosting,250,25,250,25,2,1.0,1.0,3450628872,3798562881,908090110,3464837790,GradientBoostingLearner,GradientBoostingLearner,0.9463014534111839,0.06900774838528677,-0.7781524226671517,0.8110462665760219,1.081556640246346,0.27051037367032404,True,-0.05369854658881612,0.0028835339057512554,False,,125.0,125.0,0.2,0.2,5.40413795617964,5.8220490821893405,0.37335194824869083,0.36132444175692086,0.0,3.718424315084834,1.7588637136499345,0.5231006277348378,0.3671115693268334
4,linear_confounding_n250_p25_k2_gradient_boosting,3,linear_confounding,gradient_boosting,250,25,250,25,2,1.0,1.0,2621021881,3123575317,2637510310,52296760,GradientBoostingLearner,GradientBoostingLearner,1.0277892552421835,0.0555508834786642,0.5002486639633131,0.9189095236240016,1.1366689868603652,0.21775946323636364,True,0.027789255242183453,0.0007722427069152205,False,,125.0,125.0,0.2,0.2,5.452324302611666,5.88063751347393,0.37083589482612056,0.3439427293849548,0.0,2.893714267120747,1.4083910097546828,0.5397047646961568,0.369076689726332
4,linear_confounding_n250_p25_k2_gradient_boosting,4,linear_confounding,gradient_boosting,250,25,250,25,2,1.0,1.0,4213494086,503801869,37172336,2656314061,GradientBoostingLearner,GradientBoostingLearner,1.1127320592498606,0.07001351686723024,1.6101470729379224,0.9755055661900893,1.249958552309632,0.2744529861195426,True,0.11273205924986063,0.012708517182714088,False,,125.0,125.0,0.2,0.2,5.53005035119712,5.59100346752177,0.33945609626024664,0.32812941298686965,0.0,3.2922882157582922,1.3976196418294986,0.4352405375155118,0.3516899324330635
4,linear_confounding_n250_p25_k2_gradient_boosting,5,linear_confounding,gradient_boosting,250,25,250,25,2,1.0,1.0,4279559123,2105514206,2180837206,3758538618,GradientBoostingLearner,GradientBoostingLearner,0.9436126226622972,0.08999800381278061,-0.6265403114384994,0.7672165351892472,1.120008710135347,0.35279217494609993,True,-0.056387377337702826,0.0031795363230244823,False,,125.0,125.0,0.2,0.2,5.890348821929634,6.079129515505391,0.3472969625166592,0.32963850714000537,0.0,3.0683038465416894,1.4010597421589335,0.5190388534298788,0.43358163065170774
4,linear_confounding_n250_p25_k2_gradient_boosting,6,linear_confounding,gradient_boosting,250,25,250,25,2,1.0,1.0,3652195022,875618270,2432501710,93406608,GradientBoostingLearner,GradientBoostingLearner,0.9749970333792735,0.06170635194230452,-0.4051927529941218,0.8540525835723566,1.0959414831861902,0.24188889961383364,True,-0.02500296662072654,0.0006251483398371656,False,,125.0,125.0,0.2,0.2,6.042373826853323,6.620435919177315,0.33874609344104023,0.308067993606155,0.0,2.790097520871935,1.4589611762926764,0.5835319221554836,0.47778549344544846
4,linear_confounding_n250_p25_k2_gradient_boosting,7,linear_confounding,gradient_boosting,250,25,250,25,2,1.0,1.0,2450544783,2173753245,2670031727,1505517252,GradientBoostingLearner,GradientBoostingLearner,1.0314967217566346,0.06417541616883063,0.4907910791536448,0.9057129060657266,1.1572805374475426,0.2515676313818159,True,0.03149672175663465,0.0009920434814148624,False,,125.0,125.0,0.2,0.2,4.921533446576212,5.480151307406266,0.38424490507333875,0.3399876882263327,0.0,3.340053346138447,1.5505151129935384,0.516165344106186,0.41592054850312576
4,linear_confounding_n250_p25_k2_gradient_boosting,8,linear_confounding,gradient_boosting,250,25,250,25,2,1.0,1.0,3553439523,157172297,3718471847,49391867,GradientBoostingLearner,GradientBoostingLearner,0.9097393629573222,0.062129558951235266,-1.4527809076115012,0.7879654274129011,1.0315132985017432,0.24354787108884213,True,-0.09026063704267784,0.008146982599350027,False,,125.0,125.0,0.2,0.2,5.887249487011516,6.141523993695347,0.3505625650583414,0.3309755602186538,0.0,2.535880850374225,1.4755197271193747,0.5846395259690779,0.40659764434633217
4,linear_confounding_n250_p25_k2_gradient_boosting,9,linear_confounding,gradient_boosting,250,25,250,25,2,1.0,1.0,2691550582,689748305,3718658058,2800247414,GradientBoostingLearner,GradientBoostingLearner,1.1515294161774072,0.06272667149802796,2.415709498983556,1.0285851400412724,1.274473692313542,0.24588855227226958,False,0.15152941617740723,0.022961163967065882,False,,125.0,125.0,0.2,0.2,5.721158139688123,5.884271775519006,0.36768064383617893,0.3565414878297686,0.0,3.1819954181785244,1.3490035086955297,0.5685805709080256,0.557038872145824
5,quadratic_confounding_n250_p25_k2_ols,0,quadratic_confounding,ols,250,25,250,25,2,1.0,1.0,2775576404,743251820,1721258985,3772975039,OLSLearner,OLSLearner,1.202974484545531,0.08896934001509654,2.2813981143514135,1.0285945781159418,1.3773543909751202,0.34875981285917845,False,0.20297448454553102,0.04119864137652401,False,,125.0,125.0,0.2,0.2,5.548982426746551,5.783912794947475,0.34762180973762824,0.3148296829700534,0.0,10.858470762779264,4.731667119233675,-0.28162256830769705,-0.4440818838787939
5,quadratic_confounding_n250_p25_k2_ols,1,quadratic_confounding,ols,250,25,250,25,2,1.0,1.0,3186316083,2142332209,862295262,3400224766,OLSLearner,OLSLearner,1.2404636611816384,0.07796984259149829,3.084059851723469,1.0876427697023017,1.3932845526609752,0.3056417829586735,False,0.24046366118163842,0.0578227723488778,False,,125.0,125.0,0.2,0.2,5.275231499455394,5.338718318142888,0.36697510205259193,0.35630206145443954,0.0,11.892157040875027,4.726799001287919,-0.16467978392986538,-0.27921379004697455
5,quadratic_confounding_n250_p25_k2_ols,2,quadratic_confounding,ols,250,25,250,25,2,1.0,1.0,2470860629,1790659046,3834141348,3801625254,OLSLearner,OLSLearner,1.4297524682773728,0.057358323996849724,7.492416764147014,1.3173301532435473,1.5421747833111983,0.22484463006765099,False,0.4297524682773728,0.1846871839904943,False,,125.0,125.0,0.2,0.2,5.9275493195554585,6.726472852922343,0.34458616744027637,0.2919801045144701,0.0,21.179389723782794,8.357104704968904,-0.3879444215355893,-0.5930306692188004
5,quadratic_confounding_n250_p25_k2_ols,3,quadratic_confounding,ols,250,25,250,25,2,1.0,1.0,2366670719,3923921635,1115961061,987774036,OLSLearner,OLSLearner,1.2286743098805608,0.07678598890100168,2.978073384916421,1.0781737716345976,1.379174848126524,0.3010010764919264,False,0.2286743098805608,0.05229193999935075,False,,125.0,125.0,0.2,0.2,5.851121738395083,5.925283500714327,0.33880050626157965,0.3320088401799192,0.0,15.352230980199064,6.585505343930395,-0.1421449202330245,-0.3127707870930717
5,quadratic_confounding_n250_p25_k2_ols,4,quadratic_confounding,ols,250,25,250,25,2,1.0,1.0,752765150,1373918040,3589884228,830823066,OLSLearner,OLSLearner,1.377876474587662,0.07488496972749907,5.0460923729117715,1.2311019339217637,1.5246510152535602,0.29354908133179647,False,0.37787647458766194,0.14279063004679993,False,,125.0,125.0,0.2,0.2,6.37395010985799,7.542629685872228,0.3204474953718509,0.2640667663157895,0.0,11.610190006258502,4.442596399398207,-0.20227717152720504,-0.13442893708071857
5,quadratic_confounding_n250_p25_k2_ols,5,quadratic_confounding,ols,250,25,250,25,2,1.0,1.0,1484329989,505835210,4193016995,1954730987,OLSLearner,OLSLearner,1.395655235014659,0.08001084812182097,4.94501988545668,1.23883397269589,1.552476497333428,0.31364252463753806,False,0.39565523501465893,0.156543064994505,False,,125.0,125.0,0.2,0.2,5.558411293412693,6.165888056601991,0.3532733604241858,0.3388633567304935,0.0,13.511844894625492,4.97042542785722,-0.11110344821515217,-0.15209696741821943
5,quadratic_confounding_n250_p25_k2_ols,6,quadratic_confounding,ols,250,25,250,25,2,1.0,1.0,4290407161,3078945197,1793888053,1269566050,OLSLearner,OLSLearner,1.3225096199409156,0.10351605083792256,3.115551813755688,1.1196181602985875,1.5254010795832438,0.40578291928465626,False,0.32250961994091565,0.10401245495443386,False,,125.0,125.0,0.2,0.2,5.658137726514941,6.269454440787419,0.3565684841346646,0.3203573437218932,0.0,12.011076407475509,4.262662330406364,-0.13113523217369183,-0.14680726050747572
5,quadratic_confounding_n250_p25_k2_ols,7,quadratic_confounding,ols,250,25,250,25,2,1.0,1.0,1676960708,1616426976,3530808877,1290763971,OLSLearner,OLSLearner,1.4330375760940435,0.05692599444006209,7.607026989225331,1.3214626269915217,1.5446125251965652,0.2231498982050435,False,0.4330375760940435,0.1875215423094045,False,,125.0,125.0,0.2,0.2,5.069591766817944,5.357064496049845,0.35508107789260446,0.3540683498508288,0.0,14.347879660511197,5.36577965545564,-0.12895745133046455,-0.24466357391500937
5,quadratic_confounding_n250_p25_k2_ols,8,quadratic_confounding,ols,250,25,250,25,2,1.0,1.0,2120176429,4234891681,902223031,2982084321,OLSLearner,OLSLearner,1.4368376780668757,0.05970574604301383,7.316509833947381,1.3198144158225686,1.5538609403111827,0.23404652448861407,False,0.4368376780668757,0.19082715697885932,False,,125.0,125.0,0.2,0.2,5.322376664366594,5.581799312143424,0.36732856949578385,0.3566064370983013,0.0,13.527203720436999,4.604009609327907,-0.5660105108325288,-0.3608638079133941
5,quadratic_confounding_n250_p25_k2_ols,9,quadratic_confounding,ols,250,25,250,25,2,1.0,1.0,1707519536,2537566638,1129358536,4124775601,OLSLearner,OLSLearner,1.2093562567346572,0.06660514487696813,3.1432445214461504,1.0788101727757997,1.3399023406935147,0.26109216791771495,False,0.2093562567346572,0.043830042233947694,False,,125.0,125.0,0.2,0.2,5.504776610752556,5.901566792040553,0.35024187862944434,0.32234363744945393,0.0,11.420393311680249,5.304351841343328,-0.22457367771780357,-0.29932587328053906
6,quadratic_confounding_n250_p25_k2_lasso,0,quadratic_confounding,lasso,250,25,250,25,2,1.0,1.0,1373668301,2955741785,3489521054,2895093662,LassoCVLearner,LassoCVLearner,1.4405899523396661,0.0634911140154467,6.939395522851833,1.3161473688693905,1.5650325358099417,0.24888516694055118,False,0.44058995233966614,0.1941195061026693,False,,125.0,125.0,0.2,0.2,5.451243820023164,5.933573544897059,0.3725149976416201,0.3711918883319271,0.0,11.111175193244872,3.6756876706352104,-5.419607604251198e-06,-0.00040380254668359594
6,quadratic_confounding_n250_p25_k2_lasso,1,quadratic_confounding,lasso,250,25,250,25,2,1.0,1.0,83981005,2858065510,1443561540,1436164379,LassoCVLearner,LassoCVLearner,1.1201317455856932,0.09519776151670357,1.2619177559612538,0.9335441330129541,1.3067193581584322,0.3731752251454781,True,0.12013174558569317,0.014431636297465711,False,,125.0,125.0,0.2,0.2,5.698286455578179,5.769504634334622,0.32888498251540266,0.3181791167255479,0.0,9.967435543819946,4.722653125830156,-0.08903566201598978,-0.17328517086927164
6,quadratic_confounding_n250_p25_k2_lasso,2,quadratic_confounding,lasso,250,25,250,25,2,1.0,1.0,1636121928,2202241728,4030058258,755903182,LassoCVLearner,LassoCVLearner,1.3893664085923687,0.08613111406530546,4.520624315820961,1.22054942502437,1.5581833921603674,0.33763396713599736,False,0.3893664085923687,0.1516062001401194,False,,125.0,125.0,0.2,0.2,5.648954309171661,5.937519013338503,0.3510595183469799,0.31270582531770497,0.0,12.334357021603576,4.461623505461096,-0.10135875372254344,-0.042949165366493736
6,quadratic_confounding_n250_p25_k2_lasso,3,quadratic_confounding,lasso,250,25,250,25,2,1.0,1.0,189313010,1630555170,2882785831,3358724036,LassoCVLearner,LassoCVLearner,1.3918814146507732,0.07370687513052959,5.316755241037954,1.2474159393949351,1.5363468899066113,0.28893095051167617,False,0.3918814146507732,0.15357104314869124,False,,125.0,125.0,0.2,0.2,5.695661773897822,6.310923914595506,0.3322080836813253,0.2830786266157625,0.0,10.681099086483687,3.6852902789680466,-0.044058242444689255,-0.01348120093942451
6,quadratic_confounding_n250_p25_k2_lasso,4,quadratic_confounding,lasso,250,25,250,25,2,1.0,1.0,4107801125,60102246,1986293011,3486073017,LassoCVLearner,LassoCVLearner,1.4333741136715537,0.09009136825635314,4.8103844137253695,1.2567950318891015,1.6099531954540058,0.35315816356490437,False,0.43337411367155365,0.18781312240060472,False,,125.0,125.0,0.2,0.2,5.44771928531382,5.7517419296672365,0.38307032999003254,0.37837663345081246,0.0,12.95303526383495,4.488384087703954,0.00425610284638317,-0.0027079278462029954
6,quadratic_confounding_n250_p25_k2_lasso,5,quadratic_confounding,lasso,250,25,250,25,2,1.0,1.0,271059298,3395362451,1832226794,1573870590,LassoCVLearner,LassoCVLearner,1.3022222622151962,0.09867881309151887,3.062686434370695,1.1088117885558193,1.4956327358745731,0.3868209473187538,False,0.3022222622151962,0.09133829577847082,False,,125.0,125.0,0.2,0.2,6.036702988792523,6.074804841627946,0.33415241474116686,0.3005207938760961,0.0,9.528947995904565,3.4367149442320906,-0.07889575945813943,-0.03456292889103452
6,quadratic_confounding_n250_p25_k2_lasso,6,quadratic_confounding,lasso,250,25,250,25,2,1.0,1.0,2463523670,2767243523,3273595697,3220664427,LassoCVLearner,LassoCVLearner,1.3282654541355075,0.09759305661468537,3.3636148464081566,1.136983063170724,1.5195478451002908,0.3825647819295668,False,0.32826545413550745,0.10775820837879095,False,,125.0,125.0,0.2,0.2,7.109911323231563,7.294103444886916,0.298895039342293,0.29223488751251686,0.0,11.255185679691348,4.448563389640107,-0.022908641773913274,-0.004459450083119876
6,quadratic_confounding_n250_p25_k2_lasso,7,quadratic_confounding,lasso,250,25,250,25,2,1.0,1.0,2553389216,1387033299,3724305275,2379371576,LassoCVLearner,LassoCVLearner,1.4772465238419856,0.0854282119498656,5.586521278498284,1.309807228420249,1.6446858192637221,0.33487859084347305,False,0.4772465238419856,0.22776424451925895,False,,125.0,125.0,0.2,0.2,5.8953854326683555,6.339655125417398,0.3552134045142945,0.3385373332526637,0.0,13.01208741407008,4.686559942909142,-0.006550571704553865,-0.0140632319237457
6,quadratic_confounding_n250_p25_k2_lasso,8,quadratic_confounding,lasso,250,25,250,25,2,1.0,1.0,1051870919,3921476463,4009593637,2071922609,LassoCVLearner,LassoCVLearner,1.5194550876935615,0.09688020651264109,5.3618288646585635,1.329569882928785,1.709340292458338,0.3797704095295531,False,0.5194550876935615,0.26983358813072567,False,,125.0,125.0,0.2,0.2,7.280963820890163,8.079231711816401,0.2862997406402727,0.26688531905377566,0.0,14.657141063570968,4.654742431994657,-0.0313942387715026,-0.06905655940567723
6,quadratic_confounding_n250_p25_k2_lasso,9,quadratic_confounding,lasso,250,25,250,25,2,1.0,1.0,3714068578,134596959,1945457058,408077611,LassoCVLearner,LassoCVLearner,1.2662406996581916,0.08410847587686147,3.165444348890352,1.1013880869395432,1.4310933123768401,0.32970522543729697,False,0.26624069965819164,0.0708841101544834,False,,125.0,125.0,0.2,0.2,6.644010320236089,7.275849430901769,0.2925240593182113,0.2579168704692134,0.0,9.702543795080368,3.8057572530930566,-0.04102861772815625,-0.09686175527943852
7,quadratic_confounding_n250_p25_k2_elastic_net,0,quadratic_confounding,elastic_net,250,25,250,25,2,1.0,1.0,353531637,936419449,1723451681,3069141061,ElasticNetCVLearner,ElasticNetCVLearner,1.461182290762539,0.09151525726532832,5.039403314197571,1.2818123865224953,1.6405521950025825,0.35873980848008724,False,0.4611822907625389,0.212689105312983,False,,125.0,125.0,0.2,0.2,5.837813803865021,6.560411874013626,0.3331666716486002,0.30194673400331873,0.0,12.922328168367784,4.4306413244759835,-0.0016063094023934799,-0.0026552910907082783
7,quadratic_confounding_n250_p25_k2_elastic_net,1,quadratic_confounding,elastic_net,250,25,250,25,2,1.0,1.0,1834105091,2862145571,247203402,3762960798,ElasticNetCVLearner,ElasticNetCVLearner,1.5177372994733656,0.10269264229972545,5.041620196725133,1.3164597205659037,1.7190148783808274,0.4025551578149238,False,0.5177372994733656,0.2680519112659734,False,,125.0,125.0,0.2,0.2,5.810683886695725,6.640821705150923,0.3513137600476906,0.3223605754531351,0.0,13.07545056843663,4.268754418385295,-0.011217758997611682,0.0006209851781640019
7,quadratic_confounding_n250_p25_k2_elastic_net,2,quadratic_confounding,elastic_net,250,25,250,25,2,1.0,1.0,1065910192,2185143406,1659162851,1705811289,ElasticNetCVLearner,ElasticNetCVLearner,1.3102733021930824,0.08650373779042515,3.5868196001517245,1.140725976123849,1.4798206282623156,0.33909465213846657,False,0.31027330219308236,0.09626952205379981,False,,125.0,125.0,0.2,0.2,5.930607755068689,6.071181273051943,0.34764175103367023,0.33768073343912497,0.0,9.59291082371953,3.5598598769327374,-0.030434625628162015,-0.060684343950386355
7,quadratic_confounding_n250_p25_k2_elastic_net,3,quadratic_confounding,elastic_net,250,25,250,25,2,1.0,1.0,2802908172,289583246,554246502,1255263896,ElasticNetCVLearner,ElasticNetCVLearner,1.4520271585557414,0.07415883945709412,6.0953914848852175,1.306675833219837,1.5973784838916458,0.2907026506718089,False,0.4520271585557414,0.20432855207197737,False,,125.0,125.0,0.2,0.2,6.357037196161283,6.552597554138516,0.3301910515229165,0.32037162100645217,0.0,13.189077524692845,4.515406969750021,-0.000774038363933971,-0.01811572585842225
7,quadratic_confounding_n250_p25_k2_elastic_net,4,quadratic_confounding,elastic_net,250,25,250,25,2,1.0,1.0,1696364908,2703849925,1777549705,2736528632,ElasticNetCVLearner,ElasticNetCVLearner,1.3339353485469418,0.10115293560637291,3.3012917177848373,1.135675594758451,1.5321951023354328,0.39651950757698184,False,0.33393534854694185,0.11151281700916754,False,,125.0,125.0,0.2,0.2,6.667956247727783,7.17277523877587,0.29962614680091665,0.278922109826362,0.0,10.975981273992907,4.176180243608844,-0.07411399321941536,-0.09319361055335917
7,quadratic_confounding_n250_p25_k2_elastic_net,5,quadratic_confounding,elastic_net,250,25,250,25,2,1.0,1.0,1950862554,348028945,673098230,1527782826,ElasticNetCVLearner,ElasticNetCVLearner,1.4475621260651474,0.06829416108461218,6.5534464287605205,1.3137055703393075,1.5814186817909874,0.26771311145168,False,0.44756212606514745,0.20031185668795493,False,,125.0,125.0,0.2,0.2,5.5284788568278955,5.636302228361728,0.35534412228520074,0.3514305230494385,0.0,9.922339981990568,3.383735830348241,-0.007352746321986903,-0.010585448272906195
7,quadratic_confounding_n250_p25_k2_elastic_net,6,quadratic_confounding,elastic_net,250,25,250,25,2,1.0,1.0,4077072346,1686149859,3807942123,1750326774,ElasticNetCVLearner,ElasticNetCVLearner,1.4906244746122856,0.07692337763484858,6.378093236379394,1.3398546544479824,1.641394294776589,0.3015396403286066,False,0.49062447461228564,0.24071237508858132,False,,125.0,125.0,0.2,0.2,5.907805918334059,6.743740550000406,0.3447998556010722,0.31907681251120534,0.0,13.615465426101586,4.698158092839691,-0.0011519036990049747,-0.0035987039968247148
7,quadratic_confounding_n250_p25_k2_elastic_net,7,quadratic_confounding,elastic_net,250,25,250,25,2,1.0,1.0,2853088365,2184117015,3260823020,2708050911,ElasticNetCVLearner,ElasticNetCVLearner,1.4826311456477064,0.08665326509250519,5.569682171035123,1.3127907460663961,1.6524715452290166,0.3396807991626205,False,0.48263114564770637,0.23293282274921756,False,,125.0,125.0,0.2,0.2,5.233673033911572,5.605833918910673,0.37735209402054204,0.3255714826871124,0.0,11.229840818707764,3.6425714570581755,-0.009924058345157638,-0.006965022586037484
7,quadratic_confounding_n250_p25_k2_elastic_net,8,quadratic_confounding,elastic_net,250,25,250,25,2,1.0,1.0,753855649,1829889260,991886914,2356623229,ElasticNetCVLearner,ElasticNetCVLearner,1.3050754370633344,0.07763267136353218,3.929729992605189,1.1529154011908114,1.4572354729358574,0.30432007174504605,False,0.3050754370633344,0.0930710222993845,False,,125.0,125.0,0.2,0.2,5.527703253269506,5.564791666397919,0.3691586457070719,0.3503562549249677,0.0,9.009345002937469,3.2553932090626683,-0.07508289930433787,-0.0300397553083811
7,quadratic_confounding_n250_p25_k2_elastic_net,9,quadratic_confounding,elastic_net,250,25,250,25,2,1.0,1.0,2560306089,3211679972,2889094021,1869811308,ElasticNetCVLearner,ElasticNetCVLearner,1.2650281966505825,0.09958583991677486,2.6613040254725964,1.0698399504137037,1.4602164428874613,0.3903764924737576,False,0.2650281966505825,0.07023994501985985,False,,125.0,125.0,0.2,0.2,4.689874009945891,4.74664908404574,0.4078576856335582,0.3954264681633284,0.0,9.173851133910684,3.5204430411755214,-0.07886152263878721,-0.021576514183410445
8,quadratic_confounding_n250_p25_k2_random_forest,0,quadratic_confounding,random_forest,250,25,250,25,2,1.0,1.0,1105661556,3700020444,2099628417,354009119,RandomForestLearner,RandomForestLearner,1.201591470813849,0.13323987944300641,1.5129964966688534,0.9404413071055565,1.4627416345221418,0.5223003274165853,True,0.2015914708138491,0.04063912110489097,False,,125.0,125.0,0.2,0.2,5.384433342106085,5.515847118109729,0.34739635434620253,0.33728810791168584,0.0,6.9580646110697195,2.912775572432257,0.14345645360789472,0.1000865438746002
8,quadratic_confounding_n250_p25_k2_random_forest,1,quadratic_confounding,random_forest,250,25,250,25,2,1.0,1.0,188880700,2176766832,1679612204,3427571454,RandomForestLearner,RandomForestLearner,1.457829432970737,0.10552296938668108,4.338670865989898,1.2510044129728422,1.664654452968632,0.41365003999578986,False,0.4578294329707371,0.20960778969430663,False,,125.0,125.0,0.2,0.2,6.8956567442079955,7.219582676983539,0.29984964997587116,0.29006701293437137,0.0,11.962926595286774,3.7300121413693486,0.24226771099376765,0.18187603941457764
8,quadratic_confounding_n250_p25_k2_random_forest,2,quadratic_confounding,random_forest,250,25,250,25,2,1.0,1.0,3057336166,2067872094,2799685951,1462546318,RandomForestLearner,RandomForestLearner,1.2847511389012847,0.08867123676541916,3.2113134911447925,1.110955514841063,1.4585467629615063,0.3475912481204433,False,0.2847511389012847,0.08108321110557871,False,,125.0,125.0,0.2,0.2,5.096479862352982,5.296061085453723,0.37185017367859907,0.353172002763167,0.0,8.688209531182212,3.330580724398355,0.2730332162425859,0.26254098277482096
8,quadratic_confounding_n250_p25_k2_random_forest,3,quadratic_confounding,random_forest,250,25,250,25,2,1.0,1.0,1931573264,4159469943,166602328,2897828877,RandomForestLearner,RandomForestLearner,1.1463668193392254,0.10188948646743816,1.4365252433184188,0.9466634258630465,1.346070212815404,0.39940678695235754,True,0.14636681933922535,0.02142324580348143,False,,125.0,125.0,0.2,0.2,5.7004381654743845,6.021735413525071,0.34931518483730817,0.3404523267527112,0.0,7.9575392251434955,3.5485540771192303,0.24051653931826222,0.16251563765450766
8,quadratic_confounding_n250_p25_k2_random_forest,4,quadratic_confounding,random_forest,250,25,250,25,2,1.0,1.0,2059708530,3295492603,3535162234,800584100,RandomForestLearner,RandomForestLearner,1.2997585180671434,0.09739935797596108,3.0776231414289827,1.1088557764342597,1.490661259700027,0.38180548326576735,False,0.2997585180671434,0.08985516915380992,False,,125.0,125.0,0.2,0.2,5.511733966191384,5.666663588685414,0.34438582853798216,0.3387895328603428,0.0,9.186127292277941,3.500905019767278,0.2449516809543401,0.24162987003305414
8,quadratic_confounding_n250_p25_k2_random_forest,5,quadratic_confounding,random_forest,250,25,250,25,2,1.0,1.0,849701138,1450194021,237251024,4157107666,RandomForestLearner,RandomForestLearner,1.3407007280029675,0.06964565561829313,4.891916444440492,1.204195242991113,1.477206213014822,0.2730109700237091,False,0.34070072800296747,0.11607698606175203,False,,125.0,125.0,0.2,0.2,5.088671098042543,5.4895323277178525,0.3841830670715477,0.3567956975186294,0.0,8.502018119804086,3.261234748784691,0.23264384577611613,0.20770474181940435
8,quadratic_confounding_n250_p25_k2_random_forest,6,quadratic_confounding,random_forest,250,25,250,25,2,1.0,1.0,3399511612,2165396308,2186194692,3870809039,RandomForestLearner,RandomForestLearner,1.3046473012258857,0.08873912797032703,3.4330662042087563,1.1307186104040448,1.4785759920477266,0.34785738164368185,False,0.3046473012258857,0.09280997814421553,False,,125.0,125.0,0.2,0.2,5.342381105330528,5.542993152860537,0.3525385496964688,0.3352623758563991,0.0,9.395700092203121,3.7632790621824066,0.22544402982507716,0.15633094710298362
8,quadratic_confounding_n250_p25_k2_random_forest,7,quadratic_confounding,random_forest,250,25,250,25,2,1.0,1.0,2240387042,2962259681,4138397106,3783954124,RandomForestLearner,RandomForestLearner,1.042327277812168,0.09450446481508676,0.4478865405458683,0.8570985267745979,1.227556028849738,0.37045750207514017,True,0.04232727781216794,0.0017915984469884445,False,,125.0,125.0,0.2,0.2,6.899042797371216,7.649363932000411,0.29237543170718555,0.24803755105833383,0.0,6.157260944837669,3.0384262769701835,0.27295384860394467,0.16036903128004615
8,quadratic_confounding_n250_p25_k2_random_forest,8,quadratic_confounding,random_forest,250,25,250,25,2,1.0,1.0,1813720874,2966882231,2594547898,2282499281,RandomForestLearner,RandomForestLearner,1.2024200730853871,0.07383204445110916,2.741628984951482,1.057709265961213,1.3471308802095612,0.2894216142483481,False,0.20242007308538712,0.04097388598789346,False,,125.0,125.0,0.2,0.2,6.073162477128088,7.027667703080105,0.34385294981381914,0.31012640104796724,0.0,6.359503003800386,2.603065521242126,0.180481908000435,0.12429535967709449
8,quadratic_confounding_n250_p25_k2_random_forest,9,quadratic_confounding,random_forest,250,25,250,25,2,1.0,1.0,3734528611,2369968120,854893177,4181371413,RandomForestLearner,RandomForestLearner,1.2138902243669492,0.08041863415969612,2.6597097376984022,1.0562697014139448,1.3715107473199535,0.31524104590600865,False,0.21389022436694916,0.04574902807974385,False,,125.0,125.0,0.2,0.2,6.019256939545885,6.188751574134588,0.32396660366948893,0.3237884576740968,0.0,7.505826214570726,3.2978813311091075,0.20550475926974382,0.1452880470956765
9,quadratic_confounding_n250_p25_k2_gradient_boosting,0,quadratic_confounding,gradient_boosting,250,25,250,25,2,1.0,1.0,4174701643,846183814,1589068271,471578865,GradientBoostingLearner,GradientBoostingLearner,1.1689475957077988,0.09504361234534209,1.7775796977699643,0.9826621155109283,1.3552330759046693,0.37257096039374105,True,0.16894759570779883,0.028543290095445845,False,,125.0,125.0,0.2,0.2,5.223814665561827,5.79413124416491,0.3805790037770588,0.35594710357365306,0.0,7.8718230412561825,3.427803803537161,0.27045370365526117,0.20868271390267135
9,quadratic_confounding_n250_p25_k2_gradient_boosting,1,quadratic_confounding,gradient_boosting,250,25,250,25,2,1.0,1.0,264983303,2095425637,3459269081,3063477359,GradientBoostingLearner,GradientBoostingLearner,1.3447375283287468,0.09902028065843357,3.4814840559572326,1.150657778238217,1.5388172784192766,0.3881595001810596,False,0.3447375283287468,0.11884396343821352,False,,125.0,125.0,0.2,0.2,5.529630783582089,5.535231265649086,0.33786305148679296,0.3274151931064533,0.0,12.209514538065317,4.30570314903161,-0.11359450908833124,-0.12669753475572354
9,quadratic_confounding_n250_p25_k2_gradient_boosting,2,quadratic_confounding,gradient_boosting,250,25,250,25,2,1.0,1.0,1418465753,3749025081,3977317330,2309754333,GradientBoostingLearner,GradientBoostingLearner,1.2424426044170827,0.08431690154881734,2.8753737384042104,1.0771814773814006,1.4077037314527647,0.33052225407136415,False,0.24244260441708265,0.05877841643653803,False,,125.0,125.0,0.2,0.2,5.891118241322696,5.9149665390138395,0.3412249275198951,0.33486527303492464,0.0,8.624934300737968,3.2574697955327836,0.24131401143697578,0.16685260747775438
9,quadratic_confounding_n250_p25_k2_gradient_boosting,3,quadratic_confounding,gradient_boosting,250,25,250,25,2,1.0,1.0,2442338504,2007166538,3919042966,2927562416,GradientBoostingLearner,GradientBoostingLearner,1.1638231766943694,0.07792268334567097,2.102381099578377,1.0110947173368543,1.3165516360518845,0.3054569187150302,False,0.1638231766943694,0.026838033222234582,False,,125.0,125.0,0.2,0.2,5.363617131436278,5.660450778317573,0.38154853145443196,0.3667021845483124,0.0,9.059091642735426,4.279334953139664,0.34219007658289896,0.10691287666476446
9,quadratic_confounding_n250_p25_k2_gradient_boosting,4,quadratic_confounding,gradient_boosting,250,25,250,25,2,1.0,1.0,3161984001,211398090,2822533496,3835429370,GradientBoostingLearner,GradientBoostingLearner,0.9885555572956579,0.08749954756098631,-0.1307943072090221,0.8170564440761248,1.160054670515191,0.3429982264390663,True,-0.011444442704342084,0.00013097526881296874,False,,125.0,125.0,0.2,0.2,5.501728764861301,5.7189951601499995,0.3518303143261047,0.34341749670587174,0.0,5.783971761936828,2.6097075549983506,0.44240269080047184,0.22988742333573148
9,quadratic_confounding_n250_p25_k2_gradient_boosting,5,quadratic_confounding,gradient_boosting,250,25,250,25,2,1.0,1.0,2969619236,941511686,3774813710,4293636596,GradientBoostingLearner,GradientBoostingLearner,1.2858001584445016,0.09894785802581367,2.8883915644737006,1.0918623567139067,1.4797379601750964,0.38787560346118966,False,0.2858001584445016,0.0816817305669022,False,,125.0,125.0,0.2,0.2,5.401867442100478,6.260069126431146,0.36731693698629114,0.3253314771170077,0.0,9.712730699352857,3.600206564365862,0.33682128256768795,0.26263080610622647
9,quadratic_confounding_n250_p25_k2_gradient_boosting,6,quadratic_confounding,gradient_boosting,250,25,250,25,2,1.0,1.0,1020228420,2127112300,224521591,4268362170,GradientBoostingLearner,GradientBoostingLearner,1.3121823598614974,0.10556556881111323,2.95723656280468,1.1052738449917154,1.5190908747312795,0.413817029739564,False,0.31218235986149745,0.0974578258086935,False,,125.0,125.0,0.2,0.2,6.439906637034756,6.489645990979552,0.3199794768480865,0.31521159965368234,0.0,9.609072189801271,3.39897773654437,0.2242028490658028,0.23777019682958433
9,quadratic_confounding_n250_p25_k2_gradient_boosting,7,quadratic_confounding,gradient_boosting,250,25,250,25,2,1.0,1.0,1223835065,1483086286,2085334250,1724412791,GradientBoostingLearner,GradientBoostingLearner,1.35593489575648,0.1139348408743027,3.1240215286662063,1.1326226076428467,1.5792471838701134,0.4466245762272667,False,0.3559348957564801,0.12668965001717633,False,,125.0,125.0,0.2,0.2,5.55613628597448,5.878104142760216,0.3379187912807159,0.3352347743594269,0.0,12.278744037499411,4.520241999191962,0.12875202838322175,-0.011645763089622563
9,quadratic_confounding_n250_p25_k2_gradient_boosting,8,quadratic_confounding,gradient_boosting,250,25,250,25,2,1.0,1.0,2897678858,4116460067,475160601,399542553,GradientBoostingLearner,GradientBoostingLearner,1.1564104146571006,0.09785516774228083,1.5983868636251846,0.9646142858822302,1.348206543431971,0.3835922575497408,True,0.1564104146571006,0.024464217813206148,False,,125.0,125.0,0.2,0.2,5.774209101023776,6.456684868058868,0.3396362415174389,0.2942735854367198,0.0,9.735176274417984,4.173869264160318,0.23382200434804468,0.10989443804720506
9,quadratic_confounding_n250_p25_k2_gradient_boosting,9,quadratic_confounding,gradient_boosting,250,25,250,25,2,1.0,1.0,3443969452,1933544669,1700815993,4209924017,GradientBoostingLearner,GradientBoostingLearner,1.1434983903781555,0.0900997100712919,1.5926620658891308,0.9669029586384233,1.3200938221178875,0.35319086347946416,True,0.14349839037815548,0.020591788041121505,False,,125.0,125.0,0.2,0.2,6.226581213782627,6.653971661449233,0.33429304063023174,0.31185504819689636,0.0,9.248454016666248,4.225548885770824,0.3443634611435219,0.13118865371874516
10,interaction_confounding_n250_p25_k2_ols,0,interaction_confounding,ols,250,25,250,25,2,1.0,1.0,170518849,4117765780,2701414625,540811439,OLSLearner,OLSLearner,1.2960233432612454,0.06631866766632195,4.463650336744814,1.1660387546352544,1.4260079318872363,0.2599691772519819,False,0.29602334326124535,0.0876298197555651,False,,125.0,125.0,0.2,0.2,5.425333220179912,5.534200273495652,0.36499082557402873,0.36396602818532026,0.0,9.239862445096142,3.5239736671890065,-0.42238658357786074,-0.3956601303038313
10,interaction_confounding_n250_p25_k2_ols,1,interaction_confounding,ols,250,25,250,25,2,1.0,1.0,1881232052,396121611,1104453804,1016911830,OLSLearner,OLSLearner,1.2258938644885495,0.06556301109722908,3.445446764999123,1.0973903627379806,1.3543973662391184,0.2570070035011378,False,0.22589386448854953,0.051028038013571184,False,,125.0,125.0,0.2,0.2,6.309276109393081,6.4424193242946854,0.307994732391498,0.2873974351197181,0.0,7.543178144645006,3.063526343993148,-0.3129937542916753,-0.18025955217036815
10,interaction_confounding_n250_p25_k2_ols,2,interaction_confounding,ols,250,25,250,25,2,1.0,1.0,1685506257,419271956,2032691249,2342114437,OLSLearner,OLSLearner,1.347107519215285,0.07530658981757653,4.60925823432082,1.199506603172835,1.4947084352577351,0.29520183208490014,False,0.34710751921528504,0.12048362989578948,False,,125.0,125.0,0.2,0.2,5.40773859823422,5.734711985306587,0.35552797105968387,0.34743445398526646,0.0,9.661581820180881,3.559449258706702,-0.3970690068203221,-0.46870061166132093
10,interaction_confounding_n250_p25_k2_ols,3,interaction_confounding,ols,250,25,250,25,2,1.0,1.0,145131177,1969690686,2258597470,2566132238,OLSLearner,OLSLearner,1.4385592488513808,0.06389774575336722,6.863454159151929,1.313319667174781,1.5637988305279804,0.2504791633531993,False,0.43855924885138076,0.19233421475308732,False,,125.0,125.0,0.2,0.2,6.58965609724428,6.91639052146577,0.31892274659821296,0.31654856439152995,0.0,10.931427020848547,3.8220233527761964,-0.3910971736203721,-0.37884000529056394
10,interaction_confounding_n250_p25_k2_ols,4,interaction_confounding,ols,250,25,250,25,2,1.0,1.0,548931060,3743719000,2375129762,1856759210,OLSLearner,OLSLearner,1.1744368033420063,0.0689287456223906,2.530682979458468,1.0393364619221208,1.3095371447618918,0.27020068283977094,False,0.17443680334200629,0.030428198360177777,False,,125.0,125.0,0.2,0.2,5.567028508593136,5.741704122123237,0.3297495083824288,0.3115796659633985,0.0,6.104049476716948,2.6904834248649694,-0.10593658953739371,-0.2100650494764178
10,interaction_confounding_n250_p25_k2_ols,5,interaction_confounding,ols,250,25,250,25,2,1.0,1.0,2808588973,3333297292,54126486,4100902367,OLSLearner,OLSLearner,1.448377762848079,0.06488637494417689,6.910198993761445,1.3212004679574922,1.5755550577386657,0.2543545897811734,False,0.44837776284807895,0.20104261821664812,False,,125.0,125.0,0.2,0.2,5.805208373017093,6.138419735508797,0.3427262032815338,0.3255733804577756,0.0,10.524158310124472,3.4496642497074568,-0.38849715559944764,-0.28131039184936657
10,interaction_confounding_n250_p25_k2_ols,6,interaction_confounding,ols,250,25,250,25,2,1.0,1.0,415220264,964150658,2580871886,2945970719,OLSLearner,OLSLearner,1.3143722032881011,0.055141301528328565,5.701211153432677,1.2062952522925772,1.422449154283625,0.2161539019910479,False,0.3143722032881011,0.09882988220021517,False,,125.0,125.0,0.2,0.2,5.752560510134117,6.289135610062032,0.344432804229739,0.31776298722162477,0.0,7.4470427563737,2.8271036585432623,-0.38260725978303056,-0.24613930611059642
10,interaction_confounding_n250_p25_k2_ols,7,interaction_confounding,ols,250,25,250,25,2,1.0,1.0,3184769803,2664652108,1717945079,3178178131,OLSLearner,OLSLearner,1.3862101834300973,0.05415300380979197,7.131833070361696,1.2800702959629051,1.4923500708972894,0.21227977493438432,False,0.3862101834300973,0.14915830578510939,False,,125.0,125.0,0.2,0.2,5.923859080390176,6.600039381285561,0.3323887279532002,0.30741124618231336,0.0,10.454213272164306,4.134387937322298,-0.40290177880063793,-0.45332171646475095
10,interaction_confounding_n250_p25_k2_ols,8,interaction_confounding,ols,250,25,250,25,2,1.0,1.0,1177311933,1003762339,2047722425,141932767,OLSLearner,OLSLearner,1.1985565854824842,0.07956260572647296,2.4956018429700357,1.0426138782585972,1.3544992927063713,0.31188541444777407,False,0.19855658548248423,0.039424717638463065,False,,125.0,125.0,0.2,0.2,5.137929157793103,5.334502844692355,0.36859203142504143,0.36849489902965027,0.0,7.053317537025254,2.737538586174019,-0.20545857974109472,-0.1709746740835878
10,interaction_confounding_n250_p25_k2_ols,9,interaction_confounding,ols,250,25,250,25,2,1.0,1.0,3490200800,2119408323,606054349,2217155338,OLSLearner,OLSLearner,1.1532238126923104,0.06319133946562557,2.42475968998347,1.0293687873396844,1.2770788380449365,0.2477100507052521,False,0.15322381269231045,0.023477536775968234,False,,125.0,125.0,0.2,0.2,6.235865588833805,6.679083501720481,0.3398673770587619,0.3222636597188543,0.0,7.544425961095955,3.5563244552717506,-0.2305415516798487,-0.2209659146899271
11,interaction_confounding_n250_p25_k2_lasso,0,interaction_confounding,lasso,250,25,250,25,2,1.0,1.0,3429573509,4066381374,860992748,1509655384,LassoCVLearner,LassoCVLearner,1.2712676006517256,0.05876459479273792,4.6161741029353385,1.1560889948579594,1.3864462064454919,0.23035721158753253,False,0.2712676006517256,0.07358611116334408,False,,125.0,125.0,0.2,0.2,6.685707950360522,6.8844843282472805,0.29385045580182,0.27429834019117655,0.0,5.6879460432987035,2.1689725249933582,-0.033262416688537244,-0.04305066514382927
11,interaction_confounding_n250_p25_k2_lasso,1,interaction_confounding,lasso,250,25,250,25,2,1.0,1.0,115377586,1056222999,3061779067,2849409552,LassoCVLearner,LassoCVLearner,1.2051118234705225,0.08412839095495325,2.4380809039881686,1.040220177198814,1.370003469742231,0.329783292543417,False,0.20511182347052248,0.04207086012740278,False,,125.0,125.0,0.2,0.2,5.782643585306062,6.057134490475565,0.34234190715581014,0.3219951006265674,0.0,6.243636355415911,2.575275186044978,-0.01528102292577671,-0.024800705815656632
11,interaction_confounding_n250_p25_k2_lasso,2,interaction_confounding,lasso,250,25,250,25,2,1.0,1.0,152307653,2438305642,4074894579,2587420196,LassoCVLearner,LassoCVLearner,1.344770021770254,0.06016946482227997,5.729983186464876,1.2268378707185854,1.4627021728219227,0.2358643021033373,False,0.34477002177025406,0.11886636791146146,False,,125.0,125.0,0.2,0.2,6.252043409091458,6.272755636721034,0.33500437575132797,0.3333533269501897,0.0,8.379794627853137,3.264716369244484,-0.00404245551779181,-0.0018310608545691887
11,interaction_confounding_n250_p25_k2_lasso,3,interaction_confounding,lasso,250,25,250,25,2,1.0,1.0,1109124068,483488448,2873323722,379094547,LassoCVLearner,LassoCVLearner,1.1569622566633972,0.0617490129712551,2.5419395243850302,1.0359341912397373,1.2779903220870572,0.24205613084731992,False,0.15696225666339725,0.024637150016866192,False,,125.0,125.0,0.2,0.2,5.453415308746528,5.8380098004860255,0.35384431695718815,0.3321560235183402,0.0,5.284236264684021,2.4043598045668944,-0.0676005511232497,-0.04978277537083975
11,interaction_confounding_n250_p25_k2_lasso,4,interaction_confounding,lasso,250,25,250,25,2,1.0,1.0,3036323204,2334669743,907443218,1686506212,LassoCVLearner,LassoCVLearner,1.409088392696788,0.06474277144349215,6.318672858387638,1.2821925606675435,1.5359842247260327,0.2537916640584892,False,0.4090883926967881,0.1673533130392415,False,,125.0,125.0,0.2,0.2,5.226907851671548,5.410524237687872,0.37315217748905616,0.35182969789554897,0.0,7.673910166215304,2.7980049218157372,-0.00021624976678136232,-0.003980904105362337
11,interaction_confounding_n250_p25_k2_lasso,5,interaction_confounding,lasso,250,25,250,25,2,1.0,1.0,361973146,2497062920,400697777,3556189386,LassoCVLearner,LassoCVLearner,1.4183346998995066,0.07090423389359914,5.899996049985833,1.2793624014680522,1.5573069983309609,0.2779445968629086,False,0.41833469989950656,0.1750039211400102,False,,125.0,125.0,0.2,0.2,5.892565460351705,5.976245711595862,0.3251201796424812,0.3214819771935206,0.0,7.8142402142154666,2.754076301218256,-0.07749124654060668,-0.07815766446718897
11,interaction_confounding_n250_p25_k2_lasso,6,interaction_confounding,lasso,250,25,250,25,2,1.0,1.0,298284607,1741796261,3262127333,3451980930,LassoCVLearner,LassoCVLearner,1.3225273409901848,0.06348685211773947,5.0802226009259694,1.1980931108394155,1.446961571140954,0.24886846030153853,False,0.32252734099018476,0.10402388568619891,False,,125.0,125.0,0.2,0.2,5.364021053762571,5.733142996227917,0.37679868395191585,0.35614303256944313,0.0,8.289851326491608,3.2226872037540604,-0.0027090395694848723,-0.010561956216340929
11,interaction_confounding_n250_p25_k2_lasso,7,interaction_confounding,lasso,250,25,250,25,2,1.0,1.0,530225283,1215226449,2341870673,884160017,LassoCVLearner,LassoCVLearner,1.398706781233728,0.057351461788084625,6.951989867441592,1.2862979161290822,1.5111156463383737,0.22481773020929152,False,0.39870678123372794,0.1589670974017598,False,,125.0,125.0,0.2,0.2,5.908496012721764,6.105663679107872,0.3220893938222674,0.31647174289489793,0.0,7.005019563452703,2.548049526168935,-0.0002493177003893843,-0.004342832609967484
11,interaction_confounding_n250_p25_k2_lasso,8,interaction_confounding,lasso,250,25,250,25,2,1.0,1.0,2104209548,2901272488,560546667,3606595384,LassoCVLearner,LassoCVLearner,1.262514505906493,0.09825471441125798,2.6717751660007294,1.0699352656604275,1.4550937461525586,0.3851584804921311,False,0.26251450590649306,0.06891386581133017,False,,125.0,125.0,0.2,0.2,5.853909157085747,5.8979784379133715,0.35242663844220207,0.3382998646588926,0.0,6.910508200140814,2.6362225558663246,-0.007706878039391962,-0.0015157940749475074
11,interaction_confounding_n250_p25_k2_lasso,9,interaction_confounding,lasso,250,25,250,25,2,1.0,1.0,2686779424,39189558,2127604351,120229914,LassoCVLearner,LassoCVLearner,1.444241013918936,0.07253306392648537,6.124669080147899,1.3020762086230246,1.5864058192148471,0.2843296105918225,False,0.4442410139189359,0.1973500784477242,False,,125.0,125.0,0.2,0.2,5.566521045453818,5.589308758143411,0.343927548653775,0.3435913004635409,0.0,7.725989976478477,2.640077734076855,-0.01899426067538923,-0.017759822341305798
12,interaction_confounding_n250_p25_k2_elastic_net,0,interaction_confounding,elastic_net,250,25,250,25,2,1.0,1.0,422660072,3093811455,172065122,3744812696,ElasticNetCVLearner,ElasticNetCVLearner,1.373731865410937,0.09173221922808993,4.074161385779425,1.1939367157238807,1.5535270150979932,0.35959029937411247,False,0.37373186541093695,0.1396755072235387,False,,125.0,125.0,0.2,0.2,5.460677481156756,5.560142488667516,0.3614231175918055,0.351867626362558,0.0,6.754848190242844,2.17380873434145,-0.03507733091535126,-0.01608388314344511
12,interaction_confounding_n250_p25_k2_elastic_net,1,interaction_confounding,elastic_net,250,25,250,25,2,1.0,1.0,141792616,4238614060,2587561514,3682992193,ElasticNetCVLearner,ElasticNetCVLearner,1.3861184699804625,0.0977625104563326,3.949555593224351,1.1945039494860505,1.5777329904748745,0.38322904098882393,False,0.3861184699804625,0.14908747286005333,False,,125.0,125.0,0.2,0.2,5.2660044740731635,5.498012239843986,0.3669966942579713,0.3598080021292515,0.0,7.151194960999812,2.595029704166092,-0.022370271291100474,-0.0013993952862632053
12,interaction_confounding_n250_p25_k2_elastic_net,2,interaction_confounding,elastic_net,250,25,250,25,2,1.0,1.0,1969642945,3830888895,4198001888,1889834126,ElasticNetCVLearner,ElasticNetCVLearner,1.3638306908591085,0.07352694403856667,4.948263464727575,1.2197178805435178,1.507943501174699,0.2882256206311813,False,0.36383069085910846,0.13237277161101615,False,,125.0,125.0,0.2,0.2,6.078895176957204,6.761061404028796,0.3150443448036749,0.2890338112236312,0.0,6.991324760146498,2.5494765726653226,-0.008636582729050435,-0.0030517332500022976
12,interaction_confounding_n250_p25_k2_elastic_net,3,interaction_confounding,elastic_net,250,25,250,25,2,1.0,1.0,4038786527,4247341810,1012020665,1384392698,ElasticNetCVLearner,ElasticNetCVLearner,1.2767723710104963,0.08276906649178303,3.3439107475976324,1.1145450006866016,1.4389997413343911,0.32445474064778956,False,0.27677237101049634,0.07660294535477184,False,,125.0,125.0,0.2,0.2,5.7853739367372246,5.785583647586581,0.3681072496313369,0.35316673490745565,0.0,7.019763881561202,3.0240925682116955,-0.017558459460500386,-0.0030337346994512293
12,interaction_confounding_n250_p25_k2_elastic_net,4,interaction_confounding,elastic_net,250,25,250,25,2,1.0,1.0,844782732,3029638890,4189971773,2902630991,ElasticNetCVLearner,ElasticNetCVLearner,1.381915081413296,0.09356098693613735,4.081990730537963,1.1985355470184669,1.5652946158081253,0.36675906878965847,False,0.3819150814132961,0.1458591294109246,False,,125.0,125.0,0.2,0.2,6.35715722649695,6.3762883018137195,0.3207834588586069,0.3137010933604766,0.0,7.75244108227548,2.538600283937254,-0.032751918944287195,-0.0003303834840990838
12,interaction_confounding_n250_p25_k2_elastic_net,5,interaction_confounding,elastic_net,250,25,250,25,2,1.0,1.0,2255478726,62250733,3206347851,2291741756,ElasticNetCVLearner,ElasticNetCVLearner,1.3306452873750862,0.06414132901921268,5.154949116755062,1.2049282824974294,1.456362292252743,0.2514340097553136,False,0.33064528737508625,0.10932630606335338,False,,125.0,125.0,0.2,0.2,5.699513955671331,5.781128638007785,0.35751067138933407,0.33156976888580064,0.0,7.604760073220889,3.02404609323683,-0.046096751827091165,-0.09632762674745687
12,interaction_confounding_n250_p25_k2_elastic_net,6,interaction_confounding,elastic_net,250,25,250,25,2,1.0,1.0,2917020120,2507891309,2288689777,2901262900,ElasticNetCVLearner,ElasticNetCVLearner,1.2187270808826838,0.060631773423697334,3.607466325522262,1.099888804972237,1.3375653567931305,0.23767655182089342,False,0.21872708088268378,0.04784153591146009,False,,125.0,125.0,0.2,0.2,5.9194497889870785,6.014805675455664,0.33310927860489137,0.30821490256205947,0.0,5.329783641377755,2.2783712587964784,-0.005833596767703231,-0.027801567235718583
12,interaction_confounding_n250_p25_k2_elastic_net,7,interaction_confounding,elastic_net,250,25,250,25,2,1.0,1.0,2560228139,67485791,97202526,3413525777,ElasticNetCVLearner,ElasticNetCVLearner,1.3610076710964087,0.07063547680276852,5.110854876855014,1.2225621365629824,1.499453205629835,0.2768910690668527,False,0.36100767109640874,0.13032653859045285,False,,125.0,125.0,0.2,0.2,6.315022318963344,6.59143109060803,0.30319948919232576,0.28380620404156615,0.0,6.772922951585962,2.426732545162598,-0.054021711182047905,-0.006023472724816625
12,interaction_confounding_n250_p25_k2_elastic_net,8,interaction_confounding,elastic_net,250,25,250,25,2,1.0,1.0,1347794881,1170607942,2554881226,2587469910,ElasticNetCVLearner,ElasticNetCVLearner,1.273047034377843,0.0656190220949676,4.1610957563901785,1.1444337510717066,1.4016603176839795,0.25722656661227283,False,0.27304703437784306,0.07455468298253501,False,,125.0,125.0,0.2,0.2,5.658872784588803,6.017844396561577,0.3451150264459708,0.3090764038917037,0.0,6.787047318890011,2.8130236330237945,-0.03289222446803386,-0.02991273530856786
12,interaction_confounding_n250_p25_k2_elastic_net,9,interaction_confounding,elastic_net,250,25,250,25,2,1.0,1.0,3116181616,1578644427,1365369622,1879485382,ElasticNetCVLearner,ElasticNetCVLearner,1.2414123191811262,0.07590856266188013,3.180304180655484,1.092631536363841,1.3901931019984113,0.29756156563457026,False,0.24141231918112616,0.05827990785240993,False,,125.0,125.0,0.2,0.2,5.56422055064836,5.66723034349668,0.3355237032016641,0.32300432187391553,0.0,5.273691213878729,2.056130922624897,-0.027927559308657646,-0.01243302600091667
13,interaction_confounding_n250_p25_k2_random_forest,0,interaction_confounding,random_forest,250,25,250,25,2,1.0,1.0,1536799639,4066515484,2014174564,1864265333,RandomForestLearner,RandomForestLearner,1.0793317474740642,0.08482718690060187,0.9352160595284501,0.9130704611488846,1.2455930337992438,0.3325225726503592,True,0.07933174747406424,0.006293526157288698,False,,125.0,125.0,0.2,0.2,6.4397795693052196,6.460579637717287,0.3176813271697577,0.30513708949190455,0.0,5.50262287079348,2.2621628477073576,-0.00999625740289728,-0.0036592179571512395
13,interaction_confounding_n250_p25_k2_random_forest,1,interaction_confounding,random_forest,250,25,250,25,2,1.0,1.0,3096601167,2256429157,2097357795,624773211,RandomForestLearner,RandomForestLearner,1.3876475792462577,0.08008565108554397,4.8404124083625115,1.2306797031185917,1.5446154553739238,0.3139357522553321,False,0.3876475792462577,0.15027064569548365,False,,125.0,125.0,0.2,0.2,6.100412196091995,6.819606166582703,0.3164048615153129,0.29554350522022427,0.0,8.104710539988838,2.7985653476769468,-0.023173625197044467,0.025179104900446503
13,interaction_confounding_n250_p25_k2_random_forest,2,interaction_confounding,random_forest,250,25,250,25,2,1.0,1.0,635991863,970776149,332092291,762356234,RandomForestLearner,RandomForestLearner,1.436317886810472,0.07983990124860882,5.464910151276955,1.2798316803631988,1.5928040932577452,0.31297241289454636,False,0.436317886810472,0.19037329835075587,False,,125.0,125.0,0.2,0.2,5.944776447722218,6.067302106774921,0.3319211240312515,0.3279207750847393,0.0,6.665923173880291,1.9854571268020806,-0.051177524970340116,-0.01065627195280372
13,interaction_confounding_n250_p25_k2_random_forest,3,interaction_confounding,random_forest,250,25,250,25,2,1.0,1.0,2829567834,1907633135,1920377981,599164336,RandomForestLearner,RandomForestLearner,1.324788587122121,0.06963771758610533,4.663975190176615,1.1882986606533545,1.4612785135908875,0.2729798529375329,False,0.324788587122121,0.10548762632478358,False,,125.0,125.0,0.2,0.2,5.834091558873302,6.104387543654145,0.34489880668984685,0.3360483136410136,0.0,7.0356625000614255,2.6254622240582237,-0.052557349067849146,-0.026664210604428917
13,interaction_confounding_n250_p25_k2_random_forest,4,interaction_confounding,random_forest,250,25,250,25,2,1.0,1.0,2820775664,2914949393,1022448106,1662861057,RandomForestLearner,RandomForestLearner,1.3509506399624969,0.07855582621215293,4.4675316508631315,1.1969812205866772,1.5049200593383165,0.3079388387516393,False,0.35095063996249687,0.1231663516900861,False,,125.0,125.0,0.2,0.2,5.790060719087467,5.941464215301146,0.3354742189919503,0.33072290602507026,0.0,7.582796331831654,2.6508894655996356,-0.031387855275962995,-0.0673303920500331
13,interaction_confounding_n250_p25_k2_random_forest,5,interaction_confounding,random_forest,250,25,250,25,2,1.0,1.0,828940380,3956186362,2308040578,575160169,RandomForestLearner,RandomForestLearner,1.2925234507505536,0.0804068063554939,3.638043394700337,1.1349261102937855,1.4501207912073217,0.3151946809135362,False,0.29252345075055364,0.08556996923901158,False,,125.0,125.0,0.2,0.2,5.94688136382675,6.169392098615783,0.3258189538691664,0.3030271998585428,0.0,6.653229646097847,2.5602500746667665,0.018790440857046342,-0.025035908570605336
13,interaction_confounding_n250_p25_k2_random_forest,6,interaction_confounding,random_forest,250,25,250,25,2,1.0,1.0,3595786890,2631042785,367997409,3421310609,RandomForestLearner,RandomForestLearner,1.2639058334563937,0.07408171735136418,3.5623611721189943,1.11870566744772,1.4091059994650674,0.2904003320173474,False,0.26390583345639373,0.06964628893231382,False,,125.0,125.0,0.2,0.2,5.514019552037993,5.897184881216511,0.34577796956280915,0.329994399840191,0.0,7.2497035794153195,2.9818224219327942,-0.04463476497916219,-0.050216864678284345
13,interaction_confounding_n250_p25_k2_random_forest,7,interaction_confounding,random_forest,250,25,250,25,2,1.0,1.0,2903623444,804266295,1840849686,3954658061,RandomForestLearner,RandomForestLearner,1.3092730232696472,0.07747569954346785,3.991871323422245,1.1574206521644503,1.4611253943748441,0.3037047422103938,False,0.30927302326964723,0.09564980292234776,False,,125.0,125.0,0.2,0.2,6.501242888259211,6.840574390904178,0.3580232155823776,0.33986932629498434,0.0,7.197279370240858,2.662410341761943,0.0020183793395851524,-0.011319705190648954
13,interaction_confounding_n250_p25_k2_random_forest,8,interaction_confounding,random_forest,250,25,250,25,2,1.0,1.0,2312013439,1464553904,1842603599,1836003905,RandomForestLearner,RandomForestLearner,1.3593998006286012,0.06886100217519223,5.21920665218082,1.2244322363652245,1.494367364891978,0.2699351285267535,False,0.3593998006286012,0.1291682166918783,False,,125.0,125.0,0.2,0.2,6.502451603608161,6.818806567292437,0.3194828357055363,0.303836398701292,0.0,8.622031465155281,3.124497576312672,-0.22565854985538825,-0.10446887669314975
13,interaction_confounding_n250_p25_k2_random_forest,9,interaction_confounding,random_forest,250,25,250,25,2,1.0,1.0,2964987115,3775157611,2085764489,3832458994,RandomForestLearner,RandomForestLearner,1.4397393266213565,0.07106988252443314,6.187421605349895,1.3004423568734675,1.5790362963692455,0.27859393949577793,False,0.4397393266213565,0.19337067537740407,False,,125.0,125.0,0.2,0.2,5.834468868076304,6.234867046387118,0.33680614418384086,0.30744959436915087,0.0,9.169438959407021,3.184786923154026,-0.06423028855955748,-0.021229811390375775
14,interaction_confounding_n250_p25_k2_gradient_boosting,0,interaction_confounding,gradient_boosting,250,25,250,25,2,1.0,1.0,4154244661,2365450202,2670696876,3940426275,GradientBoostingLearner,GradientBoostingLearner,1.159505843266984,0.06649780309918202,2.39866335176637,1.0291701491925873,1.2898415373413807,0.2606713881487934,False,0.15950584326698403,0.025442114036311674,False,,125.0,125.0,0.2,0.2,4.934165738714883,5.0111736999925265,0.37411991530043276,0.36672937805536077,0.0,6.184632913555873,2.6718381293598936,0.009690583623827798,-0.1942782794720167
14,interaction_confounding_n250_p25_k2_gradient_boosting,1,interaction_confounding,gradient_boosting,250,25,250,25,2,1.0,1.0,3113092560,3073313985,2495767953,2966465041,GradientBoostingLearner,GradientBoostingLearner,1.3292508939563787,0.11671603101481673,2.820956907921084,1.100487473167338,1.5580143147454195,0.45752684157808154,False,0.32925089395637874,0.10840615117107456,False,,125.0,125.0,0.2,0.2,6.3716206149981325,7.614714529201288,0.32247354241483805,0.2515813979127006,0.0,8.6664333778463,2.9025064281213218,-0.08438342866140847,-0.051345339014136515
14,interaction_confounding_n250_p25_k2_gradient_boosting,2,interaction_confounding,gradient_boosting,250,25,250,25,2,1.0,1.0,745248541,729259121,1007555950,2634288166,GradientBoostingLearner,GradientBoostingLearner,1.036168605267767,0.06386664614609561,0.566314460681573,0.9109899788214196,1.1613472317141145,0.25035725289269484,True,0.036168605267766996,0.0013081680070155424,False,,125.0,125.0,0.2,0.2,6.014101203708504,6.580314357611751,0.309131412020662,0.27839334270839927,0.0,5.346340387779376,2.436088091046388,-0.08918883777424702,-0.2708819548315965
14,interaction_confounding_n250_p25_k2_gradient_boosting,3,interaction_confounding,gradient_boosting,250,25,250,25,2,1.0,1.0,3877376427,1053034449,1697405384,1686369465,GradientBoostingLearner,GradientBoostingLearner,1.2577226803265011,0.057998127176919136,4.44363797369416,1.1440463510597396,1.3713990095932627,0.22735265853352304,False,0.25772268032650114,0.0664209799546759,False,,125.0,125.0,0.2,0.2,6.556544588009253,7.022421515111073,0.2881532596134747,0.2642944588296996,0.0,7.367736121430106,2.990324408745136,-0.2485466622858803,-0.24227981745689453
14,interaction_confounding_n250_p25_k2_gradient_boosting,4,interaction_confounding,gradient_boosting,250,25,250,25,2,1.0,1.0,794063447,1655930922,646245730,4047037596,GradientBoostingLearner,GradientBoostingLearner,1.1226329982284509,0.0855506775307315,1.4334544362246417,0.9549536702682171,1.2903123261886846,0.33535865592046754,True,0.12263299822845086,0.015038852254499233,False,,125.0,125.0,0.2,0.2,5.851201114831664,6.079231583163037,0.33262494263744535,0.32344725055006646,0.0,6.5917364794723206,2.6285083508996196,-0.09723264181384128,-0.18527643970823415
14,interaction_confounding_n250_p25_k2_gradient_boosting,5,interaction_confounding,gradient_boosting,250,25,250,25,2,1.0,1.0,494510632,3524077094,278614333,1873392109,GradientBoostingLearner,GradientBoostingLearner,1.2801937462290416,0.07760504167443619,3.610509577515503,1.1280878645471466,1.4322996279109366,0.30421176336378997,False,0.2801937462290416,0.07850853542586456,False,,125.0,125.0,0.2,0.2,6.261794021746278,6.961326199286634,0.32611198292104027,0.32248594599514213,0.0,8.149867807569658,2.936543680213191,-0.07583689286514106,-0.06735443391066209
14,interaction_confounding_n250_p25_k2_gradient_boosting,6,interaction_confounding,gradient_boosting,250,25,250,25,2,1.0,1.0,3860470940,1078715277,3224312899,2424463672,GradientBoostingLearner,GradientBoostingLearner,1.2205170460591246,0.08340013828658502,2.6440848970941686,1.057052775017418,1.3839813171008313,0.3269285420834134,False,0.2205170460591246,0.04862776760264208,False,,125.0,125.0,0.2,0.2,5.62308753324897,5.701147423793431,0.3380759989417915,0.3315564667977591,0.0,8.873045959162653,3.5613171242644723,-0.13718980087540777,-0.1817670072441504
14,interaction_confounding_n250_p25_k2_gradient_boosting,7,interaction_confounding,gradient_boosting,250,25,250,25,2,1.0,1.0,935941261,2723281817,1879806929,1906516139,GradientBoostingLearner,GradientBoostingLearner,1.107999803051353,0.06835672576188329,1.5799440632596127,0.9740206205580617,1.2419789855446441,0.26795836498658243,True,0.10799980305135293,0.01166395745913102,False,,125.0,125.0,0.2,0.2,5.884423544636476,6.223899329154521,0.3424777338343461,0.3348383104318638,0.0,6.041759424830586,2.666478913705774,-0.10273103169353137,-0.25381253572426343
14,interaction_confounding_n250_p25_k2_gradient_boosting,8,interaction_confounding,gradient_boosting,250,25,250,25,2,1.0,1.0,2349312820,2077854480,1157846970,1738752133,GradientBoostingLearner,GradientBoostingLearner,1.1954179481275973,0.08172446404309915,2.391180540805253,1.035237998603123,1.3555978976520715,0.32035989904894846,False,0.19541794812759727,0.0381881744504003,False,,125.0,125.0,0.2,0.2,5.832676750849771,6.115620784354444,0.3597457921143189,0.33348808075109626,0.0,8.537086508980494,3.145077475085041,-0.20552873294837815,-0.17407436502803952
14,interaction_confounding_n250_p25_k2_gradient_boosting,9,interaction_confounding,gradient_boosting,250,25,250,25,2,1.0,1.0,914739107,3988455420,3087285333,3467164427,GradientBoostingLearner,GradientBoostingLearner,1.3267277022586,0.0587784589788751,5.558629945981154,1.2115219226600047,1.4419334818571952,0.23041155919719047,False,0.32672770225859993,0.10675099142318432,False,,125.0,125.0,0.2,0.2,6.068572302283716,6.144111418239806,0.3291122780712504,0.32837318686002664,0.0,8.726485508858547,3.2944789568803587,-0.23168462946689783,-0.2506484677761437
15,step_confounding_n250_p25_k2_ols,0,step_confounding,ols,250,25,250,25,2,1.0,1.0,697283033,3733444961,628564827,2605058628,OLSLearner,OLSLearner,1.4898250017046053,0.06460649895446911,7.581667628357409,1.3631962637538457,1.6164537396553649,0.25325747590151915,False,0.4898250017046053,0.2399285322949166,False,,125.0,125.0,0.2,0.2,5.107707943972544,5.107949938505406,0.3715360549979302,0.3655360099030268,0.0,7.803330197544765,2.455541777516911,0.713337764791738,0.7218836311807844
15,step_confounding_n250_p25_k2_ols,1,step_confounding,ols,250,25,250,25,2,1.0,1.0,2825819765,338793652,1339619061,1626362544,OLSLearner,OLSLearner,1.2385039956056605,0.05352762473920536,4.4557178983317085,1.133589851116818,1.3434181400945029,0.2098282889776848,False,0.2385039956056605,0.05688415591986492,False,,125.0,125.0,0.2,0.2,6.155714397483756,6.30038235599012,0.3341969133991048,0.32155639654537643,0.0,5.713309774017266,2.239885519059789,0.7664782739514335,0.7460329494130731
15,step_confounding_n250_p25_k2_ols,2,step_confounding,ols,250,25,250,25,2,1.0,1.0,739994657,586574436,924990159,380172711,OLSLearner,OLSLearner,1.1453476385980967,0.07925178502316503,1.8339982948726279,0.9900141399526933,1.3006811372435,0.3106669972908068,True,0.14534763859809674,0.02112593604604294,False,,125.0,125.0,0.2,0.2,6.383872140268071,6.6553408564517245,0.33203883300525294,0.32018964296649916,0.0,6.818071204971803,2.7997058221196163,0.668289782085093,0.6811930024036088
15,step_confounding_n250_p25_k2_ols,3,step_confounding,ols,250,25,250,25,2,1.0,1.0,1790740151,430612471,1930515476,3034101734,OLSLearner,OLSLearner,1.1655205882819666,0.055879650224154795,2.9620906290214735,1.0559964738426233,1.2750447027213099,0.21904822887868658,False,0.16552058828196659,0.027397065145208295,False,,125.0,125.0,0.2,0.2,5.441317850652065,6.091341923462843,0.380921205600839,0.33188705611852515,0.0,5.574463703972501,2.4606128996019327,0.79937232673406,0.7407156715795964
15,step_confounding_n250_p25_k2_ols,4,step_confounding,ols,250,25,250,25,2,1.0,1.0,3090091479,91290608,4291620235,1474694291,OLSLearner,OLSLearner,1.2505945685643924,0.06280675915986593,3.9899299361480915,1.1274933206110551,1.3736958165177298,0.24620249590667465,False,0.25059456856439244,0.06279763779397399,False,,125.0,125.0,0.2,0.2,5.807871632412537,6.08464240729622,0.32656034140030676,0.30261488991493485,0.0,7.036747866218983,2.868837258114591,0.7134397691348222,0.6617342834077389
15,step_confounding_n250_p25_k2_ols,5,step_confounding,ols,250,25,250,25,2,1.0,1.0,1689449311,2040411644,1348515735,497003774,OLSLearner,OLSLearner,1.3389847389442546,0.059980967951450255,5.651538321599534,1.2214220417594122,1.456547436129097,0.23512539436968494,False,0.3389847389442546,0.11491065323710446,False,,125.0,125.0,0.2,0.2,5.9838853850114635,6.425907080347514,0.33227288191386795,0.31740280552091477,0.0,7.126183643998136,2.885718161894766,0.7221497328480924,0.6860146380789133
15,step_confounding_n250_p25_k2_ols,6,step_confounding,ols,250,25,250,25,2,1.0,1.0,3476877385,696581231,4163797886,2071257594,OLSLearner,OLSLearner,1.210772161658619,0.056853445645538764,3.7072891407973616,1.099339408193363,1.3222049151238748,0.22286550693051188,False,0.2107721616586189,0.044424904130246974,False,,125.0,125.0,0.2,0.2,5.9582696183265895,5.977703461265525,0.3253242443443273,0.3071402036524053,0.0,6.14181137356056,2.712824233202766,0.7187495525009534,0.6441316927114625
15,step_confounding_n250_p25_k2_ols,7,step_confounding,ols,250,25,250,25,2,1.0,1.0,878520720,674817515,470825191,1450383146,OLSLearner,OLSLearner,1.3180284924627244,0.05997951501762302,5.302285161346871,1.2004686430281832,1.4355883418972655,0.23511969886908224,False,0.31802849246272435,0.10114212201811312,False,,125.0,125.0,0.2,0.2,5.794075965241236,5.948962585096547,0.3383106882304195,0.3307064548199054,0.0,6.576795635222059,2.4816465803185093,0.7356926954104965,0.7539949326970138
15,step_confounding_n250_p25_k2_ols,8,step_confounding,ols,250,25,250,25,2,1.0,1.0,1517916123,2058186711,2263514315,1651731996,OLSLearner,OLSLearner,1.1888540645621237,0.06453932723670837,2.9261858257287225,1.0623569831781754,1.315351145946072,0.25299416276789666,False,0.18885406456212372,0.035665857701634794,False,,125.0,125.0,0.2,0.2,5.524987014567423,5.900455776279436,0.35301207880347785,0.31176458507131094,0.0,6.743384604860983,2.866237698338158,0.701802385371076,0.6088776770659716
15,step_confounding_n250_p25_k2_ols,9,step_confounding,ols,250,25,250,25,2,1.0,1.0,1101073517,3698265772,3027739841,2858666291,OLSLearner,OLSLearner,1.2768671030262537,0.05856888571058538,4.727204550115156,1.1620720870335064,1.391662119019001,0.22959003198549466,False,0.2768671030262537,0.0766553927381502,False,,125.0,125.0,0.2,0.2,6.467634733072566,7.094145081183719,0.2999020450418827,0.2725726479432153,0.0,7.028593830978835,2.7903635276640295,0.7678427408937254,0.661300198820478
16,step_confounding_n250_p25_k2_lasso,0,step_confounding,lasso,250,25,250,25,2,1.0,1.0,3543402268,76738534,3901940407,1421103047,LassoCVLearner,LassoCVLearner,1.2480377510322653,0.08280001927303543,2.9956243151870985,1.085749713257116,1.4103257888074148,0.3245760755502989,False,0.24803775103226533,0.06152272593714404,False,,125.0,125.0,0.2,0.2,6.931396021974637,7.08946426821592,0.29815935157354156,0.287745891218662,0.0,6.569277015125552,2.3902350317553145,0.7174982375744082,0.6983482684114515
16,step_confounding_n250_p25_k2_lasso,1,step_confounding,lasso,250,25,250,25,2,1.0,1.0,677721180,3904297497,1224336154,599359692,LassoCVLearner,LassoCVLearner,1.3543326736744028,0.05637029935919353,6.285804363332941,1.2438468869303836,1.464818460418422,0.22097157348803842,False,0.3543326736744028,0.12555164363325083,False,,125.0,125.0,0.2,0.2,6.4774870070000095,7.723145590028163,0.31595550200654876,0.27306278649630994,0.0,7.78497697231966,2.9071941465793474,0.7158295034258602,0.6809640899074263
16,step_confounding_n250_p25_k2_lasso,2,step_confounding,lasso,250,25,250,25,2,1.0,1.0,2830149527,1961172283,3907773954,542943575,LassoCVLearner,LassoCVLearner,1.0851653947562878,0.0656586157893463,1.297093972092337,0.9564745078091691,1.2138562817034066,0.25738177389423755,True,0.08516539475628782,0.0072531444639943364,False,,125.0,125.0,0.2,0.2,5.894163339855538,6.000047295110533,0.3492808884441658,0.3449560309333722,0.0,5.5830046021761115,2.346530167654545,0.7981761259769706,0.7272276221922582
16,step_confounding_n250_p25_k2_lasso,3,step_confounding,lasso,250,25,250,25,2,1.0,1.0,3615993924,2662594847,2914498730,3250235237,LassoCVLearner,LassoCVLearner,1.1529591422809045,0.06433455899641781,2.3775579512314886,1.0268634066479256,1.2790548779138833,0.25219147126595765,False,0.15295914228090446,0.023396499207309972,False,,125.0,125.0,0.2,0.2,5.6507969920579,5.844895055533764,0.333727785280811,0.3265382048006659,0.0,5.91522531305537,2.6697564797774564,0.7635586404895118,0.6824882234301823
16,step_confounding_n250_p25_k2_lasso,4,step_confounding,lasso,250,25,250,25,2,1.0,1.0,3565362228,3854398835,3584097741,3465183905,LassoCVLearner,LassoCVLearner,1.1639889791178308,0.0638468988356598,2.5684721123250487,1.0388490573999376,1.289128900835724,0.25027984343578646,False,0.16398897911783084,0.026892385272108358,False,,125.0,125.0,0.2,0.2,6.289718544362277,6.475378637680943,0.31580798868097315,0.30700637265986164,0.0,6.104969813038063,2.656492313815574,0.7617959005973312,0.6976492023034996
16,step_confounding_n250_p25_k2_lasso,5,step_confounding,lasso,250,25,250,25,2,1.0,1.0,2062859226,3742539300,2561507869,3813358942,LassoCVLearner,LassoCVLearner,1.3303791444283517,0.06807957432404281,4.852837987144638,1.1969431787532279,1.4638151101034755,0.26687193135024767,False,0.3303791444283517,0.10915037907320967,False,,125.0,125.0,0.2,0.2,4.935927725691052,5.055634667766531,0.36924031002019087,0.363629145414362,0.0,6.991600224473386,2.2708933092965173,0.7498565271011373,0.729887041155895
16,step_confounding_n250_p25_k2_lasso,6,step_confounding,lasso,250,25,250,25,2,1.0,1.0,1219172377,3618492407,3918129576,508928490,LassoCVLearner,LassoCVLearner,1.2758587912818857,0.06568397646033156,4.199788230672739,1.1471181974196358,1.4045993851441356,0.2574811877244998,False,0.27585879128188573,0.07609807272750299,False,,125.0,125.0,0.2,0.2,5.758610311293705,5.899462095551693,0.36587619213243583,0.3519639204071019,0.0,6.245316630295134,2.3020319806087564,0.7761219511972005,0.769082679802136
16,step_confounding_n250_p25_k2_lasso,7,step_confounding,lasso,250,25,250,25,2,1.0,1.0,3616106309,985356864,403563451,2747164758,LassoCVLearner,LassoCVLearner,1.4476557328417352,0.08940852878111792,5.006857163902636,1.2724150164307442,1.6228964492527262,0.3504814328219821,False,0.4476557328417352,0.200395655146071,False,,125.0,125.0,0.2,0.2,6.996347973060937,7.708368337493716,0.2916834952919044,0.2739874412628892,0.0,6.831754696649816,2.1944881131370417,0.7081439823311524,0.7201379259563401
16,step_confounding_n250_p25_k2_lasso,8,step_confounding,lasso,250,25,250,25,2,1.0,1.0,256097978,2740488815,4116789051,2995198003,LassoCVLearner,LassoCVLearner,0.9886112067601236,0.07732209301665596,-0.14729028658630777,0.8370599044474779,1.1401625090727694,0.3031026046252915,True,-0.011388793239876405,0.0001297046114606545,False,,125.0,125.0,0.2,0.2,6.09825084238671,6.503266132150655,0.31630324965288364,0.3097977713980806,0.0,6.252020179483765,3.0361437924348773,0.745629647968467,0.6252233904778741
16,step_confounding_n250_p25_k2_lasso,9,step_confounding,lasso,250,25,250,25,2,1.0,1.0,3148106683,3701722453,684853627,3540532131,LassoCVLearner,LassoCVLearner,1.2823054257015811,0.054373508781845076,5.19196630907588,1.1757333484891648,1.3888775029139975,0.2131441544248327,False,0.2823054257015811,0.07969635338055094,False,,125.0,125.0,0.2,0.2,6.071953528805588,6.577157675125913,0.3327239510924179,0.31475108170659055,0.0,6.144066272182642,2.437296227962632,0.7319908774064083,0.662482975577985
17,step_confounding_n250_p25_k2_elastic_net,0,step_confounding,elastic_net,250,25,250,25,2,1.0,1.0,1740921327,448364812,2716268066,1126600384,ElasticNetCVLearner,ElasticNetCVLearner,1.0839053168190922,0.056367183515279785,1.488549038401883,0.9734256371291439,1.1943849965090405,0.22095935937989664,True,0.08390531681909219,0.007040102190512235,False,,125.0,125.0,0.2,0.2,5.420613577764481,5.846915213046589,0.3536014351001736,0.33047596337536367,0.0,5.788138225844715,2.8921060850679723,0.7750391798253273,0.6880991671036994
17,step_confounding_n250_p25_k2_elastic_net,1,step_confounding,elastic_net,250,25,250,25,2,1.0,1.0,685224874,1399853311,1103424407,372357401,ElasticNetCVLearner,ElasticNetCVLearner,1.3264230795110064,0.07145626170852239,4.568152205366136,1.1863688065623026,1.4664773524597101,0.2801085458974075,False,0.32642307951100635,0.10655202683744877,False,,125.0,125.0,0.2,0.2,5.243241131706661,5.392942928990492,0.3698228466212954,0.33208777158814345,0.0,7.57600046448376,2.62663257568145,0.6814279534577021,0.6425525385206645
17,step_confounding_n250_p25_k2_elastic_net,2,step_confounding,elastic_net,250,25,250,25,2,1.0,1.0,3702886804,4128582226,544967839,2084088322,ElasticNetCVLearner,ElasticNetCVLearner,1.1538260694138196,0.055539794956059416,2.769654975059232,1.0449680712999432,1.262684067527696,0.21771599622775284,False,0.1538260694138196,0.023662459631305244,False,,125.0,125.0,0.2,0.2,6.53500140359529,6.882379019902275,0.301912890127694,0.28994576378516956,0.0,5.243164628102336,2.480508556175436,0.7768133912894482,0.7284105856662565
17,step_confounding_n250_p25_k2_elastic_net,3,step_confounding,elastic_net,250,25,250,25,2,1.0,1.0,2220117088,1056867830,2988249063,2649657345,ElasticNetCVLearner,ElasticNetCVLearner,1.0233869955721622,0.07156581920809581,0.3267900211434531,0.8831179899242944,1.1636560012200299,0.2805380112957355,True,0.023386995572162173,0.0005469515618923331,False,,125.0,125.0,0.2,0.2,5.958110583003661,6.339684753965573,0.3207692370660728,0.29981660075479105,0.0,5.108211906136084,2.1322546480168354,0.7783948474013421,0.7461554470565828
17,step_confounding_n250_p25_k2_elastic_net,4,step_confounding,elastic_net,250,25,250,25,2,1.0,1.0,3997978049,3607835060,3620986811,3879151021,ElasticNetCVLearner,ElasticNetCVLearner,1.2582680785155966,0.0637546738167331,4.0509669809935005,1.1333089178347997,1.3832272391963936,0.24991832136159386,False,0.25826807851559663,0.06670240038013839,False,,125.0,125.0,0.2,0.2,6.732797070760094,7.940273133777719,0.3182885204421716,0.2899529904368487,0.0,5.912158764471323,2.459839424178673,0.7769828166147494,0.718138463176923
17,step_confounding_n250_p25_k2_elastic_net,5,step_confounding,elastic_net,250,25,250,25,2,1.0,1.0,1749433516,4069253561,2988927712,1981947927,ElasticNetCVLearner,ElasticNetCVLearner,1.1981015200334726,0.06724804141209707,2.945833304192509,1.0662953588657622,1.329907681201183,0.26361232233542076,False,0.1981015200334726,0.03924421223957234,False,,125.0,125.0,0.2,0.2,5.533146598345704,5.924979464071498,0.3667524132649581,0.34604396756821326,0.0,6.226266383594664,2.48756377254046,0.7615076485961367,0.7153667179655525
17,step_confounding_n250_p25_k2_elastic_net,6,step_confounding,elastic_net,250,25,250,25,2,1.0,1.0,1903591836,3759558788,4140759794,802894012,ElasticNetCVLearner,ElasticNetCVLearner,1.122592981785876,0.0690983090485197,1.7741820816453437,0.9871602960507774,1.2580256675209747,0.2708653714701973,True,0.12259298178587597,0.015029039183152116,False,,125.0,125.0,0.2,0.2,5.056430729183262,5.514441277829059,0.37376930476567016,0.3275062542340101,0.0,5.343171815040641,2.2663115186055514,0.7814090311918716,0.753917806664829
17,step_confounding_n250_p25_k2_elastic_net,7,step_confounding,elastic_net,250,25,250,25,2,1.0,1.0,2614617068,3632515547,4212220064,1774867813,ElasticNetCVLearner,ElasticNetCVLearner,1.1909542050494077,0.06262058868972975,3.0493837417521066,1.0682178512175375,1.313690558881278,0.2454727076637404,False,0.19095420504940774,0.036463508426051255,False,,125.0,125.0,0.2,0.2,5.425386531027932,5.815007322621385,0.35531602581092514,0.32625736700406854,0.0,5.723412021700179,2.4600136342459864,0.8067035119926,0.747706260955301
17,step_confounding_n250_p25_k2_elastic_net,8,step_confounding,elastic_net,250,25,250,25,2,1.0,1.0,4078035577,300685776,4231326290,603189600,ElasticNetCVLearner,ElasticNetCVLearner,1.113106084549497,0.0699018390866081,1.6180702257255224,0.9760984799397452,1.250113689159249,0.27401520921950384,True,0.11310608454949711,0.01279298636211799,False,,125.0,125.0,0.2,0.2,6.0379481454755926,6.355174744429884,0.32253398619979573,0.31030288855251964,0.0,5.658165092345528,2.4573122343000606,0.7796174318081177,0.7064954444103595
17,step_confounding_n250_p25_k2_elastic_net,9,step_confounding,elastic_net,250,25,250,25,2,1.0,1.0,2523662748,3078963885,1952307507,2379096658,ElasticNetCVLearner,ElasticNetCVLearner,1.1623485420838382,0.05806697897499535,2.795884079895879,1.0485372632928474,1.276159820874829,0.2276225575819817,False,0.1623485420838382,0.026357049116747782,False,,125.0,125.0,0.2,0.2,5.633822787155852,5.954811981436806,0.33532771255133514,0.3222373735540147,0.0,4.716736435725736,2.1925686273569402,0.8283016060612429,0.7346874418321249
18,step_confounding_n250_p25_k2_random_forest,0,step_confounding,random_forest,250,25,250,25,2,1.0,1.0,3528599568,1135448636,2463718305,1324682051,RandomForestLearner,RandomForestLearner,1.3708935278306267,0.05279086802231885,7.025713759315736,1.2674234265068818,1.4743636291543716,0.2069402026474898,False,0.3708935278306267,0.13756200898664786,False,,125.0,125.0,0.2,0.2,5.138242804246879,5.582633514688622,0.35989327401855087,0.3485368988878261,0.0,11.383929635459864,4.108401660428695,0.6139010618749152,0.5857049077589771
18,step_confounding_n250_p25_k2_random_forest,1,step_confounding,random_forest,250,25,250,25,2,1.0,1.0,3690438007,2779912694,4036767065,2674997286,RandomForestLearner,RandomForestLearner,1.2846175612567388,0.050425599002629336,5.644306996569302,1.1857833872115853,1.3834517353018922,0.19766834809030698,False,0.28461756125673876,0.08100715617573344,False,,125.0,125.0,0.2,0.2,5.533536639288503,5.780370728298298,0.35173958628131935,0.32344027876199516,0.0,12.334610519692827,5.286521622253317,0.5602358284556462,0.4381521127739546
18,step_confounding_n250_p25_k2_random_forest,2,step_confounding,random_forest,250,25,250,25,2,1.0,1.0,2178107807,623030686,3732179899,368976695,RandomForestLearner,RandomForestLearner,1.3054474801200602,0.05619732143109179,5.435267595353183,1.1953007301151204,1.415594230125,0.22029350000987957,False,0.3054474801200602,0.09329816311169456,False,,125.0,125.0,0.2,0.2,5.364803101133582,5.438141980341517,0.3306454301375432,0.32230978817385575,0.0,10.621402391454383,4.057342191242484,0.5844369536509955,0.5323901001571929
18,step_confounding_n250_p25_k2_random_forest,3,step_confounding,random_forest,250,25,250,25,2,1.0,1.0,3971749785,2406212656,2331734900,2799193497,RandomForestLearner,RandomForestLearner,1.315944013561965,0.05808524421059013,5.4393162644973785,1.2020969349092085,1.4297910922147217,0.22769415730551312,False,0.3159440135619651,0.0998206197056432,False,,125.0,125.0,0.2,0.2,6.097726505022004,6.474531842347914,0.3357839960768598,0.3232838957484605,0.0,11.203531087027633,4.150177289136993,0.5690307831880206,0.5108931250405198
18,step_confounding_n250_p25_k2_random_forest,4,step_confounding,random_forest,250,25,250,25,2,1.0,1.0,4146063103,1562565802,2482523895,2221792928,RandomForestLearner,RandomForestLearner,1.2053345396882675,0.06231971774273623,3.2948567022706166,1.0831878929125045,1.3274811864640306,0.24429329355152607,False,0.20533453968826754,0.04216227318899272,False,,125.0,125.0,0.2,0.2,5.507647499119777,5.535637667082945,0.37935587050420083,0.36374956553013665,0.0,10.237120554143889,4.192801321153533,0.5782523861522828,0.45204006498338795
18,step_confounding_n250_p25_k2_random_forest,5,step_confounding,random_forest,250,25,250,25,2,1.0,1.0,3320090254,92458032,4175452839,4250498568,RandomForestLearner,RandomForestLearner,1.2347050133898143,0.05287496537200441,4.438868408490402,1.1310700812606858,1.3383399455189429,0.2072698642582571,False,0.2347050133898143,0.05508644331031291,False,,125.0,125.0,0.2,0.2,5.099852833003301,5.2159558322588095,0.3763168444426701,0.3691450540004106,0.0,11.591610605585984,5.040048283257871,0.5639912627157386,0.5046035008266168
18,step_confounding_n250_p25_k2_random_forest,6,step_confounding,random_forest,250,25,250,25,2,1.0,1.0,3605628809,3199794288,1279029683,2749162673,RandomForestLearner,RandomForestLearner,1.2561775683832392,0.059570002071232316,4.300445853214987,1.1394203643236238,1.3729347724428547,0.23351440811923085,False,0.25617756838323924,0.06562694654274921,False,,125.0,125.0,0.2,0.2,6.507378090661906,6.524264369938399,0.31048941236310046,0.3048240299385893,0.0,11.072941823199075,4.332793674644635,0.5958722132729282,0.5142603306112927
18,step_confounding_n250_p25_k2_random_forest,7,step_confounding,random_forest,250,25,250,25,2,1.0,1.0,1453682175,3638683027,2415029894,3897454959,RandomForestLearner,RandomForestLearner,1.2590148430902297,0.05373084241775617,4.820598960209757,1.1537023919514275,1.3643272942290319,0.21062490227760433,False,0.2590148430902297,0.06708868894105631,False,,125.0,125.0,0.2,0.2,5.275914770355695,5.513271579757981,0.3638826973434626,0.3579883296020342,0.0,10.345882898517447,4.345398693386761,0.6128935103477976,0.514558700709931
18,step_confounding_n250_p25_k2_random_forest,8,step_confounding,random_forest,250,25,250,25,2,1.0,1.0,2019553444,746942393,356226038,3820172956,RandomForestLearner,RandomForestLearner,1.2685350503610064,0.05677453665856739,4.729850143488295,1.1572569585102144,1.3798131422117985,0.22255618370158414,False,0.26853505036100644,0.07211107327238826,False,,125.0,125.0,0.2,0.2,5.484243518302118,5.816170159214948,0.356115214151691,0.34485477944879106,0.0,10.496407982426092,4.155037525626989,0.6083972119050773,0.5400611665413739
18,step_confounding_n250_p25_k2_random_forest,9,step_confounding,random_forest,250,25,250,25,2,1.0,1.0,1235134634,449217378,2577170898,361628750,RandomForestLearner,RandomForestLearner,1.3050188250331312,0.055669273032678594,5.479123552665778,1.1959070498890811,1.4141306001771812,0.21822355028810003,False,0.30501882503313116,0.09303648362459188,False,,125.0,125.0,0.2,0.2,6.042747493387202,6.0549576959317895,0.3413176170608405,0.33051304107393636,0.0,11.210898363815435,4.41074326888797,0.5944612847612243,0.550444174387614
19,step_confounding_n250_p25_k2_gradient_boosting,0,step_confounding,gradient_boosting,250,25,250,25,2,1.0,1.0,4219764479,2794268848,2436023527,903320343,GradientBoostingLearner,GradientBoostingLearner,0.804884753238215,0.06975892851426183,-2.7969931723061774,0.6681572533502618,0.9416122531261681,0.27345499977590637,False,-0.19511524676178504,0.03806995951891227,False,,125.0,125.0,0.2,0.2,5.495570500062574,5.689687899216062,0.37596557042933243,0.3585542278721831,0.0,3.359756190293888,1.9849356210928493,0.8446670046596682,0.7224801939606762
19,step_confounding_n250_p25_k2_gradient_boosting,1,step_confounding,gradient_boosting,250,25,250,25,2,1.0,1.0,528522584,1120802650,294877597,55275368,GradientBoostingLearner,GradientBoostingLearner,0.9252103274374688,0.05982667887316149,-1.2501057048660977,0.8079500368460723,1.0424706180288652,0.23452058118279295,True,-0.07478967256253122,0.005593495122010635,False,,125.0,125.0,0.2,0.2,5.1150080829022855,5.252618743115071,0.3678489434200228,0.3663693597057837,0.0,3.4635171526069,1.8668931159653344,0.8568106014813166,0.7922340282745851
19,step_confounding_n250_p25_k2_gradient_boosting,2,step_confounding,gradient_boosting,250,25,250,25,2,1.0,1.0,4078433204,1445655375,1203778772,527775939,GradientBoostingLearner,GradientBoostingLearner,0.8573747197942897,0.06797034270788888,-2.098345756746592,0.7241528480868276,0.9905965915017518,0.2664437434149243,False,-0.1426252802057103,0.020341970553757378,False,,125.0,125.0,0.2,0.2,6.2671735146619065,6.353106900533403,0.3245063087336465,0.3218941956285539,0.0,3.437068590505789,1.7700039403307377,0.8558905567877102,0.7543103156928679
19,step_confounding_n250_p25_k2_gradient_boosting,3,step_confounding,gradient_boosting,250,25,250,25,2,1.0,1.0,791557372,2388314400,1890355012,3169600083,GradientBoostingLearner,GradientBoostingLearner,0.9122559776294547,0.052861624093916,-1.6598813198522984,0.8086471944053792,1.01586476085353,0.20721756644815081,True,-0.08774402237054535,0.007699013461762763,False,,125.0,125.0,0.2,0.2,5.709044511148926,5.862527826620046,0.325770578836839,0.30433784603416997,0.0,4.077846841389093,2.426746843686219,0.8279101406234236,0.7091819952340784
19,step_confounding_n250_p25_k2_gradient_boosting,4,step_confounding,gradient_boosting,250,25,250,25,2,1.0,1.0,1726677342,4053537582,1397250743,676273566,GradientBoostingLearner,GradientBoostingLearner,0.8737118176924213,0.07357988523570115,-1.7163411155512824,0.7294952426304471,1.0179283927543956,0.28843315012394855,True,-0.12628818230757866,0.01594870499055222,False,,125.0,125.0,0.2,0.2,6.1868670569783895,6.291373471401084,0.31084096474506395,0.3032480144383806,0.0,3.795366382811193,1.812038241490911,0.8520025726746892,0.8003713003466688
19,step_confounding_n250_p25_k2_gradient_boosting,5,step_confounding,gradient_boosting,250,25,250,25,2,1.0,1.0,597837417,786910390,1232996512,309992054,GradientBoostingLearner,GradientBoostingLearner,0.7754394220438496,0.06439633534436884,-3.487163931849224,0.6492226047688867,0.9016562393188126,0.25243363454992584,False,-0.22456057795615036,0.050427453172000286,False,,125.0,125.0,0.2,0.2,6.259116229374223,6.5925368114575065,0.3480922987544899,0.3062041829435577,0.0,3.3258364572407735,2.0545814340277166,0.8719555215342758,0.7810741284408613
19,step_confounding_n250_p25_k2_gradient_boosting,6,step_confounding,gradient_boosting,250,25,250,25,2,1.0,1.0,63597060,1773030379,1205090912,194100451,GradientBoostingLearner,GradientBoostingLearner,0.704512284689706,0.06036439279963423,-4.89506647223468,0.5861980748024229,0.822826494576989,0.23662841977456606,False,-0.29548771531029405,0.08731298989929738,False,,125.0,125.0,0.2,0.2,5.556992254808359,5.576950012607199,0.3658696332265473,0.3516224354421439,0.0,2.8304049237781426,1.6553118988861621,0.8890958845336115,0.8204298243039929
19,step_confounding_n250_p25_k2_gradient_boosting,7,step_confounding,gradient_boosting,250,25,250,25,2,1.0,1.0,3679858194,1247654713,1865432446,2672349497,GradientBoostingLearner,GradientBoostingLearner,0.7596492013970716,0.06190757526247655,-3.8824133813008497,0.6383103538826176,0.8809880489115256,0.242677695028908,False,-0.2403507986029284,0.05776850638906545,False,,125.0,125.0,0.2,0.2,5.216894838283909,5.501499792406883,0.3544715749938596,0.341163714381078,0.0,3.0798775877017297,1.9305520583045939,0.8733032770207332,0.7789273413147884
19,step_confounding_n250_p25_k2_gradient_boosting,8,step_confounding,gradient_boosting,250,25,250,25,2,1.0,1.0,3510464976,114382382,3764628713,3691412030,GradientBoostingLearner,GradientBoostingLearner,1.014467800967191,0.05681283345350846,0.25465726822145623,0.9031146473983145,1.1258209545360676,0.22270630713775308,True,0.014467800967191025,0.00020931726482625355,False,,125.0,125.0,0.2,0.2,6.470359740714196,7.179202033725416,0.3437779536056439,0.2948260844800109,0.0,4.4582234344492395,2.2931448679958386,0.8091814447389172,0.7373946322155893
19,step_confounding_n250_p25_k2_gradient_boosting,9,step_confounding,gradient_boosting,250,25,250,25,2,1.0,1.0,2247691267,4272776056,2671995511,3417203928,GradientBoostingLearner,GradientBoostingLearner,0.8436835705769928,0.06464633649490331,-2.4180245609947453,0.7169767510469823,0.9703903901070033,0.253413639060021,False,-0.15631642942300716,0.02443482610755798,False,,125.0,125.0,0.2,0.2,5.524803544428767,5.686281810770832,0.35145590454800246,0.3468227391451471,0.0,3.7257394017957677,2.228850237900501,0.8548751788840949,0.7464257188347343
20,linear_confounding_n250_p25_k5_ols,0,linear_confounding,ols,250,25,250,25,5,1.0,1.0,1940347517,2414029633,4138646899,4264272852,OLSLearner,OLSLearner,1.0359994367041834,0.05985725284650665,0.6014214651062849,0.9186792211250303,1.1533196522833364,0.23464043115830613,True,0.035999436704183374,0.001295959443018505,False,,200.0,50.0,0.125,0.125,3.5085094212896366,3.616401291160013,0.46715870876533677,0.45769838724447753,0.0,2.100786064133799,1.121114256297811,0.657160197878807,0.4969754765165645
20,linear_confounding_n250_p25_k5_ols,1,linear_confounding,ols,250,25,250,25,5,1.0,1.0,2378670603,3223216398,1382826477,2696282885,OLSLearner,OLSLearner,0.9498438359617212,0.0578494881970498,-0.8670113703933631,0.8364588390955036,1.0632288328279387,0.22676999373243512,True,-0.05015616403827883,0.0025156407910347342,False,,200.0,50.0,0.125,0.125,4.020700307689643,4.298689529723416,0.4431234746862418,0.4133369801845934,0.0,2.1696473135359877,1.2426291022968683,0.6583747818764504,0.5399473098624129
20,linear_confounding_n250_p25_k5_ols,2,linear_confounding,ols,250,25,250,25,5,1.0,1.0,265964222,1975428110,2854048943,1721906589,OLSLearner,OLSLearner,0.9802323350931984,0.053972136948758125,-0.36625685074447367,0.8744469466736324,1.0860177235127644,0.21157077683913195,True,-0.019767664906801596,0.00039076057586759534,False,,200.0,50.0,0.125,0.125,3.6675499019228055,4.089181543487152,0.4680265608182655,0.4274010045784863,0.0,2.1132970670412865,1.18462827645704,0.6818510360804021,0.4855347110264958
20,linear_confounding_n250_p25_k5_ols,3,linear_confounding,ols,250,25,250,25,5,1.0,1.0,1468179555,2656762205,3049533627,1599788039,OLSLearner,OLSLearner,0.9433252998593578,0.0656513059192423,-0.8632684353660507,0.8146487402576429,1.0720018594610727,0.25735311920342985,True,-0.05667470014064224,0.0032120216360317136,False,,200.0,50.0,0.125,0.125,4.346220407228714,4.487519177545105,0.43616476838296736,0.41807167519181593,0.0,2.2690070677697047,1.0613188963772628,0.6418922432646594,0.5449484097907965
20,linear_confounding_n250_p25_k5_ols,4,linear_confounding,ols,250,25,250,25,5,1.0,1.0,1957960881,2406127140,2091304221,3555282320,OLSLearner,OLSLearner,1.118442841529904,0.06474588847392118,1.829349234702543,0.9915409001210184,1.2453447829387894,0.253803882817771,True,0.11844284152990392,0.014028706709677933,False,,200.0,50.0,0.125,0.125,3.605251568450993,3.695847630610473,0.49487665268742465,0.47149983687943603,0.0,2.7794192756827556,1.2471501122122035,0.565169578394122,0.48271081026550855
20,linear_confounding_n250_p25_k5_ols,5,linear_confounding,ols,250,25,250,25,5,1.0,1.0,1803196994,1651086841,417765960,2023230765,OLSLearner,OLSLearner,0.8510717477757184,0.06127632379338783,-2.430437124890839,0.7309701531406783,0.9711733424107585,0.24020318927008022,False,-0.14892825222428163,0.02217962431057925,False,,200.0,50.0,0.125,0.125,3.8358937083652904,4.100937784196701,0.45100239936011094,0.40470684240721067,0.0,1.9234996299501272,1.1620465818139911,0.6927200433932088,0.5342959840846593
20,linear_confounding_n250_p25_k5_ols,6,linear_confounding,ols,250,25,250,25,5,1.0,1.0,1827617082,698365107,2984497317,3602986689,OLSLearner,OLSLearner,0.9319853715415949,0.06056646805008842,-1.122974983486854,0.8132750941634216,1.0506956489197683,0.2374205547563467,True,-0.06801462845840511,0.0046259896843348905,False,,200.0,50.0,0.125,0.125,3.6551372737903214,4.151457780106712,0.4771724653471624,0.433441867386097,0.0,2.319086729664839,1.2223489324191938,0.6484030281037495,0.49367707628879803
20,linear_confounding_n250_p25_k5_ols,7,linear_confounding,ols,250,25,250,25,5,1.0,1.0,1930950664,3445531039,3425222642,2294074616,OLSLearner,OLSLearner,0.9876766341203027,0.06975060567611752,-0.17667754652798362,0.8509654469951123,1.124387821245493,0.27342237425038063,True,-0.01232336587969729,0.00015186534660488737,False,,200.0,50.0,0.125,0.125,3.9376870484636095,4.245570087883193,0.4437129643990659,0.4094150038553682,0.0,2.3907062193719186,1.1901793194304746,0.5905649408521271,0.4811103914969044
20,linear_confounding_n250_p25_k5_ols,8,linear_confounding,ols,250,25,250,25,5,1.0,1.0,56161002,2816463210,2123013870,611029581,OLSLearner,OLSLearner,0.9442577041069544,0.06394817124231904,-0.8716792804257231,0.8189192884720091,1.0695961197418997,0.2506768312698906,True,-0.05574229589304558,0.003107203551427846,False,,200.0,50.0,0.125,0.125,4.0134106765552975,4.64666391332914,0.44514686437498796,0.38045518981311627,0.0,2.031981167632198,1.030471166369161,0.6910858550365063,0.5518357282951636
20,linear_confounding_n250_p25_k5_ols,9,linear_confounding,ols,250,25,250,25,5,1.0,1.0,4099198074,872445751,3875533063,68252763,OLSLearner,OLSLearner,0.9025034843837897,0.062048543393006174,-1.5712941881436602,0.7808883393334975,1.0241186294340818,0.24323029010058428,True,-0.09749651561621031,0.00950557055730194,False,,200.0,50.0,0.125,0.125,3.6788989629343853,4.284064913268807,0.4831256594586935,0.42258064483350155,0.0,2.1103793150114223,1.0704905806514935,0.6998847911849018,0.6436066444209347
21,linear_confounding_n250_p25_k5_lasso,0,linear_confounding,lasso,250,25,250,25,5,1.0,1.0,1126152171,1293675647,639026840,3929308084,LassoCVLearner,LassoCVLearner,0.9668343377623425,0.06215880452178163,-0.5335633864392552,0.8450030808996505,1.0886655946250345,0.24366251372538406,True,-0.03316566223765749,0.00109996115166238,False,,200.0,50.0,0.125,0.125,4.0567114665984105,4.4167092531651,0.4328987124574028,0.38904126146859586,0.0,2.0450169854071776,1.0711198699323414,0.7059457535268372,0.5584042540504282
21,linear_confounding_n250_p25_k5_lasso,1,linear_confounding,lasso,250,25,250,25,5,1.0,1.0,1947386909,169060270,264834044,2502458187,LassoCVLearner,LassoCVLearner,0.9291286053499506,0.06884042390236737,-1.0295025892136063,0.7942013745013106,1.0640558361985906,0.26985446169728,True,-0.07087139465004944,0.005022754579643056,False,,200.0,50.0,0.125,0.125,4.202577384709616,4.538310953964572,0.4268238896169868,0.38726389860324534,0.0,2.261589440903472,1.1990992969746879,0.6510032571306807,0.5097462564731601
21,linear_confounding_n250_p25_k5_lasso,2,linear_confounding,lasso,250,25,250,25,5,1.0,1.0,295780641,1406317126,1124988931,3627774560,LassoCVLearner,LassoCVLearner,1.007219839247595,0.05700693145256263,0.12664844543690149,0.8954862536005723,1.1189534248946178,0.22346717129404547,True,0.007219839247595061,5.212607876111402e-05,False,,200.0,50.0,0.125,0.125,3.910141600958822,4.138483175993731,0.43189511484107196,0.39139156428543476,0.0,2.2525661852511534,1.2386525932504335,0.6287984852470406,0.44572096762247354
21,linear_confounding_n250_p25_k5_lasso,3,linear_confounding,lasso,250,25,250,25,5,1.0,1.0,1984270581,2649380210,4137433763,616411168,LassoCVLearner,LassoCVLearner,0.9141867082623173,0.05815599421951041,-1.4755708829218797,0.8002009595920769,1.0281724569325577,0.22797149734048072,True,-0.0858132917376827,0.007363921038856643,False,,200.0,50.0,0.125,0.125,3.868667589678698,3.9644990827269675,0.445236892962257,0.4350825165445385,0.0,2.0836972362109956,1.2847856412555494,0.6511671282407004,0.4435549847929285
21,linear_confounding_n250_p25_k5_lasso,4,linear_confounding,lasso,250,25,250,25,5,1.0,1.0,1330328704,3501587805,2131927539,1569683920,LassoCVLearner,LassoCVLearner,0.9534927051665194,0.06363293055556017,-0.730868347999051,0.8287721612776214,1.0782132490554173,0.24944108777779583,True,-0.046507294833480595,0.0021629284727282907,False,,200.0,50.0,0.125,0.125,3.496471193391302,3.6326009887303177,0.47038803563360954,0.45148383094805034,0.0,2.1609995513079614,1.1202432042691262,0.7062551744315542,0.5620391861071002
21,linear_confounding_n250_p25_k5_lasso,5,linear_confounding,lasso,250,25,250,25,5,1.0,1.0,2650302326,2034745273,502928103,3144206891,LassoCVLearner,LassoCVLearner,0.9580568121480265,0.060868413699742774,-0.6890796934330282,0.8387547212965307,1.0773589029995223,0.23860418170299158,True,-0.041943187851973485,0.001759231007185936,False,,200.0,50.0,0.125,0.125,3.9517951740323554,4.192213587017713,0.4572370506545645,0.423558095881844,0.0,2.134211353015738,1.1325863178099869,0.6797342164385798,0.5790013241634666
21,linear_confounding_n250_p25_k5_lasso,6,linear_confounding,lasso,250,25,250,25,5,1.0,1.0,3800381455,2583206682,3875531739,132931741,LassoCVLearner,LassoCVLearner,1.0499981540521397,0.07506410824914293,0.6660727106247954,0.9028725018838195,1.1971238062204599,0.2942513043366404,True,0.0499981540521397,0.0024998154086214933,False,,200.0,50.0,0.125,0.125,3.755838945090308,4.0829462353727815,0.47274462639594983,0.4248501659262072,0.0,2.435995659601441,0.9902508323230628,0.6172298866600794,0.599449399206424
21,linear_confounding_n250_p25_k5_lasso,7,linear_confounding,lasso,250,25,250,25,5,1.0,1.0,2048535942,2337118689,1821625068,494074283,LassoCVLearner,LassoCVLearner,0.9815675194429112,0.055047015400153214,-0.33484977201938343,0.8736753692586109,1.0894596696272114,0.21578430036860052,True,-0.018432480557088793,0.00033975633948745635,False,,200.0,50.0,0.125,0.125,3.840536863450103,3.9569768643616072,0.4541701470893938,0.4264282368305199,0.0,2.1606253019835657,1.1428564379101123,0.6700192793458088,0.531825823045056
21,linear_confounding_n250_p25_k5_lasso,8,linear_confounding,lasso,250,25,250,25,5,1.0,1.0,2469080065,3079524527,3694498824,1116186904,LassoCVLearner,LassoCVLearner,0.8935454365780239,0.060843568643250745,-1.749643648388874,0.7742920420372524,1.0127988311187954,0.238506789081543,True,-0.10645456342197612,0.011332574073363537,False,,200.0,50.0,0.125,0.125,3.9141566719407868,3.9741674863857255,0.4548849669417775,0.4429385760824141,0.0,2.0221944569813175,1.2415466731861204,0.6828013787093339,0.45635205230211573
21,linear_confounding_n250_p25_k5_lasso,9,linear_confounding,lasso,250,25,250,25,5,1.0,1.0,397771644,1448008349,612623676,3453149878,LassoCVLearner,LassoCVLearner,1.0599449781454737,0.06667741700108357,0.8990296991333597,0.9292572408233499,1.1906327154675975,0.2613754746442476,True,0.059944978145473726,0.0035934004048613225,False,,200.0,50.0,0.125,0.125,3.6710757458888685,4.042210228633804,0.4599174525720958,0.4179033777903124,0.0,2.2094308928788005,1.0353144548305249,0.6444843071790578,0.5771563713434491
22,linear_confounding_n250_p25_k5_elastic_net,0,linear_confounding,elastic_net,250,25,250,25,5,1.0,1.0,1705338895,4161759485,494656630,1445995423,ElasticNetCVLearner,ElasticNetCVLearner,0.9685143072252602,0.05508369070636284,-0.571597370673327,0.860550273440789,1.0764783410097314,0.21592806756894234,True,-0.03148569277473978,0.000991348849505301,False,,200.0,50.0,0.125,0.125,3.7080261871276265,3.9249722073761864,0.4531698079144923,0.43782568700147306,0.0,2.004162812878858,1.1163944152340064,0.6570329310477978,0.5222610089359907
22,linear_confounding_n250_p25_k5_elastic_net,1,linear_confounding,elastic_net,250,25,250,25,5,1.0,1.0,167139072,827902023,1051857966,237278566,ElasticNetCVLearner,ElasticNetCVLearner,0.9295051731497165,0.06393041612477308,-1.1026805568213207,0.8042015575451612,1.0548087887542716,0.25060723120911044,True,-0.07049482685028352,0.004969520612651455,False,,200.0,50.0,0.125,0.125,3.940203232984795,4.165952247013945,0.43124021904299337,0.4052173654184082,0.0,2.1553399667528623,1.1623982185068296,0.6717585017536881,0.5292249766250462
22,linear_confounding_n250_p25_k5_elastic_net,2,linear_confounding,elastic_net,250,25,250,25,5,1.0,1.0,3628558495,296189436,3338214031,2068099632,ElasticNetCVLearner,ElasticNetCVLearner,0.9865979147776871,0.0670792069390198,-0.19979492653358938,0.8551226691772082,1.118073160378166,0.2629504912009577,True,-0.013402085222312898,0.00017961588830613776,False,,200.0,50.0,0.125,0.125,3.7665801495981897,4.322898109266323,0.4513400026417857,0.39690117493360083,0.0,2.267072450054825,1.110002549159391,0.6534276222431782,0.5243098946213142
22,linear_confounding_n250_p25_k5_elastic_net,3,linear_confounding,elastic_net,250,25,250,25,5,1.0,1.0,3653907977,2846426059,24046807,288010997,ElasticNetCVLearner,ElasticNetCVLearner,1.0511770698841392,0.05958843629867063,0.8588423033561109,0.9343837347387447,1.1679704050295336,0.23358667029078894,True,0.05117706988413917,0.0026190924819260645,False,,200.0,50.0,0.125,0.125,3.737011891681335,4.204140650087808,0.47949388965331635,0.4420304836691668,0.0,2.495463058632696,1.2763249501007239,0.6087391197436183,0.46470508459546833
22,linear_confounding_n250_p25_k5_elastic_net,4,linear_confounding,elastic_net,250,25,250,25,5,1.0,1.0,4104503581,2749709777,1617835392,3041337051,ElasticNetCVLearner,ElasticNetCVLearner,0.9587792647108272,0.05214401411749194,-0.7905171089493305,0.856576997040543,1.0609815323811114,0.20440453534056835,True,-0.041220735289172805,0.0016991490177800561,False,,200.0,50.0,0.125,0.125,4.012167773795519,4.409512255446972,0.4431959435764582,0.4166584707310797,0.0,2.187730384055836,1.2351502630815094,0.6578409078493597,0.4719477447866394
22,linear_confounding_n250_p25_k5_elastic_net,5,linear_confounding,elastic_net,250,25,250,25,5,1.0,1.0,3537706319,1346553537,3783174598,2075638865,ElasticNetCVLearner,ElasticNetCVLearner,1.015478206799225,0.0648915453741481,0.23852424395168226,0.8882907778658947,1.1426656357325553,0.2543748578666606,True,0.015478206799224958,0.00023957488571957374,False,,200.0,50.0,0.125,0.125,3.6781525865755365,4.048609950626534,0.4625450608318932,0.4108631954197111,0.0,2.09863945492934,1.0385403208048907,0.68526323232258,0.5280485073301998
22,linear_confounding_n250_p25_k5_elastic_net,6,linear_confounding,elastic_net,250,25,250,25,5,1.0,1.0,2971166929,2522258257,1360325751,2712143916,ElasticNetCVLearner,ElasticNetCVLearner,0.9849081202532644,0.0663699998536071,-0.22739008256778576,0.8548229205401945,1.1149933199663342,0.26017039942613973,True,-0.015091879746735648,0.00022776483428992966,False,,200.0,50.0,0.125,0.125,3.8859982173340932,4.323940577113966,0.43985923840100866,0.4030498679500302,0.0,2.3332006165566943,1.0787446740499742,0.6648908458873825,0.559738624818593
22,linear_confounding_n250_p25_k5_elastic_net,7,linear_confounding,elastic_net,250,25,250,25,5,1.0,1.0,1940196210,69515453,4238247799,1549057823,ElasticNetCVLearner,ElasticNetCVLearner,0.9795248927502156,0.05840941905266839,-0.35054461389732,0.8650424314069856,1.0940073540934456,0.22896492268646007,True,-0.020475107249784408,0.00041923001689017403,False,,200.0,50.0,0.125,0.125,3.535722534084087,3.8084860551413318,0.45995532098607417,0.4221953033073112,0.0,2.2138767111404425,1.1684890845071387,0.6652567327715878,0.5248714462429498
22,linear_confounding_n250_p25_k5_elastic_net,8,linear_confounding,elastic_net,250,25,250,25,5,1.0,1.0,2482073148,375608588,329264007,3877057614,ElasticNetCVLearner,ElasticNetCVLearner,1.016216874001121,0.06383239413426435,0.2540539834211865,0.8911053814979629,1.141328366504279,0.2502229850063161,True,0.01621687400112104,0.00026298700236823555,False,,200.0,50.0,0.125,0.125,4.064046514770947,4.221758650630236,0.42882900794560486,0.39421445546040884,0.0,2.1652381991652274,1.0550103618703939,0.6424329436505294,0.5040130170167656
22,linear_confounding_n250_p25_k5_elastic_net,9,linear_confounding,elastic_net,250,25,250,25,5,1.0,1.0,2420429689,1614248065,1772690698,1749502678,ElasticNetCVLearner,ElasticNetCVLearner,1.0323085959660976,0.07282287948623646,0.4436599622815508,0.8895757521730742,1.1750414397591211,0.28546568758604696,True,0.032308595966097586,0.0010438453733005372,False,,200.0,50.0,0.125,0.125,3.8053083993706394,3.9645759424048457,0.46667309463084017,0.44989625773097697,0.0,2.2046567044480367,0.8610919959629604,0.5870294764534124,0.5903627602228259
