scenario_name,dgp_name,learner_name,n_obs,n_covariates,n_folds,mean_fold_ratio,coverage,coverage_gap,absolute_coverage_gap,se_ratio,mae,rmse
dense_linear_independent_n250_p25_k5_random_forest,dense_linear_independent,random_forest,250,25,5,0.125,0.0,-0.95,0.95,1.842985429601388,0.2043374532459794,0.2068956570730568
dense_linear_independent_n250_p100_k5_random_forest,dense_linear_independent,random_forest,250,100,5,0.5,0.0,-0.95,0.95,1.622758240151594,0.2027776713129999,0.2058230379665282
dense_linear_independent_n250_p150_k10_random_forest,dense_linear_independent,random_forest,250,150,10,0.6666666666666667,0.0,-0.95,0.95,1.5463244114636898,0.2534444228232312,0.2562680255340256
dense_linear_independent_n250_p300_k2_random_forest,dense_linear_independent,random_forest,250,300,2,2.3999999999999995,0.0,-0.95,0.95,1.6618017078201626,0.2702357272916709,0.2728267092314036
dense_linear_independent_n250_p300_k5_random_forest,dense_linear_independent,random_forest,250,300,5,1.5,0.0,-0.95,0.95,1.0621307982592574,0.2344577995253695,0.2411805490601681
dense_linear_independent_n500_p50_k2_random_forest,dense_linear_independent,random_forest,500,50,2,0.2,0.0,-0.95,0.95,1.27160104385531,0.1728139258715472,0.1761994571561467
dense_linear_independent_n500_p50_k10_random_forest,dense_linear_independent,random_forest,500,50,10,0.1111111111111111,0.0,-0.95,0.95,1.1846929485916735,0.1469755007168056,0.1515627968425113
dense_linear_independent_n500_p100_k2_random_forest,dense_linear_independent,random_forest,500,100,2,0.4,0.0,-0.95,0.95,1.2293555830698513,0.209793537710121,0.212769632794226
dense_linear_independent_n500_p100_k5_random_forest,dense_linear_independent,random_forest,500,100,5,0.25,0.0,-0.95,0.95,1.2804688521764604,0.1995427797436088,0.2024392445811307
dense_linear_independent_n500_p100_k10_random_forest,dense_linear_independent,random_forest,500,100,10,0.2222222222222222,0.0,-0.95,0.95,1.4906252173585433,0.169446907698277,0.1719228229144969
dense_linear_independent_n500_p150_k2_random_forest,dense_linear_independent,random_forest,500,150,2,0.5999999999999999,0.0,-0.95,0.95,1.111583390814994,0.2129228032703791,0.2161653887621034
dense_linear_independent_n500_p150_k5_random_forest,dense_linear_independent,random_forest,500,150,5,0.375,0.0,-0.95,0.95,1.0502528100845423,0.203100479005337,0.2069967594078194
dense_linear_independent_n500_p150_k10_random_forest,dense_linear_independent,random_forest,500,150,10,0.3333333333333333,0.0,-0.95,0.95,2.324570660647624,0.2064263165851065,0.2072854797672348
dense_linear_independent_n500_p300_k2_random_forest,dense_linear_independent,random_forest,500,300,2,1.1999999999999995,0.0,-0.95,0.95,0.7222282733051346,0.2380311927520479,0.2448723668928231
dense_linear_independent_n500_p300_k5_random_forest,dense_linear_independent,random_forest,500,300,5,0.75,0.0,-0.95,0.95,1.0833099281624736,0.2133729647026036,0.2168767932331011
dense_linear_independent_n500_p300_k10_random_forest,dense_linear_independent,random_forest,500,300,10,0.6666666666666667,0.0,-0.95,0.95,1.7488830883010138,0.2272092322857748,0.2285270018396085
dense_linear_independent_n1000_p50_k2_random_forest,dense_linear_independent,random_forest,1000,50,2,0.1,0.0,-0.95,0.95,1.1261862175193644,0.1350463324392351,0.1379446175531069
dense_linear_independent_n1000_p50_k5_random_forest,dense_linear_independent,random_forest,1000,50,5,0.0625,0.0,-0.95,0.95,1.1110986194830843,0.1097131560194069,0.1132079793479554
dense_linear_independent_n1000_p50_k10_random_forest,dense_linear_independent,random_forest,1000,50,10,0.0555555555555554,0.0,-0.95,0.95,1.0411232287401428,0.1235219099160595,0.1270206647142917
dense_linear_independent_n1000_p100_k2_random_forest,dense_linear_independent,random_forest,1000,100,2,0.2,0.0,-0.95,0.95,1.412430459951392,0.1787210793409225,0.1800128601869991
dense_linear_independent_n1000_p100_k5_random_forest,dense_linear_independent,random_forest,1000,100,5,0.125,0.0,-0.95,0.95,2.653545823924892,0.1649969084608406,0.1654209753523124
dense_linear_independent_n1000_p100_k10_random_forest,dense_linear_independent,random_forest,1000,100,10,0.1111111111111111,0.0,-0.95,0.95,1.510625576412601,0.1557493813563719,0.1570804812677976
dense_linear_independent_n1000_p150_k2_random_forest,dense_linear_independent,random_forest,1000,150,2,0.2999999999999999,0.0,-0.95,0.95,1.700675016683291,0.2002235554572599,0.2010539817256029
dense_linear_independent_n1000_p150_k5_random_forest,dense_linear_independent,random_forest,1000,150,5,0.1875,0.0,-0.95,0.95,1.1597004228830248,0.1735434469984348,0.1754327791103422
dense_linear_independent_n1000_p150_k10_random_forest,dense_linear_independent,random_forest,1000,150,10,0.1666666666666665,0.0,-0.95,0.95,1.3734398826318974,0.1700634777829278,0.1715594937097526
dense_linear_independent_n1000_p300_k2_random_forest,dense_linear_independent,random_forest,1000,300,2,0.5999999999999999,0.0,-0.95,0.95,1.5750564104259033,0.2400490018537771,0.2408066069457757
dense_linear_independent_n1000_p300_k5_random_forest,dense_linear_independent,random_forest,1000,300,5,0.375,0.0,-0.95,0.95,0.7170131478403651,0.2131855358344511,0.2173080532902433
dense_linear_independent_n1000_p300_k10_random_forest,dense_linear_independent,random_forest,1000,300,10,0.3333333333333333,0.0,-0.95,0.95,1.3794457788845866,0.1792703997076514,0.1806107929631472
sparse_linear_independent_n250_p50_k10_random_forest,sparse_linear_independent,random_forest,250,50,10,0.2222222222222222,0.0,-0.95,0.95,1.7674486497468216,0.1602865736391118,0.1636364331167224
sparse_linear_independent_n250_p100_k2_random_forest,sparse_linear_independent,random_forest,250,100,2,0.8,0.0,-0.95,0.95,2.6387398278685072,0.2466502514106648,0.2477391846669129
sparse_linear_independent_n250_p100_k10_random_forest,sparse_linear_independent,random_forest,250,100,10,0.4444444444444445,0.0,-0.95,0.95,1.099988428035787,0.2470007874319748,0.2527837283426394
sparse_linear_independent_n250_p150_k5_random_forest,sparse_linear_independent,random_forest,250,150,5,0.75,0.0,-0.95,0.95,1.3011250964530905,0.2558998239424133,0.2598178664755064
sparse_linear_independent_n250_p300_k2_random_forest,sparse_linear_independent,random_forest,250,300,2,2.3999999999999995,0.0,-0.95,0.95,0.6957302351076143,0.2439136922670037,0.2591928750110357
sparse_linear_independent_n250_p300_k10_random_forest,sparse_linear_independent,random_forest,250,300,10,1.3333333333333337,0.0,-0.95,0.95,1.2575046856327727,0.252215256824425,0.2566193399057729
sparse_linear_independent_n500_p50_k5_random_forest,sparse_linear_independent,random_forest,500,50,5,0.125,0.0,-0.95,0.95,1.8263212175849957,0.1361501102873342,0.1383318590628086
sparse_linear_independent_n500_p50_k10_random_forest,sparse_linear_independent,random_forest,500,50,10,0.1111111111111111,0.0,-0.95,0.95,1.6424565916973064,0.1674879034522723,0.1696713973665707
sparse_linear_independent_n500_p100_k2_random_forest,sparse_linear_independent,random_forest,500,100,2,0.4,0.0,-0.95,0.95,0.9045057604706154,0.1913350709500157,0.1976583926524037
sparse_linear_independent_n500_p100_k5_random_forest,sparse_linear_independent,random_forest,500,100,5,0.25,0.0,-0.95,0.95,1.259395220508823,0.2047325488496499,0.2077814116226864
sparse_linear_independent_n500_p100_k10_random_forest,sparse_linear_independent,random_forest,500,100,10,0.2222222222222222,0.0,-0.95,0.95,0.9204046219397776,0.1905630850804765,0.1964705445654181
sparse_linear_independent_n500_p150_k2_random_forest,sparse_linear_independent,random_forest,500,150,2,0.5999999999999999,0.0,-0.95,0.95,0.8477504202895224,0.2468482697818761,0.2517549072996779
sparse_linear_independent_n500_p150_k5_random_forest,sparse_linear_independent,random_forest,500,150,5,0.375,0.0,-0.95,0.95,0.9398770184892546,0.2263321266070136,0.2310983007120012
sparse_linear_independent_n500_p150_k10_random_forest,sparse_linear_independent,random_forest,500,150,10,0.3333333333333333,0.0,-0.95,0.95,0.944216683444194,0.1959095019738979,0.2010602342138757
sparse_linear_independent_n500_p300_k2_random_forest,sparse_linear_independent,random_forest,500,300,2,1.1999999999999995,0.0,-0.95,0.95,0.8870368802345697,0.2558395724052003,0.26006516479103
sparse_linear_independent_n500_p300_k5_random_forest,sparse_linear_independent,random_forest,500,300,5,0.75,0.0,-0.95,0.95,0.8806226967575694,0.2373351296711987,0.2423391307731461
sparse_linear_independent_n500_p300_k10_random_forest,sparse_linear_independent,random_forest,500,300,10,0.6666666666666667,0.0,-0.95,0.95,1.0946757734410315,0.2439421660521477,0.246860951228953
sparse_linear_independent_n1000_p50_k2_random_forest,sparse_linear_independent,random_forest,1000,50,2,0.1,0.0,-0.95,0.95,1.167263161968983,0.1258260172598363,0.1285192651731625
sparse_linear_independent_n1000_p50_k5_random_forest,sparse_linear_independent,random_forest,1000,50,5,0.0625,0.0,-0.95,0.95,2.0104605034352985,0.1200054180435713,0.1210030439436317
sparse_linear_independent_n1000_p50_k10_random_forest,sparse_linear_independent,random_forest,1000,50,10,0.0555555555555554,0.0,-0.95,0.95,1.0085881634641285,0.1208127644475091,0.1246692621153752
sparse_linear_independent_n1000_p100_k2_random_forest,sparse_linear_independent,random_forest,1000,100,2,0.2,0.0,-0.95,0.95,0.8828041074866907,0.168729263958394,0.1723663020142002
sparse_linear_independent_n1000_p100_k5_random_forest,sparse_linear_independent,random_forest,1000,100,5,0.125,0.0,-0.95,0.95,1.0187446003714469,0.1763952534298512,0.1789836131890842
sparse_linear_independent_n1000_p100_k10_random_forest,sparse_linear_independent,random_forest,1000,100,10,0.1111111111111111,0.0,-0.95,0.95,1.2745926769659446,0.1653788854051212,0.1672114776177547
sparse_linear_independent_n1000_p150_k2_random_forest,sparse_linear_independent,random_forest,1000,150,2,0.2999999999999999,0.0,-0.95,0.95,1.549279942465454,0.2007043884642278,0.2016535605339761
sparse_linear_independent_n1000_p150_k5_random_forest,sparse_linear_independent,random_forest,1000,150,5,0.1875,0.0,-0.95,0.95,1.6295439464833252,0.1891896677049821,0.1901878127711629
sparse_linear_independent_n1000_p150_k10_random_forest,sparse_linear_independent,random_forest,1000,150,10,0.1666666666666665,0.0,-0.95,0.95,1.1853995125470118,0.189671488382682,0.1913919304730671
sparse_linear_independent_n1000_p300_k2_random_forest,sparse_linear_independent,random_forest,1000,300,2,0.5999999999999999,0.0,-0.95,0.95,0.8794390372879998,0.2289970538714888,0.2316361926649827
sparse_linear_independent_n1000_p300_k5_random_forest,sparse_linear_independent,random_forest,1000,300,5,0.375,0.0,-0.95,0.95,1.0471358709627998,0.2175941478738386,0.2195482357005334
sparse_linear_independent_n1000_p300_k10_random_forest,sparse_linear_independent,random_forest,1000,300,10,0.3333333333333333,0.0,-0.95,0.95,1.0606351450179927,0.2271522714318767,0.2289040728529457
sparse_linear_correlated_n250_p50_k2_random_forest,sparse_linear_correlated,random_forest,250,50,2,0.4,0.0,-0.95,0.95,1.089909487562683,0.1962216211093978,0.2022808333462616
sparse_linear_correlated_n250_p100_k2_random_forest,sparse_linear_correlated,random_forest,250,100,2,0.8,0.0,-0.95,0.95,1.2122238539794985,0.2048342140314455,0.2087635051174152
sparse_linear_correlated_n250_p100_k5_random_forest,sparse_linear_correlated,random_forest,250,100,5,0.5,0.0,-0.95,0.95,1.0583870753994264,0.1956532820355251,0.2016076601913471
sparse_linear_correlated_n250_p100_k10_random_forest,sparse_linear_correlated,random_forest,250,100,10,0.4444444444444445,0.0,-0.95,0.95,3.928208468661673,0.1992310868327881,0.1996717281892593
sparse_linear_correlated_n250_p150_k2_random_forest,sparse_linear_correlated,random_forest,250,150,2,1.1999999999999995,0.0,-0.95,0.95,1.165910800647143,0.2079288797781148,0.2116206079772425
sparse_linear_correlated_n250_p150_k10_random_forest,sparse_linear_correlated,random_forest,250,150,10,0.6666666666666667,0.0,-0.95,0.95,1.2424726799512715,0.1929586925681604,0.1969448890566368
sparse_linear_correlated_n250_p300_k2_random_forest,sparse_linear_correlated,random_forest,250,300,2,2.3999999999999995,0.0,-0.95,0.95,1.18288664674948,0.2289069472937754,0.2318258783019283
sparse_linear_correlated_n250_p300_k5_random_forest,sparse_linear_correlated,random_forest,250,300,5,1.5,0.0,-0.95,0.95,0.9321220203386604,0.242940778629053,0.2479863303843434
sparse_linear_correlated_n250_p300_k10_random_forest,sparse_linear_correlated,random_forest,250,300,10,1.3333333333333337,0.0,-0.95,0.95,1.087394223865254,0.2083698236344124,0.2129798765810784
sparse_linear_correlated_n500_p25_k2_random_forest,sparse_linear_correlated,random_forest,500,25,2,0.1,0.0,-0.95,0.95,1.2486032323665757,0.1248619033648649,0.1290297246308954
sparse_linear_correlated_n500_p50_k2_random_forest,sparse_linear_correlated,random_forest,500,50,2,0.2,0.0,-0.95,0.95,1.21787378872893,0.178309934017328,0.181358511983315
sparse_linear_correlated_n500_p50_k5_random_forest,sparse_linear_correlated,random_forest,500,50,5,0.125,0.0,-0.95,0.95,1.253921797667043,0.1398101065722636,0.1433221844271555
sparse_linear_correlated_n500_p50_k10_random_forest,sparse_linear_correlated,random_forest,500,50,10,0.1111111111111111,0.0,-0.95,0.95,1.4954046356570685,0.1579777193976837,0.160340986012008
sparse_linear_correlated_n500_p100_k2_random_forest,sparse_linear_correlated,random_forest,500,100,2,0.4,0.0,-0.95,0.95,1.3622310632692638,0.1771856327271927,0.1792882355319814
sparse_linear_correlated_n500_p100_k5_random_forest,sparse_linear_correlated,random_forest,500,100,5,0.25,0.0,-0.95,0.95,1.039741951940046,0.1815204598869428,0.1853616161403753
sparse_linear_correlated_n500_p100_k10_random_forest,sparse_linear_correlated,random_forest,500,100,10,0.2222222222222222,0.0,-0.95,0.95,0.8611802027675319,0.1554064363968375,0.1622756990767249
sparse_linear_correlated_n500_p150_k2_random_forest,sparse_linear_correlated,random_forest,500,150,2,0.5999999999999999,0.0,-0.95,0.95,0.7904778088034253,0.1971489804534239,0.2021329742748069
sparse_linear_correlated_n500_p150_k5_random_forest,sparse_linear_correlated,random_forest,500,150,5,0.375,0.0,-0.95,0.95,1.193197893199056,0.1986319036688323,0.2010271361756239
sparse_linear_correlated_n500_p150_k10_random_forest,sparse_linear_correlated,random_forest,500,150,10,0.3333333333333333,0.0,-0.95,0.95,1.2437389964125063,0.1679103061344761,0.1703878116948083
sparse_linear_correlated_n500_p300_k2_random_forest,sparse_linear_correlated,random_forest,500,300,2,1.1999999999999995,0.0,-0.95,0.95,0.9912543935876236,0.1987789242393127,0.2015561417518444
sparse_linear_correlated_n500_p300_k5_random_forest,sparse_linear_correlated,random_forest,500,300,5,0.75,0.0,-0.95,0.95,1.0149685275642963,0.2075978809997246,0.2103602523479082
sparse_linear_correlated_n500_p300_k10_random_forest,sparse_linear_correlated,random_forest,500,300,10,0.6666666666666667,0.0,-0.95,0.95,1.1430761282016657,0.2049834676867989,0.2072513289599431
sparse_linear_correlated_n1000_p50_k2_random_forest,sparse_linear_correlated,random_forest,1000,50,2,0.1,0.0,-0.95,0.95,1.4791448912239062,0.1318550805749965,0.1332241068690886
sparse_linear_correlated_n1000_p50_k5_random_forest,sparse_linear_correlated,random_forest,1000,50,5,0.0625,0.0,-0.95,0.95,1.0221237261900535,0.1268058676479494,0.1299650232843821
sparse_linear_correlated_n1000_p50_k10_random_forest,sparse_linear_correlated,random_forest,1000,50,10,0.0555555555555554,0.0,-0.95,0.95,1.0164451928226346,0.116834953319863,0.1202646069352929
sparse_linear_correlated_n1000_p100_k2_random_forest,sparse_linear_correlated,random_forest,1000,100,2,0.2,0.0,-0.95,0.95,1.3477195721357436,0.1774845836807387,0.1786795941730309
sparse_linear_correlated_n1000_p100_k5_random_forest,sparse_linear_correlated,random_forest,1000,100,5,0.125,0.0,-0.95,0.95,1.33350225663191,0.1515238691243928,0.1529303964392131
sparse_linear_correlated_n1000_p100_k10_random_forest,sparse_linear_correlated,random_forest,1000,100,10,0.1111111111111111,0.0,-0.95,0.95,1.335467738800677,0.1543614289911722,0.1558598190080439
sparse_linear_correlated_n1000_p150_k2_random_forest,sparse_linear_correlated,random_forest,1000,150,2,0.2999999999999999,0.0,-0.95,0.95,1.89680582448328,0.1950113758564363,0.1954977452853424
sparse_linear_correlated_n1000_p150_k5_random_forest,sparse_linear_correlated,random_forest,1000,150,5,0.1875,0.0,-0.95,0.95,1.5065347731443814,0.1734455918452281,0.1744046755995514
sparse_linear_correlated_n1000_p150_k10_random_forest,sparse_linear_correlated,random_forest,1000,150,10,0.1666666666666665,0.0,-0.95,0.95,0.9579065267393136,0.1621704920630497,0.1646465074409183
sparse_linear_correlated_n1000_p300_k2_random_forest,sparse_linear_correlated,random_forest,1000,300,2,0.5999999999999999,0.0,-0.95,0.95,1.3021117172270753,0.2061634219169925,0.2070465659783615
sparse_linear_correlated_n1000_p300_k5_random_forest,sparse_linear_correlated,random_forest,1000,300,5,0.375,0.0,-0.95,0.95,1.2208648689617034,0.2015888783924349,0.2026448252860016
sparse_linear_correlated_n1000_p300_k10_random_forest,sparse_linear_correlated,random_forest,1000,300,10,0.3333333333333333,0.0,-0.95,0.95,1.1014928759350655,0.1910405456120836,0.1924824097376742
dense_linear_independent_n250_p300_k10_ols,dense_linear_independent,ols,250,300,10,1.3333333333333337,0.1,-0.85,0.85,0.257297647281483,0.2178363563380084,0.2350303156730907
dense_linear_independent_n250_p50_k10_random_forest,dense_linear_independent,random_forest,250,50,10,0.2222222222222222,0.1,-0.85,0.85,1.6400472369506989,0.1732634730295331,0.1772001494333221
dense_linear_independent_n250_p100_k2_random_forest,dense_linear_independent,random_forest,250,100,2,0.8,0.1,-0.85,0.85,0.7914032936855238,0.2272051536876155,0.2392288506253115
dense_linear_independent_n250_p100_k10_random_forest,dense_linear_independent,random_forest,250,100,10,0.4444444444444445,0.1,-0.85,0.85,0.9459870668616632,0.2220376814650461,0.2317677421576467
dense_linear_independent_n250_p300_k10_random_forest,dense_linear_independent,random_forest,250,300,10,1.3333333333333337,0.1,-0.85,0.85,1.3376142383074363,0.2137599105125765,0.218508322807966
dense_linear_independent_n1000_p25_k2_random_forest,dense_linear_independent,random_forest,1000,25,2,0.05,0.1,-0.85,0.85,2.09332339539816,0.0829707506411673,0.0842852725717799
dense_linear_independent_n1000_p300_k2_gradient_boosting,dense_linear_independent,gradient_boosting,1000,300,2,0.5999999999999999,0.1,-0.85,0.85,1.3019470628207932,0.0919839368798239,0.0951918495194372
sparse_linear_independent_n250_p50_k2_random_forest,sparse_linear_independent,random_forest,250,50,2,0.4,0.1,-0.85,0.85,1.4007949588297972,0.1908992606851804,0.1953462817955624
sparse_linear_independent_n250_p150_k2_random_forest,sparse_linear_independent,random_forest,250,150,2,1.1999999999999995,0.1,-0.85,0.85,1.0564203761068007,0.1940156856953143,0.2020766871263619
sparse_linear_independent_n250_p150_k10_random_forest,sparse_linear_independent,random_forest,250,150,10,0.6666666666666667,0.1,-0.85,0.85,1.1521972884507847,0.2020710248075825,0.2084626611604501
sparse_linear_independent_n500_p50_k2_random_forest,sparse_linear_independent,random_forest,500,50,2,0.2,0.1,-0.85,0.85,0.8961989492281003,0.1721059719103816,0.1789269001024848
sparse_linear_independent_n1000_p100_k2_gradient_boosting,sparse_linear_independent,gradient_boosting,1000,100,2,0.2,0.1,-0.85,0.85,1.0336399038972814,0.0925441146061025,0.0974176357078153
sparse_linear_independent_n1000_p300_k10_gradient_boosting,sparse_linear_independent,gradient_boosting,1000,300,10,0.3333333333333333,0.1,-0.85,0.85,1.8730641428371624,0.0786138710736491,0.080274391522632
sparse_linear_correlated_n250_p150_k5_random_forest,sparse_linear_correlated,random_forest,250,150,5,0.75,0.1,-0.85,0.85,0.8980334525272512,0.2019469518443578,0.2091116150282933
sparse_linear_correlated_n1000_p25_k2_random_forest,sparse_linear_correlated,random_forest,1000,25,2,0.05,0.1,-0.85,0.85,0.8334414026677394,0.0906994413051509,0.0973702338806694
dense_linear_independent_n250_p25_k2_random_forest,dense_linear_independent,random_forest,250,25,2,0.2,0.2,-0.75,0.75,1.1683063540592835,0.1775138580662555,0.1858198884868946
dense_linear_independent_n250_p50_k5_random_forest,dense_linear_independent,random_forest,250,50,5,0.25,0.2,-0.75,0.75,1.2068601439961053,0.1784126099064701,0.185250593365589
dense_linear_independent_n250_p150_k2_random_forest,dense_linear_independent,random_forest,250,150,2,1.1999999999999995,0.2,-0.75,0.75,0.6987074655143396,0.2325069697666185,0.2494011359371264
dense_linear_independent_n250_p150_k5_random_forest,dense_linear_independent,random_forest,250,150,5,0.75,0.2,-0.75,0.75,0.7843612345197759,0.2127117517445001,0.2261712972711622
dense_linear_independent_n500_p50_k5_random_forest,dense_linear_independent,random_forest,500,50,5,0.125,0.2,-0.75,0.75,0.8068195707648699,0.1369466927202717,0.1471193366498733
sparse_linear_independent_n250_p50_k5_random_forest,sparse_linear_independent,random_forest,250,50,5,0.25,0.2,-0.75,0.75,1.3708200931818355,0.1921438168194761,0.1980261775586091
sparse_linear_independent_n250_p300_k5_random_forest,sparse_linear_independent,random_forest,250,300,5,1.5,0.2,-0.75,0.75,0.9660348424833312,0.2319694967298914,0.2402640066160778
sparse_linear_independent_n1000_p25_k10_random_forest,sparse_linear_independent,random_forest,1000,25,10,0.0277777777777777,0.2,-0.75,0.75,0.9647700281966868,0.0673150329311962,0.0748843728254989
sparse_linear_correlated_n250_p25_k5_random_forest,sparse_linear_correlated,random_forest,250,25,5,0.125,0.2,-0.75,0.75,0.9632875047265438,0.1427813435516415,0.1530328926562962
sparse_linear_correlated_n250_p50_k5_random_forest,sparse_linear_correlated,random_forest,250,50,5,0.25,0.2,-0.75,0.75,1.7735225604542997,0.1495174872433687,0.1526631047909042
sparse_linear_correlated_n250_p50_k10_random_forest,sparse_linear_correlated,random_forest,250,50,10,0.2222222222222222,0.2,-0.75,0.75,1.1877670400817346,0.1525103411125963,0.1587013996141653
sparse_linear_correlated_n500_p25_k10_random_forest,sparse_linear_correlated,random_forest,500,25,10,0.0555555555555554,0.2,-0.75,0.75,1.235934382747767,0.1083646125755507,0.1135745541341242
dense_linear_independent_n250_p300_k2_ols,dense_linear_independent,ols,250,300,2,2.3999999999999995,0.3,-0.6499999999999999,0.6499999999999999,0.7446461141513327,0.1177038467374642,0.1361768693410182
dense_linear_independent_n250_p300_k2_lasso,dense_linear_independent,lasso,250,300,2,2.3999999999999995,0.3,-0.6499999999999999,0.6499999999999999,0.5970736832682305,0.2078045355801188,0.2322757189895442
dense_linear_independent_n250_p25_k10_random_forest,dense_linear_independent,random_forest,250,25,10,0.1111111111111111,0.3,-0.6499999999999999,0.6499999999999999,1.0982484629704867,0.1430689296958085,0.1536222793017431
dense_linear_independent_n250_p50_k2_random_forest,dense_linear_independent,random_forest,250,50,2,0.4,0.3,-0.6499999999999999,0.6499999999999999,0.9681494264191256,0.1809291502689642,0.1907481885895911
dense_linear_independent_n500_p25_k2_random_forest,dense_linear_independent,random_forest,500,25,2,0.1,0.3,-0.6499999999999999,0.6499999999999999,1.008325718332002,0.1220025961202631,0.1294580788562825
dense_linear_independent_n1000_p50_k5_gradient_boosting,dense_linear_independent,gradient_boosting,1000,50,5,0.0625,0.3,-0.6499999999999999,0.6499999999999999,0.952548181684674,0.0714791000625946,0.0784488572969858
dense_linear_independent_n1000_p100_k2_gradient_boosting,dense_linear_independent,gradient_boosting,1000,100,2,0.2,0.3,-0.6499999999999999,0.6499999999999999,0.9765088119667034,0.0754216187110952,0.0818018357249672
sparse_linear_independent_n500_p150_k5_ols,sparse_linear_independent,ols,500,150,5,0.375,0.3,-0.6499999999999999,0.6499999999999999,0.4161362290048777,0.085728077561888,0.0983231214164234
sparse_linear_independent_n250_p25_k2_random_forest,sparse_linear_independent,random_forest,250,25,2,0.2,0.3,-0.6499999999999999,0.6499999999999999,1.046176974669978,0.1716715452800497,0.1805653653645559
sparse_linear_independent_n500_p25_k5_random_forest,sparse_linear_independent,random_forest,500,25,5,0.0625,0.3,-0.6499999999999999,0.6499999999999999,0.9692465180212948,0.0948620388856749,0.1049226342174387
sparse_linear_independent_n1000_p300_k2_gradient_boosting,sparse_linear_independent,gradient_boosting,1000,300,2,0.5999999999999999,0.3,-0.6499999999999999,0.6499999999999999,0.8611972121189011,0.0915588044862928,0.0983568096550389
sparse_linear_independent_n1000_p300_k5_gradient_boosting,sparse_linear_independent,gradient_boosting,1000,300,5,0.375,0.3,-0.6499999999999999,0.6499999999999999,1.1541352036122785,0.0795178669046352,0.0840062690583741
sparse_linear_correlated_n250_p25_k2_random_forest,sparse_linear_correlated,random_forest,250,25,2,0.2,0.3,-0.6499999999999999,0.6499999999999999,1.180876647357735,0.1625468498175425,0.1698659479449521
sparse_linear_correlated_n1000_p25_k10_random_forest,sparse_linear_correlated,random_forest,1000,25,10,0.0277777777777777,0.3,-0.6499999999999999,0.6499999999999999,1.1953450136830843,0.0808683792460883,0.0847821670381546
dense_linear_independent_n250_p100_k2_ols,dense_linear_independent,ols,250,100,2,0.8,0.4,-0.5499999999999999,0.5499999999999999,0.4830660722320583,0.1129064915835822,0.1249847040267223
dense_linear_independent_n500_p300_k2_ols,dense_linear_independent,ols,500,300,2,1.1999999999999995,0.4,-0.5499999999999999,0.5499999999999999,0.5549448148941144,0.0807836834765067,0.0873513911830345
dense_linear_independent_n1000_p300_k2_ols,dense_linear_independent,ols,1000,300,2,0.5999999999999999,0.4,-0.5499999999999999,0.5499999999999999,0.3841378907320727,0.0626490495240089,0.0764020447351019
dense_linear_independent_n250_p300_k10_lasso,dense_linear_independent,lasso,250,300,10,1.3333333333333337,0.4,-0.5499999999999999,0.5499999999999999,0.4131993165140656,0.1580992670344549,0.1705008422327453
dense_linear_independent_n500_p25_k5_random_forest,dense_linear_independent,random_forest,500,25,5,0.0625,0.4,-0.5499999999999999,0.5499999999999999,1.0041202150421855,0.1017337361051398,0.1105640013274308
dense_linear_independent_n1000_p25_k5_random_forest,dense_linear_independent,random_forest,1000,25,5,0.03125,0.4,-0.5499999999999999,0.5499999999999999,0.8027405690420373,0.0761015693545314,0.0852582050527757
dense_linear_independent_n500_p50_k2_gradient_boosting,dense_linear_independent,gradient_boosting,500,50,2,0.2,0.4,-0.5499999999999999,0.5499999999999999,0.7002702433547899,0.1003235118848069,0.1191092451340841
dense_linear_independent_n500_p300_k5_gradient_boosting,dense_linear_independent,gradient_boosting,500,300,5,0.75,0.4,-0.5499999999999999,0.5499999999999999,0.7991302286063724,0.0925576697240385,0.1082394566314997
dense_linear_independent_n500_p300_k10_gradient_boosting,dense_linear_independent,gradient_boosting,500,300,10,0.6666666666666667,0.4,-0.5499999999999999,0.5499999999999999,0.8697740135538242,0.1064596451394935,0.1180003799267046
dense_linear_independent_n1000_p300_k10_gradient_boosting,dense_linear_independent,gradient_boosting,1000,300,10,0.3333333333333333,0.4,-0.5499999999999999,0.5499999999999999,1.188885700675249,0.0730699641766013,0.0777165240128076
sparse_linear_independent_n250_p150_k2_ols,sparse_linear_independent,ols,250,150,2,1.1999999999999995,0.4,-0.5499999999999999,0.5499999999999999,0.4988221470474231,0.1419132367720938,0.1659729143121317
sparse_linear_independent_n250_p150_k5_ols,sparse_linear_independent,ols,250,150,5,0.75,0.4,-0.5499999999999999,0.5499999999999999,0.3382723242822638,0.1565613873827507,0.1783636587722562
sparse_linear_independent_n250_p300_k2_ols,sparse_linear_independent,ols,250,300,2,2.3999999999999995,0.4,-0.5499999999999999,0.5499999999999999,1.2218593268335862,0.1366855337723993,0.144768859377198
sparse_linear_independent_n250_p150_k5_elastic_net,sparse_linear_independent,elastic_net,250,150,5,0.75,0.4,-0.5499999999999999,0.5499999999999999,0.4792431177114462,0.1429321856544576,0.1589818569348867
sparse_linear_independent_n250_p300_k10_elastic_net,sparse_linear_independent,elastic_net,250,300,10,1.3333333333333337,0.4,-0.5499999999999999,0.5499999999999999,0.3461586515736783,0.1646506005466426,0.1906566832682979
sparse_linear_independent_n250_p25_k10_random_forest,sparse_linear_independent,random_forest,250,25,10,0.1111111111111111,0.4,-0.5499999999999999,0.5499999999999999,1.4533289803982448,0.1289872541473265,0.1352582219305279
sparse_linear_independent_n250_p100_k5_random_forest,sparse_linear_independent,random_forest,250,100,5,0.5,0.4,-0.5499999999999999,0.5499999999999999,0.7731013762630661,0.1789659415289621,0.1951074689994029
sparse_linear_independent_n1000_p25_k2_random_forest,sparse_linear_independent,random_forest,1000,25,2,0.05,0.4,-0.5499999999999999,0.5499999999999999,0.7567332292134319,0.0915864311380573,0.1004525805725474
sparse_linear_independent_n1000_p25_k5_random_forest,sparse_linear_independent,random_forest,1000,25,5,0.03125,0.4,-0.5499999999999999,0.5499999999999999,1.5079152101465856,0.0721628717705754,0.0750772211062709
sparse_linear_independent_n500_p150_k10_gradient_boosting,sparse_linear_independent,gradient_boosting,500,150,10,0.3333333333333333,0.4,-0.5499999999999999,0.5499999999999999,1.0460308936027825,0.1062073782454584,0.1143279416655442
sparse_linear_independent_n1000_p50_k5_gradient_boosting,sparse_linear_independent,gradient_boosting,1000,50,5,0.0625,0.4,-0.5499999999999999,0.5499999999999999,1.2201468560747255,0.0674166912327063,0.0722881030610409
sparse_linear_independent_n1000_p150_k10_gradient_boosting,sparse_linear_independent,gradient_boosting,1000,150,10,0.1666666666666665,0.4,-0.5499999999999999,0.5499999999999999,0.8180394073882181,0.0620054096928811,0.0729692717935763
sparse_linear_correlated_n500_p300_k2_ols,sparse_linear_correlated,ols,500,300,2,1.1999999999999995,0.4,-0.5499999999999999,0.5499999999999999,0.2528947051782377,0.14551094949804,0.1761717506539692
sparse_linear_correlated_n500_p25_k5_random_forest,sparse_linear_correlated,random_forest,500,25,5,0.0625,0.4,-0.5499999999999999,0.5499999999999999,1.2769768881040426,0.0915402082372056,0.0974525967514076
sparse_linear_correlated_n1000_p25_k5_random_forest,sparse_linear_correlated,random_forest,1000,25,5,0.03125,0.4,-0.5499999999999999,0.5499999999999999,0.8798551323208134,0.0666000089687588,0.0747457833117455
weak_signal_sparse_n250_p100_k2_ols,weak_signal_sparse,ols,250,100,2,0.8,0.4,-0.5499999999999999,0.5499999999999999,0.3124528523928676,0.1665079710124736,0.2083222728988844
dense_linear_independent_n250_p300_k10_elastic_net,dense_linear_independent,elastic_net,250,300,10,1.3333333333333337,0.5,-0.44999999999999996,0.44999999999999996,0.4155437552264945,0.1519551564148596,0.1651279464207358
dense_linear_independent_n500_p150_k10_elastic_net,dense_linear_independent,elastic_net,500,150,10,0.3333333333333333,0.5,-0.44999999999999996,0.44999999999999996,0.5539219155360536,0.0651191581733938,0.0787227114924165
dense_linear_independent_n1000_p25_k10_random_forest,dense_linear_independent,random_forest,1000,25,10,0.0277777777777777,0.5,-0.44999999999999996,0.44999999999999996,0.7955861868142986,0.0643149203729748,0.0746663145061554
dense_linear_independent_n500_p100_k2_gradient_boosting,dense_linear_independent,gradient_boosting,500,100,2,0.4,0.5,-0.44999999999999996,0.44999999999999996,1.2039456707077114,0.0811090426975765,0.0893588974339775
dense_linear_independent_n500_p150_k2_gradient_boosting,dense_linear_independent,gradient_boosting,500,150,2,0.5999999999999999,0.5,-0.44999999999999996,0.44999999999999996,1.0378918276985336,0.1068046761530694,0.1152576825448448
dense_linear_independent_n500_p150_k5_gradient_boosting,dense_linear_independent,gradient_boosting,500,150,5,0.375,0.5,-0.44999999999999996,0.44999999999999996,1.02945358344195,0.0873892674540785,0.0974320200681639
dense_linear_independent_n1000_p100_k5_gradient_boosting,dense_linear_independent,gradient_boosting,1000,100,5,0.125,0.5,-0.44999999999999996,0.44999999999999996,0.7108516788919179,0.0627502833382193,0.077001618175317
dense_linear_independent_n1000_p100_k10_gradient_boosting,dense_linear_independent,gradient_boosting,1000,100,10,0.1111111111111111,0.5,-0.44999999999999996,0.44999999999999996,0.6865278187505304,0.0563082117107805,0.0683118117419172
dense_linear_independent_n1000_p300_k5_gradient_boosting,dense_linear_independent,gradient_boosting,1000,300,5,0.375,0.5,-0.44999999999999996,0.44999999999999996,1.0012780870611704,0.0699611201449507,0.0765555655310028
sparse_linear_independent_n250_p300_k10_ols,sparse_linear_independent,ols,250,300,10,1.3333333333333337,0.5,-0.44999999999999996,0.44999999999999996,0.3339081117426478,0.1583921656810752,0.1925664940254645
sparse_linear_independent_n250_p300_k5_lasso,sparse_linear_independent,lasso,250,300,5,1.5,0.5,-0.44999999999999996,0.44999999999999996,0.4804603389285423,0.14114491038928,0.1712868266140362
sparse_linear_independent_n500_p300_k10_lasso,sparse_linear_independent,lasso,500,300,10,0.6666666666666667,0.5,-0.44999999999999996,0.44999999999999996,0.5869815947711484,0.0846114990850076,0.0949603418686077
sparse_linear_independent_n250_p300_k2_elastic_net,sparse_linear_independent,elastic_net,250,300,2,2.3999999999999995,0.5,-0.44999999999999996,0.44999999999999996,0.5798287817201188,0.1577539484029247,0.190581802226284
sparse_linear_independent_n250_p25_k5_random_forest,sparse_linear_independent,random_forest,250,25,5,0.125,0.5,-0.44999999999999996,0.44999999999999996,1.0221804462451904,0.136181976042036,0.1494298054132091
sparse_linear_independent_n500_p25_k2_random_forest,sparse_linear_independent,random_forest,500,25,2,0.1,0.5,-0.44999999999999996,0.44999999999999996,1.133619324356589,0.0995238592859436,0.1062759435987409
sparse_linear_independent_n500_p25_k10_random_forest,sparse_linear_independent,random_forest,500,25,10,0.0555555555555554,0.5,-0.44999999999999996,0.44999999999999996,1.0108461862211815,0.0961527718234279,0.1054494811001236
sparse_linear_independent_n250_p300_k10_gradient_boosting,sparse_linear_independent,gradient_boosting,250,300,10,1.3333333333333337,0.5,-0.44999999999999996,0.44999999999999996,1.0522995978580012,0.1118364075606677,0.1207308421900196
sparse_linear_independent_n500_p100_k5_gradient_boosting,sparse_linear_independent,gradient_boosting,500,100,5,0.25,0.5,-0.44999999999999996,0.44999999999999996,1.041045186524037,0.0834474517312416,0.0938381450583141
sparse_linear_independent_n500_p100_k10_gradient_boosting,sparse_linear_independent,gradient_boosting,500,100,10,0.2222222222222222,0.5,-0.44999999999999996,0.44999999999999996,0.8787545146604354,0.086760386887881,0.1003636565253296
sparse_linear_independent_n1000_p50_k2_gradient_boosting,sparse_linear_independent,gradient_boosting,1000,50,2,0.1,0.5,-0.44999999999999996,0.44999999999999996,0.7555300203906151,0.065753707567368,0.0773371173391834
sparse_linear_independent_n1000_p150_k2_gradient_boosting,sparse_linear_independent,gradient_boosting,1000,150,2,0.2999999999999999,0.5,-0.44999999999999996,0.44999999999999996,0.98757263848673,0.0597322754293266,0.0666275643194962
sparse_linear_independent_n1000_p150_k5_gradient_boosting,sparse_linear_independent,gradient_boosting,1000,150,5,0.1875,0.5,-0.44999999999999996,0.44999999999999996,0.793443639254281,0.0641754378535024,0.0722665668285848
sparse_linear_correlated_n250_p300_k2_ols,sparse_linear_correlated,ols,250,300,2,2.3999999999999995,0.5,-0.44999999999999996,0.44999999999999996,0.5600529709859103,0.1416914140828654,0.1681063529658608
sparse_linear_correlated_n250_p150_k10_lasso,sparse_linear_correlated,lasso,250,150,10,0.6666666666666667,0.5,-0.44999999999999996,0.44999999999999996,0.4549474803685928,0.111261363927183,0.1410706839842104
sparse_linear_correlated_n250_p300_k2_elastic_net,sparse_linear_correlated,elastic_net,250,300,2,2.3999999999999995,0.5,-0.44999999999999996,0.44999999999999996,0.6541796161446493,0.1156570804293638,0.1364041593524234
sparse_linear_correlated_n250_p25_k10_random_forest,sparse_linear_correlated,random_forest,250,25,10,0.1111111111111111,0.5,-0.44999999999999996,0.44999999999999996,0.9549279447557136,0.1168545997602283,0.1283186216409084
sparse_linear_correlated_n500_p300_k10_gradient_boosting,sparse_linear_correlated,gradient_boosting,500,300,10,0.6666666666666667,0.5,-0.44999999999999996,0.44999999999999996,1.035242600454631,0.0901757898242169,0.0996812017774416
sparse_linear_correlated_n1000_p25_k2_gradient_boosting,sparse_linear_correlated,gradient_boosting,1000,25,2,0.05,0.5,-0.44999999999999996,0.44999999999999996,0.6918818862533379,0.0557654280534301,0.0621041208336815
sparse_linear_correlated_n1000_p25_k5_gradient_boosting,sparse_linear_correlated,gradient_boosting,1000,25,5,0.03125,0.5,-0.44999999999999996,0.44999999999999996,0.6887617723822204,0.0533615517714155,0.0657326151412592
weak_signal_sparse_n250_p150_k2_ols,weak_signal_sparse,ols,250,150,2,1.1999999999999995,0.5,-0.44999999999999996,0.44999999999999996,0.4077415600833031,0.1363695340498565,0.1635811798439639
weak_signal_sparse_n500_p300_k2_ols,weak_signal_sparse,ols,500,300,2,1.1999999999999995,0.5,-0.44999999999999996,0.44999999999999996,0.3458731094151755,0.1068476756726913,0.1275933843555291
weak_signal_sparse_n250_p300_k10_elastic_net,weak_signal_sparse,elastic_net,250,300,10,1.3333333333333337,0.5,-0.44999999999999996,0.44999999999999996,0.4961777107912813,0.1408901284365583,0.1611658580634684
weak_signal_sparse_n500_p150_k5_gradient_boosting,weak_signal_sparse,gradient_boosting,500,150,5,0.375,0.5,-0.44999999999999996,0.44999999999999996,0.7523145549242348,0.0775712444294102,0.0926624307401103
dense_linear_independent_n250_p150_k2_ols,dense_linear_independent,ols,250,150,2,1.1999999999999995,0.6,-0.35,0.35,0.4280249003554043,0.1181114640747074,0.1491206882504186
dense_linear_independent_n250_p300_k5_ols,dense_linear_independent,ols,250,300,5,1.5,0.6,-0.35,0.35,0.3893552243617815,0.1211608564600534,0.1524521427101965
dense_linear_independent_n500_p300_k5_ols,dense_linear_independent,ols,500,300,5,0.75,0.6,-0.35,0.35,0.3888296259988831,0.0990884110351677,0.1135868449256811
dense_linear_independent_n250_p150_k2_lasso,dense_linear_independent,lasso,250,150,2,1.1999999999999995,0.6,-0.35,0.35,0.4232675592634838,0.1275872866622669,0.1664231762765526
dense_linear_independent_n250_p300_k5_lasso,dense_linear_independent,lasso,250,300,5,1.5,0.6,-0.35,0.35,0.5081538534916727,0.1203811203272862,0.1455068186686368
dense_linear_independent_n250_p100_k5_elastic_net,dense_linear_independent,elastic_net,250,100,5,0.5,0.6,-0.35,0.35,0.5536530638485286,0.0953304287323857,0.1130753337224802
dense_linear_independent_n500_p25_k10_random_forest,dense_linear_independent,random_forest,500,25,10,0.0555555555555554,0.6,-0.35,0.35,0.9125173366220608,0.0980340312768935,0.1085060646572094
dense_linear_independent_n250_p50_k5_gradient_boosting,dense_linear_independent,gradient_boosting,250,50,5,0.25,0.6,-0.35,0.35,1.4752752957058024,0.1133488392263418,0.121242169403547
dense_linear_independent_n500_p50_k5_gradient_boosting,dense_linear_independent,gradient_boosting,500,50,5,0.125,0.6,-0.35,0.35,0.7676421583905023,0.0831650482437577,0.1018010419893918
dense_linear_independent_n500_p100_k10_gradient_boosting,dense_linear_independent,gradient_boosting,500,100,10,0.2222222222222222,0.6,-0.35,0.35,0.5741115730013583,0.0928779062152388,0.1124056987639764
dense_linear_independent_n500_p300_k2_gradient_boosting,dense_linear_independent,gradient_boosting,500,300,2,1.1999999999999995,0.6,-0.35,0.35,0.7460784392660473,0.0874727108013306,0.1020317027945962
dense_linear_independent_n1000_p50_k2_gradient_boosting,dense_linear_independent,gradient_boosting,1000,50,2,0.1,0.6,-0.35,0.35,0.8260816848961262,0.0662031712753627,0.0765098461929743
dense_linear_independent_n1000_p50_k10_gradient_boosting,dense_linear_independent,gradient_boosting,1000,50,10,0.0555555555555554,0.6,-0.35,0.35,0.7711447738280627,0.0656652888381379,0.0762336157402387
dense_linear_independent_n1000_p150_k2_gradient_boosting,dense_linear_independent,gradient_boosting,1000,150,2,0.2999999999999999,0.6,-0.35,0.35,0.914730074150043,0.0521169360773118,0.0628164349168861
dense_linear_independent_n1000_p150_k5_gradient_boosting,dense_linear_independent,gradient_boosting,1000,150,5,0.1875,0.6,-0.35,0.35,0.819552449876191,0.0557933941739473,0.0672050230931139
sparse_linear_independent_n250_p50_k10_ols,sparse_linear_independent,ols,250,50,10,0.2222222222222222,0.6,-0.35,0.35,0.4891480070499662,0.1156966377797158,0.1329975355646177
sparse_linear_independent_n250_p300_k5_ols,sparse_linear_independent,ols,250,300,5,1.5,0.6,-0.35,0.35,0.461394450161142,0.1206861467754404,0.1570036329030428
sparse_linear_independent_n500_p300_k10_ols,sparse_linear_independent,ols,500,300,10,0.6666666666666667,0.6,-0.35,0.35,0.6060108995460511,0.0607406592024797,0.070892193030563
sparse_linear_independent_n250_p50_k2_lasso,sparse_linear_independent,lasso,250,50,2,0.4,0.6,-0.35,0.35,0.5914338948034654,0.0885812708919066,0.1252409150021429
sparse_linear_independent_n250_p300_k10_lasso,sparse_linear_independent,lasso,250,300,10,1.3333333333333337,0.6,-0.35,0.35,0.513256805229158,0.1248493285345866,0.1455889613145583
sparse_linear_independent_n1000_p300_k2_lasso,sparse_linear_independent,lasso,1000,300,2,0.5999999999999999,0.6,-0.35,0.35,0.6872031989474603,0.0488451836733925,0.063756302791894
sparse_linear_independent_n250_p100_k2_elastic_net,sparse_linear_independent,elastic_net,250,100,2,0.8,0.6,-0.35,0.35,0.4699057302703213,0.109877867224435,0.1430570449721124
sparse_linear_independent_n250_p300_k5_elastic_net,sparse_linear_independent,elastic_net,250,300,5,1.5,0.6,-0.35,0.35,0.5427073883912336,0.1237007510673996,0.1527609813021869
sparse_linear_independent_n500_p150_k2_elastic_net,sparse_linear_independent,elastic_net,500,150,2,0.5999999999999999,0.6,-0.35,0.35,0.5085607698993225,0.0778800326068613,0.0859583189920088
sparse_linear_independent_n500_p150_k5_elastic_net,sparse_linear_independent,elastic_net,500,150,5,0.375,0.6,-0.35,0.35,0.5437330526314547,0.0697682301714342,0.0834599794076227
sparse_linear_independent_n1000_p300_k2_elastic_net,sparse_linear_independent,elastic_net,1000,300,2,0.5999999999999999,0.6,-0.35,0.35,0.6542626843661918,0.0563228695836958,0.0654168991057059
sparse_linear_independent_n500_p50_k5_gradient_boosting,sparse_linear_independent,gradient_boosting,500,50,5,0.125,0.6,-0.35,0.35,0.5558848353460945,0.072257598838363,0.1009348943260977
sparse_linear_independent_n500_p100_k2_gradient_boosting,sparse_linear_independent,gradient_boosting,500,100,2,0.4,0.6,-0.35,0.35,0.7596980626449629,0.0640624837298524,0.075992868260564
sparse_linear_independent_n500_p300_k5_gradient_boosting,sparse_linear_independent,gradient_boosting,500,300,5,0.75,0.6,-0.35,0.35,1.2437179719779723,0.0789392573275884,0.0867519057921825
sparse_linear_independent_n500_p300_k10_gradient_boosting,sparse_linear_independent,gradient_boosting,500,300,10,0.6666666666666667,0.6,-0.35,0.35,1.337075211025879,0.0910806435083128,0.0967263123594949
sparse_linear_independent_n1000_p50_k10_gradient_boosting,sparse_linear_independent,gradient_boosting,1000,50,10,0.0555555555555554,0.6,-0.35,0.35,0.7157255332284306,0.0588020569172383,0.0719961836713633
sparse_linear_independent_n1000_p100_k10_gradient_boosting,sparse_linear_independent,gradient_boosting,1000,100,10,0.1111111111111111,0.6,-0.35,0.35,1.1177444975552502,0.0610427584147516,0.0673806599166191
sparse_linear_correlated_n250_p100_k2_ols,sparse_linear_correlated,ols,250,100,2,0.8,0.6,-0.35,0.35,0.5356775443981231,0.0867552382147588,0.1169809272994261
sparse_linear_correlated_n250_p150_k2_ols,sparse_linear_correlated,ols,250,150,2,1.1999999999999995,0.6,-0.35,0.35,0.4692239238682797,0.1146425935110032,0.1401544718940587
sparse_linear_correlated_n250_p300_k5_ols,sparse_linear_correlated,ols,250,300,5,1.5,0.6,-0.35,0.35,0.3876380341940575,0.1264288875196553,0.1591926342939157
sparse_linear_correlated_n500_p100_k2_ols,sparse_linear_correlated,ols,500,100,2,0.4,0.6,-0.35,0.35,0.492652118216977,0.0769023015946124,0.0862116372168018
sparse_linear_correlated_n500_p100_k5_ols,sparse_linear_correlated,ols,500,100,5,0.25,0.6,-0.35,0.35,0.6123747063278833,0.0622042806164299,0.0730119157727956
sparse_linear_correlated_n500_p100_k10_ols,sparse_linear_correlated,ols,500,100,10,0.2222222222222222,0.6,-0.35,0.35,0.6409658419782359,0.0504528582799135,0.0652008874042371
sparse_linear_correlated_n250_p300_k5_lasso,sparse_linear_correlated,lasso,250,300,5,1.5,0.6,-0.35,0.35,0.5193117870434281,0.1178686803622361,0.1393071156932523
sparse_linear_correlated_n500_p300_k2_lasso,sparse_linear_correlated,lasso,500,300,2,1.1999999999999995,0.6,-0.35,0.35,0.4795470740266044,0.0896211755768356,0.0985876730568873
sparse_linear_correlated_n1000_p300_k2_lasso,sparse_linear_correlated,lasso,1000,300,2,0.5999999999999999,0.6,-0.35,0.35,1.1867118812417083,0.0505809957304751,0.0570683340012778
sparse_linear_correlated_n250_p100_k2_elastic_net,sparse_linear_correlated,elastic_net,250,100,2,0.8,0.6,-0.35,0.35,0.4977492267201185,0.1114013604710068,0.129362149398852
sparse_linear_correlated_n250_p100_k5_elastic_net,sparse_linear_correlated,elastic_net,250,100,5,0.5,0.6,-0.35,0.35,0.5604587101815516,0.0974512967590845,0.1167586910727559
sparse_linear_correlated_n250_p150_k10_elastic_net,sparse_linear_correlated,elastic_net,250,150,10,0.6666666666666667,0.6,-0.35,0.35,0.5104544383290865,0.1209230068899039,0.1470439740721631
sparse_linear_correlated_n250_p300_k10_elastic_net,sparse_linear_correlated,elastic_net,250,300,10,1.3333333333333337,0.6,-0.35,0.35,0.5471784143350865,0.0961715137561572,0.1176826666472018
sparse_linear_correlated_n500_p300_k5_elastic_net,sparse_linear_correlated,elastic_net,500,300,5,0.75,0.6,-0.35,0.35,0.7939522414068373,0.0813879216277897,0.0925483460115573
sparse_linear_correlated_n500_p50_k2_gradient_boosting,sparse_linear_correlated,gradient_boosting,500,50,2,0.2,0.6,-0.35,0.35,0.6630635572849436,0.06532517677831,0.0845929265655849
sparse_linear_correlated_n1000_p50_k10_gradient_boosting,sparse_linear_correlated,gradient_boosting,1000,50,10,0.0555555555555554,0.6,-0.35,0.35,0.868592131547961,0.0551370712025756,0.0620657549217742
weak_signal_sparse_n250_p300_k10_ols,weak_signal_sparse,ols,250,300,10,1.3333333333333337,0.6,-0.35,0.35,0.4328596711074355,0.1039076880438957,0.1301056356679961
weak_signal_sparse_n1000_p300_k2_ols,weak_signal_sparse,ols,1000,300,2,0.5999999999999999,0.6,-0.35,0.35,0.4889122916506949,0.0530438829082324,0.0661865837473335
weak_signal_sparse_n250_p100_k2_lasso,weak_signal_sparse,lasso,250,100,2,0.8,0.6,-0.35,0.35,0.5203300809416376,0.1163851909569448,0.1352824752286356
weak_signal_sparse_n250_p150_k10_elastic_net,weak_signal_sparse,elastic_net,250,150,10,0.6666666666666667,0.6,-0.35,0.35,0.5129863479296868,0.1026880603813538,0.1274683383358308
weak_signal_sparse_n250_p300_k2_elastic_net,weak_signal_sparse,elastic_net,250,300,2,2.3999999999999995,0.6,-0.35,0.35,0.8894308917907484,0.13057658518474,0.150984254530997
weak_signal_sparse_n250_p300_k5_elastic_net,weak_signal_sparse,elastic_net,250,300,5,1.5,0.6,-0.35,0.35,0.5425091512069765,0.1077679043007016,0.1425246460257886
weak_signal_sparse_n500_p300_k10_elastic_net,weak_signal_sparse,elastic_net,500,300,10,0.6666666666666667,0.6,-0.35,0.35,0.4793763217980268,0.0735665423298264,0.0899204602184223
weak_signal_sparse_n1000_p150_k5_elastic_net,weak_signal_sparse,elastic_net,1000,150,5,0.1875,0.6,-0.35,0.35,0.6207671123953347,0.0423024091047278,0.0512370809824103
weak_signal_sparse_n1000_p300_k2_elastic_net,weak_signal_sparse,elastic_net,1000,300,2,0.5999999999999999,0.6,-0.35,0.35,0.8831894960216945,0.0509231182946263,0.0616105238670581
weak_signal_sparse_n250_p150_k5_gradient_boosting,weak_signal_sparse,gradient_boosting,250,150,5,0.75,0.6,-0.35,0.35,0.6184046737898685,0.1043840602862119,0.1321961198672898
weak_signal_sparse_n250_p300_k2_gradient_boosting,weak_signal_sparse,gradient_boosting,250,300,2,2.3999999999999995,0.6,-0.35,0.35,0.8391136050673611,0.0989396938020049,0.1241882450775584
weak_signal_sparse_n1000_p100_k2_gradient_boosting,weak_signal_sparse,gradient_boosting,1000,100,2,0.2,0.6,-0.35,0.35,0.7714506925998265,0.0473324903878533,0.0551245972384416
weak_signal_sparse_n1000_p150_k2_gradient_boosting,weak_signal_sparse,gradient_boosting,1000,150,2,0.2999999999999999,0.6,-0.35,0.35,1.0808218487795431,0.0577332398216019,0.06468741414031
dense_linear_independent_n250_p100_k5_ols,dense_linear_independent,ols,250,100,5,0.5,0.7,-0.25,0.25,0.7219886464893204,0.0666132134007865,0.0833009724563427
dense_linear_independent_n250_p150_k10_ols,dense_linear_independent,ols,250,150,10,0.6666666666666667,0.7,-0.25,0.25,0.5053114392989109,0.1072019852738435,0.1342249239264212
dense_linear_independent_n500_p150_k2_ols,dense_linear_independent,ols,500,150,2,0.5999999999999999,0.7,-0.25,0.25,0.6416874259716004,0.0546670997723672,0.0670869439881744
dense_linear_independent_n500_p150_k5_ols,dense_linear_independent,ols,500,150,5,0.375,0.7,-0.25,0.25,0.7174774045080946,0.0617992776905062,0.0765547931724092
dense_linear_independent_n250_p50_k2_lasso,dense_linear_independent,lasso,250,50,2,0.4,0.7,-0.25,0.25,0.6185607213759154,0.0766159645337322,0.0999473156368453
dense_linear_independent_n250_p100_k2_lasso,dense_linear_independent,lasso,250,100,2,0.8,0.7,-0.25,0.25,0.7865421753363289,0.0957389810618933,0.1231129793294041
dense_linear_independent_n500_p300_k10_lasso,dense_linear_independent,lasso,500,300,10,0.6666666666666667,0.7,-0.25,0.25,0.6395136543445875,0.0688680658564669,0.088523309289948
dense_linear_independent_n1000_p100_k2_lasso,dense_linear_independent,lasso,1000,100,2,0.2,0.7,-0.25,0.25,0.6469530407536304,0.0402849554906184,0.0474902236985743
dense_linear_independent_n250_p50_k2_elastic_net,dense_linear_independent,elastic_net,250,50,2,0.4,0.7,-0.25,0.25,0.4956366479410734,0.0887139408429465,0.1265870776465428
dense_linear_independent_n250_p100_k10_elastic_net,dense_linear_independent,elastic_net,250,100,10,0.4444444444444445,0.7,-0.25,0.25,0.690805965010496,0.0661294236610586,0.0861640380020467
dense_linear_independent_n250_p150_k2_elastic_net,dense_linear_independent,elastic_net,250,150,2,1.1999999999999995,0.7,-0.25,0.25,0.4036907543004512,0.1168465180434104,0.1563722045287059
dense_linear_independent_n250_p150_k10_elastic_net,dense_linear_independent,elastic_net,250,150,10,0.6666666666666667,0.7,-0.25,0.25,0.540676724867279,0.1110218594765559,0.130871860227914
dense_linear_independent_n250_p300_k2_elastic_net,dense_linear_independent,elastic_net,250,300,2,2.3999999999999995,0.7,-0.25,0.25,0.7418543668210469,0.1148624270033808,0.1213899205247101
dense_linear_independent_n500_p50_k2_elastic_net,dense_linear_independent,elastic_net,500,50,2,0.2,0.7,-0.25,0.25,0.5283453699308439,0.0661532724539235,0.0806828099466594
dense_linear_independent_n1000_p300_k2_elastic_net,dense_linear_independent,elastic_net,1000,300,2,0.5999999999999999,0.7,-0.25,0.25,0.9377871552076408,0.0350863844139728,0.0457341454388591
dense_linear_independent_n250_p100_k10_gradient_boosting,dense_linear_independent,gradient_boosting,250,100,10,0.4444444444444445,0.7,-0.25,0.25,0.946278228172505,0.1007299006871338,0.1208256312789855
dense_linear_independent_n250_p150_k10_gradient_boosting,dense_linear_independent,gradient_boosting,250,150,10,0.6666666666666667,0.7,-0.25,0.25,0.9481396547077132,0.0980780227611244,0.1175315779816624
dense_linear_independent_n500_p25_k2_gradient_boosting,dense_linear_independent,gradient_boosting,500,25,2,0.1,0.7,-0.25,0.25,0.4156449290134498,0.0865554987414258,0.1215930572572364
dense_linear_independent_n500_p25_k5_gradient_boosting,dense_linear_independent,gradient_boosting,500,25,5,0.0625,0.7,-0.25,0.25,0.9623563500641538,0.0555539725745176,0.06893515949108
dense_linear_independent_n500_p150_k10_gradient_boosting,dense_linear_independent,gradient_boosting,500,150,10,0.3333333333333333,0.7,-0.25,0.25,1.3383881734858163,0.0689569164016656,0.0763072678778161
dense_linear_independent_n1000_p25_k5_gradient_boosting,dense_linear_independent,gradient_boosting,1000,25,5,0.03125,0.7,-0.25,0.25,1.0199808372515136,0.0507891503724646,0.0592483579530776
dense_linear_independent_n1000_p150_k10_gradient_boosting,dense_linear_independent,gradient_boosting,1000,150,10,0.1666666666666665,0.7,-0.25,0.25,0.6799077410734817,0.0551627805604193,0.0681423636488992
sparse_linear_independent_n500_p50_k2_ols,sparse_linear_independent,ols,500,50,2,0.2,0.7,-0.25,0.25,0.5017968870677842,0.0724920640125917,0.0859805950643655
sparse_linear_independent_n500_p100_k2_ols,sparse_linear_independent,ols,500,100,2,0.4,0.7,-0.25,0.25,0.525093396846921,0.0805523801079657,0.1004162894245374
sparse_linear_independent_n500_p300_k2_ols,sparse_linear_independent,ols,500,300,2,1.1999999999999995,0.7,-0.25,0.25,0.6426329490761116,0.0594661906329623,0.0699656372232787
sparse_linear_independent_n1000_p300_k2_ols,sparse_linear_independent,ols,1000,300,2,0.5999999999999999,0.7,-0.25,0.25,0.6296568461214771,0.0422516768910031,0.0484691594400544
sparse_linear_independent_n250_p100_k2_lasso,sparse_linear_independent,lasso,250,100,2,0.8,0.7,-0.25,0.25,0.7804180039247812,0.0953302827068021,0.1202245014998486
sparse_linear_independent_n250_p150_k2_lasso,sparse_linear_independent,lasso,250,150,2,1.1999999999999995,0.7,-0.25,0.25,0.5571804732093764,0.1035547689880223,0.127206434004245
sparse_linear_independent_n250_p300_k2_lasso,sparse_linear_independent,lasso,250,300,2,2.3999999999999995,0.7,-0.25,0.25,0.7095596716283868,0.1169867251254011,0.1392940308204636
sparse_linear_independent_n500_p150_k5_lasso,sparse_linear_independent,lasso,500,150,5,0.375,0.7,-0.25,0.25,0.5905849881089221,0.0605942235979402,0.0721164627904874
sparse_linear_independent_n250_p50_k2_elastic_net,sparse_linear_independent,elastic_net,250,50,2,0.4,0.7,-0.25,0.25,0.6266305275033592,0.0867343980496915,0.1133499893548471
sparse_linear_independent_n250_p150_k10_elastic_net,sparse_linear_independent,elastic_net,250,150,10,0.6666666666666667,0.7,-0.25,0.25,0.5386315351004962,0.0915210529925536,0.1217961537433768
sparse_linear_independent_n500_p100_k2_elastic_net,sparse_linear_independent,elastic_net,500,100,2,0.4,0.7,-0.25,0.25,0.5682025473518002,0.0609964365115166,0.0736468954297767
sparse_linear_independent_n500_p300_k2_elastic_net,sparse_linear_independent,elastic_net,500,300,2,1.1999999999999995,0.7,-0.25,0.25,0.524398855418513,0.0762988003688122,0.0926010279748466
sparse_linear_independent_n500_p300_k5_elastic_net,sparse_linear_independent,elastic_net,500,300,5,0.75,0.7,-0.25,0.25,0.637114527863879,0.0561224568713866,0.0735142522684162
sparse_linear_independent_n250_p100_k10_gradient_boosting,sparse_linear_independent,gradient_boosting,250,100,10,0.4444444444444445,0.7,-0.25,0.25,0.8438231718503592,0.0740991083465932,0.102387911872517
sparse_linear_independent_n250_p150_k10_gradient_boosting,sparse_linear_independent,gradient_boosting,250,150,10,0.6666666666666667,0.7,-0.25,0.25,0.957253477812625,0.0764773817871966,0.0918538566992632
sparse_linear_independent_n500_p25_k10_gradient_boosting,sparse_linear_independent,gradient_boosting,500,25,10,0.0555555555555554,0.7,-0.25,0.25,0.8559954247017433,0.0568689384061834,0.0741980382123057
sparse_linear_independent_n1000_p25_k2_gradient_boosting,sparse_linear_independent,gradient_boosting,1000,25,2,0.05,0.7,-0.25,0.25,1.4956132164185003,0.0492360916289692,0.0534627639568878
sparse_linear_correlated_n250_p50_k2_ols,sparse_linear_correlated,ols,250,50,2,0.4,0.7,-0.25,0.25,0.6052317438389809,0.0778824144705767,0.0959494995833859
sparse_linear_correlated_n250_p150_k5_ols,sparse_linear_correlated,ols,250,150,5,0.75,0.7,-0.25,0.25,0.6026379303720015,0.0904982054242981,0.1019142894239744
sparse_linear_correlated_n250_p300_k10_ols,sparse_linear_correlated,ols,250,300,10,1.3333333333333337,0.7,-0.25,0.25,0.415571483807993,0.1215109904420024,0.1479746122158032
sparse_linear_correlated_n500_p25_k2_ols,sparse_linear_correlated,ols,500,25,2,0.1,0.7,-0.25,0.25,0.5467151112926955,0.0650723713375823,0.0764427037964748
sparse_linear_correlated_n500_p50_k2_ols,sparse_linear_correlated,ols,500,50,2,0.2,0.7,-0.25,0.25,0.5148604319134138,0.0726900283809864,0.0862897263850466
sparse_linear_correlated_n500_p300_k5_ols,sparse_linear_correlated,ols,500,300,5,0.75,0.7,-0.25,0.25,0.6042599108090053,0.0508003423517171,0.0693358578481861
sparse_linear_correlated_n500_p300_k10_ols,sparse_linear_correlated,ols,500,300,10,0.6666666666666667,0.7,-0.25,0.25,0.4959633281858918,0.0709232474889948,0.0912598689630292
sparse_linear_correlated_n1000_p100_k2_ols,sparse_linear_correlated,ols,1000,100,2,0.2,0.7,-0.25,0.25,0.5985686039428786,0.0417731553299971,0.0530376003344702
sparse_linear_correlated_n1000_p300_k5_ols,sparse_linear_correlated,ols,1000,300,5,0.375,0.7,-0.25,0.25,0.5018779887963378,0.0436474871106318,0.0599553194396065
sparse_linear_correlated_n250_p50_k2_lasso,sparse_linear_correlated,lasso,250,50,2,0.4,0.7,-0.25,0.25,0.4912117960858322,0.1017116277979169,0.1272115087191191
sparse_linear_correlated_n250_p50_k5_lasso,sparse_linear_correlated,lasso,250,50,5,0.25,0.7,-0.25,0.25,0.9112781993162494,0.0836412194778453,0.100822214065284
sparse_linear_correlated_n250_p100_k2_lasso,sparse_linear_correlated,lasso,250,100,2,0.8,0.7,-0.25,0.25,0.6173793910499169,0.0755385665557088,0.1040138927084827
sparse_linear_correlated_n250_p300_k10_lasso,sparse_linear_correlated,lasso,250,300,10,1.3333333333333337,0.7,-0.25,0.25,0.6312280950109568,0.0888121608134712,0.1127314411288057
sparse_linear_correlated_n500_p100_k5_lasso,sparse_linear_correlated,lasso,500,100,5,0.25,0.7,-0.25,0.25,0.807382885333122,0.0588785640539728,0.0747276847769135
sparse_linear_correlated_n500_p150_k2_lasso,sparse_linear_correlated,lasso,500,150,2,0.5999999999999999,0.7,-0.25,0.25,0.5625529993571505,0.070938038539908,0.0819891266450505
sparse_linear_correlated_n500_p150_k5_lasso,sparse_linear_correlated,lasso,500,150,5,0.375,0.7,-0.25,0.25,0.551039860205252,0.068868506911413,0.0801337712778446
sparse_linear_correlated_n250_p300_k5_elastic_net,sparse_linear_correlated,elastic_net,250,300,5,1.5,0.7,-0.25,0.25,0.490617611090243,0.0989196312163915,0.1375244352690868
sparse_linear_correlated_n500_p300_k2_elastic_net,sparse_linear_correlated,elastic_net,500,300,2,1.1999999999999995,0.7,-0.25,0.25,0.6944331109249982,0.0572422030675463,0.069192026565417
sparse_linear_correlated_n500_p50_k10_gradient_boosting,sparse_linear_correlated,gradient_boosting,500,50,10,0.1111111111111111,0.7,-0.25,0.25,0.7513823510691274,0.0626729068271867,0.0825686933565323
sparse_linear_correlated_n500_p100_k2_gradient_boosting,sparse_linear_correlated,gradient_boosting,500,100,2,0.4,0.7,-0.25,0.25,1.0886425970453617,0.0555327420958313,0.0666990362972588
sparse_linear_correlated_n1000_p25_k10_gradient_boosting,sparse_linear_correlated,gradient_boosting,1000,25,10,0.0277777777777777,0.7,-0.25,0.25,0.9684610916333743,0.0490513928495128,0.0580289276431679
sparse_linear_correlated_n1000_p50_k2_gradient_boosting,sparse_linear_correlated,gradient_boosting,1000,50,2,0.1,0.7,-0.25,0.25,0.9228627990644328,0.0427421125675641,0.0527708212809927
sparse_linear_correlated_n1000_p100_k2_gradient_boosting,sparse_linear_correlated,gradient_boosting,1000,100,2,0.2,0.7,-0.25,0.25,0.8059153806068033,0.0492931488721142,0.0567889401361536
sparse_linear_correlated_n1000_p150_k2_gradient_boosting,sparse_linear_correlated,gradient_boosting,1000,150,2,0.2999999999999999,0.7,-0.25,0.25,0.7400866281826258,0.05413334260808,0.0676170278257929
sparse_linear_correlated_n1000_p150_k10_gradient_boosting,sparse_linear_correlated,gradient_boosting,1000,150,10,0.1666666666666665,0.7,-0.25,0.25,0.9173245357498292,0.0450973534162169,0.0563620355175771
sparse_linear_correlated_n1000_p300_k10_gradient_boosting,sparse_linear_correlated,gradient_boosting,1000,300,10,0.3333333333333333,0.7,-0.25,0.25,1.2611260699566509,0.0415409449176554,0.0480708362583547
weak_signal_sparse_n250_p50_k2_ols,weak_signal_sparse,ols,250,50,2,0.4,0.7,-0.25,0.25,0.5454118006714369,0.0943325711221431,0.1135784678929378
weak_signal_sparse_n250_p300_k2_ols,weak_signal_sparse,ols,250,300,2,2.3999999999999995,0.7,-0.25,0.25,0.5553346167620419,0.1162501353753135,0.1343599602321727
weak_signal_sparse_n500_p50_k2_ols,weak_signal_sparse,ols,500,50,2,0.2,0.7,-0.25,0.25,0.822924825509281,0.0563780999692697,0.0663540413799877
weak_signal_sparse_n1000_p300_k5_ols,weak_signal_sparse,ols,1000,300,5,0.375,0.7,-0.25,0.25,0.5903691340049668,0.0378275529285108,0.0498980283847558
weak_signal_sparse_n250_p100_k10_lasso,weak_signal_sparse,lasso,250,100,10,0.4444444444444445,0.7,-0.25,0.25,0.6789876491552462,0.0780292520178615,0.0890425004962664
weak_signal_sparse_n250_p150_k2_lasso,weak_signal_sparse,lasso,250,150,2,1.1999999999999995,0.7,-0.25,0.25,0.6276247918069997,0.1278340903375438,0.1481472721141658
weak_signal_sparse_n250_p150_k10_lasso,weak_signal_sparse,lasso,250,150,10,0.6666666666666667,0.7,-0.25,0.25,0.4383808938970657,0.1145596119109935,0.1502599545733683
weak_signal_sparse_n250_p300_k2_lasso,weak_signal_sparse,lasso,250,300,2,2.3999999999999995,0.7,-0.25,0.25,0.5756285584143108,0.1318507798467397,0.1555395118129116
weak_signal_sparse_n250_p300_k5_lasso,weak_signal_sparse,lasso,250,300,5,1.5,0.7,-0.25,0.25,0.7213931713159648,0.0892464785706651,0.1214357059898011
weak_signal_sparse_n500_p150_k2_lasso,weak_signal_sparse,lasso,500,150,2,0.5999999999999999,0.7,-0.25,0.25,0.6586000993382397,0.0818523754399819,0.0916196878553925
weak_signal_sparse_n500_p300_k10_lasso,weak_signal_sparse,lasso,500,300,10,0.6666666666666667,0.7,-0.25,0.25,0.7928978375332493,0.0677897583580776,0.0747618648834575
weak_signal_sparse_n1000_p100_k2_lasso,weak_signal_sparse,lasso,1000,100,2,0.2,0.7,-0.25,0.25,0.5666206225697944,0.0525787484790248,0.0605253632949561
weak_signal_sparse_n1000_p300_k2_lasso,weak_signal_sparse,lasso,1000,300,2,0.5999999999999999,0.7,-0.25,0.25,0.6590347108079394,0.0444726257613473,0.0554222647699764
weak_signal_sparse_n250_p25_k2_elastic_net,weak_signal_sparse,elastic_net,250,25,2,0.2,0.7,-0.25,0.25,0.6807240578913484,0.0918378107182102,0.1028636503546773
weak_signal_sparse_n250_p150_k2_elastic_net,weak_signal_sparse,elastic_net,250,150,2,1.1999999999999995,0.7,-0.25,0.25,0.5387513787905238,0.1154202583536038,0.1334670722564274
weak_signal_sparse_n250_p150_k5_elastic_net,weak_signal_sparse,elastic_net,250,150,5,0.75,0.7,-0.25,0.25,0.6632642143524384,0.0871661938596556,0.1099348690841556
weak_signal_sparse_n1000_p150_k2_elastic_net,weak_signal_sparse,elastic_net,1000,150,2,0.2999999999999999,0.7,-0.25,0.25,0.613121955425724,0.0487736896339714,0.0545934346736655
weak_signal_sparse_n250_p50_k10_gradient_boosting,weak_signal_sparse,gradient_boosting,250,50,10,0.2222222222222222,0.7,-0.25,0.25,0.719075366636731,0.0799636530579706,0.0947926724950809
weak_signal_sparse_n250_p100_k10_gradient_boosting,weak_signal_sparse,gradient_boosting,250,100,10,0.4444444444444445,0.7,-0.25,0.25,0.6173528999042992,0.0749645245947163,0.0995432366236305
weak_signal_sparse_n500_p100_k2_gradient_boosting,weak_signal_sparse,gradient_boosting,500,100,2,0.4,0.7,-0.25,0.25,1.0530218203404418,0.0580861734901809,0.0710263109838028
weak_signal_sparse_n1000_p25_k2_gradient_boosting,weak_signal_sparse,gradient_boosting,1000,25,2,0.05,0.7,-0.25,0.25,0.9303924042050092,0.0344886249061466,0.044673373250499
weak_signal_sparse_n1000_p50_k10_gradient_boosting,weak_signal_sparse,gradient_boosting,1000,50,10,0.0555555555555554,0.7,-0.25,0.25,0.6844519857477672,0.046264474980071,0.0602727309204162
dense_linear_independent_n250_p50_k5_ols,dense_linear_independent,ols,250,50,5,0.25,0.8,-0.1499999999999999,0.1499999999999999,0.6758631961241349,0.0728889548954312,0.0950907574588674
dense_linear_independent_n250_p150_k5_ols,dense_linear_independent,ols,250,150,5,0.75,0.8,-0.1499999999999999,0.1499999999999999,0.6391844468872454,0.0810315437597148,0.1037705077905336
dense_linear_independent_n500_p100_k10_ols,dense_linear_independent,ols,500,100,10,0.2222222222222222,0.8,-0.1499999999999999,0.1499999999999999,0.7959506830998063,0.0487667128659233,0.0546248303710954
dense_linear_independent_n1000_p50_k2_ols,dense_linear_independent,ols,1000,50,2,0.1,0.8,-0.1499999999999999,0.1499999999999999,0.70577795194524,0.0343844528564791,0.0422159840638424
dense_linear_independent_n1000_p100_k2_ols,dense_linear_independent,ols,1000,100,2,0.2,0.8,-0.1499999999999999,0.1499999999999999,0.6823061622579344,0.0431475490527896,0.0500683674321109
dense_linear_independent_n250_p100_k10_lasso,dense_linear_independent,lasso,250,100,10,0.4444444444444445,0.8,-0.1499999999999999,0.1499999999999999,0.6671433553893996,0.0728784400068732,0.0959464785133468
dense_linear_independent_n250_p150_k5_lasso,dense_linear_independent,lasso,250,150,5,0.75,0.8,-0.1499999999999999,0.1499999999999999,0.7515379838267079,0.0725098481756369,0.0892211897267539
dense_linear_independent_n500_p25_k5_lasso,dense_linear_independent,lasso,500,25,5,0.0625,0.8,-0.1499999999999999,0.1499999999999999,0.7035938033850656,0.0575011296357445,0.0645071791805789
dense_linear_independent_n500_p150_k2_lasso,dense_linear_independent,lasso,500,150,2,0.5999999999999999,0.8,-0.1499999999999999,0.1499999999999999,0.7422174302079179,0.0685904624191105,0.0816673647187124
dense_linear_independent_n500_p150_k5_lasso,dense_linear_independent,lasso,500,150,5,0.375,0.8,-0.1499999999999999,0.1499999999999999,0.7484504691247343,0.049825704011743,0.0636382102543949
dense_linear_independent_n500_p150_k10_lasso,dense_linear_independent,lasso,500,150,10,0.3333333333333333,0.8,-0.1499999999999999,0.1499999999999999,0.8730507582423628,0.0344943755550556,0.0513869590932029
dense_linear_independent_n500_p300_k5_lasso,dense_linear_independent,lasso,500,300,5,0.75,0.8,-0.1499999999999999,0.1499999999999999,0.6896842189773308,0.0558338853974679,0.0798492304295828
dense_linear_independent_n1000_p25_k5_lasso,dense_linear_independent,lasso,1000,25,5,0.03125,0.8,-0.1499999999999999,0.1499999999999999,0.7334162343994751,0.0268340787569465,0.0408655187724632
dense_linear_independent_n1000_p300_k2_lasso,dense_linear_independent,lasso,1000,300,2,0.5999999999999999,0.8,-0.1499999999999999,0.1499999999999999,0.7165315886101077,0.044694523131469,0.0569722377164522
dense_linear_independent_n1000_p300_k10_lasso,dense_linear_independent,lasso,1000,300,10,0.3333333333333333,0.8,-0.1499999999999999,0.1499999999999999,0.6927810704207464,0.0391605904171041,0.0448871466923892
dense_linear_independent_n250_p50_k5_elastic_net,dense_linear_independent,elastic_net,250,50,5,0.25,0.8,-0.1499999999999999,0.1499999999999999,0.6320215928583207,0.0800661567934872,0.0922591701283929
dense_linear_independent_n250_p150_k5_elastic_net,dense_linear_independent,elastic_net,250,150,5,0.75,0.8,-0.1499999999999999,0.1499999999999999,0.514433157268184,0.090288947394835,0.1155602539678676
dense_linear_independent_n250_p300_k5_elastic_net,dense_linear_independent,elastic_net,250,300,5,1.5,0.8,-0.1499999999999999,0.1499999999999999,0.7443785189070629,0.0749182221121155,0.1114357019869201
dense_linear_independent_n500_p300_k5_elastic_net,dense_linear_independent,elastic_net,500,300,5,0.75,0.8,-0.1499999999999999,0.1499999999999999,0.7190537754012951,0.0676500724026926,0.0848260290964279
dense_linear_independent_n500_p300_k10_elastic_net,dense_linear_independent,elastic_net,500,300,10,0.6666666666666667,0.8,-0.1499999999999999,0.1499999999999999,0.4470023005670456,0.0809853515289748,0.1158808078673812
dense_linear_independent_n1000_p150_k2_elastic_net,dense_linear_independent,elastic_net,1000,150,2,0.2999999999999999,0.8,-0.1499999999999999,0.1499999999999999,0.7743124048232307,0.0371307455734155,0.0436826561362053
dense_linear_independent_n1000_p300_k5_elastic_net,dense_linear_independent,elastic_net,1000,300,5,0.375,0.8,-0.1499999999999999,0.1499999999999999,0.7522713643290453,0.0352983983913508,0.0473778087263769
dense_linear_independent_n1000_p300_k10_elastic_net,dense_linear_independent,elastic_net,1000,300,10,0.3333333333333333,0.8,-0.1499999999999999,0.1499999999999999,0.8826904710880548,0.0268121941539022,0.0368132608980839
dense_linear_independent_n250_p25_k5_gradient_boosting,dense_linear_independent,gradient_boosting,250,25,5,0.125,0.8,-0.1499999999999999,0.1499999999999999,0.9420730506410492,0.056648583110488,0.0730872449494846
dense_linear_independent_n250_p50_k2_gradient_boosting,dense_linear_independent,gradient_boosting,250,50,2,0.4,0.8,-0.1499999999999999,0.1499999999999999,0.9568921669697896,0.0856003953919061,0.1023526179500932
dense_linear_independent_n250_p100_k5_gradient_boosting,dense_linear_independent,gradient_boosting,250,100,5,0.5,0.8,-0.1499999999999999,0.1499999999999999,0.6912408587224446,0.0695904494609972,0.1013870360017477
dense_linear_independent_n500_p25_k10_gradient_boosting,dense_linear_independent,gradient_boosting,500,25,10,0.0555555555555554,0.8,-0.1499999999999999,0.1499999999999999,0.9180698041286586,0.0558477907794363,0.0683313280763063
dense_linear_independent_n500_p100_k5_gradient_boosting,dense_linear_independent,gradient_boosting,500,100,5,0.25,0.8,-0.1499999999999999,0.1499999999999999,0.9272642987195572,0.0633389224319437,0.0741734964265874
dense_linear_independent_n1000_p25_k2_gradient_boosting,dense_linear_independent,gradient_boosting,1000,25,2,0.05,0.8,-0.1499999999999999,0.1499999999999999,1.0570693195346914,0.0455237422165662,0.0502550261276797
dense_linear_independent_n1000_p25_k10_gradient_boosting,dense_linear_independent,gradient_boosting,1000,25,10,0.0277777777777777,0.8,-0.1499999999999999,0.1499999999999999,1.435169937828123,0.0511949862307331,0.055460980332971
sparse_linear_independent_n250_p25_k10_ols,sparse_linear_independent,ols,250,25,10,0.1111111111111111,0.8,-0.1499999999999999,0.1499999999999999,0.6834093824548912,0.060857302443667,0.084405390556932
sparse_linear_independent_n250_p150_k10_ols,sparse_linear_independent,ols,250,150,10,0.6666666666666667,0.8,-0.1499999999999999,0.1499999999999999,0.5780031975591037,0.0813173792125342,0.0986985347873279
sparse_linear_independent_n500_p100_k5_ols,sparse_linear_independent,ols,500,100,5,0.25,0.8,-0.1499999999999999,0.1499999999999999,0.6135318967391155,0.0577432584327114,0.0719651810972276
sparse_linear_independent_n500_p100_k10_ols,sparse_linear_independent,ols,500,100,10,0.2222222222222222,0.8,-0.1499999999999999,0.1499999999999999,0.7582012465229488,0.0447825691040661,0.0595717028290664
sparse_linear_independent_n500_p150_k2_ols,sparse_linear_independent,ols,500,150,2,0.5999999999999999,0.8,-0.1499999999999999,0.1499999999999999,0.6055478296950418,0.0533771067923189,0.0765418449037218
sparse_linear_independent_n500_p300_k5_ols,sparse_linear_independent,ols,500,300,5,0.75,0.8,-0.1499999999999999,0.1499999999999999,0.6543820397007045,0.0557571711430727,0.0694929385845388
sparse_linear_independent_n1000_p300_k10_ols,sparse_linear_independent,ols,1000,300,10,0.3333333333333333,0.8,-0.1499999999999999,0.1499999999999999,1.033762571851255,0.0234900846499528,0.0368190401699458
sparse_linear_independent_n250_p25_k2_lasso,sparse_linear_independent,lasso,250,25,2,0.2,0.8,-0.1499999999999999,0.1499999999999999,0.6810033481122539,0.0808276427500822,0.093587934282586
sparse_linear_independent_n250_p25_k5_lasso,sparse_linear_independent,lasso,250,25,5,0.125,0.8,-0.1499999999999999,0.1499999999999999,0.6390533135453488,0.0796753027718762,0.0956948918581282
sparse_linear_independent_n250_p150_k5_lasso,sparse_linear_independent,lasso,250,150,5,0.75,0.8,-0.1499999999999999,0.1499999999999999,0.6111383566603992,0.0888168847969136,0.1241677455876887
sparse_linear_independent_n500_p100_k5_lasso,sparse_linear_independent,lasso,500,100,5,0.25,0.8,-0.1499999999999999,0.1499999999999999,0.770045642224848,0.0409700971241249,0.0597710230799307
sparse_linear_independent_n1000_p100_k2_lasso,sparse_linear_independent,lasso,1000,100,2,0.2,0.8,-0.1499999999999999,0.1499999999999999,0.6900361062015439,0.0394645426413362,0.0471983062106038
sparse_linear_independent_n1000_p100_k10_lasso,sparse_linear_independent,lasso,1000,100,10,0.1111111111111111,0.8,-0.1499999999999999,0.1499999999999999,0.6721714727620124,0.0304814533240774,0.0442722011514806
sparse_linear_independent_n1000_p150_k10_lasso,sparse_linear_independent,lasso,1000,150,10,0.1666666666666665,0.8,-0.1499999999999999,0.1499999999999999,0.7674268980390735,0.0316502123599613,0.0395252378078025
sparse_linear_independent_n1000_p300_k10_lasso,sparse_linear_independent,lasso,1000,300,10,0.3333333333333333,0.8,-0.1499999999999999,0.1499999999999999,0.6791372655172119,0.0425021206492186,0.0470763876716387
sparse_linear_independent_n250_p50_k10_elastic_net,sparse_linear_independent,elastic_net,250,50,10,0.2222222222222222,0.8,-0.1499999999999999,0.1499999999999999,0.766876670100188,0.0627762973104834,0.0832650872906539
sparse_linear_independent_n500_p25_k2_elastic_net,sparse_linear_independent,elastic_net,500,25,2,0.1,0.8,-0.1499999999999999,0.1499999999999999,0.8475380659585279,0.0475243223260684,0.0610734142453293
sparse_linear_independent_n500_p300_k10_elastic_net,sparse_linear_independent,elastic_net,500,300,10,0.6666666666666667,0.8,-0.1499999999999999,0.1499999999999999,0.669422931416138,0.0526896869305681,0.0652054603675418
sparse_linear_independent_n1000_p25_k10_elastic_net,sparse_linear_independent,elastic_net,1000,25,10,0.0277777777777777,0.8,-0.1499999999999999,0.1499999999999999,0.7910150089852717,0.031981281489554,0.0376284455718314
sparse_linear_independent_n1000_p50_k10_elastic_net,sparse_linear_independent,elastic_net,1000,50,10,0.0555555555555554,0.8,-0.1499999999999999,0.1499999999999999,0.5857464698169229,0.0454237094219138,0.0511575671878343
sparse_linear_independent_n1000_p150_k2_elastic_net,sparse_linear_independent,elastic_net,1000,150,2,0.2999999999999999,0.8,-0.1499999999999999,0.1499999999999999,0.6987625014249992,0.0326785298027936,0.0420564072908372
sparse_linear_independent_n1000_p150_k5_elastic_net,sparse_linear_independent,elastic_net,1000,150,5,0.1875,0.8,-0.1499999999999999,0.1499999999999999,0.9694395713561236,0.0241937931615811,0.0330475850528753
sparse_linear_independent_n1000_p300_k10_elastic_net,sparse_linear_independent,elastic_net,1000,300,10,0.3333333333333333,0.8,-0.1499999999999999,0.1499999999999999,0.9577902700219356,0.0358987501143914,0.0439311820821608
sparse_linear_independent_n250_p25_k5_gradient_boosting,sparse_linear_independent,gradient_boosting,250,25,5,0.125,0.8,-0.1499999999999999,0.1499999999999999,0.7365764252975953,0.079499365697377,0.0949641022326083
sparse_linear_independent_n250_p50_k5_gradient_boosting,sparse_linear_independent,gradient_boosting,250,50,5,0.25,0.8,-0.1499999999999999,0.1499999999999999,0.6801675730416707,0.0829142911140689,0.111024043046644
sparse_linear_independent_n250_p100_k2_gradient_boosting,sparse_linear_independent,gradient_boosting,250,100,2,0.8,0.8,-0.1499999999999999,0.1499999999999999,0.6799713909615824,0.0717950896094541,0.0940535650770372
sparse_linear_independent_n500_p25_k5_gradient_boosting,sparse_linear_independent,gradient_boosting,500,25,5,0.0625,0.8,-0.1499999999999999,0.1499999999999999,0.8545481479399355,0.0591511915312369,0.0687423958557251
sparse_linear_independent_n500_p50_k10_gradient_boosting,sparse_linear_independent,gradient_boosting,500,50,10,0.1111111111111111,0.8,-0.1499999999999999,0.1499999999999999,0.6894250889425481,0.0627290204485075,0.0700946558816144
sparse_linear_independent_n500_p150_k2_gradient_boosting,sparse_linear_independent,gradient_boosting,500,150,2,0.5999999999999999,0.8,-0.1499999999999999,0.1499999999999999,0.8122253635137568,0.0532488366340256,0.072156811270486
sparse_linear_independent_n500_p150_k5_gradient_boosting,sparse_linear_independent,gradient_boosting,500,150,5,0.375,0.8,-0.1499999999999999,0.1499999999999999,0.9088540076163782,0.067415985304471,0.0823401158613529
sparse_linear_independent_n1000_p25_k5_gradient_boosting,sparse_linear_independent,gradient_boosting,1000,25,5,0.03125,0.8,-0.1499999999999999,0.1499999999999999,0.8248727362236103,0.0405994621919344,0.0507373934249294
sparse_linear_independent_n1000_p25_k10_gradient_boosting,sparse_linear_independent,gradient_boosting,1000,25,10,0.0277777777777777,0.8,-0.1499999999999999,0.1499999999999999,1.3327196719485332,0.0457272192642008,0.051235803041579
sparse_linear_correlated_n250_p25_k2_ols,sparse_linear_correlated,ols,250,25,2,0.2,0.8,-0.1499999999999999,0.1499999999999999,0.5817931127384022,0.0801100580851388,0.1131826362215729
sparse_linear_correlated_n250_p100_k10_ols,sparse_linear_correlated,ols,250,100,10,0.4444444444444445,0.8,-0.1499999999999999,0.1499999999999999,0.7409778670743757,0.0715249076665643,0.0925459908551567
sparse_linear_correlated_n500_p150_k2_ols,sparse_linear_correlated,ols,500,150,2,0.5999999999999999,0.8,-0.1499999999999999,0.1499999999999999,0.4020412578294927,0.0672741041757334,0.1015716116767481
sparse_linear_correlated_n1000_p25_k10_ols,sparse_linear_correlated,ols,1000,25,10,0.0277777777777777,0.8,-0.1499999999999999,0.1499999999999999,0.7429917770189599,0.0353848138879523,0.0434724107876724
sparse_linear_correlated_n1000_p300_k2_ols,sparse_linear_correlated,ols,1000,300,2,0.5999999999999999,0.8,-0.1499999999999999,0.1499999999999999,0.6367240109430713,0.0382794739341353,0.0491844203394633
sparse_linear_correlated_n250_p150_k2_lasso,sparse_linear_correlated,lasso,250,150,2,1.1999999999999995,0.8,-0.1499999999999999,0.1499999999999999,0.7102572593464199,0.0971264458773273,0.1189240850423108
sparse_linear_correlated_n250_p300_k2_lasso,sparse_linear_correlated,lasso,250,300,2,2.3999999999999995,0.8,-0.1499999999999999,0.1499999999999999,0.6741596756799415,0.081267398691169,0.1140629028761214
sparse_linear_correlated_n500_p50_k2_lasso,sparse_linear_correlated,lasso,500,50,2,0.2,0.8,-0.1499999999999999,0.1499999999999999,0.5641807210222375,0.061981913822733,0.0769063483333282
sparse_linear_correlated_n1000_p100_k2_lasso,sparse_linear_correlated,lasso,1000,100,2,0.2,0.8,-0.1499999999999999,0.1499999999999999,0.6588869247984663,0.0386929130894644,0.0462380397087854
sparse_linear_correlated_n1000_p150_k10_lasso,sparse_linear_correlated,lasso,1000,150,10,0.1666666666666665,0.8,-0.1499999999999999,0.1499999999999999,0.7550060279013118,0.0336779058859058,0.041246324691074
sparse_linear_correlated_n250_p50_k5_elastic_net,sparse_linear_correlated,elastic_net,250,50,5,0.25,0.8,-0.1499999999999999,0.1499999999999999,0.8149501384257689,0.0560482179131931,0.0726245057175478
sparse_linear_correlated_n250_p150_k5_elastic_net,sparse_linear_correlated,elastic_net,250,150,5,0.75,0.8,-0.1499999999999999,0.1499999999999999,0.7644109300402282,0.0704613147113621,0.0880613867504206
sparse_linear_correlated_n500_p25_k5_elastic_net,sparse_linear_correlated,elastic_net,500,25,5,0.0625,0.8,-0.1499999999999999,0.1499999999999999,0.8413862194843428,0.0390730482395192,0.0509584911843682
sparse_linear_correlated_n500_p50_k2_elastic_net,sparse_linear_correlated,elastic_net,500,50,2,0.2,0.8,-0.1499999999999999,0.1499999999999999,0.9523753815912792,0.0406409955875506,0.0515440905113906
sparse_linear_correlated_n500_p100_k2_elastic_net,sparse_linear_correlated,elastic_net,500,100,2,0.4,0.8,-0.1499999999999999,0.1499999999999999,0.5779169677823759,0.06779551320506,0.0784451929431016
sparse_linear_correlated_n500_p150_k2_elastic_net,sparse_linear_correlated,elastic_net,500,150,2,0.5999999999999999,0.8,-0.1499999999999999,0.1499999999999999,0.6426027586658241,0.0546279411057054,0.0633016858925761
sparse_linear_correlated_n1000_p150_k2_elastic_net,sparse_linear_correlated,elastic_net,1000,150,2,0.2999999999999999,0.8,-0.1499999999999999,0.1499999999999999,0.674732992718598,0.0358215421614143,0.0501200320127714
sparse_linear_correlated_n1000_p150_k5_elastic_net,sparse_linear_correlated,elastic_net,1000,150,5,0.1875,0.8,-0.1499999999999999,0.1499999999999999,0.669289560859753,0.0405024492891074,0.0477915033595385
sparse_linear_correlated_n1000_p300_k2_elastic_net,sparse_linear_correlated,elastic_net,1000,300,2,0.5999999999999999,0.8,-0.1499999999999999,0.1499999999999999,0.6157964047790763,0.048284297092556,0.057775078723222
sparse_linear_correlated_n1000_p300_k10_elastic_net,sparse_linear_correlated,elastic_net,1000,300,10,0.3333333333333333,0.8,-0.1499999999999999,0.1499999999999999,0.7185985362731688,0.0361767517139995,0.0441349426039516
sparse_linear_correlated_n250_p25_k5_gradient_boosting,sparse_linear_correlated,gradient_boosting,250,25,5,0.125,0.8,-0.1499999999999999,0.1499999999999999,1.191130921675818,0.0565264411014413,0.0762282483596889
sparse_linear_correlated_n250_p25_k10_gradient_boosting,sparse_linear_correlated,gradient_boosting,250,25,10,0.1111111111111111,0.8,-0.1499999999999999,0.1499999999999999,1.11925935315053,0.0790508672178473,0.0929596619607194
sparse_linear_correlated_n250_p50_k10_gradient_boosting,sparse_linear_correlated,gradient_boosting,250,50,10,0.2222222222222222,0.8,-0.1499999999999999,0.1499999999999999,0.8114423985782646,0.0693069551842394,0.0892844556556321
sparse_linear_correlated_n250_p100_k2_gradient_boosting,sparse_linear_correlated,gradient_boosting,250,100,2,0.8,0.8,-0.1499999999999999,0.1499999999999999,0.6863948485195941,0.0763142616756268,0.0924565150642459
sparse_linear_correlated_n250_p150_k2_gradient_boosting,sparse_linear_correlated,gradient_boosting,250,150,2,1.1999999999999995,0.8,-0.1499999999999999,0.1499999999999999,0.8411409140773033,0.0657793573574686,0.080924143075881
sparse_linear_correlated_n250_p300_k2_gradient_boosting,sparse_linear_correlated,gradient_boosting,250,300,2,2.3999999999999995,0.8,-0.1499999999999999,0.1499999999999999,0.682974819608911,0.0707811545044634,0.0875558384279133
sparse_linear_correlated_n500_p25_k2_gradient_boosting,sparse_linear_correlated,gradient_boosting,500,25,2,0.1,0.8,-0.1499999999999999,0.1499999999999999,0.5783376542514898,0.06450847325397,0.0864305663971237
sparse_linear_correlated_n500_p25_k10_gradient_boosting,sparse_linear_correlated,gradient_boosting,500,25,10,0.0555555555555554,0.8,-0.1499999999999999,0.1499999999999999,0.8338356656811757,0.0497955557943609,0.0649043334717622
sparse_linear_correlated_n500_p100_k10_gradient_boosting,sparse_linear_correlated,gradient_boosting,500,100,10,0.2222222222222222,0.8,-0.1499999999999999,0.1499999999999999,0.904021273264171,0.0517416939162587,0.066705492878649
sparse_linear_correlated_n500_p150_k5_gradient_boosting,sparse_linear_correlated,gradient_boosting,500,150,5,0.375,0.8,-0.1499999999999999,0.1499999999999999,1.164237937400206,0.0433704443415624,0.0543274616740349
sparse_linear_correlated_n500_p150_k10_gradient_boosting,sparse_linear_correlated,gradient_boosting,500,150,10,0.3333333333333333,0.8,-0.1499999999999999,0.1499999999999999,1.468062919281702,0.0579042819628834,0.0652485055897804
sparse_linear_correlated_n1000_p50_k5_gradient_boosting,sparse_linear_correlated,gradient_boosting,1000,50,5,0.0625,0.8,-0.1499999999999999,0.1499999999999999,1.06055561431976,0.0466496683050058,0.0552938422912528
sparse_linear_correlated_n1000_p100_k5_gradient_boosting,sparse_linear_correlated,gradient_boosting,1000,100,5,0.125,0.8,-0.1499999999999999,0.1499999999999999,1.0581574098758446,0.0395276426132837,0.0442236620066336
sparse_linear_correlated_n1000_p150_k5_gradient_boosting,sparse_linear_correlated,gradient_boosting,1000,150,5,0.1875,0.8,-0.1499999999999999,0.1499999999999999,0.629239389180221,0.0438076049739743,0.0633866298509493
sparse_linear_correlated_n1000_p300_k5_gradient_boosting,sparse_linear_correlated,gradient_boosting,1000,300,5,0.375,0.8,-0.1499999999999999,0.1499999999999999,1.2457173419438448,0.0448241404672139,0.050782376455497
weak_signal_sparse_n250_p25_k2_ols,weak_signal_sparse,ols,250,25,2,0.2,0.8,-0.1499999999999999,0.1499999999999999,0.7813221014902568,0.0523197160677581,0.0735124323837437
weak_signal_sparse_n250_p25_k5_ols,weak_signal_sparse,ols,250,25,5,0.125,0.8,-0.1499999999999999,0.1499999999999999,0.6512240479833421,0.087685265649229,0.0929867670198796
weak_signal_sparse_n250_p100_k10_ols,weak_signal_sparse,ols,250,100,10,0.4444444444444445,0.8,-0.1499999999999999,0.1499999999999999,0.8552555563758872,0.0846846728067865,0.1043480789046322
weak_signal_sparse_n250_p150_k5_ols,weak_signal_sparse,ols,250,150,5,0.75,0.8,-0.1499999999999999,0.1499999999999999,0.4850468336990565,0.0951113711918217,0.1178400653718603
weak_signal_sparse_n250_p150_k10_ols,weak_signal_sparse,ols,250,150,10,0.6666666666666667,0.8,-0.1499999999999999,0.1499999999999999,0.6692134834928883,0.0772163463267136,0.0917082055619924
weak_signal_sparse_n250_p300_k5_ols,weak_signal_sparse,ols,250,300,5,1.5,0.8,-0.1499999999999999,0.1499999999999999,0.7307408935456713,0.0787277049078016,0.097196660467869
weak_signal_sparse_n500_p25_k5_ols,weak_signal_sparse,ols,500,25,5,0.0625,0.8,-0.1499999999999999,0.1499999999999999,0.8344180082057457,0.0454134015485016,0.0543633166551964
weak_signal_sparse_n500_p25_k10_ols,weak_signal_sparse,ols,500,25,10,0.0555555555555554,0.8,-0.1499999999999999,0.1499999999999999,0.6742573019535668,0.0514310608868935,0.0640017536848436
weak_signal_sparse_n500_p100_k2_ols,weak_signal_sparse,ols,500,100,2,0.4,0.8,-0.1499999999999999,0.1499999999999999,0.6714820768338451,0.059387725619139,0.0712775711428709
weak_signal_sparse_n500_p150_k2_ols,weak_signal_sparse,ols,500,150,2,0.5999999999999999,0.8,-0.1499999999999999,0.1499999999999999,0.7202599639803754,0.0548086608786827,0.0627103285916906
weak_signal_sparse_n500_p300_k10_ols,weak_signal_sparse,ols,500,300,10,0.6666666666666667,0.8,-0.1499999999999999,0.1499999999999999,0.6275984214349299,0.0592812988861706,0.0699894497554157
weak_signal_sparse_n250_p150_k5_lasso,weak_signal_sparse,lasso,250,150,5,0.75,0.8,-0.1499999999999999,0.1499999999999999,0.6229194024890222,0.0792061550731692,0.1026286453867386
weak_signal_sparse_n500_p25_k2_lasso,weak_signal_sparse,lasso,500,25,2,0.1,0.8,-0.1499999999999999,0.1499999999999999,0.7860376510959359,0.0549636153832255,0.0639051453018587
weak_signal_sparse_n500_p50_k2_lasso,weak_signal_sparse,lasso,500,50,2,0.2,0.8,-0.1499999999999999,0.1499999999999999,0.6482794503277539,0.0559549775460635,0.0660311727184549
weak_signal_sparse_n500_p50_k5_lasso,weak_signal_sparse,lasso,500,50,5,0.125,0.8,-0.1499999999999999,0.1499999999999999,0.80515277140506,0.0444417485173797,0.0587074674149407
weak_signal_sparse_n500_p100_k10_lasso,weak_signal_sparse,lasso,500,100,10,0.2222222222222222,0.8,-0.1499999999999999,0.1499999999999999,0.811847415574692,0.0423549703892796,0.0545450124172483
weak_signal_sparse_n500_p150_k5_lasso,weak_signal_sparse,lasso,500,150,5,0.375,0.8,-0.1499999999999999,0.1499999999999999,0.8125154773239046,0.0417394580263849,0.0578927413888409
weak_signal_sparse_n500_p300_k5_lasso,weak_signal_sparse,lasso,500,300,5,0.75,0.8,-0.1499999999999999,0.1499999999999999,0.6477253182615481,0.0624503048801125,0.0812302378337882
weak_signal_sparse_n1000_p100_k5_lasso,weak_signal_sparse,lasso,1000,100,5,0.125,0.8,-0.1499999999999999,0.1499999999999999,0.8204856595448581,0.0403073502472487,0.0464070991251774
weak_signal_sparse_n1000_p300_k10_lasso,weak_signal_sparse,lasso,1000,300,10,0.3333333333333333,0.8,-0.1499999999999999,0.1499999999999999,0.6654096327364383,0.0333120260651322,0.0471341018402777
weak_signal_sparse_n500_p25_k2_elastic_net,weak_signal_sparse,elastic_net,500,25,2,0.1,0.8,-0.1499999999999999,0.1499999999999999,0.7418160123617124,0.0449338385857523,0.0569307196334491
weak_signal_sparse_n500_p50_k5_elastic_net,weak_signal_sparse,elastic_net,500,50,5,0.125,0.8,-0.1499999999999999,0.1499999999999999,0.7105528885568805,0.0439210098750257,0.0581837615536281
weak_signal_sparse_n500_p100_k10_elastic_net,weak_signal_sparse,elastic_net,500,100,10,0.2222222222222222,0.8,-0.1499999999999999,0.1499999999999999,0.7088822933875155,0.0406292439073737,0.0584455037473564
weak_signal_sparse_n500_p150_k10_elastic_net,weak_signal_sparse,elastic_net,500,150,10,0.3333333333333333,0.8,-0.1499999999999999,0.1499999999999999,0.7260573761680286,0.0546289121911111,0.0645591235407458
weak_signal_sparse_n1000_p300_k10_elastic_net,weak_signal_sparse,elastic_net,1000,300,10,0.3333333333333333,0.8,-0.1499999999999999,0.1499999999999999,0.6959894582879962,0.0353945768354331,0.0483923526381599
weak_signal_sparse_n250_p25_k2_random_forest,weak_signal_sparse,random_forest,250,25,2,0.2,0.8,-0.1499999999999999,0.1499999999999999,0.719536202044676,0.0674696524084619,0.0923184077272729
weak_signal_sparse_n250_p100_k10_random_forest,weak_signal_sparse,random_forest,250,100,10,0.4444444444444445,0.8,-0.1499999999999999,0.1499999999999999,0.6292755147907995,0.0828921541305543,0.0962302714464595
weak_signal_sparse_n500_p100_k2_random_forest,weak_signal_sparse,random_forest,500,100,2,0.4,0.8,-0.1499999999999999,0.1499999999999999,1.3944291749017503,0.0553848994128374,0.0636331134906025
weak_signal_sparse_n500_p150_k5_random_forest,weak_signal_sparse,random_forest,500,150,5,0.375,0.8,-0.1499999999999999,0.1499999999999999,0.7677639109298163,0.0488937455921417,0.0590537743371405
weak_signal_sparse_n500_p300_k10_random_forest,weak_signal_sparse,random_forest,500,300,10,0.6666666666666667,0.8,-0.1499999999999999,0.1499999999999999,1.0543600444291517,0.0463475347054928,0.05754468283719
weak_signal_sparse_n250_p25_k5_gradient_boosting,weak_signal_sparse,gradient_boosting,250,25,5,0.125,0.8,-0.1499999999999999,0.1499999999999999,0.8304455458018346,0.070575366833273,0.0984771761335341
weak_signal_sparse_n250_p150_k2_gradient_boosting,weak_signal_sparse,gradient_boosting,250,150,2,1.1999999999999995,0.8,-0.1499999999999999,0.1499999999999999,0.9442061611380976,0.0743784351268455,0.0896107154962676
weak_signal_sparse_n250_p300_k10_gradient_boosting,weak_signal_sparse,gradient_boosting,250,300,10,1.3333333333333337,0.8,-0.1499999999999999,0.1499999999999999,0.5928537928285407,0.0947883386306896,0.1093484976230983
weak_signal_sparse_n500_p25_k10_gradient_boosting,weak_signal_sparse,gradient_boosting,500,25,10,0.0555555555555554,0.8,-0.1499999999999999,0.1499999999999999,0.7117242393191391,0.0548824764121139,0.0636483230214603
weak_signal_sparse_n500_p100_k10_gradient_boosting,weak_signal_sparse,gradient_boosting,500,100,10,0.2222222222222222,0.8,-0.1499999999999999,0.1499999999999999,0.9030502811485212,0.0618846698590939,0.0760089864480763
weak_signal_sparse_n500_p150_k2_gradient_boosting,weak_signal_sparse,gradient_boosting,500,150,2,0.5999999999999999,0.8,-0.1499999999999999,0.1499999999999999,0.7996955862702828,0.0657271621236776,0.0689650053971533
weak_signal_sparse_n500_p150_k10_gradient_boosting,weak_signal_sparse,gradient_boosting,500,150,10,0.3333333333333333,0.8,-0.1499999999999999,0.1499999999999999,0.8718793114214569,0.0462405525429991,0.0580373616141085
weak_signal_sparse_n500_p300_k2_gradient_boosting,weak_signal_sparse,gradient_boosting,500,300,2,1.1999999999999995,0.8,-0.1499999999999999,0.1499999999999999,0.8054826920327567,0.0574795236346289,0.0712015032681407
weak_signal_sparse_n500_p300_k10_gradient_boosting,weak_signal_sparse,gradient_boosting,500,300,10,0.6666666666666667,0.8,-0.1499999999999999,0.1499999999999999,1.210345968924894,0.0513935425971154,0.0619451271559289
weak_signal_sparse_n1000_p25_k10_gradient_boosting,weak_signal_sparse,gradient_boosting,1000,25,10,0.0277777777777777,0.8,-0.1499999999999999,0.1499999999999999,0.8704211228822474,0.0497583236973214,0.0556096627499535
weak_signal_sparse_n1000_p100_k5_gradient_boosting,weak_signal_sparse,gradient_boosting,1000,100,5,0.125,0.8,-0.1499999999999999,0.1499999999999999,0.9223761450522834,0.0399388625610577,0.0468462859631994
weak_signal_sparse_n1000_p150_k5_gradient_boosting,weak_signal_sparse,gradient_boosting,1000,150,5,0.1875,0.8,-0.1499999999999999,0.1499999999999999,1.0010028711744556,0.0420201352483421,0.0501383106273207
weak_signal_sparse_n1000_p300_k2_gradient_boosting,weak_signal_sparse,gradient_boosting,1000,300,2,0.5999999999999999,0.8,-0.1499999999999999,0.1499999999999999,0.8429355872270576,0.0419432648491059,0.0534560489426461
weak_signal_sparse_n1000_p300_k5_gradient_boosting,weak_signal_sparse,gradient_boosting,1000,300,5,0.375,0.8,-0.1499999999999999,0.1499999999999999,0.9649449707796232,0.0387621402309658,0.0467821109762433
weak_signal_sparse_n1000_p300_k10_gradient_boosting,weak_signal_sparse,gradient_boosting,1000,300,10,0.3333333333333333,0.8,-0.1499999999999999,0.1499999999999999,0.6632469205481692,0.0480701252688917,0.0549383311428899
dense_linear_independent_n250_p25_k10_ols,dense_linear_independent,ols,250,25,10,0.1111111111111111,1.0,0.050000000000000044,0.050000000000000044,1.1403603365238084,0.0461895110869561,0.0511203463642732
dense_linear_independent_n250_p50_k2_ols,dense_linear_independent,ols,250,50,2,0.4,1.0,0.050000000000000044,0.050000000000000044,0.7854175459492002,0.0717540864967542,0.0785291587778866
dense_linear_independent_n500_p25_k5_ols,dense_linear_independent,ols,500,25,5,0.0625,1.0,0.050000000000000044,0.050000000000000044,1.1622851349996215,0.0327343170584349,0.0390263519916082
dense_linear_independent_n500_p50_k5_ols,dense_linear_independent,ols,500,50,5,0.125,1.0,0.050000000000000044,0.050000000000000044,1.1026912301371032,0.0334650736904965,0.0407715920136018
dense_linear_independent_n500_p100_k2_ols,dense_linear_independent,ols,500,100,2,0.4,1.0,0.050000000000000044,0.050000000000000044,1.8781631413593651,0.022144984708469,0.028682304808307
dense_linear_independent_n500_p150_k10_ols,dense_linear_independent,ols,500,150,10,0.3333333333333333,1.0,0.050000000000000044,0.050000000000000044,0.9557642807329122,0.0411659936765764,0.0468463711387508
dense_linear_independent_n500_p300_k10_ols,dense_linear_independent,ols,500,300,10,0.6666666666666667,1.0,0.050000000000000044,0.050000000000000044,0.9811255886876727,0.0390641307248858,0.0466000540270484
dense_linear_independent_n1000_p25_k2_ols,dense_linear_independent,ols,1000,25,2,0.05,1.0,0.050000000000000044,0.050000000000000044,1.255777818021365,0.020053430129967,0.0242925360497813
dense_linear_independent_n1000_p25_k10_ols,dense_linear_independent,ols,1000,25,10,0.0277777777777777,1.0,0.050000000000000044,0.050000000000000044,1.7241521962353488,0.015536525479573,0.019386117279992
dense_linear_independent_n1000_p50_k10_ols,dense_linear_independent,ols,1000,50,10,0.0555555555555554,1.0,0.050000000000000044,0.050000000000000044,1.1149632763093156,0.0239396817877385,0.0298176494313723
dense_linear_independent_n1000_p100_k5_ols,dense_linear_independent,ols,1000,100,5,0.125,1.0,0.050000000000000044,0.050000000000000044,1.3933725187535313,0.0165657604007317,0.0226502842649592
dense_linear_independent_n1000_p100_k10_ols,dense_linear_independent,ols,1000,100,10,0.1111111111111111,1.0,0.050000000000000044,0.050000000000000044,1.1174491479378454,0.0218527076249828,0.0272339672258423
dense_linear_independent_n250_p25_k2_lasso,dense_linear_independent,lasso,250,25,2,0.2,1.0,0.050000000000000044,0.050000000000000044,0.9676483673894514,0.0581563053465172,0.0653763389708348
dense_linear_independent_n250_p25_k5_lasso,dense_linear_independent,lasso,250,25,5,0.125,1.0,0.050000000000000044,0.050000000000000044,0.9142276586163816,0.0557011269127175,0.0647677303370561
dense_linear_independent_n250_p150_k10_lasso,dense_linear_independent,lasso,250,150,10,0.6666666666666667,1.0,0.050000000000000044,0.050000000000000044,1.030800980405033,0.0539068600566785,0.0625135349635353
dense_linear_independent_n500_p25_k2_lasso,dense_linear_independent,lasso,500,25,2,0.1,1.0,0.050000000000000044,0.050000000000000044,0.8305393861835912,0.0467349648810503,0.0524092548160558
dense_linear_independent_n500_p25_k10_lasso,dense_linear_independent,lasso,500,25,10,0.0555555555555554,1.0,0.050000000000000044,0.050000000000000044,1.16890410561104,0.0322362595734802,0.0349387969588667
dense_linear_independent_n500_p50_k5_lasso,dense_linear_independent,lasso,500,50,5,0.125,1.0,0.050000000000000044,0.050000000000000044,1.2990299461067325,0.0265692695508211,0.0335844384301159
dense_linear_independent_n500_p50_k10_lasso,dense_linear_independent,lasso,500,50,10,0.1111111111111111,1.0,0.050000000000000044,0.050000000000000044,0.7126472475080078,0.0528212556179673,0.0569951363546796
dense_linear_independent_n500_p100_k2_lasso,dense_linear_independent,lasso,500,100,2,0.4,1.0,0.050000000000000044,0.050000000000000044,1.047721271788128,0.0340320725316417,0.0401947405085021
dense_linear_independent_n1000_p50_k2_lasso,dense_linear_independent,lasso,1000,50,2,0.1,1.0,0.050000000000000044,0.050000000000000044,0.8830837586948947,0.032305232526427,0.0341693646096447
dense_linear_independent_n1000_p50_k10_lasso,dense_linear_independent,lasso,1000,50,10,0.0555555555555554,1.0,0.050000000000000044,0.050000000000000044,1.2801259773052576,0.0173316379385291,0.0236531213371358
dense_linear_independent_n1000_p100_k10_lasso,dense_linear_independent,lasso,1000,100,10,0.1111111111111111,1.0,0.050000000000000044,0.050000000000000044,0.8999347791404749,0.029896278660855,0.033231017375103
dense_linear_independent_n1000_p150_k10_lasso,dense_linear_independent,lasso,1000,150,10,0.1666666666666665,1.0,0.050000000000000044,0.050000000000000044,1.1226133482116425,0.0241649718119813,0.0284926771735927
dense_linear_independent_n1000_p300_k5_lasso,dense_linear_independent,lasso,1000,300,5,0.375,1.0,0.050000000000000044,0.050000000000000044,1.3712218614071463,0.021296918627006,0.0247979210822663
dense_linear_independent_n250_p25_k5_elastic_net,dense_linear_independent,elastic_net,250,25,5,0.125,1.0,0.050000000000000044,0.050000000000000044,1.5841708442411695,0.0289882584893108,0.0384819667620133
dense_linear_independent_n500_p25_k5_elastic_net,dense_linear_independent,elastic_net,500,25,5,0.0625,1.0,0.050000000000000044,0.050000000000000044,1.0227432296744712,0.0384236371967291,0.0419868200384472
dense_linear_independent_n500_p25_k10_elastic_net,dense_linear_independent,elastic_net,500,25,10,0.0555555555555554,1.0,0.050000000000000044,0.050000000000000044,1.2174520289848,0.0307309364254437,0.0376472655698697
dense_linear_independent_n500_p50_k5_elastic_net,dense_linear_independent,elastic_net,500,50,5,0.125,1.0,0.050000000000000044,0.050000000000000044,0.989112616048802,0.0454766772727441,0.0511421188934891
dense_linear_independent_n500_p100_k5_elastic_net,dense_linear_independent,elastic_net,500,100,5,0.25,1.0,0.050000000000000044,0.050000000000000044,1.5759662746703775,0.022802848284098,0.0276001068049663
dense_linear_independent_n500_p100_k10_elastic_net,dense_linear_independent,elastic_net,500,100,10,0.2222222222222222,1.0,0.050000000000000044,0.050000000000000044,0.8742422151001715,0.0417279392556197,0.049134282074718
dense_linear_independent_n1000_p25_k2_elastic_net,dense_linear_independent,elastic_net,1000,25,2,0.05,1.0,0.050000000000000044,0.050000000000000044,0.931787290294727,0.025872439361404,0.031922583144666
dense_linear_independent_n1000_p25_k5_elastic_net,dense_linear_independent,elastic_net,1000,25,5,0.03125,1.0,0.050000000000000044,0.050000000000000044,1.598170882166756,0.0158198231035191,0.0198629522600688
dense_linear_independent_n1000_p25_k10_elastic_net,dense_linear_independent,elastic_net,1000,25,10,0.0277777777777777,1.0,0.050000000000000044,0.050000000000000044,0.8897339574938431,0.0305133831846239,0.0356832947436168
dense_linear_independent_n1000_p50_k2_elastic_net,dense_linear_independent,elastic_net,1000,50,2,0.1,1.0,0.050000000000000044,0.050000000000000044,1.448917854725571,0.0204032674423088,0.0229221154289875
dense_linear_independent_n1000_p100_k10_elastic_net,dense_linear_independent,elastic_net,1000,100,10,0.1111111111111111,1.0,0.050000000000000044,0.050000000000000044,1.1020853276731146,0.0242604184744991,0.0271359682174864
dense_linear_independent_n1000_p150_k5_elastic_net,dense_linear_independent,elastic_net,1000,150,5,0.1875,1.0,0.050000000000000044,0.050000000000000044,1.1453290528497948,0.0254869527811794,0.028705354517679
dense_linear_independent_n1000_p150_k10_elastic_net,dense_linear_independent,elastic_net,1000,150,10,0.1666666666666665,1.0,0.050000000000000044,0.050000000000000044,1.5886686482804309,0.0181073598436735,0.0219181468238475
sparse_linear_independent_n250_p100_k5_ols,sparse_linear_independent,ols,250,100,5,0.5,1.0,0.050000000000000044,0.050000000000000044,1.1543218675627325,0.0441387839074451,0.0527899715634706
sparse_linear_independent_n500_p25_k5_ols,sparse_linear_independent,ols,500,25,5,0.0625,1.0,0.050000000000000044,0.050000000000000044,0.854587838515755,0.0462512354445099,0.0512805099275978
sparse_linear_independent_n500_p25_k10_ols,sparse_linear_independent,ols,500,25,10,0.0555555555555554,1.0,0.050000000000000044,0.050000000000000044,1.6136161472668502,0.0205087377109569,0.0270060923675456
sparse_linear_independent_n500_p50_k10_ols,sparse_linear_independent,ols,500,50,10,0.1111111111111111,1.0,0.050000000000000044,0.050000000000000044,0.9257363976397948,0.0442852910351712,0.0516700003859975
sparse_linear_independent_n500_p150_k10_ols,sparse_linear_independent,ols,500,150,10,0.3333333333333333,1.0,0.050000000000000044,0.050000000000000044,1.271274173682797,0.0251684681140093,0.0335444043881467
sparse_linear_independent_n1000_p25_k2_ols,sparse_linear_independent,ols,1000,25,2,0.05,1.0,0.050000000000000044,0.050000000000000044,0.8510155240973839,0.0331953815656697,0.0372382682791351
sparse_linear_independent_n1000_p50_k2_ols,sparse_linear_independent,ols,1000,50,2,0.1,1.0,0.050000000000000044,0.050000000000000044,1.3111015891026336,0.0287703636611709,0.0337946273870698
sparse_linear_independent_n1000_p50_k5_ols,sparse_linear_independent,ols,1000,50,5,0.0625,1.0,0.050000000000000044,0.050000000000000044,1.173309139227007,0.0208775419503246,0.0256464794131142
sparse_linear_independent_n1000_p100_k2_ols,sparse_linear_independent,ols,1000,100,2,0.2,1.0,0.050000000000000044,0.050000000000000044,1.1818021073479312,0.0228140820156967,0.0269438505513877
sparse_linear_independent_n1000_p100_k5_ols,sparse_linear_independent,ols,1000,100,5,0.125,1.0,0.050000000000000044,0.050000000000000044,1.2528968426509346,0.0223707067490295,0.0254039909270881
sparse_linear_independent_n1000_p100_k10_ols,sparse_linear_independent,ols,1000,100,10,0.1111111111111111,1.0,0.050000000000000044,0.050000000000000044,0.9085350229077164,0.0314903575404879,0.034285356315962
sparse_linear_independent_n1000_p150_k2_ols,sparse_linear_independent,ols,1000,150,2,0.2999999999999999,1.0,0.050000000000000044,0.050000000000000044,1.0090077591984163,0.0289143785472436,0.0320475567331478
sparse_linear_independent_n1000_p150_k10_ols,sparse_linear_independent,ols,1000,150,10,0.1666666666666665,1.0,0.050000000000000044,0.050000000000000044,1.0011183651557336,0.0269701713431697,0.03083700628923
sparse_linear_independent_n250_p25_k10_lasso,sparse_linear_independent,lasso,250,25,10,0.1111111111111111,1.0,0.050000000000000044,0.050000000000000044,1.4829083738401487,0.0365223657877451,0.0459443895387175
sparse_linear_independent_n250_p50_k5_lasso,sparse_linear_independent,lasso,250,50,5,0.25,1.0,0.050000000000000044,0.050000000000000044,1.3631545368423368,0.0386141931199452,0.0471848171104508
sparse_linear_independent_n250_p50_k10_lasso,sparse_linear_independent,lasso,250,50,10,0.2222222222222222,1.0,0.050000000000000044,0.050000000000000044,0.9776226592027112,0.0631914798173257,0.0708665782009387
sparse_linear_independent_n250_p100_k10_lasso,sparse_linear_independent,lasso,250,100,10,0.4444444444444445,1.0,0.050000000000000044,0.050000000000000044,1.0431538963675209,0.0518496466453814,0.0592530773710416
sparse_linear_independent_n250_p150_k10_lasso,sparse_linear_independent,lasso,250,150,10,0.6666666666666667,1.0,0.050000000000000044,0.050000000000000044,0.9088645379906176,0.0579000253811567,0.0698026777550561
sparse_linear_independent_n500_p25_k2_lasso,sparse_linear_independent,lasso,500,25,2,0.1,1.0,0.050000000000000044,0.050000000000000044,1.4156993213859546,0.0260753543492725,0.0297052884346972
sparse_linear_independent_n500_p25_k10_lasso,sparse_linear_independent,lasso,500,25,10,0.0555555555555554,1.0,0.050000000000000044,0.050000000000000044,1.4896882823908069,0.0254674156723192,0.0295766913873433
sparse_linear_independent_n500_p50_k10_lasso,sparse_linear_independent,lasso,500,50,10,0.1111111111111111,1.0,0.050000000000000044,0.050000000000000044,0.8855359378389633,0.0434706284335277,0.0503414281694591
sparse_linear_independent_n500_p100_k10_lasso,sparse_linear_independent,lasso,500,100,10,0.2222222222222222,1.0,0.050000000000000044,0.050000000000000044,1.242689658903774,0.0315530360161945,0.0386003090881376
sparse_linear_independent_n500_p300_k2_lasso,sparse_linear_independent,lasso,500,300,2,1.1999999999999995,1.0,0.050000000000000044,0.050000000000000044,0.9917166789312454,0.0371929359296869,0.0476622665996566
sparse_linear_independent_n500_p300_k5_lasso,sparse_linear_independent,lasso,500,300,5,0.75,1.0,0.050000000000000044,0.050000000000000044,0.9644998805061884,0.0432054704881279,0.048282624130568
sparse_linear_independent_n1000_p25_k2_lasso,sparse_linear_independent,lasso,1000,25,2,0.05,1.0,0.050000000000000044,0.050000000000000044,1.9202216069557527,0.0146598307483027,0.0172766815477232
sparse_linear_independent_n1000_p25_k5_lasso,sparse_linear_independent,lasso,1000,25,5,0.03125,1.0,0.050000000000000044,0.050000000000000044,1.03091346132508,0.0271190550915147,0.031806480499501
sparse_linear_independent_n1000_p25_k10_lasso,sparse_linear_independent,lasso,1000,25,10,0.0277777777777777,1.0,0.050000000000000044,0.050000000000000044,0.8941684305437578,0.0293583348937165,0.0339508101252193
sparse_linear_independent_n1000_p50_k5_lasso,sparse_linear_independent,lasso,1000,50,5,0.0625,1.0,0.050000000000000044,0.050000000000000044,0.789680521249382,0.0300141354274594,0.0389108202213922
sparse_linear_independent_n1000_p50_k10_lasso,sparse_linear_independent,lasso,1000,50,10,0.0555555555555554,1.0,0.050000000000000044,0.050000000000000044,1.0524081060499757,0.0245293895821577,0.0277330523749693
sparse_linear_independent_n1000_p100_k5_lasso,sparse_linear_independent,lasso,1000,100,5,0.125,1.0,0.050000000000000044,0.050000000000000044,0.8194078801009662,0.032771371183044,0.036643861190548
sparse_linear_independent_n250_p25_k10_elastic_net,sparse_linear_independent,elastic_net,250,25,10,0.1111111111111111,1.0,0.050000000000000044,0.050000000000000044,1.0284488239150231,0.0574698786603682,0.0664976210734266
sparse_linear_independent_n250_p100_k5_elastic_net,sparse_linear_independent,elastic_net,250,100,5,0.5,1.0,0.050000000000000044,0.050000000000000044,1.1870325285655725,0.0402568083317868,0.0506203062814861
sparse_linear_independent_n250_p100_k10_elastic_net,sparse_linear_independent,elastic_net,250,100,10,0.4444444444444445,1.0,0.050000000000000044,0.050000000000000044,0.9328039518062814,0.0536536073077388,0.0651693619343033
sparse_linear_independent_n500_p25_k5_elastic_net,sparse_linear_independent,elastic_net,500,25,5,0.0625,1.0,0.050000000000000044,0.050000000000000044,0.8277587804036521,0.0440606415299238,0.0512601798020676
sparse_linear_independent_n500_p25_k10_elastic_net,sparse_linear_independent,elastic_net,500,25,10,0.0555555555555554,1.0,0.050000000000000044,0.050000000000000044,0.9640941809086476,0.0387342845010098,0.0434294208390988
sparse_linear_independent_n500_p50_k5_elastic_net,sparse_linear_independent,elastic_net,500,50,5,0.125,1.0,0.050000000000000044,0.050000000000000044,1.1398172976597971,0.0365120368599446,0.041408403107361
sparse_linear_independent_n500_p100_k5_elastic_net,sparse_linear_independent,elastic_net,500,100,5,0.25,1.0,0.050000000000000044,0.050000000000000044,1.1486889828576914,0.0306935129447816,0.0412320566416647
sparse_linear_independent_n1000_p25_k5_elastic_net,sparse_linear_independent,elastic_net,1000,25,5,0.03125,1.0,0.050000000000000044,0.050000000000000044,1.3341905229042343,0.0215821425200885,0.0268541239524184
sparse_linear_independent_n1000_p50_k2_elastic_net,sparse_linear_independent,elastic_net,1000,50,2,0.1,1.0,0.050000000000000044,0.050000000000000044,0.8067812574097646,0.0348503483039316,0.0367162092294961
sparse_linear_independent_n1000_p50_k5_elastic_net,sparse_linear_independent,elastic_net,1000,50,5,0.0625,1.0,0.050000000000000044,0.050000000000000044,1.1433490584394583,0.0218342013357565,0.0267220496799494
sparse_linear_independent_n1000_p100_k5_elastic_net,sparse_linear_independent,elastic_net,1000,100,5,0.125,1.0,0.050000000000000044,0.050000000000000044,1.1191952324004857,0.0233057536507381,0.0264683654277314
sparse_linear_independent_n1000_p150_k10_elastic_net,sparse_linear_independent,elastic_net,1000,150,10,0.1666666666666665,1.0,0.050000000000000044,0.050000000000000044,1.3360294881108994,0.0195609189130179,0.0258764084879737
sparse_linear_independent_n250_p25_k2_gradient_boosting,sparse_linear_independent,gradient_boosting,250,25,2,0.2,1.0,0.050000000000000044,0.050000000000000044,1.5716724119871754,0.0326126481103782,0.0418966080605719
sparse_linear_independent_n250_p50_k2_gradient_boosting,sparse_linear_independent,gradient_boosting,250,50,2,0.4,1.0,0.050000000000000044,0.050000000000000044,1.203035665120743,0.0551180820181862,0.0621944464953082
sparse_linear_independent_n250_p50_k10_gradient_boosting,sparse_linear_independent,gradient_boosting,250,50,10,0.2222222222222222,1.0,0.050000000000000044,0.050000000000000044,1.3410845513009049,0.0436151447655013,0.0540156910787135
sparse_linear_independent_n250_p300_k2_gradient_boosting,sparse_linear_independent,gradient_boosting,250,300,2,2.3999999999999995,1.0,0.050000000000000044,0.050000000000000044,1.4960008698581646,0.0676461158002359,0.0739580175593156
sparse_linear_correlated_n250_p100_k5_ols,sparse_linear_correlated,ols,250,100,5,0.5,1.0,0.050000000000000044,0.050000000000000044,1.2484907544510917,0.0345365559143849,0.046265322265614
sparse_linear_correlated_n500_p25_k5_ols,sparse_linear_correlated,ols,500,25,5,0.0625,1.0,0.050000000000000044,0.050000000000000044,1.1050558778688333,0.0406125578396458,0.0489102648929198
sparse_linear_correlated_n500_p50_k5_ols,sparse_linear_correlated,ols,500,50,5,0.125,1.0,0.050000000000000044,0.050000000000000044,1.0928831131439345,0.0323906954015827,0.0382431635963101
sparse_linear_correlated_n500_p150_k5_ols,sparse_linear_correlated,ols,500,150,5,0.375,1.0,0.050000000000000044,0.050000000000000044,1.3096939971191612,0.0371853144588689,0.0405313087232303
sparse_linear_correlated_n1000_p25_k2_ols,sparse_linear_correlated,ols,1000,25,2,0.05,1.0,0.050000000000000044,0.050000000000000044,1.4605073037548597,0.0166293296213714,0.0205247918422386
sparse_linear_correlated_n1000_p50_k10_ols,sparse_linear_correlated,ols,1000,50,10,0.0555555555555554,1.0,0.050000000000000044,0.050000000000000044,1.0476199466545175,0.0229803460800325,0.0285321469304751
sparse_linear_correlated_n1000_p100_k5_ols,sparse_linear_correlated,ols,1000,100,5,0.125,1.0,0.050000000000000044,0.050000000000000044,1.8567702780319,0.0153270035449603,0.0182987814148302
sparse_linear_correlated_n1000_p100_k10_ols,sparse_linear_correlated,ols,1000,100,10,0.1111111111111111,1.0,0.050000000000000044,0.050000000000000044,0.999465972590618,0.0283387858603774,0.0313119085669743
sparse_linear_correlated_n1000_p150_k5_ols,sparse_linear_correlated,ols,1000,150,5,0.1875,1.0,0.050000000000000044,0.050000000000000044,1.0007949886099703,0.0275583050392354,0.0300817670555252
sparse_linear_correlated_n250_p25_k5_lasso,sparse_linear_correlated,lasso,250,25,5,0.125,1.0,0.050000000000000044,0.050000000000000044,1.1089808197843984,0.0419823037586167,0.0528428607850998
sparse_linear_correlated_n250_p100_k5_lasso,sparse_linear_correlated,lasso,250,100,5,0.5,1.0,0.050000000000000044,0.050000000000000044,0.8572256754228093,0.0632728622684533,0.0764218053400253
sparse_linear_correlated_n250_p100_k10_lasso,sparse_linear_correlated,lasso,250,100,10,0.4444444444444445,1.0,0.050000000000000044,0.050000000000000044,0.8113938113576233,0.0705988788549868,0.0784198417302751
sparse_linear_correlated_n500_p25_k2_lasso,sparse_linear_correlated,lasso,500,25,2,0.1,1.0,0.050000000000000044,0.050000000000000044,1.0787001957510935,0.0315000329989042,0.0422646872399509
sparse_linear_correlated_n500_p25_k5_lasso,sparse_linear_correlated,lasso,500,25,5,0.0625,1.0,0.050000000000000044,0.050000000000000044,1.2583398559372372,0.024683907974743,0.0340988713051491
sparse_linear_correlated_n500_p50_k5_lasso,sparse_linear_correlated,lasso,500,50,5,0.125,1.0,0.050000000000000044,0.050000000000000044,1.438762129652031,0.0241581677308006,0.0302570299436534
sparse_linear_correlated_n500_p50_k10_lasso,sparse_linear_correlated,lasso,500,50,10,0.1111111111111111,1.0,0.050000000000000044,0.050000000000000044,1.8377495622124052,0.0196135097982993,0.0231047912890124
sparse_linear_correlated_n500_p100_k10_lasso,sparse_linear_correlated,lasso,500,100,10,0.2222222222222222,1.0,0.050000000000000044,0.050000000000000044,1.0148194496532454,0.0380714082753454,0.0448782538415932
sparse_linear_correlated_n1000_p25_k2_lasso,sparse_linear_correlated,lasso,1000,25,2,0.05,1.0,0.050000000000000044,0.050000000000000044,1.549455585956793,0.0243851259330171,0.030016125558927
sparse_linear_correlated_n1000_p25_k5_lasso,sparse_linear_correlated,lasso,1000,25,5,0.03125,1.0,0.050000000000000044,0.050000000000000044,1.2919150739700775,0.0206294183372344,0.0250092987460594
sparse_linear_correlated_n1000_p100_k5_lasso,sparse_linear_correlated,lasso,1000,100,5,0.125,1.0,0.050000000000000044,0.050000000000000044,1.1983003916566857,0.0213675321156573,0.0267253714514729
sparse_linear_correlated_n250_p25_k5_elastic_net,sparse_linear_correlated,elastic_net,250,25,5,0.125,1.0,0.050000000000000044,0.050000000000000044,0.8544664013872572,0.0602822994911091,0.0705613791195971
sparse_linear_correlated_n250_p25_k10_elastic_net,sparse_linear_correlated,elastic_net,250,25,10,0.1111111111111111,1.0,0.050000000000000044,0.050000000000000044,0.9400622884793162,0.0584568352768912,0.0662615704016173
sparse_linear_correlated_n250_p50_k10_elastic_net,sparse_linear_correlated,elastic_net,250,50,10,0.2222222222222222,1.0,0.050000000000000044,0.050000000000000044,1.430631316988246,0.0420533444317603,0.0491802793423544
sparse_linear_correlated_n250_p100_k10_elastic_net,sparse_linear_correlated,elastic_net,250,100,10,0.4444444444444445,1.0,0.050000000000000044,0.050000000000000044,1.6875184168469026,0.039923375936314,0.0483366451712929
sparse_linear_correlated_n500_p25_k2_elastic_net,sparse_linear_correlated,elastic_net,500,25,2,0.1,1.0,0.050000000000000044,0.050000000000000044,1.1619354146785317,0.0325616322969548,0.0424300301392801
sparse_linear_correlated_n500_p50_k5_elastic_net,sparse_linear_correlated,elastic_net,500,50,5,0.125,1.0,0.050000000000000044,0.050000000000000044,0.9959094367605046,0.037047069315852,0.0425822171936335
sparse_linear_correlated_n1000_p25_k2_elastic_net,sparse_linear_correlated,elastic_net,1000,25,2,0.05,1.0,0.050000000000000044,0.050000000000000044,1.0280862940178748,0.0268392961112073,0.0296001313422927
sparse_linear_correlated_n1000_p25_k5_elastic_net,sparse_linear_correlated,elastic_net,1000,25,5,0.03125,1.0,0.050000000000000044,0.050000000000000044,1.438652461507673,0.0187114622674874,0.0209554381775017
sparse_linear_correlated_n1000_p25_k10_elastic_net,sparse_linear_correlated,elastic_net,1000,25,10,0.0277777777777777,1.0,0.050000000000000044,0.050000000000000044,1.1982477267139795,0.0212493897363656,0.0254505898990949
sparse_linear_correlated_n1000_p50_k2_elastic_net,sparse_linear_correlated,elastic_net,1000,50,2,0.1,1.0,0.050000000000000044,0.050000000000000044,1.3198375999847811,0.0214001247252285,0.0245074774920413
sparse_linear_correlated_n1000_p50_k5_elastic_net,sparse_linear_correlated,elastic_net,1000,50,5,0.0625,1.0,0.050000000000000044,0.050000000000000044,1.2757358519988025,0.0202762384412272,0.0243011793473438
sparse_linear_correlated_n1000_p50_k10_elastic_net,sparse_linear_correlated,elastic_net,1000,50,10,0.0555555555555554,1.0,0.050000000000000044,0.050000000000000044,0.9537443829988038,0.0265326763224371,0.0327145432865656
sparse_linear_correlated_n1000_p100_k2_elastic_net,sparse_linear_correlated,elastic_net,1000,100,2,0.2,1.0,0.050000000000000044,0.050000000000000044,0.9166397813929684,0.0286291801750171,0.0328148202128036
sparse_linear_correlated_n1000_p100_k5_elastic_net,sparse_linear_correlated,elastic_net,1000,100,5,0.125,1.0,0.050000000000000044,0.050000000000000044,1.245502691697541,0.0203048913027356,0.0241339070037061
sparse_linear_correlated_n1000_p100_k10_elastic_net,sparse_linear_correlated,elastic_net,1000,100,10,0.1111111111111111,1.0,0.050000000000000044,0.050000000000000044,1.9732845566249504,0.0128862462333864,0.0158989361405736
sparse_linear_correlated_n1000_p150_k10_elastic_net,sparse_linear_correlated,elastic_net,1000,150,10,0.1666666666666665,1.0,0.050000000000000044,0.050000000000000044,1.0323071489885918,0.0254654593525535,0.0290216114277759
sparse_linear_correlated_n250_p25_k2_gradient_boosting,sparse_linear_correlated,gradient_boosting,250,25,2,0.2,1.0,0.050000000000000044,0.050000000000000044,1.017424157605153,0.0555501054650302,0.0606745481345018
sparse_linear_correlated_n250_p50_k2_gradient_boosting,sparse_linear_correlated,gradient_boosting,250,50,2,0.4,1.0,0.050000000000000044,0.050000000000000044,0.7748531080903255,0.0734059029115247,0.0805246386595126
sparse_linear_correlated_n250_p50_k5_gradient_boosting,sparse_linear_correlated,gradient_boosting,250,50,5,0.25,1.0,0.050000000000000044,0.050000000000000044,0.9671276512977676,0.0618042925769556,0.0701114368446149
sparse_linear_correlated_n250_p100_k10_gradient_boosting,sparse_linear_correlated,gradient_boosting,250,100,10,0.4444444444444445,1.0,0.050000000000000044,0.050000000000000044,1.4828264767849415,0.0539643838722008,0.0612348893432596
sparse_linear_correlated_n500_p25_k5_gradient_boosting,sparse_linear_correlated,gradient_boosting,500,25,5,0.0625,1.0,0.050000000000000044,0.050000000000000044,1.2566151948716209,0.0550666914185507,0.0603346658201143
sparse_linear_correlated_n500_p150_k2_gradient_boosting,sparse_linear_correlated,gradient_boosting,500,150,2,0.5999999999999999,1.0,0.050000000000000044,0.050000000000000044,1.3426343924040265,0.0288107846881663,0.0354409219709569
sparse_linear_correlated_n500_p300_k2_gradient_boosting,sparse_linear_correlated,gradient_boosting,500,300,2,1.1999999999999995,1.0,0.050000000000000044,0.050000000000000044,1.121566666985387,0.0369454281371533,0.0440911481767895
weak_signal_sparse_n250_p25_k10_ols,weak_signal_sparse,ols,250,25,10,0.1111111111111111,1.0,0.050000000000000044,0.050000000000000044,1.1750217279697708,0.0534600477956101,0.0589385202026102
weak_signal_sparse_n250_p50_k10_ols,weak_signal_sparse,ols,250,50,10,0.2222222222222222,1.0,0.050000000000000044,0.050000000000000044,1.269656143062083,0.0423782316092483,0.0492531011061139
weak_signal_sparse_n500_p100_k10_ols,weak_signal_sparse,ols,500,100,10,0.2222222222222222,1.0,0.050000000000000044,0.050000000000000044,1.1325863442473525,0.0341947139737983,0.0394139371376379
weak_signal_sparse_n500_p150_k5_ols,weak_signal_sparse,ols,500,150,5,0.375,1.0,0.050000000000000044,0.050000000000000044,1.2703758539057628,0.0285953055922366,0.0357498873085841
weak_signal_sparse_n1000_p25_k10_ols,weak_signal_sparse,ols,1000,25,10,0.0277777777777777,1.0,0.050000000000000044,0.050000000000000044,1.070294047108538,0.0232319865049912,0.0288282062480246
weak_signal_sparse_n1000_p50_k2_ols,weak_signal_sparse,ols,1000,50,2,0.1,1.0,0.050000000000000044,0.050000000000000044,1.140732620922288,0.0230964107221723,0.0268530562226196
weak_signal_sparse_n1000_p50_k5_ols,weak_signal_sparse,ols,1000,50,5,0.0625,1.0,0.050000000000000044,0.050000000000000044,1.133185217764599,0.0201227884823634,0.0262002334169338
weak_signal_sparse_n1000_p50_k10_ols,weak_signal_sparse,ols,1000,50,10,0.0555555555555554,1.0,0.050000000000000044,0.050000000000000044,1.236039744492605,0.0229128906513373,0.0252560128732858
weak_signal_sparse_n1000_p100_k5_ols,weak_signal_sparse,ols,1000,100,5,0.125,1.0,0.050000000000000044,0.050000000000000044,1.3199674871176326,0.0195166088198211,0.0228394759625262
weak_signal_sparse_n1000_p150_k2_ols,weak_signal_sparse,ols,1000,150,2,0.2999999999999999,1.0,0.050000000000000044,0.050000000000000044,1.1577189727866084,0.0277078955466912,0.0306877016353884
weak_signal_sparse_n1000_p300_k10_ols,weak_signal_sparse,ols,1000,300,10,0.3333333333333333,1.0,0.050000000000000044,0.050000000000000044,0.9669811833493092,0.0272331931354039,0.0311626342955041
weak_signal_sparse_n250_p25_k10_lasso,weak_signal_sparse,lasso,250,25,10,0.1111111111111111,1.0,0.050000000000000044,0.050000000000000044,1.0289292118428743,0.0542631378445606,0.0624452788326772
weak_signal_sparse_n250_p100_k5_lasso,weak_signal_sparse,lasso,250,100,5,0.5,1.0,0.050000000000000044,0.050000000000000044,0.8749562731678864,0.0634440581946821,0.0740126592233139
weak_signal_sparse_n500_p25_k10_lasso,weak_signal_sparse,lasso,500,25,10,0.0555555555555554,1.0,0.050000000000000044,0.050000000000000044,1.2268855434759915,0.0295256792983867,0.0335525639185924
weak_signal_sparse_n500_p50_k10_lasso,weak_signal_sparse,lasso,500,50,10,0.1111111111111111,1.0,0.050000000000000044,0.050000000000000044,1.3780549470878694,0.0247981814580871,0.0308073026712307
weak_signal_sparse_n500_p100_k5_lasso,weak_signal_sparse,lasso,500,100,5,0.25,1.0,0.050000000000000044,0.050000000000000044,1.0719048704615022,0.0335204131255426,0.0403881871373772
weak_signal_sparse_n500_p300_k2_lasso,weak_signal_sparse,lasso,500,300,2,1.1999999999999995,1.0,0.050000000000000044,0.050000000000000044,0.9598735453631888,0.0528094192049534,0.0601668092287424
weak_signal_sparse_n1000_p25_k10_lasso,weak_signal_sparse,lasso,1000,25,10,0.0277777777777777,1.0,0.050000000000000044,0.050000000000000044,2.081281943602658,0.0112365855099613,0.0140960372674244
weak_signal_sparse_n1000_p50_k2_lasso,weak_signal_sparse,lasso,1000,50,2,0.1,1.0,0.050000000000000044,0.050000000000000044,1.1016115702604494,0.0227916454439175,0.0272841520870438
weak_signal_sparse_n1000_p50_k5_lasso,weak_signal_sparse,lasso,1000,50,5,0.0625,1.0,0.050000000000000044,0.050000000000000044,0.9738309790889512,0.0244343570452368,0.0307864530276944
weak_signal_sparse_n1000_p50_k10_lasso,weak_signal_sparse,lasso,1000,50,10,0.0555555555555554,1.0,0.050000000000000044,0.050000000000000044,1.2493208851921782,0.0221405764534255,0.0248869016198188
weak_signal_sparse_n1000_p100_k10_lasso,weak_signal_sparse,lasso,1000,100,10,0.1111111111111111,1.0,0.050000000000000044,0.050000000000000044,1.010427618572713,0.0293569402025196,0.0334335398182155
weak_signal_sparse_n1000_p150_k2_lasso,weak_signal_sparse,lasso,1000,150,2,0.2999999999999999,1.0,0.050000000000000044,0.050000000000000044,1.2949380122827123,0.0210904261251996,0.0249345528799898
weak_signal_sparse_n1000_p150_k10_lasso,weak_signal_sparse,lasso,1000,150,10,0.1666666666666665,1.0,0.050000000000000044,0.050000000000000044,0.9059910378240909,0.0309096825033636,0.0331283053015855
weak_signal_sparse_n250_p25_k5_elastic_net,weak_signal_sparse,elastic_net,250,25,5,0.125,1.0,0.050000000000000044,0.050000000000000044,1.4452659222452129,0.0345212448725995,0.0402310208775576
weak_signal_sparse_n250_p50_k2_elastic_net,weak_signal_sparse,elastic_net,250,50,2,0.4,1.0,0.050000000000000044,0.050000000000000044,1.1115332464075824,0.0444582736045382,0.0537193132329976
weak_signal_sparse_n250_p50_k5_elastic_net,weak_signal_sparse,elastic_net,250,50,5,0.25,1.0,0.050000000000000044,0.050000000000000044,0.7673699853186845,0.0745518380177424,0.083593298343238
weak_signal_sparse_n500_p25_k10_elastic_net,weak_signal_sparse,elastic_net,500,25,10,0.0555555555555554,1.0,0.050000000000000044,0.050000000000000044,1.0027034391588734,0.0370438606959543,0.0430750857289632
weak_signal_sparse_n500_p100_k5_elastic_net,weak_signal_sparse,elastic_net,500,100,5,0.25,1.0,0.050000000000000044,0.050000000000000044,1.880695354167221,0.0208912740362507,0.0229635783134429
weak_signal_sparse_n1000_p25_k2_elastic_net,weak_signal_sparse,elastic_net,1000,25,2,0.05,1.0,0.050000000000000044,0.050000000000000044,1.165483172823688,0.0188314938414526,0.0263474842668742
weak_signal_sparse_n1000_p50_k5_elastic_net,weak_signal_sparse,elastic_net,1000,50,5,0.0625,1.0,0.050000000000000044,0.050000000000000044,1.1726099752090446,0.0233237469360372,0.0259891882169613
weak_signal_sparse_n1000_p100_k2_elastic_net,weak_signal_sparse,elastic_net,1000,100,2,0.2,1.0,0.050000000000000044,0.050000000000000044,1.3075918315209931,0.0192713285733289,0.023530770922442
weak_signal_sparse_n1000_p100_k10_elastic_net,weak_signal_sparse,elastic_net,1000,100,10,0.1111111111111111,1.0,0.050000000000000044,0.050000000000000044,0.9357623989149908,0.0295203853019687,0.0347620157062699
weak_signal_sparse_n1000_p150_k10_elastic_net,weak_signal_sparse,elastic_net,1000,150,10,0.1666666666666665,1.0,0.050000000000000044,0.050000000000000044,1.2619169450476817,0.0214233618759798,0.0241522141236176
weak_signal_sparse_n250_p50_k2_random_forest,weak_signal_sparse,random_forest,250,50,2,0.4,1.0,0.050000000000000044,0.050000000000000044,0.9773294167141656,0.0569500625694334,0.0667580656447323
weak_signal_sparse_n250_p50_k5_random_forest,weak_signal_sparse,random_forest,250,50,5,0.25,1.0,0.050000000000000044,0.050000000000000044,1.2141412806261482,0.0451410212744971,0.0516750362122477
weak_signal_sparse_n250_p50_k10_random_forest,weak_signal_sparse,random_forest,250,50,10,0.2222222222222222,1.0,0.050000000000000044,0.050000000000000044,1.1155912151342866,0.0465591532962723,0.0573252769663136
weak_signal_sparse_n250_p100_k2_random_forest,weak_signal_sparse,random_forest,250,100,2,0.8,1.0,0.050000000000000044,0.050000000000000044,1.107641453376646,0.0439615816198514,0.0542143410096551
weak_signal_sparse_n250_p150_k5_random_forest,weak_signal_sparse,random_forest,250,150,5,0.75,1.0,0.050000000000000044,0.050000000000000044,1.2804229320823703,0.0493445263659911,0.0656151417835129
weak_signal_sparse_n250_p150_k10_random_forest,weak_signal_sparse,random_forest,250,150,10,0.6666666666666667,1.0,0.050000000000000044,0.050000000000000044,1.1945023466933689,0.0507961789272329,0.0603219429749394
weak_signal_sparse_n500_p25_k2_random_forest,weak_signal_sparse,random_forest,500,25,2,0.1,1.0,0.050000000000000044,0.050000000000000044,1.1183548546731357,0.0303214530855732,0.0383831158801713
weak_signal_sparse_n500_p25_k5_random_forest,weak_signal_sparse,random_forest,500,25,5,0.0625,1.0,0.050000000000000044,0.050000000000000044,1.064813692802795,0.0309986652489473,0.040187376736006
weak_signal_sparse_n500_p25_k10_random_forest,weak_signal_sparse,random_forest,500,25,10,0.0555555555555554,1.0,0.050000000000000044,0.050000000000000044,0.8264944803744524,0.0443728041007907,0.0551140077189009
weak_signal_sparse_n500_p50_k5_random_forest,weak_signal_sparse,random_forest,500,50,5,0.125,1.0,0.050000000000000044,0.050000000000000044,1.3287883914360208,0.0307398330700526,0.0364294073222614
weak_signal_sparse_n500_p50_k10_random_forest,weak_signal_sparse,random_forest,500,50,10,0.1111111111111111,1.0,0.050000000000000044,0.050000000000000044,1.058651651263712,0.0356096937996079,0.0405947002030306
weak_signal_sparse_n500_p100_k5_random_forest,weak_signal_sparse,random_forest,500,100,5,0.25,1.0,0.050000000000000044,0.050000000000000044,1.3767351018193563,0.0356546191916594,0.0426025001869696
weak_signal_sparse_n500_p150_k2_random_forest,weak_signal_sparse,random_forest,500,150,2,0.5999999999999999,1.0,0.050000000000000044,0.050000000000000044,1.4923846624861024,0.0344475401700334,0.0423806043080064
weak_signal_sparse_n500_p150_k10_random_forest,weak_signal_sparse,random_forest,500,150,10,0.3333333333333333,1.0,0.050000000000000044,0.050000000000000044,1.204368589591314,0.0347351799253417,0.0426134530375068
weak_signal_sparse_n1000_p25_k2_random_forest,weak_signal_sparse,random_forest,1000,25,2,0.05,1.0,0.050000000000000044,0.050000000000000044,0.9217858589005232,0.0293794518399503,0.0330336098420024
weak_signal_sparse_n1000_p50_k2_random_forest,weak_signal_sparse,random_forest,1000,50,2,0.1,1.0,0.050000000000000044,0.050000000000000044,0.936304513410084,0.0305167181405646,0.0335227015325688
weak_signal_sparse_n1000_p50_k10_random_forest,weak_signal_sparse,random_forest,1000,50,10,0.0555555555555554,1.0,0.050000000000000044,0.050000000000000044,1.1437382850785378,0.022444761371808,0.0270915887185558
weak_signal_sparse_n1000_p100_k5_random_forest,weak_signal_sparse,random_forest,1000,100,5,0.125,1.0,0.050000000000000044,0.050000000000000044,1.8029440649359745,0.0193735382110718,0.0220151253904211
weak_signal_sparse_n1000_p100_k10_random_forest,weak_signal_sparse,random_forest,1000,100,10,0.1111111111111111,1.0,0.050000000000000044,0.050000000000000044,1.0108704984268495,0.0241895206540121,0.0319355751752349
weak_signal_sparse_n1000_p150_k2_random_forest,weak_signal_sparse,random_forest,1000,150,2,0.2999999999999999,1.0,0.050000000000000044,0.050000000000000044,1.3310238200985434,0.0309694174737903,0.0359179913287037
weak_signal_sparse_n1000_p150_k5_random_forest,weak_signal_sparse,random_forest,1000,150,5,0.1875,1.0,0.050000000000000044,0.050000000000000044,1.5990350828666422,0.0203225285830966,0.0246945556680341
weak_signal_sparse_n1000_p300_k2_random_forest,weak_signal_sparse,random_forest,1000,300,2,0.5999999999999999,1.0,0.050000000000000044,0.050000000000000044,1.0467770784663846,0.0219618944603219,0.0291864466167268
weak_signal_sparse_n1000_p300_k5_random_forest,weak_signal_sparse,random_forest,1000,300,5,0.375,1.0,0.050000000000000044,0.050000000000000044,1.0804283424550976,0.0277713995701921,0.0306564962588941
weak_signal_sparse_n1000_p300_k10_random_forest,weak_signal_sparse,random_forest,1000,300,10,0.3333333333333333,1.0,0.050000000000000044,0.050000000000000044,1.29071888580964,0.0193430003735611,0.0248190067609973
weak_signal_sparse_n250_p25_k2_gradient_boosting,weak_signal_sparse,gradient_boosting,250,25,2,0.2,1.0,0.050000000000000044,0.050000000000000044,1.8813011974268656,0.0443818706561518,0.0562398642129947
weak_signal_sparse_n500_p25_k5_gradient_boosting,weak_signal_sparse,gradient_boosting,500,25,5,0.0625,1.0,0.050000000000000044,0.050000000000000044,0.993736089444812,0.0375941092493916,0.0437807417230645
weak_signal_sparse_n500_p50_k5_gradient_boosting,weak_signal_sparse,gradient_boosting,500,50,5,0.125,1.0,0.050000000000000044,0.050000000000000044,1.2156936911425826,0.0391910141900818,0.0451116594264466
weak_signal_sparse_n1000_p50_k2_gradient_boosting,weak_signal_sparse,gradient_boosting,1000,50,2,0.1,1.0,0.050000000000000044,0.050000000000000044,0.9920279032323918,0.0357852491645666,0.0398002347793612
weak_signal_sparse_n1000_p50_k5_gradient_boosting,weak_signal_sparse,gradient_boosting,1000,50,5,0.0625,1.0,0.050000000000000044,0.050000000000000044,1.2355038201144228,0.0277259871140808,0.0318690544015551
dense_linear_independent_n250_p25_k2_ols,dense_linear_independent,ols,250,25,2,0.2,0.9,-0.04999999999999993,0.04999999999999993,1.01408917970125,0.0667138004024733,0.0711943716389273
dense_linear_independent_n250_p25_k5_ols,dense_linear_independent,ols,250,25,5,0.125,0.9,-0.04999999999999993,0.04999999999999993,0.8446950436097609,0.066354586539145,0.0781110380201667
dense_linear_independent_n250_p50_k10_ols,dense_linear_independent,ols,250,50,10,0.2222222222222222,0.9,-0.04999999999999993,0.04999999999999993,0.86854033700193,0.0544105313426274,0.0670247872348331
dense_linear_independent_n250_p100_k10_ols,dense_linear_independent,ols,250,100,10,0.4444444444444445,0.9,-0.04999999999999993,0.04999999999999993,1.028772498457288,0.0485409947105276,0.0641324780950215
dense_linear_independent_n500_p25_k2_ols,dense_linear_independent,ols,500,25,2,0.1,0.9,-0.04999999999999993,0.04999999999999993,0.9543448840046012,0.0405569682551301,0.0487953294413267
dense_linear_independent_n500_p25_k10_ols,dense_linear_independent,ols,500,25,10,0.0555555555555554,0.9,-0.04999999999999993,0.04999999999999993,0.8880175965027282,0.0420827663148641,0.0480952756693824
dense_linear_independent_n500_p50_k2_ols,dense_linear_independent,ols,500,50,2,0.2,0.9,-0.04999999999999993,0.04999999999999993,0.9338301706640676,0.0370277227440978,0.0440006414534993
dense_linear_independent_n500_p50_k10_ols,dense_linear_independent,ols,500,50,10,0.1111111111111111,0.9,-0.04999999999999993,0.04999999999999993,0.90563715316025,0.0354718100587319,0.0481350431539324
dense_linear_independent_n500_p100_k5_ols,dense_linear_independent,ols,500,100,5,0.25,0.9,-0.04999999999999993,0.04999999999999993,0.9952198693249024,0.0295696048375684,0.0446655281569951
dense_linear_independent_n1000_p25_k5_ols,dense_linear_independent,ols,1000,25,5,0.03125,0.9,-0.04999999999999993,0.04999999999999993,0.7813708762809802,0.0361052299560072,0.0391591061659532
dense_linear_independent_n1000_p50_k5_ols,dense_linear_independent,ols,1000,50,5,0.0625,0.9,-0.04999999999999993,0.04999999999999993,1.1838402510836787,0.0202673529931638,0.0280340820338692
dense_linear_independent_n1000_p150_k2_ols,dense_linear_independent,ols,1000,150,2,0.2999999999999999,0.9,-0.04999999999999993,0.04999999999999993,0.6489190175547178,0.041882320230713,0.0469786482877676
dense_linear_independent_n1000_p150_k5_ols,dense_linear_independent,ols,1000,150,5,0.1875,0.9,-0.04999999999999993,0.04999999999999993,0.7727265234875383,0.032697422349163,0.0398702726743214
dense_linear_independent_n1000_p150_k10_ols,dense_linear_independent,ols,1000,150,10,0.1666666666666665,0.9,-0.04999999999999993,0.04999999999999993,0.6954540983853394,0.0374817031960965,0.0471354664280698
dense_linear_independent_n1000_p300_k5_ols,dense_linear_independent,ols,1000,300,5,0.375,0.9,-0.04999999999999993,0.04999999999999993,0.8890592819896047,0.0288915512784522,0.0354605778878027
dense_linear_independent_n1000_p300_k10_ols,dense_linear_independent,ols,1000,300,10,0.3333333333333333,0.9,-0.04999999999999993,0.04999999999999993,0.8065512786403259,0.0302806249983267,0.0365716429201573
dense_linear_independent_n250_p25_k10_lasso,dense_linear_independent,lasso,250,25,10,0.1111111111111111,0.9,-0.04999999999999993,0.04999999999999993,0.9335066364846958,0.0500405991528751,0.0648628541480864
dense_linear_independent_n250_p50_k5_lasso,dense_linear_independent,lasso,250,50,5,0.25,0.9,-0.04999999999999993,0.04999999999999993,0.8344807058261886,0.059820004946319,0.0715509210326591
dense_linear_independent_n250_p50_k10_lasso,dense_linear_independent,lasso,250,50,10,0.2222222222222222,0.9,-0.04999999999999993,0.04999999999999993,0.851640472459171,0.0651854347039108,0.0739775279411027
dense_linear_independent_n250_p100_k5_lasso,dense_linear_independent,lasso,250,100,5,0.5,0.9,-0.04999999999999993,0.04999999999999993,0.7380895750935812,0.0722414561334999,0.0971962699457507
dense_linear_independent_n500_p50_k2_lasso,dense_linear_independent,lasso,500,50,2,0.2,0.9,-0.04999999999999993,0.04999999999999993,0.8063202771835909,0.0418418195856084,0.0531861114352833
dense_linear_independent_n500_p100_k5_lasso,dense_linear_independent,lasso,500,100,5,0.25,0.9,-0.04999999999999993,0.04999999999999993,0.80528154212452,0.0428063172391078,0.0555052613525379
dense_linear_independent_n500_p100_k10_lasso,dense_linear_independent,lasso,500,100,10,0.2222222222222222,0.9,-0.04999999999999993,0.04999999999999993,0.784305743094323,0.0478349516246922,0.0548683408997433
dense_linear_independent_n500_p300_k2_lasso,dense_linear_independent,lasso,500,300,2,1.1999999999999995,0.9,-0.04999999999999993,0.04999999999999993,1.2465017084265833,0.0524609109543575,0.0652939310815943
dense_linear_independent_n1000_p25_k2_lasso,dense_linear_independent,lasso,1000,25,2,0.05,0.9,-0.04999999999999993,0.04999999999999993,0.811137316256302,0.0290474078444659,0.0365055601369382
dense_linear_independent_n1000_p25_k10_lasso,dense_linear_independent,lasso,1000,25,10,0.0277777777777777,0.9,-0.04999999999999993,0.04999999999999993,1.1135252260716106,0.0237334718202372,0.0308947205687769
dense_linear_independent_n1000_p50_k5_lasso,dense_linear_independent,lasso,1000,50,5,0.0625,0.9,-0.04999999999999993,0.04999999999999993,1.0947230009908224,0.0349177115078045,0.0384632081284382
dense_linear_independent_n1000_p100_k5_lasso,dense_linear_independent,lasso,1000,100,5,0.125,0.9,-0.04999999999999993,0.04999999999999993,0.7315139994272274,0.0361498560050934,0.0418566438234173
dense_linear_independent_n1000_p150_k2_lasso,dense_linear_independent,lasso,1000,150,2,0.2999999999999999,0.9,-0.04999999999999993,0.04999999999999993,0.7470181779936097,0.0311956029946348,0.0439638578449463
dense_linear_independent_n1000_p150_k5_lasso,dense_linear_independent,lasso,1000,150,5,0.1875,0.9,-0.04999999999999993,0.04999999999999993,0.8759546721956838,0.0291050344687686,0.035235903233512
dense_linear_independent_n250_p25_k2_elastic_net,dense_linear_independent,elastic_net,250,25,2,0.2,0.9,-0.04999999999999993,0.04999999999999993,1.3276569460605292,0.0384362933176758,0.0513438426102616
dense_linear_independent_n250_p25_k10_elastic_net,dense_linear_independent,elastic_net,250,25,10,0.1111111111111111,0.9,-0.04999999999999993,0.04999999999999993,0.8913966219811545,0.0532489599411526,0.0732344161325906
dense_linear_independent_n250_p50_k10_elastic_net,dense_linear_independent,elastic_net,250,50,10,0.2222222222222222,0.9,-0.04999999999999993,0.04999999999999993,0.7119366115981368,0.0597424165633923,0.0787379762895877
dense_linear_independent_n250_p100_k2_elastic_net,dense_linear_independent,elastic_net,250,100,2,0.8,0.9,-0.04999999999999993,0.04999999999999993,0.5867728051409573,0.0792001446962542,0.1121197492034103
dense_linear_independent_n500_p25_k2_elastic_net,dense_linear_independent,elastic_net,500,25,2,0.1,0.9,-0.04999999999999993,0.04999999999999993,0.691326931778866,0.0597078261738871,0.0666712977189352
dense_linear_independent_n500_p50_k10_elastic_net,dense_linear_independent,elastic_net,500,50,10,0.1111111111111111,0.9,-0.04999999999999993,0.04999999999999993,0.8999966611635964,0.0411093147868057,0.0532197797866746
dense_linear_independent_n500_p100_k2_elastic_net,dense_linear_independent,elastic_net,500,100,2,0.4,0.9,-0.04999999999999993,0.04999999999999993,0.9399395910628758,0.0340375114736171,0.0431151238622521
dense_linear_independent_n500_p150_k2_elastic_net,dense_linear_independent,elastic_net,500,150,2,0.5999999999999999,0.9,-0.04999999999999993,0.04999999999999993,0.7512463163263055,0.0506627403786328,0.0594242202297537
dense_linear_independent_n500_p150_k5_elastic_net,dense_linear_independent,elastic_net,500,150,5,0.375,0.9,-0.04999999999999993,0.04999999999999993,0.7483965495504681,0.0502234786090405,0.0589299307510741
dense_linear_independent_n500_p300_k2_elastic_net,dense_linear_independent,elastic_net,500,300,2,1.1999999999999995,0.9,-0.04999999999999993,0.04999999999999993,0.9904168061026768,0.0358142668678178,0.0463685425697355
dense_linear_independent_n1000_p50_k5_elastic_net,dense_linear_independent,elastic_net,1000,50,5,0.0625,0.9,-0.04999999999999993,0.04999999999999993,0.9426757032500584,0.0262994937395583,0.0333861887974498
dense_linear_independent_n1000_p50_k10_elastic_net,dense_linear_independent,elastic_net,1000,50,10,0.0555555555555554,0.9,-0.04999999999999993,0.04999999999999993,0.8489006608623436,0.0236033144661816,0.0356564385644478
dense_linear_independent_n1000_p100_k2_elastic_net,dense_linear_independent,elastic_net,1000,100,2,0.2,0.9,-0.04999999999999993,0.04999999999999993,0.9487064656056818,0.0278504611982133,0.0355008898432988
dense_linear_independent_n1000_p100_k5_elastic_net,dense_linear_independent,elastic_net,1000,100,5,0.125,0.9,-0.04999999999999993,0.04999999999999993,0.8860059674213017,0.0305357801310828,0.0360253867619851
dense_linear_independent_n250_p25_k2_gradient_boosting,dense_linear_independent,gradient_boosting,250,25,2,0.2,0.9,-0.04999999999999993,0.04999999999999993,0.828455625902831,0.060963533833129,0.0746114071741852
dense_linear_independent_n250_p25_k10_gradient_boosting,dense_linear_independent,gradient_boosting,250,25,10,0.1111111111111111,0.9,-0.04999999999999993,0.04999999999999993,1.195163839877869,0.046182686446677,0.0608404180682363
dense_linear_independent_n250_p50_k10_gradient_boosting,dense_linear_independent,gradient_boosting,250,50,10,0.2222222222222222,0.9,-0.04999999999999993,0.04999999999999993,1.1513830144629815,0.0645260022728382,0.0832182085231728
dense_linear_independent_n250_p100_k2_gradient_boosting,dense_linear_independent,gradient_boosting,250,100,2,0.8,0.9,-0.04999999999999993,0.04999999999999993,1.1158355969230636,0.0600882468161668,0.0695673607639489
dense_linear_independent_n250_p150_k2_gradient_boosting,dense_linear_independent,gradient_boosting,250,150,2,1.1999999999999995,0.9,-0.04999999999999993,0.04999999999999993,1.3788665144694177,0.0689067510747986,0.0766243781289668
dense_linear_independent_n250_p150_k5_gradient_boosting,dense_linear_independent,gradient_boosting,250,150,5,0.75,0.9,-0.04999999999999993,0.04999999999999993,1.2616501759633103,0.0701184817834155,0.0796828910819703
dense_linear_independent_n250_p300_k2_gradient_boosting,dense_linear_independent,gradient_boosting,250,300,2,2.3999999999999995,0.9,-0.04999999999999993,0.04999999999999993,1.324236170289932,0.0420358069399318,0.059088638398764
dense_linear_independent_n250_p300_k5_gradient_boosting,dense_linear_independent,gradient_boosting,250,300,5,1.5,0.9,-0.04999999999999993,0.04999999999999993,1.0086067923169184,0.074881438332424,0.0910166864403191
dense_linear_independent_n250_p300_k10_gradient_boosting,dense_linear_independent,gradient_boosting,250,300,10,1.3333333333333337,0.9,-0.04999999999999993,0.04999999999999993,1.5130183215357464,0.0911735919277682,0.1006814381737402
dense_linear_independent_n500_p50_k10_gradient_boosting,dense_linear_independent,gradient_boosting,500,50,10,0.1111111111111111,0.9,-0.04999999999999993,0.04999999999999993,1.260841984243381,0.0528297507359074,0.0637816934349942
sparse_linear_independent_n250_p25_k2_ols,sparse_linear_independent,ols,250,25,2,0.2,0.9,-0.04999999999999993,0.04999999999999993,0.9232458145214082,0.071767366698839,0.0896893864720761
sparse_linear_independent_n250_p25_k5_ols,sparse_linear_independent,ols,250,25,5,0.125,0.9,-0.04999999999999993,0.04999999999999993,1.038628098101955,0.0415990083434876,0.0593455489012938
sparse_linear_independent_n250_p50_k2_ols,sparse_linear_independent,ols,250,50,2,0.4,0.9,-0.04999999999999993,0.04999999999999993,0.7479319521444265,0.0906310209602414,0.0981440567935588
sparse_linear_independent_n250_p50_k5_ols,sparse_linear_independent,ols,250,50,5,0.25,0.9,-0.04999999999999993,0.04999999999999993,0.9792683292579188,0.0445481985442291,0.0601882018354623
sparse_linear_independent_n250_p100_k2_ols,sparse_linear_independent,ols,250,100,2,0.8,0.9,-0.04999999999999993,0.04999999999999993,0.6322869446657812,0.0784602422898149,0.1010378999194309
sparse_linear_independent_n250_p100_k10_ols,sparse_linear_independent,ols,250,100,10,0.4444444444444445,0.9,-0.04999999999999993,0.04999999999999993,0.7060450461917256,0.079718773348978,0.0851154907474771
sparse_linear_independent_n500_p25_k2_ols,sparse_linear_independent,ols,500,25,2,0.1,0.9,-0.04999999999999993,0.04999999999999993,0.7336719334121542,0.03976437735258,0.0585771456976483
sparse_linear_independent_n500_p50_k5_ols,sparse_linear_independent,ols,500,50,5,0.125,0.9,-0.04999999999999993,0.04999999999999993,0.7242633635604492,0.0510487743272659,0.0602772438605507
sparse_linear_independent_n1000_p25_k5_ols,sparse_linear_independent,ols,1000,25,5,0.03125,0.9,-0.04999999999999993,0.04999999999999993,0.8398420681624259,0.0329859612674504,0.0381876765668515
sparse_linear_independent_n1000_p25_k10_ols,sparse_linear_independent,ols,1000,25,10,0.0277777777777777,0.9,-0.04999999999999993,0.04999999999999993,0.9005970470479682,0.0297531098677328,0.0358432042469912
sparse_linear_independent_n1000_p50_k10_ols,sparse_linear_independent,ols,1000,50,10,0.0555555555555554,0.9,-0.04999999999999993,0.04999999999999993,0.9559640756673272,0.0264673945175381,0.0341573495180438
sparse_linear_independent_n1000_p150_k5_ols,sparse_linear_independent,ols,1000,150,5,0.1875,0.9,-0.04999999999999993,0.04999999999999993,0.8011748539859798,0.0346451497338417,0.0389464266719435
sparse_linear_independent_n1000_p300_k5_ols,sparse_linear_independent,ols,1000,300,5,0.375,0.9,-0.04999999999999993,0.04999999999999993,0.7437217753127605,0.0361174002975458,0.0406019019267154
sparse_linear_independent_n250_p100_k5_lasso,sparse_linear_independent,lasso,250,100,5,0.5,0.9,-0.04999999999999993,0.04999999999999993,1.0051797139456573,0.068879538981467,0.0842219372351629
sparse_linear_independent_n500_p25_k5_lasso,sparse_linear_independent,lasso,500,25,5,0.0625,0.9,-0.04999999999999993,0.04999999999999993,0.8261209443302294,0.0435985535950203,0.0499743288546551
sparse_linear_independent_n500_p50_k2_lasso,sparse_linear_independent,lasso,500,50,2,0.2,0.9,-0.04999999999999993,0.04999999999999993,0.7593876933551461,0.0497009110522171,0.0621107067207304
sparse_linear_independent_n500_p50_k5_lasso,sparse_linear_independent,lasso,500,50,5,0.125,0.9,-0.04999999999999993,0.04999999999999993,0.901950582532294,0.0382783518259838,0.046534656716644
sparse_linear_independent_n500_p100_k2_lasso,sparse_linear_independent,lasso,500,100,2,0.4,0.9,-0.04999999999999993,0.04999999999999993,0.8809780232725721,0.0533402756764461,0.0634381339860801
sparse_linear_independent_n500_p150_k2_lasso,sparse_linear_independent,lasso,500,150,2,0.5999999999999999,0.9,-0.04999999999999993,0.04999999999999993,0.7686621701165697,0.0534100035261069,0.0686490340938978
sparse_linear_independent_n500_p150_k10_lasso,sparse_linear_independent,lasso,500,150,10,0.3333333333333333,0.9,-0.04999999999999993,0.04999999999999993,0.8207875457923168,0.0450699240010488,0.0520831800171651
sparse_linear_independent_n1000_p50_k2_lasso,sparse_linear_independent,lasso,1000,50,2,0.1,0.9,-0.04999999999999993,0.04999999999999993,0.652370839774085,0.0414987597998081,0.0474509692843062
sparse_linear_independent_n1000_p150_k2_lasso,sparse_linear_independent,lasso,1000,150,2,0.2999999999999999,0.9,-0.04999999999999993,0.04999999999999993,0.8091649098381337,0.0336473812731721,0.038681208919372
sparse_linear_independent_n1000_p150_k5_lasso,sparse_linear_independent,lasso,1000,150,5,0.1875,0.9,-0.04999999999999993,0.04999999999999993,1.2276650332058474,0.0295064587732139,0.0351250004123479
sparse_linear_independent_n1000_p300_k5_lasso,sparse_linear_independent,lasso,1000,300,5,0.375,0.9,-0.04999999999999993,0.04999999999999993,0.8717257237142695,0.0272079568527214,0.0358192474173273
sparse_linear_independent_n250_p25_k2_elastic_net,sparse_linear_independent,elastic_net,250,25,2,0.2,0.9,-0.04999999999999993,0.04999999999999993,0.6154661420383247,0.0876667099491132,0.0950264017415922
sparse_linear_independent_n250_p25_k5_elastic_net,sparse_linear_independent,elastic_net,250,25,5,0.125,0.9,-0.04999999999999993,0.04999999999999993,0.7429105852050949,0.0816743669690888,0.0864089459825028
sparse_linear_independent_n250_p50_k5_elastic_net,sparse_linear_independent,elastic_net,250,50,5,0.25,0.9,-0.04999999999999993,0.04999999999999993,0.836314406998777,0.0608581720543455,0.0740631057745299
sparse_linear_independent_n250_p150_k2_elastic_net,sparse_linear_independent,elastic_net,250,150,2,1.1999999999999995,0.9,-0.04999999999999993,0.04999999999999993,0.5385828022777185,0.0930813160421805,0.1282236959971177
sparse_linear_independent_n500_p50_k2_elastic_net,sparse_linear_independent,elastic_net,500,50,2,0.2,0.9,-0.04999999999999993,0.04999999999999993,0.7720115300147079,0.049443873104779,0.0579187339026006
sparse_linear_independent_n500_p50_k10_elastic_net,sparse_linear_independent,elastic_net,500,50,10,0.1111111111111111,0.9,-0.04999999999999993,0.04999999999999993,1.1266860308328188,0.0283740249057314,0.0381372746293852
sparse_linear_independent_n500_p100_k10_elastic_net,sparse_linear_independent,elastic_net,500,100,10,0.2222222222222222,0.9,-0.04999999999999993,0.04999999999999993,0.7791999143282036,0.0456244882142038,0.0557596018841415
sparse_linear_independent_n500_p150_k10_elastic_net,sparse_linear_independent,elastic_net,500,150,10,0.3333333333333333,0.9,-0.04999999999999993,0.04999999999999993,0.9737263441716064,0.0362960383557435,0.0441689469014769
sparse_linear_independent_n1000_p25_k2_elastic_net,sparse_linear_independent,elastic_net,1000,25,2,0.05,0.9,-0.04999999999999993,0.04999999999999993,0.7523467780364612,0.0358091076469052,0.0399883989605101
sparse_linear_independent_n1000_p100_k2_elastic_net,sparse_linear_independent,elastic_net,1000,100,2,0.2,0.9,-0.04999999999999993,0.04999999999999993,0.9145054542620936,0.0262848044885043,0.0339562378864374
sparse_linear_independent_n1000_p100_k10_elastic_net,sparse_linear_independent,elastic_net,1000,100,10,0.1111111111111111,0.9,-0.04999999999999993,0.04999999999999993,0.9403330813412064,0.032678120221629,0.0406823429030531
sparse_linear_independent_n1000_p300_k5_elastic_net,sparse_linear_independent,elastic_net,1000,300,5,0.375,0.9,-0.04999999999999993,0.04999999999999993,0.699294729470283,0.0314844856305584,0.0472104225951691
sparse_linear_independent_n250_p25_k10_gradient_boosting,sparse_linear_independent,gradient_boosting,250,25,10,0.1111111111111111,0.9,-0.04999999999999993,0.04999999999999993,0.7662753993930674,0.0742917156507285,0.0948340498973328
sparse_linear_independent_n250_p100_k5_gradient_boosting,sparse_linear_independent,gradient_boosting,250,100,5,0.5,0.9,-0.04999999999999993,0.04999999999999993,1.1362104798197268,0.0557441072357196,0.0688206618739212
sparse_linear_independent_n250_p150_k2_gradient_boosting,sparse_linear_independent,gradient_boosting,250,150,2,1.1999999999999995,0.9,-0.04999999999999993,0.04999999999999993,0.8408086862536742,0.0646025025596813,0.0857256016306313
sparse_linear_independent_n250_p150_k5_gradient_boosting,sparse_linear_independent,gradient_boosting,250,150,5,0.75,0.9,-0.04999999999999993,0.04999999999999993,0.8247453922605885,0.0795921616013481,0.0904018493174573
sparse_linear_independent_n250_p300_k5_gradient_boosting,sparse_linear_independent,gradient_boosting,250,300,5,1.5,0.9,-0.04999999999999993,0.04999999999999993,1.0537698144993533,0.0669523398429963,0.0784590137826834
sparse_linear_independent_n500_p25_k2_gradient_boosting,sparse_linear_independent,gradient_boosting,500,25,2,0.1,0.9,-0.04999999999999993,0.04999999999999993,0.975412307476868,0.0628404224980081,0.0711870751845178
sparse_linear_independent_n500_p50_k2_gradient_boosting,sparse_linear_independent,gradient_boosting,500,50,2,0.2,0.9,-0.04999999999999993,0.04999999999999993,0.8728871227671342,0.0637451377832148,0.069926938126268
sparse_linear_independent_n500_p300_k2_gradient_boosting,sparse_linear_independent,gradient_boosting,500,300,2,1.1999999999999995,0.9,-0.04999999999999993,0.04999999999999993,1.544348778362169,0.0606281940627918,0.0673376767156753
sparse_linear_independent_n1000_p100_k5_gradient_boosting,sparse_linear_independent,gradient_boosting,1000,100,5,0.125,0.9,-0.04999999999999993,0.04999999999999993,1.164369612533275,0.0453619439805485,0.0526418157906419
sparse_linear_correlated_n250_p25_k5_ols,sparse_linear_correlated,ols,250,25,5,0.125,0.9,-0.04999999999999993,0.04999999999999993,1.031615433832576,0.0548966235182792,0.0795563370512307
sparse_linear_correlated_n250_p25_k10_ols,sparse_linear_correlated,ols,250,25,10,0.1111111111111111,0.9,-0.04999999999999993,0.04999999999999993,0.8353479267343934,0.0621606327186294,0.0742736033472145
sparse_linear_correlated_n250_p50_k5_ols,sparse_linear_correlated,ols,250,50,5,0.25,0.9,-0.04999999999999993,0.04999999999999993,0.8624117250127391,0.0699441093865508,0.0796663964759726
sparse_linear_correlated_n250_p50_k10_ols,sparse_linear_correlated,ols,250,50,10,0.2222222222222222,0.9,-0.04999999999999993,0.04999999999999993,0.5982372499766998,0.0716083230318826,0.0960603969046486
sparse_linear_correlated_n250_p150_k10_ols,sparse_linear_correlated,ols,250,150,10,0.6666666666666667,0.9,-0.04999999999999993,0.04999999999999993,0.7564006990259537,0.0630834276142205,0.0777107594953007
sparse_linear_correlated_n500_p25_k10_ols,sparse_linear_correlated,ols,500,25,10,0.0555555555555554,0.9,-0.04999999999999993,0.04999999999999993,0.9208882990232532,0.0425820227814982,0.0464066525172667
sparse_linear_correlated_n500_p50_k10_ols,sparse_linear_correlated,ols,500,50,10,0.1111111111111111,0.9,-0.04999999999999993,0.04999999999999993,0.8152403482843665,0.0434136988433438,0.0531834423816458
sparse_linear_correlated_n500_p150_k10_ols,sparse_linear_correlated,ols,500,150,10,0.3333333333333333,0.9,-0.04999999999999993,0.04999999999999993,0.7049878248013551,0.0467213677836822,0.0624553882408839
sparse_linear_correlated_n1000_p25_k5_ols,sparse_linear_correlated,ols,1000,25,5,0.03125,0.9,-0.04999999999999993,0.04999999999999993,0.8261274924634374,0.0273326882009054,0.0375145076908468
sparse_linear_correlated_n1000_p50_k2_ols,sparse_linear_correlated,ols,1000,50,2,0.1,0.9,-0.04999999999999993,0.04999999999999993,1.004076964582906,0.0266102616215923,0.0318884465462457
sparse_linear_correlated_n1000_p50_k5_ols,sparse_linear_correlated,ols,1000,50,5,0.0625,0.9,-0.04999999999999993,0.04999999999999993,0.8446362201181217,0.0280180004791066,0.0352837644782636
sparse_linear_correlated_n1000_p150_k2_ols,sparse_linear_correlated,ols,1000,150,2,0.2999999999999999,0.9,-0.04999999999999993,0.04999999999999993,0.8375923028899969,0.0313601207925263,0.0357550755520105
sparse_linear_correlated_n1000_p150_k10_ols,sparse_linear_correlated,ols,1000,150,10,0.1666666666666665,0.9,-0.04999999999999993,0.04999999999999993,0.8088521671636604,0.0319365215563127,0.0375946230129504
sparse_linear_correlated_n1000_p300_k10_ols,sparse_linear_correlated,ols,1000,300,10,0.3333333333333333,0.9,-0.04999999999999993,0.04999999999999993,1.012543143727325,0.0220676379291558,0.0294008657642928
sparse_linear_correlated_n250_p25_k2_lasso,sparse_linear_correlated,lasso,250,25,2,0.2,0.9,-0.04999999999999993,0.04999999999999993,1.116025078733215,0.0774379520928176,0.0893221772979343
sparse_linear_correlated_n250_p25_k10_lasso,sparse_linear_correlated,lasso,250,25,10,0.1111111111111111,0.9,-0.04999999999999993,0.04999999999999993,0.6484081751406695,0.0778309505325417,0.0915561617771173
sparse_linear_correlated_n250_p50_k10_lasso,sparse_linear_correlated,lasso,250,50,10,0.2222222222222222,0.9,-0.04999999999999993,0.04999999999999993,0.8055040625730642,0.059222612190426,0.07572055348433
sparse_linear_correlated_n250_p150_k5_lasso,sparse_linear_correlated,lasso,250,150,5,0.75,0.9,-0.04999999999999993,0.04999999999999993,0.6917759165279747,0.0743330490165894,0.0930619363469673
sparse_linear_correlated_n500_p25_k10_lasso,sparse_linear_correlated,lasso,500,25,10,0.0555555555555554,0.9,-0.04999999999999993,0.04999999999999993,0.9203947005112886,0.039583888399199,0.0490743004317044
sparse_linear_correlated_n500_p100_k2_lasso,sparse_linear_correlated,lasso,500,100,2,0.4,0.9,-0.04999999999999993,0.04999999999999993,0.7586273800064931,0.0453688188617693,0.0622793278908035
sparse_linear_correlated_n500_p150_k10_lasso,sparse_linear_correlated,lasso,500,150,10,0.3333333333333333,0.9,-0.04999999999999993,0.04999999999999993,0.8196608587844306,0.0458994114972096,0.057090482033489
sparse_linear_correlated_n500_p300_k5_lasso,sparse_linear_correlated,lasso,500,300,5,0.75,0.9,-0.04999999999999993,0.04999999999999993,0.6869525151496184,0.0616992192433451,0.0686209845357392
sparse_linear_correlated_n500_p300_k10_lasso,sparse_linear_correlated,lasso,500,300,10,0.6666666666666667,0.9,-0.04999999999999993,0.04999999999999993,0.8155017575668554,0.0572622318783802,0.0672891757641974
sparse_linear_correlated_n1000_p25_k10_lasso,sparse_linear_correlated,lasso,1000,25,10,0.0277777777777777,0.9,-0.04999999999999993,0.04999999999999993,1.0110216284030489,0.025062137590383,0.0308418048090491
sparse_linear_correlated_n1000_p50_k2_lasso,sparse_linear_correlated,lasso,1000,50,2,0.1,0.9,-0.04999999999999993,0.04999999999999993,0.5378784924595572,0.0403028723023454,0.056531361810555
sparse_linear_correlated_n1000_p50_k5_lasso,sparse_linear_correlated,lasso,1000,50,5,0.0625,0.9,-0.04999999999999993,0.04999999999999993,0.9275362255758636,0.0272413345876318,0.0325996841845056
sparse_linear_correlated_n1000_p50_k10_lasso,sparse_linear_correlated,lasso,1000,50,10,0.0555555555555554,0.9,-0.04999999999999993,0.04999999999999993,1.10263644559895,0.0209759229761174,0.0274571874198807
sparse_linear_correlated_n1000_p100_k10_lasso,sparse_linear_correlated,lasso,1000,100,10,0.1111111111111111,0.9,-0.04999999999999993,0.04999999999999993,0.8684533736278014,0.0342056868083873,0.0401474161462134
sparse_linear_correlated_n1000_p150_k2_lasso,sparse_linear_correlated,lasso,1000,150,2,0.2999999999999999,0.9,-0.04999999999999993,0.04999999999999993,0.7873381761145769,0.0343747535003614,0.0439395781957208
sparse_linear_correlated_n1000_p150_k5_lasso,sparse_linear_correlated,lasso,1000,150,5,0.1875,0.9,-0.04999999999999993,0.04999999999999993,1.038551149851329,0.0253577606304522,0.0307059299206289
sparse_linear_correlated_n1000_p300_k5_lasso,sparse_linear_correlated,lasso,1000,300,5,0.375,0.9,-0.04999999999999993,0.04999999999999993,0.6750758727797674,0.0352225651981534,0.04725749119275
sparse_linear_correlated_n1000_p300_k10_lasso,sparse_linear_correlated,lasso,1000,300,10,0.3333333333333333,0.9,-0.04999999999999993,0.04999999999999993,0.8157751667982912,0.032197666264144,0.0384308428508208
sparse_linear_correlated_n250_p25_k2_elastic_net,sparse_linear_correlated,elastic_net,250,25,2,0.2,0.9,-0.04999999999999993,0.04999999999999993,0.7824646204004826,0.0689836758013792,0.0844631129160607
sparse_linear_correlated_n250_p50_k2_elastic_net,sparse_linear_correlated,elastic_net,250,50,2,0.4,0.9,-0.04999999999999993,0.04999999999999993,0.707288039335096,0.0725062749236931,0.0922863521132338
sparse_linear_correlated_n250_p150_k2_elastic_net,sparse_linear_correlated,elastic_net,250,150,2,1.1999999999999995,0.9,-0.04999999999999993,0.04999999999999993,0.9884681552625588,0.066349918002362,0.0775357102927707
sparse_linear_correlated_n500_p25_k10_elastic_net,sparse_linear_correlated,elastic_net,500,25,10,0.0555555555555554,0.9,-0.04999999999999993,0.04999999999999993,0.8923848893653639,0.0423984455946045,0.0516924406546573
sparse_linear_correlated_n500_p50_k10_elastic_net,sparse_linear_correlated,elastic_net,500,50,10,0.1111111111111111,0.9,-0.04999999999999993,0.04999999999999993,0.8260849194074414,0.0478003113685861,0.0526280054324832
sparse_linear_correlated_n500_p100_k5_elastic_net,sparse_linear_correlated,elastic_net,500,100,5,0.25,0.9,-0.04999999999999993,0.04999999999999993,0.8556387253287918,0.056825890893046,0.0634653383345356
sparse_linear_correlated_n500_p100_k10_elastic_net,sparse_linear_correlated,elastic_net,500,100,10,0.2222222222222222,0.9,-0.04999999999999993,0.04999999999999993,0.847389200246963,0.0422308572849082,0.0495033549464579
sparse_linear_correlated_n500_p150_k5_elastic_net,sparse_linear_correlated,elastic_net,500,150,5,0.375,0.9,-0.04999999999999993,0.04999999999999993,1.4443546704467158,0.0344479109221914,0.0414665807694231
sparse_linear_correlated_n500_p150_k10_elastic_net,sparse_linear_correlated,elastic_net,500,150,10,0.3333333333333333,0.9,-0.04999999999999993,0.04999999999999993,0.7607028204304833,0.0485787739652362,0.056981932397187
sparse_linear_correlated_n500_p300_k10_elastic_net,sparse_linear_correlated,elastic_net,500,300,10,0.6666666666666667,0.9,-0.04999999999999993,0.04999999999999993,0.7010899857483783,0.0535032723531102,0.0625856585668411
sparse_linear_correlated_n1000_p300_k5_elastic_net,sparse_linear_correlated,elastic_net,1000,300,5,0.375,0.9,-0.04999999999999993,0.04999999999999993,1.0505313128303455,0.0295324298621634,0.0340510844178659
sparse_linear_correlated_n250_p100_k5_gradient_boosting,sparse_linear_correlated,gradient_boosting,250,100,5,0.5,0.9,-0.04999999999999993,0.04999999999999993,0.6809427053807998,0.0670256619281215,0.0883360547500998
sparse_linear_correlated_n250_p150_k5_gradient_boosting,sparse_linear_correlated,gradient_boosting,250,150,5,0.75,0.9,-0.04999999999999993,0.04999999999999993,0.8706913198531905,0.0597629929572532,0.0730297497581309
sparse_linear_correlated_n250_p150_k10_gradient_boosting,sparse_linear_correlated,gradient_boosting,250,150,10,0.6666666666666667,0.9,-0.04999999999999993,0.04999999999999993,0.8436994826475125,0.0657453772674316,0.0771870861383301
sparse_linear_correlated_n250_p300_k5_gradient_boosting,sparse_linear_correlated,gradient_boosting,250,300,5,1.5,0.9,-0.04999999999999993,0.04999999999999993,0.7516243857884851,0.0733522073474079,0.0854615816505549
sparse_linear_correlated_n250_p300_k10_gradient_boosting,sparse_linear_correlated,gradient_boosting,250,300,10,1.3333333333333337,0.9,-0.04999999999999993,0.04999999999999993,0.9047088096136764,0.050339841199907,0.0674725267407432
sparse_linear_correlated_n500_p50_k5_gradient_boosting,sparse_linear_correlated,gradient_boosting,500,50,5,0.125,0.9,-0.04999999999999993,0.04999999999999993,0.946532095680488,0.043863032912001,0.0498776227284268
sparse_linear_correlated_n500_p100_k5_gradient_boosting,sparse_linear_correlated,gradient_boosting,500,100,5,0.25,0.9,-0.04999999999999993,0.04999999999999993,1.1865210078948307,0.0474806705743441,0.0580618168830868
sparse_linear_correlated_n500_p300_k5_gradient_boosting,sparse_linear_correlated,gradient_boosting,500,300,5,0.75,0.9,-0.04999999999999993,0.04999999999999993,1.5685441929160209,0.0605787110565736,0.0665016062351512
sparse_linear_correlated_n1000_p100_k10_gradient_boosting,sparse_linear_correlated,gradient_boosting,1000,100,10,0.1111111111111111,0.9,-0.04999999999999993,0.04999999999999993,1.275391908196626,0.0440265847119541,0.0504882822802696
sparse_linear_correlated_n1000_p300_k2_gradient_boosting,sparse_linear_correlated,gradient_boosting,1000,300,2,0.5999999999999999,0.9,-0.04999999999999993,0.04999999999999993,1.1801485013754756,0.0310049977286258,0.0350991273490918
weak_signal_sparse_n250_p50_k5_ols,weak_signal_sparse,ols,250,50,5,0.25,0.9,-0.04999999999999993,0.04999999999999993,0.8253783485689571,0.0567760557248882,0.0747375874907175
weak_signal_sparse_n250_p100_k5_ols,weak_signal_sparse,ols,250,100,5,0.5,0.9,-0.04999999999999993,0.04999999999999993,0.8874898267763092,0.0514408462904453,0.0659381491362232
weak_signal_sparse_n500_p25_k2_ols,weak_signal_sparse,ols,500,25,2,0.1,0.9,-0.04999999999999993,0.04999999999999993,0.7529362130274025,0.0480378649362815,0.0584930952757017
weak_signal_sparse_n500_p50_k5_ols,weak_signal_sparse,ols,500,50,5,0.125,0.9,-0.04999999999999993,0.04999999999999993,0.881672692627993,0.0394525845140383,0.0521906045729375
weak_signal_sparse_n500_p50_k10_ols,weak_signal_sparse,ols,500,50,10,0.1111111111111111,0.9,-0.04999999999999993,0.04999999999999993,1.1433435825624902,0.0358350321355288,0.0435160821240363
weak_signal_sparse_n500_p100_k5_ols,weak_signal_sparse,ols,500,100,5,0.25,0.9,-0.04999999999999993,0.04999999999999993,1.1569429830996336,0.0294645629969039,0.0416079684635265
weak_signal_sparse_n500_p150_k10_ols,weak_signal_sparse,ols,500,150,10,0.3333333333333333,0.9,-0.04999999999999993,0.04999999999999993,1.043800946926296,0.0435877723874972,0.052731748117052
weak_signal_sparse_n500_p300_k5_ols,weak_signal_sparse,ols,500,300,5,0.75,0.9,-0.04999999999999993,0.04999999999999993,0.8565940583932921,0.0579087790705184,0.0658854205586745
weak_signal_sparse_n1000_p25_k2_ols,weak_signal_sparse,ols,1000,25,2,0.05,0.9,-0.04999999999999993,0.04999999999999993,0.7947670864308054,0.0276189784673084,0.0383852485275452
weak_signal_sparse_n1000_p25_k5_ols,weak_signal_sparse,ols,1000,25,5,0.03125,0.9,-0.04999999999999993,0.04999999999999993,0.8720620082180505,0.0295171062779411,0.0341645219257645
weak_signal_sparse_n1000_p100_k2_ols,weak_signal_sparse,ols,1000,100,2,0.2,0.9,-0.04999999999999993,0.04999999999999993,1.011717390240921,0.0252637378055141,0.0319492273508344
weak_signal_sparse_n1000_p100_k10_ols,weak_signal_sparse,ols,1000,100,10,0.1111111111111111,0.9,-0.04999999999999993,0.04999999999999993,0.9697374780731978,0.0237159600637493,0.0301896867495365
weak_signal_sparse_n1000_p150_k5_ols,weak_signal_sparse,ols,1000,150,5,0.1875,0.9,-0.04999999999999993,0.04999999999999993,0.6747144982748315,0.0359228941828242,0.0458634931769971
weak_signal_sparse_n1000_p150_k10_ols,weak_signal_sparse,ols,1000,150,10,0.1666666666666665,0.9,-0.04999999999999993,0.04999999999999993,0.6516787551891285,0.043435178185952,0.0459360610343417
weak_signal_sparse_n250_p25_k2_lasso,weak_signal_sparse,lasso,250,25,2,0.2,0.9,-0.04999999999999993,0.04999999999999993,0.7904489112890108,0.0648015355571425,0.0782193331152097
weak_signal_sparse_n250_p25_k5_lasso,weak_signal_sparse,lasso,250,25,5,0.125,0.9,-0.04999999999999993,0.04999999999999993,0.9857146234139424,0.0506974910447465,0.0677402432145757
weak_signal_sparse_n250_p50_k2_lasso,weak_signal_sparse,lasso,250,50,2,0.4,0.9,-0.04999999999999993,0.04999999999999993,0.8781082492301603,0.0681735615655526,0.0760118481449378
weak_signal_sparse_n250_p50_k5_lasso,weak_signal_sparse,lasso,250,50,5,0.25,0.9,-0.04999999999999993,0.04999999999999993,0.9057782401454048,0.0668121910903105,0.0762622267816499
weak_signal_sparse_n250_p50_k10_lasso,weak_signal_sparse,lasso,250,50,10,0.2222222222222222,0.9,-0.04999999999999993,0.04999999999999993,0.6688680906323955,0.0801855416088973,0.1016207068993255
weak_signal_sparse_n250_p300_k10_lasso,weak_signal_sparse,lasso,250,300,10,1.3333333333333337,0.9,-0.04999999999999993,0.04999999999999993,0.9915509056674774,0.0569856111716684,0.0899925811593242
weak_signal_sparse_n500_p25_k5_lasso,weak_signal_sparse,lasso,500,25,5,0.0625,0.9,-0.04999999999999993,0.04999999999999993,0.9753228975973558,0.0352280384378088,0.0421964729073227
weak_signal_sparse_n500_p100_k2_lasso,weak_signal_sparse,lasso,500,100,2,0.4,0.9,-0.04999999999999993,0.04999999999999993,0.7559803320412706,0.0472966386490084,0.0579937168088716
weak_signal_sparse_n500_p150_k10_lasso,weak_signal_sparse,lasso,500,150,10,0.3333333333333333,0.9,-0.04999999999999993,0.04999999999999993,0.6833964263124273,0.0523997938540888,0.0643439377900223
weak_signal_sparse_n1000_p25_k2_lasso,weak_signal_sparse,lasso,1000,25,2,0.05,0.9,-0.04999999999999993,0.04999999999999993,0.838276705196483,0.0329569926821316,0.0362099412226064
weak_signal_sparse_n1000_p25_k5_lasso,weak_signal_sparse,lasso,1000,25,5,0.03125,0.9,-0.04999999999999993,0.04999999999999993,1.0261865498881222,0.023982619922153,0.0286857632550343
weak_signal_sparse_n1000_p150_k5_lasso,weak_signal_sparse,lasso,1000,150,5,0.1875,0.9,-0.04999999999999993,0.04999999999999993,0.9032719897474892,0.028129234757565,0.0389168258424812
weak_signal_sparse_n1000_p300_k5_lasso,weak_signal_sparse,lasso,1000,300,5,0.375,0.9,-0.04999999999999993,0.04999999999999993,0.6974535174005587,0.0381347983880117,0.046493144121506
weak_signal_sparse_n250_p25_k10_elastic_net,weak_signal_sparse,elastic_net,250,25,10,0.1111111111111111,0.9,-0.04999999999999993,0.04999999999999993,0.7725808461228687,0.063752767518247,0.0795660426235649
weak_signal_sparse_n250_p50_k10_elastic_net,weak_signal_sparse,elastic_net,250,50,10,0.2222222222222222,0.9,-0.04999999999999993,0.04999999999999993,0.7556755702036648,0.0733078890765363,0.0813469531172292
weak_signal_sparse_n250_p100_k2_elastic_net,weak_signal_sparse,elastic_net,250,100,2,0.8,0.9,-0.04999999999999993,0.04999999999999993,0.7417401653893391,0.0759833878419191,0.1009326514448286
weak_signal_sparse_n250_p100_k5_elastic_net,weak_signal_sparse,elastic_net,250,100,5,0.5,0.9,-0.04999999999999993,0.04999999999999993,0.828976298033167,0.0614275559363851,0.0770646044696527
weak_signal_sparse_n250_p100_k10_elastic_net,weak_signal_sparse,elastic_net,250,100,10,0.4444444444444445,0.9,-0.04999999999999993,0.04999999999999993,0.7913129200768997,0.0712990477152983,0.0788908689699724
weak_signal_sparse_n500_p25_k5_elastic_net,weak_signal_sparse,elastic_net,500,25,5,0.0625,0.9,-0.04999999999999993,0.04999999999999993,0.9353536454440748,0.0347137057453779,0.0448424023247191
weak_signal_sparse_n500_p50_k2_elastic_net,weak_signal_sparse,elastic_net,500,50,2,0.2,0.9,-0.04999999999999993,0.04999999999999993,0.994249811944226,0.0414921301078066,0.04975535762951
weak_signal_sparse_n500_p50_k10_elastic_net,weak_signal_sparse,elastic_net,500,50,10,0.1111111111111111,0.9,-0.04999999999999993,0.04999999999999993,1.0090987088515164,0.0411537872937755,0.0491251281618712
weak_signal_sparse_n500_p100_k2_elastic_net,weak_signal_sparse,elastic_net,500,100,2,0.4,0.9,-0.04999999999999993,0.04999999999999993,0.7304478846540192,0.0434803086922815,0.0547231841560611
weak_signal_sparse_n500_p150_k2_elastic_net,weak_signal_sparse,elastic_net,500,150,2,0.5999999999999999,0.9,-0.04999999999999993,0.04999999999999993,0.6624651790335881,0.0595560263731071,0.0681620199590541
weak_signal_sparse_n500_p150_k5_elastic_net,weak_signal_sparse,elastic_net,500,150,5,0.375,0.9,-0.04999999999999993,0.04999999999999993,0.671717223178564,0.053063524182223,0.0650895404275899
weak_signal_sparse_n500_p300_k2_elastic_net,weak_signal_sparse,elastic_net,500,300,2,1.1999999999999995,0.9,-0.04999999999999993,0.04999999999999993,1.2588170709504962,0.0277077758137392,0.0398516486943142
weak_signal_sparse_n500_p300_k5_elastic_net,weak_signal_sparse,elastic_net,500,300,5,0.75,0.9,-0.04999999999999993,0.04999999999999993,0.8089366427563426,0.0449449200790742,0.055590572856446
weak_signal_sparse_n1000_p25_k5_elastic_net,weak_signal_sparse,elastic_net,1000,25,5,0.03125,0.9,-0.04999999999999993,0.04999999999999993,1.1385860791110325,0.0301914443520678,0.034234476634241
weak_signal_sparse_n1000_p25_k10_elastic_net,weak_signal_sparse,elastic_net,1000,25,10,0.0277777777777777,0.9,-0.04999999999999993,0.04999999999999993,0.8989473211828855,0.0249133446203358,0.0332895814095213
weak_signal_sparse_n1000_p50_k2_elastic_net,weak_signal_sparse,elastic_net,1000,50,2,0.1,0.9,-0.04999999999999993,0.04999999999999993,0.819153196133477,0.0257524064289598,0.0362545744200343
weak_signal_sparse_n1000_p50_k10_elastic_net,weak_signal_sparse,elastic_net,1000,50,10,0.0555555555555554,0.9,-0.04999999999999993,0.04999999999999993,0.8657444661636694,0.0246176597088911,0.0347008577554123
weak_signal_sparse_n1000_p100_k5_elastic_net,weak_signal_sparse,elastic_net,1000,100,5,0.125,0.9,-0.04999999999999993,0.04999999999999993,0.9202262218104248,0.034084915440288,0.0399519735263063
weak_signal_sparse_n1000_p300_k5_elastic_net,weak_signal_sparse,elastic_net,1000,300,5,0.375,0.9,-0.04999999999999993,0.04999999999999993,0.6586432901188903,0.041404986774227,0.0477685660796232
weak_signal_sparse_n250_p25_k5_random_forest,weak_signal_sparse,random_forest,250,25,5,0.125,0.9,-0.04999999999999993,0.04999999999999993,0.7241242226056284,0.0577935092902273,0.0883610424554569
weak_signal_sparse_n250_p25_k10_random_forest,weak_signal_sparse,random_forest,250,25,10,0.1111111111111111,0.9,-0.04999999999999993,0.04999999999999993,0.8335224474606433,0.0659651853815539,0.0746251138960872
weak_signal_sparse_n250_p100_k5_random_forest,weak_signal_sparse,random_forest,250,100,5,0.5,0.9,-0.04999999999999993,0.04999999999999993,0.7406584272243859,0.0585110248210325,0.0841773051996286
weak_signal_sparse_n250_p150_k2_random_forest,weak_signal_sparse,random_forest,250,150,2,1.1999999999999995,0.9,-0.04999999999999993,0.04999999999999993,1.176493178688463,0.0450677194932108,0.0606370897120103
weak_signal_sparse_n250_p300_k2_random_forest,weak_signal_sparse,random_forest,250,300,2,2.3999999999999995,0.9,-0.04999999999999993,0.04999999999999993,1.1179772288711736,0.0645705216614793,0.0759676300701509
weak_signal_sparse_n250_p300_k5_random_forest,weak_signal_sparse,random_forest,250,300,5,1.5,0.9,-0.04999999999999993,0.04999999999999993,0.9706408162708372,0.0492527939025339,0.0632778805326895
weak_signal_sparse_n250_p300_k10_random_forest,weak_signal_sparse,random_forest,250,300,10,1.3333333333333337,0.9,-0.04999999999999993,0.04999999999999993,1.0224641231459537,0.0709976587708669,0.0776203766360749
weak_signal_sparse_n500_p50_k2_random_forest,weak_signal_sparse,random_forest,500,50,2,0.2,0.9,-0.04999999999999993,0.04999999999999993,0.7710648163308648,0.0426377510035177,0.0535519421945576
weak_signal_sparse_n500_p100_k10_random_forest,weak_signal_sparse,random_forest,500,100,10,0.2222222222222222,0.9,-0.04999999999999993,0.04999999999999993,0.7570435371325421,0.050591635420329,0.0648998461133794
weak_signal_sparse_n500_p300_k2_random_forest,weak_signal_sparse,random_forest,500,300,2,1.1999999999999995,0.9,-0.04999999999999993,0.04999999999999993,0.8079953194971505,0.049322105399237,0.0557198587818561
weak_signal_sparse_n500_p300_k5_random_forest,weak_signal_sparse,random_forest,500,300,5,0.75,0.9,-0.04999999999999993,0.04999999999999993,0.8595692101742376,0.0492646106183946,0.0586447214689725
weak_signal_sparse_n1000_p25_k5_random_forest,weak_signal_sparse,random_forest,1000,25,5,0.03125,0.9,-0.04999999999999993,0.04999999999999993,1.0272016260699908,0.0201570710374394,0.0287996994836737
weak_signal_sparse_n1000_p25_k10_random_forest,weak_signal_sparse,random_forest,1000,25,10,0.0277777777777777,0.9,-0.04999999999999993,0.04999999999999993,0.9687050364141228,0.0253746760335996,0.0350802375079359
weak_signal_sparse_n1000_p50_k5_random_forest,weak_signal_sparse,random_forest,1000,50,5,0.0625,0.9,-0.04999999999999993,0.04999999999999993,1.023454371130977,0.0216052625146261,0.0299953315347647
weak_signal_sparse_n1000_p100_k2_random_forest,weak_signal_sparse,random_forest,1000,100,2,0.2,0.9,-0.04999999999999993,0.04999999999999993,0.8257343179796873,0.0342645156121755,0.0372321219775822
weak_signal_sparse_n1000_p150_k10_random_forest,weak_signal_sparse,random_forest,1000,150,10,0.1666666666666665,0.9,-0.04999999999999993,0.04999999999999993,1.2913121806301089,0.0249197606447708,0.0295352995755074
weak_signal_sparse_n250_p25_k10_gradient_boosting,weak_signal_sparse,gradient_boosting,250,25,10,0.1111111111111111,0.9,-0.04999999999999993,0.04999999999999993,1.3703859459139962,0.040839991739909,0.0561203880797696
weak_signal_sparse_n250_p50_k2_gradient_boosting,weak_signal_sparse,gradient_boosting,250,50,2,0.4,0.9,-0.04999999999999993,0.04999999999999993,0.8022913254221697,0.0723416052288109,0.0901993337900755
weak_signal_sparse_n250_p50_k5_gradient_boosting,weak_signal_sparse,gradient_boosting,250,50,5,0.25,0.9,-0.04999999999999993,0.04999999999999993,1.1277050019459822,0.0839477828020804,0.0944967533383007
weak_signal_sparse_n250_p100_k2_gradient_boosting,weak_signal_sparse,gradient_boosting,250,100,2,0.8,0.9,-0.04999999999999993,0.04999999999999993,1.3535585196412243,0.0506513450931555,0.0660497687050904
weak_signal_sparse_n250_p100_k5_gradient_boosting,weak_signal_sparse,gradient_boosting,250,100,5,0.5,0.9,-0.04999999999999993,0.04999999999999993,1.1734487709185375,0.052873192223862,0.0659407553166716
weak_signal_sparse_n250_p150_k10_gradient_boosting,weak_signal_sparse,gradient_boosting,250,150,10,0.6666666666666667,0.9,-0.04999999999999993,0.04999999999999993,0.77538279945556,0.0627495100232157,0.0835372614713163
weak_signal_sparse_n250_p300_k5_gradient_boosting,weak_signal_sparse,gradient_boosting,250,300,5,1.5,0.9,-0.04999999999999993,0.04999999999999993,0.8551208367954938,0.0776386664081188,0.0848939460422133
weak_signal_sparse_n500_p25_k2_gradient_boosting,weak_signal_sparse,gradient_boosting,500,25,2,0.1,0.9,-0.04999999999999993,0.04999999999999993,1.148624264667311,0.0398754123606955,0.0500428756311881
weak_signal_sparse_n500_p50_k2_gradient_boosting,weak_signal_sparse,gradient_boosting,500,50,2,0.2,0.9,-0.04999999999999993,0.04999999999999993,0.973595968232678,0.0444606666150191,0.0552784833041562
weak_signal_sparse_n500_p50_k10_gradient_boosting,weak_signal_sparse,gradient_boosting,500,50,10,0.1111111111111111,0.9,-0.04999999999999993,0.04999999999999993,0.8682560411661009,0.0440558260746846,0.0513355443208317
weak_signal_sparse_n500_p100_k5_gradient_boosting,weak_signal_sparse,gradient_boosting,500,100,5,0.25,0.9,-0.04999999999999993,0.04999999999999993,0.8484078655454068,0.0434028058760867,0.051465291574522
weak_signal_sparse_n500_p300_k5_gradient_boosting,weak_signal_sparse,gradient_boosting,500,300,5,0.75,0.9,-0.04999999999999993,0.04999999999999993,1.061347100690896,0.052064338978534,0.0583400788631866
weak_signal_sparse_n1000_p25_k5_gradient_boosting,weak_signal_sparse,gradient_boosting,1000,25,5,0.03125,0.9,-0.04999999999999993,0.04999999999999993,0.7687682062159702,0.0452904405788984,0.0530639080112589
weak_signal_sparse_n1000_p100_k10_gradient_boosting,weak_signal_sparse,gradient_boosting,1000,100,10,0.1111111111111111,0.9,-0.04999999999999993,0.04999999999999993,0.9660650677721196,0.0325473988441124,0.0399584289791363
weak_signal_sparse_n1000_p150_k10_gradient_boosting,weak_signal_sparse,gradient_boosting,1000,150,10,0.1666666666666665,0.9,-0.04999999999999993,0.04999999999999993,1.1696971291416465,0.0256194823929137,0.032378608414008
